Date,Open,High,Low,Close,Volume,Dividends,Stock Splits
2007-06-27 00:00:00-04:00,2.594559859091799,2.611973079380244,2.446548150899117,2.533613920211792,0,0.0,0.0
2007-06-28 00:00:00-04:00,2.5423210064759507,2.589336444356053,2.5249077829263977,2.5684406757354736,531900,0.0,0.0
2007-06-29 00:00:00-04:00,2.5684406757354736,2.603266956769773,2.5336143947011744,2.5684406757354736,396100,0.0,0.0
2007-07-02 00:00:00-04:00,2.55973425894967,2.587595285899436,2.55973425894967,2.5771474838256836,142200,0.0,0.0
2007-07-03 00:00:00-04:00,2.5597338679641055,2.603266757439906,2.5597338679641055,2.594560146331787,91300,0.0,0.0
2007-07-05 00:00:00-04:00,2.7843640507230916,2.7843640507230916,2.5684409215781785,2.636352300643921,165800,0.0,0.0
2007-07-06 00:00:00-04:00,2.655506604019785,2.655506604019785,2.5684408137240546,2.610232353210449,71100,0.0,0.0
2007-07-09 00:00:00-04:00,2.6032670966293834,2.6119737088719197,2.5771474259665905,2.610232353210449,62400,0.0,0.0
2007-07-10 00:00:00-04:00,2.603267625338564,2.6276461113558374,2.584113207366681,2.6119742393493652,136800,0.0,0.0
2007-07-11 00:00:00-04:00,2.610232883334235,2.6119742393493652,2.5875957533320917,2.6119742393493652,251900,0.0,0.0
2007-07-12 00:00:00-04:00,2.6119740543407555,2.6293872811289627,2.5945608275525487,2.613715410232544,127000,0.0,0.0
2007-07-13 00:00:00-04:00,2.594560396174966,2.6293868439610546,2.594560396174966,2.605008363723755,80700,0.0,0.0
2007-07-16 00:00:00-04:00,2.6032670966293834,2.6380933795347126,2.594560484386847,2.610232353210449,112200,0.0,0.0
2007-07-17 00:00:00-04:00,2.596302367342893,2.6119742393493652,2.594561011327763,2.6119742393493652,80400,0.0,0.0
2007-07-18 00:00:00-04:00,2.61023207364223,2.62068004042721,2.530131548506711,2.5841124057769775,205100,0.0,0.0
2007-07-19 00:00:00-04:00,2.57714728751025,2.589336444356053,2.5423210064759507,2.5684406757354736,142300,0.0,0.0
2007-07-20 00:00:00-04:00,2.570182116141951,2.5771473725787253,2.5440622799554373,2.551027536392212,143900,0.0,0.0
2007-07-23 00:00:00-04:00,2.5579937034928273,2.563217772228823,2.5423219954794556,2.559735059738159,49600,0.0,0.0
2007-07-24 00:00:00-04:00,2.526650121401212,2.563217772228823,2.5074955348323047,2.559735059738159,121000,0.0,0.0
2007-07-25 00:00:00-04:00,2.516202149994092,2.561476415983491,2.4918238268189326,2.559735059738159,75200,0.0,0.0
2007-07-26 00:00:00-04:00,2.4987885097838043,2.4987885097838043,2.1679383723483916,2.345552682876587,355300,0.0,0.0
2007-07-27 00:00:00-04:00,2.293313255260738,2.3507766717289242,2.176645066415671,2.282865285873413,188300,0.0,0.0
2007-07-30 00:00:00-04:00,2.293313598332439,2.434360126739932,2.2741591786658892,2.308985471725464,145100,0.0,0.0
2007-07-31 00:00:00-04:00,2.241073464447471,2.329880612075473,2.1992819241748176,2.291571617126465,198000,0.0,0.0
2007-08-01 00:00:00-04:00,2.2462984052283295,2.2846074179097515,2.207989558611803,2.261970281600952,240800,0.0,0.0
2007-08-02 00:00:00-04:00,2.2462977919160845,2.295054764221984,2.216695403753521,2.255004405975342,161600,0.0,0.0
2007-08-03 00:00:00-04:00,2.2306262383649798,2.246297945465084,2.2027650382578936,2.2271435260772705,126300,0.0,0.0
2007-08-06 00:00:00-04:00,2.2166949458768275,2.2846063222335546,2.1540076365154905,2.2654519081115723,495200,0.0,0.0
2007-08-07 00:00:00-04:00,2.207988915041219,2.2132128169544982,2.1592319436344556,2.1957995891571045,83300,0.0,0.0
2007-08-08 00:00:00-04:00,2.1940586419956567,2.2619698725770148,2.1940586419956567,2.2288849353790283,89700,0.0,0.0
2007-08-09 00:00:00-04:00,2.1766452214586494,2.281124258514605,2.1766452214586494,2.2428152561187744,165500,0.0,0.0
2007-08-10 00:00:00-04:00,2.1365948430252977,2.2445564166798144,2.1365948430252977,2.2114713191986084,107400,0.0,0.0
2007-08-13 00:00:00-04:00,2.2201780294770983,2.263710932015865,2.2201780294770983,2.2497804164886475,79000,0.0,0.0
2007-08-14 00:00:00-04:00,2.2497799859484777,2.2637104988098145,2.2428147295178094,2.2637104988098145,84100,0.0,0.0
2007-08-15 00:00:00-04:00,2.2219194833226488,2.263711031745462,2.194058451040773,2.2201781272888184,197100,0.0,0.0
2007-08-16 00:00:00-04:00,2.143559499408541,2.263710198409458,2.0895786446856537,2.204505443572998,225600,0.0,0.0
2007-08-17 00:00:00-04:00,2.26371107347597,2.333363655464673,2.1766452629576634,2.2567458152770996,218500,0.0,0.0
2007-08-20 00:00:00-04:00,2.284606319663112,2.4378421306610107,2.2550039376484716,2.4378421306610107,199200,0.0,0.0
2007-08-21 00:00:00-04:00,2.437843203192369,2.491824090045894,2.3159510762457285,2.3960516452789307,157900,0.0,0.0
2007-08-22 00:00:00-04:00,2.4361014448015106,2.498788937392997,2.403016508428674,2.446549415588379,200900,0.0,0.0
2007-08-23 00:00:00-04:00,2.4639623679488856,2.524908501656183,2.3960511421168813,2.4883408546447754,220100,0.0,0.0
2007-08-24 00:00:00-04:00,2.462221038956975,2.5249083591243027,2.3943096508937356,2.458738327026367,222000,0.0,0.0
2007-08-27 00:00:00-04:00,2.479633515970519,2.5231664084534207,2.4047570538239964,2.4778921604156494,207300,0.0,0.0
2007-08-28 00:00:00-04:00,2.4448073334185874,2.4622205575372558,2.420428852865414,2.436100721359253,125200,0.0,0.0
2007-08-29 00:00:00-04:00,2.406499071266989,2.510978115597757,2.3873446517677888,2.507495403289795,30900,0.0,0.0
2007-08-30 00:00:00-04:00,2.486599399311833,2.5405802726745605,2.486599399311833,2.5405802726745605,38400,0.0,0.0
2007-08-31 00:00:00-04:00,2.542320571107729,2.551027015326734,2.4047566600312353,2.524907350540161,42600,0.0,0.0
2007-09-04 00:00:00-04:00,2.535355988686467,2.5510276920770165,2.4813751234584966,2.5109775066375732,50200,0.0,0.0
2007-09-05 00:00:00-04:00,2.4778926377035493,2.5510279244472156,2.460479576995195,2.5005297660827637,38900,0.0,0.0
2007-09-06 00:00:00-04:00,2.4918237376610097,2.5475458069989103,2.462221346809034,2.52142596244812,76400,0.0,0.0
2007-09-07 00:00:00-04:00,2.5423218621099597,2.578889511019242,2.4831170813935155,2.507495403289795,106000,0.0,0.0
2007-09-10 00:00:00-04:00,2.5719230850691464,2.5719230850691464,2.472667988187468,2.5092356204986572,125200,0.0,0.0
2007-09-11 00:00:00-04:00,2.540579792457177,2.540579792457177,2.4761511274378596,2.5179426670074463,82700,0.0,0.0
2007-09-12 00:00:00-04:00,2.5627779960632324,2.5645714436911105,2.50000869734813,2.5627779960632324,74700,0.42,0.0
2007-09-13 00:00:00-04:00,2.564571027446416,2.600439119019485,2.564571027446416,2.582504987716675,59100,0.0,0.0
2007-09-14 00:00:00-04:00,2.569952875105803,2.569952875105803,2.5538121806093166,2.560985803604126,34800,0.0,0.0
2007-09-17 00:00:00-04:00,2.550224009387925,2.6614151883105195,2.5430503904584856,2.6111998558044434,60800,0.0,0.0
2007-09-18 00:00:00-04:00,2.63272198512877,2.63272198512877,2.5663659351998693,2.6255483627319336,110200,0.0,0.0
2007-09-19 00:00:00-04:00,2.636308129403476,2.666796060624432,2.5520179565553858,2.60044002532959,106200,0.0,0.0
2007-09-20 00:00:00-04:00,2.6004399308398587,2.6004399308398587,2.5215301047445817,2.5538113117218018,87500,0.0,0.0
2007-09-21 00:00:00-04:00,2.564571537209955,2.690109968185425,2.5466374023423515,2.690109968185425,54700,0.0,0.0
2007-09-24 00:00:00-04:00,2.688316411330916,2.688316411330916,2.60223297794011,2.6058197021484375,28500,0.0,0.0
2007-09-25 00:00:00-04:00,2.6040268921005416,2.623754306362173,2.5842993068063014,2.589679479598999,71900,0.0,0.0
2007-09-26 00:00:00-04:00,2.5986459446484753,2.6883162685165325,2.582505258987014,2.673969030380249,74900,0.0,0.0
2007-09-27 00:00:00-04:00,2.6775567369218853,2.8246160579045734,2.6488622519528358,2.8120622634887695,395500,0.0,0.0
2007-09-28 00:00:00-04:00,2.8066817520288923,2.8066817520288923,2.60044002532959,2.60044002532959,676200,0.0,0.0
2007-10-01 00:00:00-04:00,2.6165800272433812,2.679349150117835,2.555604180826863,2.6111998558044434,159700,0.0,0.0
2007-10-02 00:00:00-04:00,2.6219602453297854,2.711630569059392,2.5986459406361795,2.6954898834228516,103600,0.0,0.0
2007-10-03 00:00:00-04:00,2.679349184036255,2.72777124069738,2.630927298407698,2.679349184036255,150800,0.0,0.0
2007-10-04 00:00:00-04:00,2.686523010997148,2.752879205861249,2.641687845892128,2.7510857582092285,79600,0.0,0.0
2007-10-05 00:00:00-04:00,2.77081270652072,2.7797797722506195,2.7457051277160645,2.7457051277160645,109600,0.0,0.0
2007-10-08 00:00:00-04:00,2.745705296400425,2.7941271806646313,2.717010650095359,2.7905404567718506,53100,0.0,0.0
2007-10-09 00:00:00-04:00,2.7851606234557367,2.8138551039730184,2.7510859705996134,2.777987003326416,64300,0.0,0.0
2007-10-10 00:00:00-04:00,2.7779857928629967,2.812060601904155,2.720596856834755,2.761845111846924,71200,0.0,0.0
2007-10-11 00:00:00-04:00,2.779780451116895,2.779780451116895,2.740325454889335,2.777987003326416,58200,0.0,0.0
2007-10-12 00:00:00-04:00,2.779779676671659,2.7815731239624846,2.673968680968627,2.715217113494873,104900,0.0,0.0
2007-10-15 00:00:00-04:00,2.7259786850001078,2.740325927734375,2.6757633354301733,2.740325927734375,48700,0.0,0.0
2007-10-16 00:00:00-04:00,2.7421183699213336,2.788746977218873,2.6901095913302515,2.7797799110412598,33500,0.0,0.0
2007-10-17 00:00:00-04:00,2.7797797527417365,2.7977138840756717,2.7008699511440355,2.772606134414673,30500,0.0,0.0
2007-10-18 00:00:00-04:00,2.7743997075743807,2.779779878805533,2.7062502448604024,2.769019365310669,26700,0.0,0.0
2007-10-19 00:00:00-04:00,2.7869541529531228,2.7869541529531228,2.6022333009330962,2.636307954788208,107500,0.0,0.0
2007-10-22 00:00:00-04:00,2.67755562383684,2.6829357947737935,2.602232546589286,2.675762176513672,47600,0.0,0.0
2007-10-23 00:00:00-04:00,2.697283208235566,2.697283208235566,2.647067877120593,2.677555799484253,22000,0.0,0.0
2007-10-24 00:00:00-04:00,2.663208400866532,2.727770965536111,2.6470677169409997,2.713423728942871,40600,0.0,0.0
2007-10-25 00:00:00-04:00,2.733151301889119,2.7779864617141996,2.629133744777536,2.677555799484253,77800,0.0,0.0
2007-10-26 00:00:00-04:00,2.7331517696870957,2.7421188373934005,2.641687986941452,2.682936429977417,45000,0.0,0.0
2007-10-29 00:00:00-04:00,2.6793495862329837,2.695490274209568,2.648861829094828,2.6650023460388184,35200,0.0,0.0
2007-10-30 00:00:00-04:00,2.657828657814435,2.686523137467249,2.6040265939817036,2.629134178161621,43500,0.0,0.0
2007-10-31 00:00:00-04:00,2.629133954337713,2.6506548122452056,2.5287032841027464,2.5645713806152344,77600,0.0,0.0
2007-11-01 00:00:00-04:00,2.5448438709261816,2.5556043856992505,2.4300659588538736,2.4605538845062256,135800,0.0,0.0
2007-11-02 00:00:00-04:00,2.4677263149416135,2.4677263149416135,2.352948287142295,2.361915349960327,144600,0.0,0.0
2007-11-05 00:00:00-05:00,2.3672971091237964,2.4210993511332806,2.338602625660768,2.3690905570983887,64500,0.0,0.0
2007-11-06 00:00:00-05:00,2.39061141969566,2.4013719365106017,2.342189521609953,2.3690905570983887,59600,0.0,0.0
2007-11-07 00:00:00-05:00,2.335015963301936,2.4013720008460955,2.335015963301936,2.3672971725463867,154900,0.0,0.0
2007-11-08 00:00:00-05:00,2.383436819139379,2.614786210756699,2.3601225181506518,2.612992763519287,86500,0.0,0.0
2007-11-09 00:00:00-05:00,2.586093037203906,2.586093037203906,2.3762643940122863,2.412132501602173,71900,0.0,0.0
2007-11-12 00:00:00-05:00,2.413925311289572,2.544843912124634,2.395991176721649,2.544843912124634,58100,0.0,0.0
2007-11-13 00:00:00-05:00,2.4856619488826563,2.607613675121678,2.4784883279881615,2.5735390186309814,121600,0.0,0.0
2007-11-14 00:00:00-05:00,2.5842982306844475,2.591471848431764,2.5018015410740384,2.528702735900879,61900,0.0,0.0
2007-11-15 00:00:00-05:00,2.507182605990297,2.5520177756627924,2.474901400128268,2.485661745071411,72900,0.0,0.0
2007-11-16 00:00:00-05:00,2.4856609214716117,2.5089752225002524,2.397784059078496,2.483867645263672,99200,0.0,0.0
2007-11-19 00:00:00-05:00,2.476694386740773,2.517942653062366,2.476694386740773,2.5018019676208496,82800,0.0,0.0
2007-11-20 00:00:00-05:00,2.483868224264705,2.5071823596954346,2.467727537402983,2.5071823596954346,76400,0.0,0.0
2007-11-21 00:00:00-05:00,2.498215329142083,2.5071822248874946,2.424685689421237,2.4731075763702393,52000,0.0,0.0
2007-11-23 00:00:00-05:00,2.489248426935442,2.577125310897827,2.4659341201843348,2.577125310897827,29100,0.0,0.0
2007-11-26 00:00:00-05:00,2.571744798073679,2.623753576693008,2.5018018870893832,2.5089755058288574,96600,0.0,0.0
2007-11-27 00:00:00-05:00,2.5107692550125207,2.541257181077422,2.4946285681507985,2.5071823596954346,59900,0.0,0.0
2007-11-28 00:00:00-05:00,2.5233217431828465,2.6058184115053185,2.5125614048548033,2.596851348876953,61900,0.0,0.0
2007-11-29 00:00:00-05:00,2.5914729565529657,2.604026921253284,2.5502246796261496,2.60044002532959,44600,0.0,0.0
2007-11-30 00:00:00-05:00,2.6094078870935844,2.6901111885433524,2.560985803604126,2.560985803604126,164500,0.0,0.0
2007-12-03 00:00:00-05:00,2.5573978679391445,2.5914725182885494,2.4910418438662947,2.5071823596954346,72700,0.0,0.0
2007-12-04 00:00:00-05:00,2.5035961523299024,2.552018051880185,2.4210994243621826,2.4210994243621826,75300,0.0,0.0
2007-12-05 00:00:00-05:00,2.480281546911101,2.510769475655237,2.4623474108148105,2.4766948223114014,66100,0.0,0.0
2007-12-06 00:00:00-05:00,2.4659345157678905,2.618374172428405,2.4659345157678905,2.5789191722869873,100000,0.0,0.0
2007-12-07 00:00:00-05:00,2.5878847488900516,2.6829352129832498,2.5878847488900516,2.6237528324127197,51900,0.0,0.0
2007-12-10 00:00:00-05:00,2.657828964497462,2.7259784470528596,2.604026894456588,2.7026641368865967,163100,0.0,0.0
2007-12-11 00:00:00-05:00,2.695489752368375,2.7295645695071493,2.6022327091606696,2.618373394012451,119200,0.0,0.0
2007-12-12 00:00:00-05:00,2.697830661730445,2.73109146699649,2.5795695312769453,2.638700008392334,62700,0.43,0.0
2007-12-13 00:00:00-05:00,2.6239175325779414,2.6405480242316086,2.5869609823601993,2.6091349124908447,47900,0.0,0.0
2007-12-14 00:00:00-05:00,2.5906560014484894,2.8179388539329118,2.586960259348247,2.755112648010254,114100,0.0,0.0
2007-12-17 00:00:00-05:00,2.7421777552508946,2.7421777552508946,2.671960245136451,2.683047294616699,83900,0.0,0.0
2007-12-18 00:00:00-05:00,2.6996785014344216,2.7717439064420994,2.6534827696603864,2.6590263843536377,60700,0.0,0.0
2007-12-19 00:00:00-05:00,2.653482022556103,2.7403300231810617,2.633155969738637,2.718156099319458,44300,0.0,0.0
2007-12-20 00:00:00-05:00,2.744025944422235,2.744025944422235,2.636851883982594,2.731091022491455,79000,0.0,0.0
2007-12-21 00:00:00-05:00,2.8493520100311147,2.8585911892313374,2.736634517211923,2.847504138946533,342500,0.0,0.0
2007-12-24 00:00:00-05:00,2.8475035504054103,2.8493514211080613,2.681199064065078,2.845655679702759,30000,0.0,0.0
2007-12-26 00:00:00-05:00,2.836417290559274,2.836417290559274,2.703373567050762,2.7384822368621826,44400,0.0,0.0
2007-12-27 00:00:00-05:00,2.7126132039204385,2.790222041040207,2.681200094789926,2.77913498878479,97500,0.0,0.0
2007-12-28 00:00:00-05:00,2.7846779838912106,2.8216347013827328,2.755112750876145,2.7976129055023193,101900,0.0,0.0
2007-12-31 00:00:00-05:00,2.78098300292054,2.8438092244058666,2.7440264538770323,2.8234829902648926,115400,0.0,0.0
2008-01-02 00:00:00-05:00,2.8179381260457403,2.8179381260457403,2.771742419061384,2.795764207839966,75900,0.0,0.0
2008-01-03 00:00:00-05:00,2.7791347174586662,2.8364174921108396,2.771743408750905,2.7735912799835205,84800,0.0,0.0
2008-01-04 00:00:00-05:00,2.7440262793877603,2.81609150138438,2.7218521751489533,2.7237000465393066,133600,0.0,0.0
2008-01-07 00:00:00-05:00,2.7403303234068432,2.81424341104331,2.6423954382328496,2.806852102279663,140500,0.0,0.0
2008-01-08 00:00:00-05:00,2.8087001248791914,2.8087001248791914,2.694134744757712,2.712613105773926,39900,0.0,0.0
2008-01-09 00:00:00-05:00,2.6996782787319935,2.7698958063828556,2.6386999319183246,2.742178440093994,74200,0.0,0.0
2008-01-10 00:00:00-05:00,2.7107650179911302,2.762504177993706,2.6350040610745427,2.7458736896514893,86100,0.0,0.0
2008-01-11 00:00:00-05:00,2.725547585219803,2.768047564673626,2.725547585219803,2.731091022491455,46000,0.0,0.0
2008-01-14 00:00:00-05:00,2.7366348294501717,2.7809826832039146,2.7181564689414257,2.753265142440796,148800,0.0,0.0
2008-01-15 00:00:00-05:00,2.725547261648056,2.7717429779471754,2.7107646465301514,2.7107646465301514,66300,0.0,0.0
2008-01-16 00:00:00-05:00,2.6959818298432165,2.736634106489363,2.660872989396153,2.6756556034088135,48700,0.0,0.0
2008-01-17 00:00:00-05:00,2.6922857142181056,2.7347858557674067,2.5629377714649286,2.568481206893921,53400,0.0,0.0
2008-01-18 00:00:00-05:00,2.568482109130713,2.6165257029853937,2.365221035182189,2.439134120941162,118200,0.0,0.0
2008-01-22 00:00:00-05:00,2.3227209845229506,2.4557647211730433,2.2303295350036896,2.4409821033477783,65600,0.0,0.0
2008-01-23 00:00:00-05:00,2.378156021393521,2.599895477294922,2.320873418198872,2.599895477294922,105500,0.0,0.0
2008-01-24 00:00:00-05:00,2.5961995787920733,2.633156120679884,2.4502211061682013,2.6072864532470703,37900,0.0,0.0
2008-01-25 00:00:00-05:00,2.6368523785137805,2.6904394187836376,2.494569444149458,2.538917303085327,49700,0.0,0.0
2008-01-28 00:00:00-05:00,2.525982061093887,2.6183735039247598,2.5148950104161973,2.6072864532470703,44200,0.0,0.0
2008-01-29 00:00:00-05:00,2.623918123166485,2.6682659934095447,2.4964179521619965,2.610983371734619,34900,0.0,0.0
2008-01-30 00:00:00-05:00,2.5962000535570113,2.6775044605782643,2.535221704235391,2.5703303813934326,39300,0.0,0.0
2008-01-31 00:00:00-05:00,2.5389165523682578,2.7698951363076407,2.5389165523682578,2.756960391998291,40200,0.0,0.0
2008-02-01 00:00:00-05:00,2.7532649478007576,2.7551128189655394,2.622069090887032,2.731091022491455,97600,0.0,0.0
2008-02-04 00:00:00-05:00,2.6959826805748706,2.73478709865871,2.476090919358876,2.7237000465393066,47000,0.0,0.0
2008-02-05 00:00:00-05:00,2.657178813567996,2.7347876658311105,2.6387004482776346,2.6701135635375977,57200,0.0,0.0
2008-02-06 00:00:00-05:00,2.690439435781858,2.723700242082539,2.509352079648857,2.511199951171875,30000,0.0,0.0
2008-02-07 00:00:00-05:00,2.511199363225777,2.6035908030723607,2.444677413753717,2.5869603157043457,38200,0.0,0.0
2008-02-08 00:00:00-05:00,2.5777206267857764,2.620220772347503,2.524133609319357,2.540764093399048,125000,0.0,0.0
2008-02-11 00:00:00-05:00,2.5518515455479176,2.72369949705967,2.4945687775622134,2.6220688819885254,90900,0.0,0.0
2008-02-12 00:00:00-05:00,2.640548437498659,2.6664181148112567,2.540765648182581,2.5518527030944824,136600,0.0,0.0
2008-02-13 00:00:00-05:00,2.5758731404906374,2.7680473190048405,2.5426123435899814,2.653481960296631,50200,0.0,0.0
2008-02-14 00:00:00-05:00,2.651635120182493,2.651635120182493,2.4539172649383545,2.4539172649383545,151000,0.0,0.0
2008-02-15 00:00:00-05:00,2.4465242644713805,2.5038070108233095,2.4465242644713805,2.4890244007110596,28400,0.0,0.0
2008-02-19 00:00:00-05:00,2.5130486369193252,2.5333747015899553,2.405874520978213,2.4114179611206055,53300,0.0,0.0
2008-02-20 00:00:00-05:00,2.4021773046458037,2.6460906361108907,2.4021773046458037,2.474242687225342,30400,0.0,0.0
2008-02-21 00:00:00-05:00,2.4908736372073146,2.544460852324772,2.4021779216116377,2.4040257930755615,35100,0.0,0.0
2008-02-22 00:00:00-05:00,2.4021773850279255,2.44282966703998,2.3134816892445516,2.4169600009918213,63800,0.0,0.0
2008-02-25 00:00:00-05:00,2.4077208650702255,2.4723949432373047,2.3578295793544184,2.4723949432373047,48900,0.0,0.0
2008-02-26 00:00:00-05:00,2.463156038171105,2.5666345395103405,2.463156038171105,2.51489520072937,55900,0.0,0.0
2008-02-27 00:00:00-05:00,2.4945696653791827,2.5056567192077637,2.4206565605977852,2.5056567192077637,41100,0.0,0.0
2008-02-28 00:00:00-05:00,2.485329990096977,2.5518519474239665,2.405873462278094,2.4465255737304688,75700,0.0,0.0
2008-02-29 00:00:00-05:00,2.424351583983527,2.4298950215431447,2.320873260498047,2.320873260498047,161800,0.0,0.0
2008-03-03 00:00:00-05:00,2.328265378943277,2.328265378943277,2.232178154642368,2.267287015914917,132700,0.0,0.0
2008-03-04 00:00:00-05:00,2.2672863795278255,2.3208734161246274,2.2192427808623574,2.2506558895111084,57800,0.0,0.0
2008-03-05 00:00:00-05:00,2.2654382229073597,2.283916405759502,2.2395685554471294,2.259894609451294,57400,0.0,0.0
2008-03-06 00:00:00-05:00,2.2451123221207436,2.319025593043176,2.219242827087203,2.2284820079803467,76800,0.0,0.0
2008-03-07 00:00:00-05:00,2.219242222879302,2.2598943257848987,2.16011158699564,2.2173943519592285,60100,0.0,0.0
2008-03-10 00:00:00-04:00,2.2118513407633955,2.3208732788954034,2.0510902404785156,2.0510902404785156,82600,0.0,0.0
2008-03-11 00:00:00-04:00,2.2506554796738567,2.320872993500988,2.0788073490910697,2.197068452835083,145100,0.0,0.0
2008-03-12 00:00:00-04:00,2.1896770437300845,2.1896770437300845,2.0806551240397564,2.1139159202575684,108600,0.0,0.0
2008-03-13 00:00:00-04:00,2.13503570500755,2.1638357572309554,2.015995965224074,2.0966358184814453,147100,0.43,0.0
2008-03-14 00:00:00-04:00,2.1081565907760598,2.146556676762327,2.0390367655901036,2.0447967052459717,155000,0.0,0.0
2008-03-17 00:00:00-04:00,2.044795925773925,2.138875880850976,2.044795925773925,2.087035894393921,72300,0.0,0.0
2008-03-18 00:00:00-04:00,2.1619157099940285,2.3500752449035645,2.0927957313700345,2.3500752449035645,156200,0.0,0.0
2008-03-19 00:00:00-04:00,2.3731155693461052,2.388475526446976,2.067836284637451,2.067836284637451,129400,0.0,0.0
2008-03-20 00:00:00-04:00,2.10431704338523,2.1964768256871827,2.035197206658766,2.1734368801116943,201000,0.0,0.0
2008-03-24 00:00:00-04:00,2.179196104991818,2.277115787522874,2.1580760262633443,2.2195160388946533,163300,0.0,0.0
2008-03-25 00:00:00-04:00,2.2540752304614067,2.2982352330962827,2.1350355019968696,2.2963151931762695,128800,0.0,0.0
2008-03-26 00:00:00-04:00,2.2905563950723318,2.359676218603951,2.1791965878299133,2.225276470184326,101700,0.0,0.0
2008-03-27 00:00:00-04:00,2.2483165373100302,2.3020764030684204,2.1542367264565514,2.2022366523742676,157700,0.0,0.0
2008-03-28 00:00:00-04:00,2.2387156436958064,2.3654353694740426,2.1676758029748293,2.259835720062256,154200,0.0,0.0
2008-03-31 00:00:00-04:00,2.303995759743393,2.3404756120397385,2.186876041207618,2.292475700378418,61900,0.0,0.0
2008-04-01 00:00:00-04:00,2.353916067717641,2.520955763582052,2.1791963921504465,2.4095959663391113,93300,0.0,0.0
2008-04-02 00:00:00-04:00,2.476795815191735,2.495995856561195,2.386556096828703,2.486395835876465,37500,0.0,0.0
2008-04-03 00:00:00-04:00,2.4537558195511986,2.4863957792731255,2.4057559003254427,2.415355920791626,37900,0.0,0.0
2008-04-04 00:00:00-04:00,2.4230365189306022,2.432636541846823,2.382716569166641,2.4249565601348877,50600,0.0,0.0
2008-04-07 00:00:00-04:00,2.442236219261624,2.484476021149028,2.334716307400091,2.3558363914489746,29500,0.0,0.0
2008-04-08 00:00:00-04:00,2.3231959018107253,2.336635819084833,2.2367959104624893,2.2636759281158447,34800,0.0,0.0
2008-04-09 00:00:00-04:00,2.2886361873285574,2.3193561066583106,2.194556388604898,2.2559962272644043,44300,0.0,0.0
2008-04-10 00:00:00-04:00,2.2502369723762268,2.2982369067001764,2.223356943236936,2.269436836242676,34000,0.0,0.0
2008-04-11 00:00:00-04:00,2.2367957156910343,2.338555655950289,2.1119960238853155,2.123516082763672,78800,0.0,0.0
2008-04-14 00:00:00-04:00,2.1407963057870267,2.21759628574982,2.1062364887536704,2.1177563667297363,116400,0.0,0.0
2008-04-15 00:00:00-04:00,2.1484763857370126,2.207996368408203,2.1484763857370126,2.207996368408203,57300,0.0,0.0
2008-04-16 00:00:00-04:00,2.2329560211090596,2.3366358280181885,2.219516103783569,2.3366358280181885,74900,0.0,0.0
2008-04-17 00:00:00-04:00,2.369276350089891,2.369276350089891,2.261756436489241,2.29439640045166,31200,0.0,0.0
2008-04-18 00:00:00-04:00,2.361596071621667,2.373115949741316,2.305916172429598,2.3231961727142334,79700,0.0,0.0
2008-04-21 00:00:00-04:00,2.3078358327346047,2.5055954168386676,2.3078358327346047,2.426875591278076,92200,0.0,0.0
2008-04-22 00:00:00-04:00,2.4403160638936243,2.4403160638936243,2.15039648844407,2.159996509552002,104500,0.0,0.0
2008-04-23 00:00:00-04:00,2.171516556937103,2.2828763615897576,2.152316514850023,2.2521562576293945,58200,0.0,0.0
2008-04-24 00:00:00-04:00,2.2559953987824946,2.2924752438135867,2.2483154217704175,2.2790353298187256,37300,0.0,0.0
2008-04-25 00:00:00-04:00,2.294395968608737,2.359675884246826,2.288636029906891,2.359675884246826,25100,0.0,0.0
2008-04-28 00:00:00-04:00,2.3615960515950354,2.380795909333354,2.3596760108896553,2.363516092300415,23300,0.0,0.0
2008-04-29 00:00:00-04:00,2.3481558883196585,2.373115867521003,2.2867160521964447,2.3385560512542725,34300,0.0,0.0
2008-04-30 00:00:00-04:00,2.350075990467916,2.4115160113039518,2.350075990467916,2.363516092300415,25700,0.0,0.0
2008-05-01 00:00:00-04:00,2.357755981099687,2.415355920791626,2.3289561028062975,2.415355920791626,32200,0.0,0.0
2008-05-02 00:00:00-04:00,2.440315507903992,2.440315507903992,2.401915615326281,2.426875591278076,23400,0.0,0.0
2008-05-05 00:00:00-04:00,2.415354895445382,2.415354895445382,2.302075104864361,2.390394926071167,35700,0.0,0.0
2008-05-06 00:00:00-04:00,2.3711967568150483,2.43839655296411,2.363516774880721,2.4287965297698975,43200,0.0,0.0
2008-05-07 00:00:00-04:00,2.426876012624069,2.4364758501063397,2.2828762531280518,2.2828762531280518,46500,0.0,0.0
2008-05-08 00:00:00-04:00,2.3193563836644038,2.3539163885905388,2.265596518416671,2.29439640045166,57200,0.0,0.0
2008-05-09 00:00:00-04:00,2.2483153994453975,2.3174351918677543,2.2463953594351698,2.3135952949523926,41400,0.0,0.0
2008-05-12 00:00:00-04:00,2.3212759877259357,2.380795781557029,2.246396052181336,2.359675884246826,50700,0.0,0.0
2008-05-13 00:00:00-04:00,2.367356582556745,2.378876646564423,2.3078367706484904,2.332796573638916,25600,0.0,0.0
2008-05-14 00:00:00-04:00,2.3385559004767775,2.392315753618444,2.307835984395825,2.3481557369232178,31700,0.0,0.0
2008-05-15 00:00:00-04:00,2.3443168013679276,2.4134366409255397,2.3347167778752884,2.3807966709136963,48400,0.0,0.0
2008-05-16 00:00:00-04:00,2.4230353665402085,2.4230353665402085,2.3039956150676604,2.4172754287719727,53800,0.0,0.0
2008-05-19 00:00:00-04:00,2.4115162870069584,2.447996149054033,2.380796181524203,2.401916265487671,36600,0.0,0.0
2008-05-20 00:00:00-04:00,2.3827163339451247,2.4479962636047485,2.363516473113299,2.398076295852661,65200,0.0,0.0
2008-05-21 00:00:00-04:00,2.407675825593618,2.4268758656053584,2.3404758686576788,2.346235990524292,59200,0.0,0.0
2008-05-22 00:00:00-04:00,2.373116054444851,2.4383959770202637,2.346236215576271,2.4383959770202637,93400,0.0,0.0
2008-05-23 00:00:00-04:00,2.4268763928909474,2.490236282348633,2.363516503433262,2.490236282348633,71400,0.0,0.0
2008-05-27 00:00:00-04:00,2.5132756832244283,2.5958355990517568,2.4307157673971,2.584315538406372,103100,0.0,0.0
2008-05-28 00:00:00-04:00,2.6207947950459465,2.6207947950459465,2.4211151933577324,2.5209550857543945,115200,0.0,0.0
2008-05-29 00:00:00-04:00,2.5459153327187636,2.6111952412149058,2.4575954888307705,2.532475233078003,61700,0.0,0.0
2008-05-30 00:00:00-04:00,2.5439946666003244,2.5823945494751612,2.2963151931762695,2.2963151931762695,256800,0.0,0.0
2008-06-02 00:00:00-04:00,2.313596472449866,2.434556308079929,2.265596546395326,2.3078365325927734,105400,0.0,0.0
2008-06-03 00:00:00-04:00,2.3212764116164673,2.4575962064879815,2.296316428543634,2.315516471862793,86200,0.0,0.0
2008-06-04 00:00:00-04:00,2.31167535850418,2.413435103238825,2.31167535850418,2.3500752449035645,66600,0.0,0.0
2008-06-05 00:00:00-04:00,2.390395419579189,2.39615535736084,2.35007548889739,2.39615535736084,64600,0.0,0.0
2008-06-06 00:00:00-04:00,2.3846363009325358,2.3961561804529765,2.334716334730136,2.3404762744903564,33400,0.0,0.0
2008-06-09 00:00:00-04:00,2.3692763368091807,2.3788763584687604,2.2905564887899597,2.315516471862793,83000,0.0,0.0
2008-06-10 00:00:00-04:00,2.3231957389086517,2.3846355656880123,2.3231957389086517,2.361595630645752,46100,0.0,0.0
2008-06-11 00:00:00-04:00,2.384636117252138,2.3865561580593786,2.2675163745880127,2.2675163745880127,47700,0.0,0.0
2008-06-12 00:00:00-04:00,2.3292851708679336,2.3472181074225773,2.2675163783173957,2.29142689704895,59500,0.43,0.0
2008-06-13 00:00:00-04:00,2.3113524499358036,2.353195905685425,2.271501394917945,2.353195905685425,54600,0.0,0.0
2008-06-16 00:00:00-04:00,2.3531951756925196,2.3930460283241928,2.3512025855549723,2.3910534381866455,87400,0.0,0.0
2008-06-17 00:00:00-04:00,2.3930461992343286,2.3930461992343286,2.2575531005859375,2.2575531005859375,54600,0.0,0.0
2008-06-18 00:00:00-04:00,2.2615382427575166,2.281463575146264,2.149955659289848,2.1619110107421875,88900,0.0,0.0
2008-06-19 00:00:00-04:00,2.1599182366037413,2.179843567296073,2.0523208427888315,2.078223943710327,97600,0.0,0.0
2008-06-20 00:00:00-04:00,2.0622835360913605,2.076231286124864,1.958671135774356,1.9945369958877563,226200,0.0,0.0
2008-06-23 00:00:00-04:00,1.9746121483851073,1.9925450845498813,1.884947657585144,1.884947657585144,93100,0.0,0.0
2008-06-24 00:00:00-04:00,1.861037132059764,1.9487090318248996,1.8530669593538425,1.8869402408599854,72700,0.0,0.0
2008-06-25 00:00:00-04:00,1.9228049426357319,1.9885588814393127,1.9228049426357319,1.9546858072280884,69300,0.0,0.0
2008-06-26 00:00:00-04:00,1.980589765484426,1.980589765484426,1.8431042358277925,1.8450968265533447,105500,0.0,0.0
2008-06-27 00:00:00-04:00,1.8311481039566198,1.9208127482939858,1.8311481039566198,1.8510736227035522,431500,0.0,0.0
2008-06-30 00:00:00-04:00,1.8490817852555959,2.03040335754581,1.8490817852555959,1.884947657585144,101500,0.0,0.0
2008-07-01 00:00:00-04:00,1.884947193453186,1.8929173642279282,1.7932901345317214,1.821185827255249,81800,0.0,0.0
2008-07-02 00:00:00-04:00,1.8132160144367058,1.8331413502951928,1.7932904885543208,1.7952830791473389,62800,0.0,0.0
2008-07-03 00:00:00-04:00,1.8012602476302995,1.8012602476302995,1.7135883719153804,1.763401985168457,59600,0.0,0.0
2008-07-07 00:00:00-04:00,1.783326790563151,1.783326790563151,1.6199382480829803,1.6219308376312256,102500,0.0,0.0
2008-07-08 00:00:00-04:00,1.627909068211159,1.707610781822625,1.627909068211159,1.7056183815002441,108000,0.0,0.0
2008-07-09 00:00:00-04:00,1.7195656329090012,1.7594164781048431,1.5880576537389033,1.6259160041809082,96200,0.0,0.0
2008-07-10 00:00:00-04:00,1.6199388955904084,1.7614095796586644,1.5601625154163516,1.6797152757644653,74700,0.0,0.0
2008-07-11 00:00:00-04:00,1.6438494846224787,1.651819656340905,1.5462148335657846,1.5940358638763428,90000,0.0,0.0
2008-07-14 00:00:00-04:00,1.5761024815451743,1.6139609289535004,1.4944081971703416,1.566139817237854,144200,0.0,0.0
2008-07-15 00:00:00-04:00,1.5362516951232563,1.6000130532530006,1.452564817566049,1.5203113555908203,100600,0.0,0.0
2008-07-16 00:00:00-04:00,1.5103486691373296,1.6119684811036081,1.4366245477178272,1.5880578756332397,94100,0.0,0.0
2008-07-17 00:00:00-04:00,1.5940362862463924,1.6299021634945947,1.3449681165203935,1.6139618158340454,127000,0.0,0.0
2008-07-18 00:00:00-04:00,1.6219311064593536,1.6219311064593536,1.5820801639964117,1.6059907674789429,55400,0.0,0.0
2008-07-21 00:00:00-04:00,1.6398638452944434,1.6398638452944434,1.6000129978434163,1.6059907674789429,40300,0.0,0.0
2008-07-22 00:00:00-04:00,1.603998308683179,1.6338863992080213,1.5701250380756404,1.62990140914917,95100,0.0,0.0
2008-07-23 00:00:00-04:00,1.6338863239308665,1.6438490836547537,1.6199385743317267,1.637871503829956,72900,0.0,0.0
2008-07-24 00:00:00-04:00,1.6438496112823486,1.6797154817907016,1.625916676028172,1.6438496112823486,53700,0.0,0.0
2008-07-25 00:00:00-04:00,1.6677600835548978,1.7295290599934758,1.6159538697707863,1.6876856088638306,85600,0.0,0.0
2008-07-28 00:00:00-04:00,1.6797146043637592,1.7653938646765375,1.611968079913796,1.6219308376312256,62100,0.0,0.0
2008-07-29 00:00:00-04:00,1.625916306176607,1.7873124967270715,1.6179461356570688,1.763401985168457,67100,0.0,0.0
2008-07-30 00:00:00-04:00,1.8311484635459245,2.0084850071415916,1.7255436495063716,1.9885594844818115,172000,0.0,0.0
2008-07-31 00:00:00-04:00,1.9546867267326966,1.9586717179164408,1.888932566973878,1.9447239637374878,80500,0.0,0.0
2008-08-01 00:00:00-04:00,1.944723983033431,1.960664327974369,1.8650220683048409,1.8889325857162476,112000,0.0,0.0
2008-08-04 00:00:00-04:00,1.8909247779433322,1.8909247779433322,1.7793423868659173,1.793290138244629,58200,0.0,0.0
2008-08-05 00:00:00-04:00,1.8211863629881324,1.853067055465348,1.785320488939307,1.8490818738937378,102400,0.0,0.0
2008-08-06 00:00:00-04:00,1.8411119150369064,1.9347616026053025,1.7793431136798332,1.8550598621368408,64400,0.0,0.0
2008-08-07 00:00:00-04:00,1.8092304898700804,1.8610366953126702,1.8092304898700804,1.8172006607055664,48200,0.0,0.0
2008-08-08 00:00:00-04:00,1.9088576530035193,1.9088576530035193,1.827163357315037,1.902880072593689,151500,0.0,0.0
2008-08-11 00:00:00-04:00,1.9028802272221308,2.0443509085764178,1.9028802272221308,1.9985222816467285,98000,0.0,0.0
2008-08-12 00:00:00-04:00,1.9985219858871106,2.00848474592126,1.9606637257859543,1.9945369958877563,90400,0.0,0.0
2008-08-13 00:00:00-04:00,1.9925443519243502,2.1240522487475433,1.8929171343281328,2.1140894889831543,64100,0.0,0.0
2008-08-14 00:00:00-04:00,2.0842019887797156,2.28544907080902,2.0842019887797156,2.2675161361694336,63300,0.0,0.0
2008-08-15 00:00:00-04:00,2.2993961620539216,2.331276841108061,2.1878135953405975,2.2077391147613525,63900,0.0,0.0
2008-08-18 00:00:00-04:00,2.239620320808657,2.2416129112243652,2.2196949867232134,2.2416129112243652,24700,0.0,0.0
2008-08-19 00:00:00-04:00,2.2416136744337005,2.295412493831603,2.1340162256618407,2.2236807346343994,60000,0.0,0.0
2008-08-20 00:00:00-04:00,2.229657914474501,2.32530017942463,2.22368033229759,2.29142689704895,39400,0.0,0.0
2008-08-21 00:00:00-04:00,2.2475903109099877,2.2635306529003953,2.157925839707979,2.185821533203125,46000,0.0,0.0
2008-08-22 00:00:00-04:00,2.219695042360741,2.279471236139266,2.1858217645401705,2.271501064300537,27200,0.0,0.0
2008-08-25 00:00:00-04:00,2.295411224857272,2.295411224857272,2.1937914155224383,2.213716745376587,23400,0.0,0.0
2008-08-26 00:00:00-04:00,2.205746490513179,2.287440776824951,2.205746490513179,2.287440776824951,28200,0.0,0.0
2008-08-27 00:00:00-04:00,2.281462609496663,2.341238961409754,2.2356341933783566,2.247589349746704,51400,0.0,0.0
2008-08-28 00:00:00-04:00,2.269508969051003,2.3213149979574155,2.269508969051003,2.29142689704895,46900,0.0,0.0
2008-08-29 00:00:00-04:00,2.253568596888454,2.311352397320265,2.2037549692739993,2.2296578884124756,144600,0.0,0.0
2008-09-02 00:00:00-04:00,2.261539205327134,2.279471955102489,2.193792628318195,2.2236807346343994,74700,0.0,0.0
2008-09-03 00:00:00-04:00,2.249582758484814,2.428911689514882,2.1858213945672524,2.367142915725708,80300,0.0,0.0
2008-09-04 00:00:00-04:00,2.3432321543259254,2.3691352531605565,2.2455975287349705,2.287440776824951,34900,0.0,0.0
2008-09-05 00:00:00-04:00,2.261538206978112,2.391053530539454,2.261538206978112,2.3452250957489014,60500,0.0,0.0
2008-09-08 00:00:00-04:00,2.4189485562730226,2.4847024950245995,2.2157089710235596,2.2157089710235596,200000,0.0,0.0
2008-09-09 00:00:00-04:00,2.2137166004722744,2.2137166004722744,1.8889318638732142,1.8909244537353516,256100,0.0,0.0
2008-09-10 00:00:00-04:00,1.950701778936948,2.1240531917099688,1.8929179746792744,2.1180756092071533,113200,0.0,0.0
2008-09-11 00:00:00-04:00,2.192831532093469,2.192831532093469,2.0765449289376665,2.1118462085723877,92200,0.43,0.0
2008-09-12 00:00:00-04:00,2.0973102977826623,2.115999034371221,2.0267077438878585,2.099386692047119,37800,0.0,0.0
2008-09-15 00:00:00-04:00,1.9976355925645748,2.0765442997180235,1.8896553919572798,1.9872528314590454,50800,0.0,0.0
2008-09-16 00:00:00-04:00,1.9145744799302604,2.1118462085723877,1.8834261871753415,2.1118462085723877,113700,0.0,0.0
2008-09-17 00:00:00-04:00,2.0433199907791835,2.0640853186971007,1.9706408479796433,2.026707649230957,102800,0.0,0.0
2008-09-18 00:00:00-04:00,2.0453958068591893,2.4503218250094547,1.9706401002233724,2.4233267307281494,166800,0.0,0.0
2008-09-19 00:00:00-04:00,2.5686844884197573,2.574914063961613,2.0287832546392313,2.462780714035034,318600,0.0,0.0
2008-09-22 00:00:00-04:00,2.462781531119333,2.49185322335092,2.3734902586128555,2.4690113067626953,83600,0.0,0.0
2008-09-23 00:00:00-04:00,2.479393296640923,2.479393296640923,2.234361254348385,2.3838722705841064,54800,0.0,0.0
2008-09-24 00:00:00-04:00,2.4087909870950184,2.4087909870950184,2.238514253770887,2.2426674365997314,18300,0.0,0.0
2008-09-25 00:00:00-04:00,2.2841984219021265,2.3464947821063915,2.161682293041829,2.3361120223999023,28600,0.0,0.0
2008-09-26 00:00:00-04:00,2.2655096359894547,2.385949180848009,2.2634330443111077,2.3693368434906006,37800,0.0,0.0
2008-09-29 00:00:00-04:00,2.294580822546167,2.385948657989502,2.180370879716019,2.385948657989502,61900,0.0,0.0
2008-09-30 00:00:00-04:00,2.4399391844438427,2.4399391844438427,2.302887313003182,2.3942551612854004,47500,0.0,0.0
2008-10-01 00:00:00-04:00,2.4918523830487094,2.4918523830487094,2.2925041844834273,2.342341184616089,18000,0.0,0.0
2008-10-02 00:00:00-04:00,2.356877399360305,2.356877399360305,2.275892116186144,2.3444180488586426,23700,0.0,0.0
2008-10-03 00:00:00-04:00,2.412944698492028,2.412944698492028,2.296658316752617,2.323653221130371,57100,0.0,0.0
2008-10-06 00:00:00-04:00,2.267586601239637,2.307040859454674,1.9706406754951298,2.0329370498657227,147100,0.0,0.0
2008-10-07 00:00:00-04:00,1.4411218894145192,2.1616827846131,1.4411218894145192,2.0329370498657227,68800,0.0,0.0
2008-10-08 00:00:00-04:00,1.895884725754547,2.0142476722557983,1.5781734451611482,1.744296908378601,73100,0.0,0.0
2008-10-09 00:00:00-04:00,1.7484504183750817,1.7795985054770949,1.4535810947418215,1.4535810947418213,94300,0.0,0.0
2008-10-10 00:00:00-04:00,1.3539067210241256,1.5034178495407107,1.0631905332791327,1.5034178495407104,151500,0.0,0.0
2008-10-13 00:00:00-04:00,1.5574078183425102,1.972716569900513,1.474346048227445,1.9727165699005127,57400,0.0,0.0
2008-10-14 00:00:00-04:00,2.0433196429852325,2.0433196429852325,1.8688898883838543,1.9664875268936157,71600,0.0,0.0
2008-10-15 00:00:00-04:00,1.9021148099095724,1.9685641733190766,1.8107469352215042,1.8148999214172363,51700,0.0,0.0
2008-10-16 00:00:00-04:00,1.831512062157002,2.066161598602205,1.827359076415029,2.064085006713867,94500,0.0,0.0
2008-10-17 00:00:00-04:00,2.0059408643465355,2.0661606141735263,1.7879037708230843,1.9436445236206055,59100,0.0,0.0
2008-10-20 00:00:00-04:00,1.9727169578241395,1.9747935495185942,1.8107465683156585,1.9332627058029175,61400,0.0,0.0
2008-10-21 00:00:00-04:00,1.8896560404346299,1.9872535134291314,1.8688905110974194,1.897962212562561,40200,0.0,0.0
2008-10-22 00:00:00-04:00,1.8460474302139602,1.9664869495989128,1.81697574696997,1.8502004146575928,57600,0.0,0.0
2008-10-23 00:00:00-04:00,1.738067797428633,1.8543543815612793,1.6633122635085402,1.8543543815612793,65300,0.0,0.0
2008-10-24 00:00:00-04:00,1.6820005965163056,1.908343709656044,1.6653882615709057,1.879272222518921,50500,0.0,0.0
2008-10-27 00:00:00-04:00,1.8688896945018292,1.9644107312533097,1.8128229086101288,1.910420536994934,52300,0.0,0.0
2008-10-28 00:00:00-04:00,1.9747931871333153,2.0557782680090115,1.8398177222827425,1.9934821128845215,122500,0.0,0.0
2008-10-29 00:00:00-04:00,1.9747935230101712,2.076544138256412,1.7463735885880933,2.0433194637298584,121500,0.0,0.0
2008-10-30 00:00:00-04:00,2.1284576538208917,2.1284576538208917,1.9706402583019478,2.118074893951416,74100,0.0,0.0
2008-10-31 00:00:00-04:00,2.099385764491347,2.180371046066284,1.9934821784744643,2.180371046066284,76800,0.0,0.0
2008-11-03 00:00:00-05:00,2.1658353558296777,2.2198253468419598,2.01632413925148,2.1450698375701904,47200,0.0,0.0
2008-11-04 00:00:00-05:00,2.145069654402197,2.2011364300944636,2.076543727245855,2.1699881553649902,44100,0.0,0.0
2008-11-05 00:00:00-05:00,2.180372009403172,2.180372009403172,2.0806979554585605,2.099386692047119,39300,0.0,0.0
2008-11-06 00:00:00-05:00,1.9872531356410554,2.113922484054903,1.9208037712500057,2.084850788116455,25900,0.0,0.0
2008-11-07 00:00:00-05:00,2.126381391774795,2.126381391774795,1.9768703394087808,2.0038652420043945,51700,0.0,0.0
2008-11-10 00:00:00-05:00,2.0599317065444285,2.0599317065444285,1.7858279562334485,1.8730428218841553,79100,0.0,0.0
2008-11-11 00:00:00-05:00,1.8377416852733819,1.8377416852733819,1.4847291139645398,1.5407958030700684,95500,0.0,0.0
2008-11-12 00:00:00-05:00,1.5013416203868897,1.592709586795601,1.4535810947418215,1.4535810947418213,76300,0.0,0.0
2008-11-13 00:00:00-05:00,1.4784989861867015,1.7006890830189103,1.4411212378735023,1.6986126899719238,73400,0.0,0.0
2008-11-14 00:00:00-05:00,1.6612353382276537,1.7152255342483769,1.5179537784234376,1.530413031578064,64300,0.0,0.0
2008-11-17 00:00:00-05:00,1.526259839232234,1.677847557083548,1.4888820824122941,1.6217808723449707,48900,0.0,0.0
2008-11-18 00:00:00-05:00,1.6300871069505265,1.7069193142927461,1.4701932144015926,1.576097011566162,80600,0.0,0.0
2008-11-19 00:00:00-05:00,1.549101684855477,1.6612350422885693,1.3372942209243774,1.3372942209243774,98200,0.0,0.0
2008-11-20 00:00:00-05:00,1.3165292526579004,1.5324898740442783,1.2646156398435335,1.4182798862457275,93600,0.0,0.0
2008-11-21 00:00:00-05:00,1.4182796643138846,1.5594847324443588,1.2542326814118812,1.5407958030700684,159300,0.0,0.0
2008-11-24 00:00:00-05:00,1.6176275502796962,1.8003634214401243,1.5470250321001398,1.8003634214401245,130500,0.0,0.0
2008-11-25 00:00:00-05:00,1.8418938301917094,1.972716078081249,1.7650617540726965,1.8938074111938477,188100,0.0,0.0
2008-11-26 00:00:00-05:00,1.837741752577136,2.1076923484287304,1.837741752577136,2.055778741836548,109800,0.0,0.0
2008-11-28 00:00:00-05:00,2.0453958675461763,2.1367637141029263,1.9789463265611495,2.128457546234131,24900,0.0,0.0
2008-12-01 00:00:00-05:00,2.0910803901308763,2.1014631529428964,1.868890176913397,1.891732096672058,79200,0.0,0.0
2008-12-02 00:00:00-05:00,1.9311863077240357,2.0599320351676775,1.829435680910711,2.0038652420043945,52200,0.0,0.0
2008-12-03 00:00:00-05:00,1.933262600020378,2.1367638221095375,1.9228798401509026,2.118074893951416,46400,0.0,0.0
2008-12-04 00:00:00-05:00,2.089003119917947,2.1284573644157754,1.9540276560366467,2.014247417449951,80200,0.0,0.0
2008-12-05 00:00:00-05:00,1.9706403017044065,1.9727168933309722,1.8065933258645865,1.9706403017044067,176800,0.0,0.0
2008-12-08 00:00:00-05:00,2.014247193823611,2.091079281025363,1.8958842754364014,1.8958842754364014,145900,0.0,0.0
2008-12-09 00:00:00-05:00,1.8585073656634044,2.0350137347633046,1.814899921417236,1.8148999214172363,47800,0.0,0.0
2008-12-10 00:00:00-05:00,1.8315119992821172,1.9477985665858417,1.827359013682714,1.8647366762161255,71800,0.0,0.0
2008-12-11 00:00:00-05:00,1.897450911669941,1.982509132728897,1.7731352261173965,1.7949448823928833,37800,0.43,0.0
2008-12-12 00:00:00-05:00,1.7556874869349537,1.9825092106834479,1.6073809032552229,1.9759663343429565,50600,0.0,0.0
2008-12-15 00:00:00-05:00,1.982509605865467,2.148264031489898,1.8887274583158467,1.9367090463638306,27400,0.0,0.0
2008-12-16 00:00:00-05:00,1.9868715827841459,2.1984265815200645,1.9279852642047863,2.148264169692993,76100,0.0,0.0
2008-12-17 00:00:00-05:00,2.1090059393405483,2.1700732707977295,2.0086809336637486,2.1700732707977295,55600,0.0,0.0
2008-12-18 00:00:00-05:00,2.1787973518648545,2.2856652425742396,2.0566626790525016,2.1329967975616455,49300,0.0,0.0
2008-12-19 00:00:00-05:00,2.2376827633407377,2.2900261687068566,2.1111860963755142,2.1220908164978027,114500,0.0,0.0
2008-12-22 00:00:00-05:00,2.1220924286158485,2.1678929951036765,1.869098902490461,2.0523011684417725,64200,0.0,0.0
2008-12-23 00:00:00-05:00,2.0719295917577054,2.183159546075966,2.052300751819857,2.0893774032592773,32700,0.0,0.0
2008-12-24 00:00:00-05:00,2.071930012364322,2.1090066713303903,2.0239484169974635,2.0523011684417725,16900,0.0,0.0
2008-12-26 00:00:00-05:00,2.071929693222046,2.130816215919319,2.0566629094091216,2.071929693222046,38800,0.0,0.0
2008-12-29 00:00:00-05:00,1.9083556932428603,2.0523002036826683,1.7491444038152741,1.7774969339370728,70600,0.0,0.0
2008-12-30 00:00:00-05:00,1.7971264680302979,2.021767432529844,1.7971264680302979,1.99995756149292,73500,0.0,0.0
2008-12-31 00:00:00-05:00,1.9955954840155576,2.1700738265729655,1.869098732460164,2.150444984436035,89600,0.0,0.0
2009-01-02 00:00:00-05:00,2.1548067294645854,2.2638556517573623,1.9868712892964393,2.257312774658203,78500,0.0,0.0
2009-01-05 00:00:00-05:00,2.2900271461511883,2.2900271461511883,2.1177298739510135,2.261674404144287,82000,0.0,0.0
2009-01-06 00:00:00-05:00,2.2900278069252193,2.381628935841776,2.0937397923865126,2.3445522785186768,63000,0.0,0.0
2009-01-07 00:00:00-05:00,2.294390005461506,2.4710491878017344,2.2027888709168075,2.3009328842163086,65900,0.0,0.0
2009-01-08 00:00:00-05:00,2.294389084672617,2.4165237430539754,2.2289596993997485,2.394713878631592,43900,0.0,0.0
2009-01-09 00:00:00-05:00,2.3990762240568744,2.475410550747316,2.194064347336782,2.22023606300354,34000,0.0,0.0
2009-01-12 00:00:00-05:00,2.220236092187996,2.3925333785880225,2.0174050331115723,2.0174050331115723,69400,0.0,0.0
2009-01-13 00:00:00-05:00,1.9759668553395433,2.2093315169590104,1.9759668553395433,2.148264169692993,64300,0.0,0.0
2009-01-14 00:00:00-05:00,2.0959206358111877,2.1875217657170674,2.019586499552524,2.102463722229004,57900,0.0,0.0
2009-01-15 00:00:00-05:00,2.102462959460433,2.102462959460433,1.967242342465271,2.0697481632232666,57900,0.0,0.0
2009-01-16 00:00:00-05:00,2.095920077763753,2.2507695458520587,2.095920077763753,2.2420456409454346,38800,0.0,0.0
2009-01-20 00:00:00-05:00,2.2071490062133994,2.2594924115795187,2.074109465575962,2.1220908164978027,46100,0.0,0.0
2009-01-21 00:00:00-05:00,2.1504444975607337,2.2333216967113976,2.13299668805473,2.2071499824523926,120800,0.0,0.0
2009-01-22 00:00:00-05:00,2.150444364305736,2.226778682160071,2.087196006767164,2.161349296569824,39200,0.0,0.0
2009-01-23 00:00:00-05:00,2.0915584316955536,2.1351779604494836,2.0719295917577054,2.0893774032592773,28200,0.0,0.0
2009-01-26 00:00:00-05:00,2.1439022314364875,2.1897027964293,2.0304914373555523,2.043577194213867,46300,0.0,0.0
2009-01-27 00:00:00-05:00,2.0435770722745987,2.1635309456214564,2.0435770722745987,2.0566630363464355,51900,0.0,0.0
2009-01-28 00:00:00-05:00,2.078472051086036,2.1417204070584037,1.9934140391198418,1.99559485912323,96100,0.0,0.0
2009-01-29 00:00:00-05:00,1.9694240186991374,1.9977767712334211,1.8756420612335203,1.8756420612335205,56200,0.0,0.0
2009-01-30 00:00:00-05:00,1.8778214387787464,2.0195850924808276,1.847287888746152,1.84946870803833,42900,0.0,0.0
2009-02-02 00:00:00-05:00,1.8298408485801436,1.8647364677196916,1.6968011446148945,1.8254787921905518,57500,0.0,0.0
2009-02-03 00:00:00-05:00,1.8516506611393413,1.8516506611393413,1.7186110500637766,1.7862212657928467,35100,0.0,0.0
2009-02-04 00:00:00-05:00,1.781859194420098,1.781859194420098,1.6073808979590074,1.640095591545105,70900,0.0,0.0
2009-02-05 00:00:00-05:00,1.6291914459368215,1.6313724750946925,1.550676268202966,1.55721914768219,84000,0.0,0.0
2009-02-06 00:00:00-05:00,1.55939983875417,1.6335530460926821,1.5550378853813165,1.620467185974121,116500,0.0,0.0
2009-02-09 00:00:00-05:00,1.600838551108298,1.633553151517419,1.5703047715305902,1.6030194759368896,80200,0.0,0.0
2009-02-10 00:00:00-05:00,1.5964758442653124,1.5986567680649832,1.3543872706683506,1.3674731254577637,84800,0.0,0.0
2009-02-11 00:00:00-05:00,1.3805593620400136,1.3914642960455086,1.2431576927571377,1.2649675607681274,93700,0.0,0.0
2009-02-12 00:00:00-05:00,1.264967396208203,1.269329348443522,1.2213477698578699,1.2453385591506958,53600,0.0,0.0
2009-02-13 00:00:00-05:00,1.26932951284742,1.2780534184479801,1.214805050845339,1.2213479280471802,69300,0.0,0.0
2009-02-17 00:00:00-05:00,1.2213475827456337,1.2213475827456337,1.1668231361588008,1.1799089908599854,43700,0.0,0.0
2009-02-18 00:00:00-05:00,1.1668237107065929,1.1668237107065929,1.0425079778333046,1.1166611909866333,84300,0.0,0.0
2009-02-19 00:00:00-05:00,1.1319280549850428,1.136290008599743,1.051231861114502,1.051231861114502,69400,0.0,0.0
2009-02-20 00:00:00-05:00,1.0468695291242147,1.0774031933911716,0.9683542884406136,1.0206977128982544,69500,0.0,0.0
2009-02-23 00:00:00-05:00,1.03814590808489,1.151556795993585,0.9203729629516602,0.9203729629516602,75600,0.0,0.0
2009-02-24 00:00:00-05:00,0.9072870358206617,0.9421827630425675,0.8767533654990095,0.9116489887237549,106600,0.0,0.0
2009-02-25 00:00:00-05:00,0.9072867657267069,0.9618112127823432,0.769885186185757,0.8353145122528076,135600,0.0,0.0
2009-02-26 00:00:00-05:00,0.9116488594604226,0.948725505878171,0.8767532411835516,0.9029249548912048,51600,0.0,0.0
2009-02-27 00:00:00-05:00,0.8811155452182295,0.9007443903335721,0.8178671598434448,0.8178671598434448,74800,0.0,0.0
2009-03-02 00:00:00-05:00,0.7873331427559993,0.8069619807185174,0.6521125132294617,0.678284227848053,113700,0.0,0.0
2009-03-03 00:00:00-05:00,0.6891890856063867,0.6891890856063867,0.5430635389623433,0.5452445149421692,122000,0.0,0.0
2009-03-04 00:00:00-05:00,0.5692353051191016,0.6259407380121867,0.5168918246025174,0.5517874956130981,174400,0.0,0.0
2009-03-05 00:00:00-05:00,0.5670544898969021,0.6913703239116215,0.516891971329262,0.525615930557251,149200,0.0,0.0
2009-03-06 00:00:00-05:00,0.5430637362302578,0.6128550449349506,0.5299778755978631,0.5932262539863586,194700,0.0,0.0
2009-03-09 00:00:00-04:00,0.6063122439252802,0.6193981073484606,0.5452448292851727,0.5474258065223694,89300,0.0,0.0
2009-03-10 00:00:00-04:00,0.5670542999367155,0.6499314948497739,0.5256157544787576,0.5845021605491638,163300,0.0,0.0
2009-03-11 00:00:00-04:00,0.588864021480675,0.6521123699066379,0.5626922606156015,0.5670542120933533,147400,0.0,0.0
2009-03-12 00:00:00-04:00,0.5648731958432525,0.6913699356217269,0.5648731958432525,0.6542932987213135,212300,0.0,0.0
2009-03-13 00:00:00-04:00,0.5212538069848732,0.691370098486589,0.5212538069848732,0.6586554050445557,259100,0.0,0.0
2009-03-16 00:00:00-04:00,0.6782841899106326,0.7349896204112045,0.6281217396973248,0.6586554050445557,473200,0.0,0.0
2009-03-17 00:00:00-04:00,0.667379557701946,0.7349898938354535,0.6630176038867901,0.7131801247596741,283200,0.0,0.0
2009-03-18 00:00:00-04:00,0.7338187115202418,0.7773892099892062,0.7223528052583442,0.7567505240440369,354100,0.16,0.0
2009-03-19 00:00:00-04:00,0.7636300453973832,0.80032099903275,0.7452845959165759,0.7728027701377869,164200,0.0,0.0
2009-03-20 00:00:00-04:00,0.7498711613059236,0.8026143975166322,0.687955197871399,0.7338188886642456,320800,0.0,0.0
2009-03-23 00:00:00-04:00,0.7682163339191285,0.9952415227890016,0.7682163339191285,0.9952415227890015,213700,0.0,0.0
2009-03-24 00:00:00-04:00,0.9975345397535744,1.0044141365673152,0.8255458222323553,0.8438913226127625,370200,0.0,0.0
2009-03-25 00:00:00-04:00,0.8576505690968037,0.919566569414211,0.8530642068027366,0.8828755617141724,143400,0.0,0.0
2009-03-26 00:00:00-04:00,0.9126871824264525,0.972309906041533,0.8828757659451485,0.9126871824264526,307100,0.0,0.0
2009-03-27 00:00:00-04:00,0.997534987702908,0.997534987702908,0.8943417545896016,0.8966349363327026,171800,0.0,0.0
2009-03-30 00:00:00-04:00,0.8920483175520636,0.949377844722505,0.8278391377736698,0.9356187582015991,357100,0.0,0.0
2009-03-31 00:00:00-04:00,0.9608441591262818,0.9998283066507135,0.9287396120727957,0.9608441591262817,203200,0.0,0.0
2009-04-01 00:00:00-04:00,0.9287386939737251,0.9768955216225809,0.8782886319856706,0.9723090529441833,133500,0.0,0.0
2009-04-02 00:00:00-04:00,1.0319322569798903,1.0732095078939943,0.9883617707857087,1.027345895767212,310900,0.0,0.0
2009-04-03 00:00:00-04:00,1.027346037826485,1.0961415748770387,1.0227596759796143,1.0227596759796143,161300,0.0,0.0
2009-04-06 00:00:00-04:00,1.0204663500335327,1.1947483034792274,1.0204663500335327,1.139711856842041,205100,0.0,0.0
2009-04-07 00:00:00-04:00,1.096141655862275,1.2612508038957244,1.0548642868432878,1.247491717338562,141600,0.0,0.0
2009-04-08 00:00:00-04:00,1.2612508246129936,1.4538782582723604,1.2612508246129936,1.3873759508132935,183300,0.0,0.0
2009-04-09 00:00:00-04:00,1.4240667433807226,1.5180872174393634,1.398841698140297,1.5043281316757202,153200,0.0,0.0
2009-04-13 00:00:00-04:00,1.524966729838171,1.524966729838171,1.2773029812275785,1.3736165761947632,170600,0.0,0.0
2009-04-14 00:00:00-04:00,1.3483920350585643,1.3483920350585643,1.1580578064118914,1.2268532514572144,158100,0.0,0.0
2009-04-15 00:00:00-04:00,1.2085075082908951,1.4447054194103839,1.151177929891237,1.433239459991455,140800,0.0,0.0
2009-04-16 00:00:00-04:00,1.449292063944352,1.4905693290767572,1.4194806511194136,1.4722238779067993,111400,0.0,0.0
2009-04-17 00:00:00-04:00,1.476810176578094,1.4905692643581605,1.4469987650475284,1.4836896657943726,104500,0.0,0.0
2009-04-20 00:00:00-04:00,1.4424121042520854,1.4424121042520854,1.2727166140330106,1.3506847620010376,135400,0.0,0.0
2009-04-21 00:00:00-04:00,1.3483915692238382,1.4905688825464076,1.2956483582367584,1.4882756471633911,200300,0.0,0.0
2009-04-22 00:00:00-04:00,1.4148937798696006,1.4745164747459059,1.341511892212827,1.3575642108917236,118800,0.0,0.0
2009-04-23 00:00:00-04:00,1.366737649694966,1.4103081580817638,1.3162875413112913,1.3804967403411865,55000,0.0,0.0
2009-04-24 00:00:00-04:00,1.3942555315258003,1.4447056290736797,1.3942555315258003,1.4401192665100098,109900,0.0,0.0
2009-04-27 00:00:00-04:00,1.3988414719391673,1.465343763716699,1.3483914989638754,1.4057210683822632,94700,0.0,0.0
2009-04-28 00:00:00-04:00,1.3804960197669,1.4378255888757372,1.3552709787417185,1.4309459924697876,58000,0.0,0.0
2009-04-29 00:00:00-04:00,1.467637233641144,1.4745167218367274,1.3827894835789942,1.4561712741851807,79000,0.0,0.0
2009-04-30 00:00:00-04:00,1.476809814636388,1.49056889904433,1.3369256258010864,1.3369256258010864,119900,0.0,0.0
2009-05-01 00:00:00-04:00,1.3392190217733684,1.4148940497637479,1.3346326597541787,1.3782031536102295,83000,0.0,0.0
2009-05-04 00:00:00-04:00,1.3782031884904025,1.5868828296661377,1.3277530956550057,1.5868828296661377,118100,0.0,0.0
2009-05-05 00:00:00-04:00,1.5685378919054245,1.5960560736780551,1.4263604007184312,1.5341401100158691,165100,0.0,0.0
2009-05-06 00:00:00-04:00,1.58229698279174,1.58229698279174,1.5020355646144667,1.5341401100158691,61100,0.0,0.0
2009-05-07 00:00:00-04:00,1.6052279399704834,1.6052279399704834,1.433239232116503,1.4813960790634155,158500,0.0,0.0
2009-05-08 00:00:00-04:00,1.5570709487881378,1.6029345562284134,1.518086827790171,1.5616573095321655,85600,0.0,0.0
2009-05-11 00:00:00-04:00,1.5547781727123995,1.6052281522413756,1.490568998509849,1.5639508962631226,105200,0.0,0.0
2009-05-12 00:00:00-04:00,1.5822965878845747,1.5937624394211074,1.4813965038865504,1.515794277191162,86200,0.0,0.0
2009-05-13 00:00:00-04:00,1.4882754252415706,1.5272595461599416,1.3942549755072395,1.4355323314666748,82400,0.0,0.0
2009-05-14 00:00:00-04:00,1.4378256590022418,1.5937620552186123,1.4378256590022418,1.5662438869476318,90400,0.0,0.0
2009-05-15 00:00:00-04:00,1.5639506930987106,1.5639506930987106,1.3896687495800233,1.4057210683822632,70800,0.0,0.0
2009-05-18 00:00:00-04:00,1.460757904136979,1.6006421321690445,1.4263601288048298,1.5685375928878784,118200,0.0,0.0
2009-05-19 00:00:00-04:00,1.5410196171515584,1.6419197274036745,1.5410196171515584,1.575417399406433,66500,0.0,0.0
2009-05-20 00:00:00-04:00,1.5937622438131467,1.6350396104515694,1.4974486434676455,1.5043281316757202,86700,0.0,0.0
2009-05-21 00:00:00-04:00,1.499741903501751,1.6029351106056087,1.490569178841297,1.5501919984817505,70400,0.0,0.0
2009-05-22 00:00:00-04:00,1.559365164647881,1.6052288009355988,1.4447059645810525,1.5341401100158691,95500,0.0,0.0
2009-05-26 00:00:00-04:00,1.5203802105532176,1.61669390488292,1.5135006140950347,1.6052279472351074,78500,0.0,0.0
2009-05-27 00:00:00-04:00,1.5822963160476011,1.662557700404529,1.4905689727764744,1.4951553344726562,88700,0.0,0.0
2009-05-28 00:00:00-04:00,1.5135008786527908,1.570830458218029,1.4584645347569598,1.499741792678833,79500,0.0,0.0
2009-05-29 00:00:00-04:00,1.513501402049699,1.5157946385121501,1.446999075504082,1.4928628206253052,149300,0.0,0.0
2009-06-01 00:00:00-04:00,1.5272600121666449,1.5983486799186586,1.4561713444146314,1.5387259721755981,84800,0.0,0.0
2009-06-02 00:00:00-04:00,1.5226735103798228,1.5501917900079585,1.4928622139161996,1.5180871486663818,71300,0.0,0.0
2009-06-03 00:00:00-04:00,1.5043283249696437,1.54101922505384,1.4148942013406616,1.4424123764038086,55900,0.0,0.0
2009-06-04 00:00:00-04:00,1.444705836271569,1.5593650261551053,1.444705836271569,1.5364331007003784,95000,0.0,0.0
2009-06-05 00:00:00-04:00,1.559364560386991,1.559364560386991,1.4676372140087872,1.5089144706726074,95600,0.0,0.0
2009-06-08 00:00:00-04:00,1.5203807235002578,1.5203807235002578,1.4217737606339207,1.428653359413147,64200,0.0,0.0
2009-06-09 00:00:00-04:00,1.4378257542471244,1.4653439243409718,1.4171870720029949,1.4217734336853027,91700,0.0,0.0
2009-06-10 00:00:00-04:00,1.4424127119267132,1.513501402049699,1.3896694761132031,1.4928628206253052,110000,0.0,0.0
2009-06-11 00:00:00-04:00,1.4905688255814173,1.5203802283364403,1.3942551301251755,1.5020347833633423,110500,0.0,0.0
2009-06-12 00:00:00-04:00,1.4928622822091933,1.577710032463074,1.4813963227273204,1.5777100324630737,66000,0.0,0.0
2009-06-15 00:00:00-04:00,1.4974482591157796,1.575416391764248,1.479102706792204,1.5616573095321655,63300,0.0,0.0
2009-06-16 00:00:00-04:00,1.5478989436076238,1.5478989436076238,1.4745170283974158,1.4905693531036377,78400,0.0,0.0
2009-06-17 00:00:00-04:00,1.5211324549958958,1.5705046163458847,1.4670581883795761,1.5681536197662354,81000,0.16,0.0
2009-06-18 00:00:00-04:00,1.5658030825255573,1.5705051895079407,1.5093777987369592,1.556398868560791,69600,0.0,0.0
2009-06-19 00:00:00-04:00,1.577558414035955,1.5846115184917644,1.5046756993858397,1.5728563070297241,113700,0.0,0.0
2009-06-22 00:00:00-04:00,1.5070266519116848,1.5493457258133256,1.396527084505661,1.4035801887512207,86600,0.0,0.0
2009-06-23 00:00:00-04:00,1.4223883917373596,1.4223883917373596,1.2695697865917437,1.2977824211120605,155500,0.0,0.0
2009-06-24 00:00:00-04:00,1.3095379360094792,1.3706653198806378,1.3024847202785075,1.3118889331817627,37800,0.0,0.0
2009-06-25 00:00:00-04:00,1.2930804975186954,1.4176864856976035,1.2578146433467736,1.4082821607589722,66800,0.0,0.0
2009-06-26 00:00:00-04:00,1.3730168321610396,1.3894741535186768,1.2578150221221118,1.3894741535186768,310700,0.0,0.0
2009-06-29 00:00:00-04:00,1.3683141064077462,1.4458989066486674,1.2742718801341582,1.2813249826431274,238100,0.0,0.0
2009-06-30 00:00:00-04:00,1.30248497850623,1.497622603096909,1.30248497850623,1.464707851409912,138500,0.0,0.0
2009-07-01 00:00:00-04:00,1.5117286906826877,1.516430797336947,1.4388459814881356,1.4976223707199097,73400,0.0,0.0
2009-07-02 00:00:00-04:00,1.4694099106017502,1.5070267684388896,1.3965271924887528,1.4788141250610352,78400,0.0,0.0
2009-07-06 00:00:00-04:00,1.4788136915637204,1.5375900707581673,1.4647073740098986,1.5234837532043457,111700,0.0,0.0
2009-07-07 00:00:00-04:00,1.5328884142554626,1.5328884142554626,1.4012292997183953,1.4788141250610352,82800,0.0,0.0
2009-07-08 00:00:00-04:00,1.4811646238136038,1.488217725695431,1.4012287217726758,1.4623560905456543,51200,0.0,0.0
2009-07-09 00:00:00-04:00,1.4905693427346074,1.4905693427346074,1.4059313065386772,1.4200376272201538,51800,0.0,0.0
2009-07-10 00:00:00-04:00,1.4129841658277593,1.4223883772386727,1.3542077884560297,1.3612608909606934,72700,0.0,0.0
2009-07-13 00:00:00-04:00,1.365962968643427,1.4576540840723105,1.2883781700415227,1.4506009817123413,86300,0.0,0.0
2009-07-14 00:00:00-04:00,1.4458988510480533,1.5187815427780151,1.4106330035381907,1.5187815427780151,40600,0.0,0.0
2009-07-15 00:00:00-04:00,1.5328886342068666,1.5869629311603168,1.5211333083924705,1.537590742111206,106600,0.0,0.0
2009-07-16 00:00:00-04:00,1.5211323785909632,1.5446430158487339,1.4600050131990292,1.5328876972198486,61400,0.0,0.0
2009-07-17 00:00:00-04:00,1.5375903915968374,1.5634520352287429,1.467058677003303,1.5164308547973633,52600,0.0,0.0
2009-07-20 00:00:00-04:00,1.5211334297264858,1.5611014061549848,1.4835165634912417,1.5540482997894287,96400,0.0,0.0
2009-07-21 00:00:00-04:00,1.568154521240698,1.568154521240698,1.5164312214702014,1.5493460893630981,32900,0.0,0.0
2009-07-22 00:00:00-04:00,1.5140794666532544,1.5893132686614988,1.5140794666532544,1.589313268661499,36800,0.0,0.0
2009-07-23 00:00:00-04:00,1.5752070640502296,1.706866264343262,1.5752070640502296,1.7068662643432617,126600,0.0,0.0
2009-07-24 00:00:00-04:00,1.6833554481345347,1.7703445737106451,1.5681537998279966,1.763291358947754,44200,0.0,0.0
2009-07-27 00:00:00-04:00,1.7656429676629737,1.9090572913998676,1.7350792152179002,1.8996530771255493,60800,0.0,0.0
2009-07-28 00:00:00-04:00,1.8526315419539552,1.9537269882545927,1.8526315419539552,1.9372694492340088,52700,0.0,0.0
2009-07-29 00:00:00-04:00,1.9043548679900748,2.111247535485108,1.9043548679900748,2.09479022026062,68800,0.0,0.0
2009-07-30 00:00:00-04:00,2.1606196156084545,2.202938680672229,1.9513758477133354,2.0642263889312744,75900,0.0,0.0
2009-07-31 00:00:00-04:00,2.0501203104957364,2.0618756319883045,1.974886387471765,1.984290599822998,49300,0.0,0.0
2009-08-03 00:00:00-04:00,1.9513758765684328,1.953726985598763,1.84792943348194,1.8620357513427734,86800,0.0,0.0
2009-08-04 00:00:00-04:00,1.7538869998136644,1.8573334309571046,1.7538869998136644,1.7938549518585205,31900,0.0,0.0
2009-08-05 00:00:00-04:00,1.7985573262192247,1.9372695126322732,1.7985573262192247,1.8220678567886353,40400,0.0,0.0
2009-08-06 00:00:00-04:00,1.8385246858447026,1.9396199904425777,1.8338225812612436,1.8432267904281616,42800,0.0,0.0
2009-08-07 00:00:00-04:00,1.8925992944445587,1.9325672468453239,1.8714397638542626,1.9067054986953735,83400,0.0,0.0
2009-08-10 00:00:00-04:00,1.883195950155294,1.9490254567855978,1.8808448402935245,1.9466743469238281,54200,0.0,0.0
2009-08-11 00:00:00-04:00,1.9255135055161747,1.9349177143945997,1.8009076818235399,1.8408756256103516,65000,0.0,0.0
2009-08-12 00:00:00-04:00,1.753887015431794,1.934918131411077,1.753887015431794,1.9067054986953735,45900,0.0,0.0
2009-08-13 00:00:00-04:00,1.9161098003387451,1.9372693319310594,1.782099732539535,1.9161098003387451,55200,0.0,0.0
2009-08-14 00:00:00-04:00,1.8925995606039197,1.8996526637212163,1.8056104293365214,1.8220678567886353,38400,0.0,0.0
2009-08-17 00:00:00-04:00,1.782099656665101,1.9137588341817278,1.782099656665101,1.8643865585327148,74400,0.0,0.0
2009-08-18 00:00:00-04:00,1.885546453846449,1.9631312606292477,1.8808442356345922,1.9560779333114624,45800,0.0,0.0
2009-08-19 00:00:00-04:00,1.8996530976002808,2.0030996799468994,1.8996530976002808,2.0030996799468994,35700,0.0,0.0
2009-08-20 00:00:00-04:00,2.0030993636561663,2.0383651059429364,1.9842907136605512,2.0054502487182617,48800,0.0,0.0
2009-08-21 00:00:00-04:00,2.0219081407714423,2.0571738891861115,1.930216880993478,2.043067455291748,72500,0.0,0.0
2009-08-24 00:00:00-04:00,2.0430669169548787,2.0548222380670262,1.9043548453166617,1.9490247964859009,47700,0.0,0.0
2009-08-25 00:00:00-04:00,1.970184536493548,2.0148544923526615,1.9654823178693652,1.9960460662841797,27600,0.0,0.0
2009-08-26 00:00:00-04:00,1.99839664199784,1.99839664199784,1.869088579143402,1.9936944246292114,62100,0.0,0.0
2009-08-27 00:00:00-04:00,1.9278657715107304,2.0148548119283016,1.92551466182573,2.010152816772461,28100,0.0,0.0
2009-08-28 00:00:00-04:00,1.9913446717309822,2.0054508834245244,1.9184618306003725,1.9255149364471436,27200,0.0,0.0
2009-08-31 00:00:00-04:00,1.8949512438371792,1.9161105595998125,1.8173663012912498,1.8690894842147827,74400,0.0,0.0
2009-09-01 00:00:00-04:00,1.850280179481924,1.9584287138556074,1.8432270775615287,1.8667376041412354,48700,0.0,0.0
2009-09-02 00:00:00-04:00,1.8808438215628753,1.9161095535315569,1.8455779774871657,1.8784927129745483,29700,0.0,0.0
2009-09-03 00:00:00-04:00,1.885546812153507,1.892599916597476,1.854982948503704,1.8808445930480957,22800,0.0,0.0
2009-09-04 00:00:00-04:00,1.925514206793177,1.925514206793177,1.854982614517212,1.854982614517212,40200,0.0,0.0
2009-09-08 00:00:00-04:00,1.9114082392186953,1.9114082392186953,1.8549828462421936,1.8761423826217651,23800,0.0,0.0
2009-09-09 00:00:00-04:00,1.8761420150523735,2.0665774688376426,1.8761420150523735,2.0148541927337646,77000,0.0,0.0
2009-09-10 00:00:00-04:00,2.017205320718238,2.0407159621364555,1.9866415765601928,2.0313117504119873,38200,0.0,0.0
2009-09-11 00:00:00-04:00,2.0289612314678234,2.0289612314678234,1.9419721916657604,1.9772379398345947,40200,0.0,0.0
2009-09-14 00:00:00-04:00,1.9631304081089718,2.007800340652466,1.9537261999832884,2.007800340652466,38200,0.0,0.0
2009-09-15 00:00:00-04:00,2.0078006672433255,2.017204876898707,1.9631307274337744,1.9748858213424683,43000,0.0,0.0
2009-09-16 00:00:00-04:00,2.013233548522277,2.013233548522277,1.8981917359519818,1.9149686098098755,211100,0.16,0.0
2009-09-17 00:00:00-04:00,1.9173653143200966,1.9676961629637095,1.8910015092487094,1.9221588373184204,105900,0.0,0.0
2009-09-18 00:00:00-04:00,1.948522528105929,1.9557125840356575,1.9149685528209348,1.9221588373184204,110200,0.0,0.0
2009-09-21 00:00:00-04:00,1.8742247048122453,1.9005883965692443,1.8167036838397657,1.8957949876785278,80500,0.0,0.0
2009-09-22 00:00:00-04:00,1.9197620758192584,1.936538949177877,1.9125719056056516,1.9221588373184204,32000,0.0,0.0
2009-09-23 00:00:00-04:00,1.9245554342394875,1.943729069734773,1.9053817987442017,1.9053817987442017,57500,0.0,0.0
2009-09-24 00:00:00-04:00,1.9029856268909677,1.9029856268909677,1.8071173111789263,1.840671181678772,49400,0.0,0.0
2009-09-25 00:00:00-04:00,1.8406706620336521,1.8406706620336521,1.75678595232382,1.8191003799438477,60700,0.0,0.0
2009-09-28 00:00:00-04:00,1.807117227531597,1.9125723585051744,1.7807534162172263,1.871828317642212,56600,0.0,0.0
2009-09-29 00:00:00-04:00,1.879017858288171,1.879017858288171,1.586619612848498,1.5914130210876465,577700,0.0,0.0
2009-09-30 00:00:00-04:00,1.6489347192461024,1.7999273129308286,1.6489347192461024,1.778356909751892,230000,0.0,0.0
2009-10-01 00:00:00-04:00,1.766372433157922,1.8095132176843243,1.7448021551785777,1.785546064376831,139500,0.0,0.0
2009-10-02 00:00:00-04:00,1.7424056769433993,1.8214969757006023,1.7184386340296827,1.802323341369629,135600,0.0,0.0
2009-10-05 00:00:00-04:00,1.8334810388459677,1.8790184895584605,1.816704047230658,1.871828317642212,133600,0.0,0.0
2009-10-06 00:00:00-04:00,1.8814153663097897,1.9005890080413468,1.7879438057264891,1.8214976787567139,198700,0.0,0.0
2009-10-07 00:00:00-04:00,1.807117172855168,1.8430678027808718,1.7759599526339647,1.7999271154403687,65500,0.0,0.0
2009-10-08 00:00:00-04:00,1.8238938856204603,1.8286872945934438,1.7256288302484701,1.7639762163162231,122000,0.0,0.0
2009-10-09 00:00:00-04:00,1.7543894428039675,1.7807531356811523,1.735215692142532,1.7807531356811523,43000,0.0,0.0
2009-10-12 00:00:00-04:00,1.850257810329492,1.9269524778184068,1.8478611626837849,1.8574479818344116,128100,0.0,0.0
2009-10-13 00:00:00-04:00,1.8310838287742346,1.8933982558557794,1.8238937729010578,1.8430674076080322,107000,0.0,0.0
2009-10-14 00:00:00-04:00,1.8814147813088338,1.9197621671322567,1.7999268292873132,1.8670345544815063,125900,0.0,0.0
2009-10-15 00:00:00-04:00,1.843067565775445,1.8981918274305607,1.8334807475992412,1.8742247819900513,52200,0.0,0.0
2009-10-16 00:00:00-04:00,1.8622415420176697,1.9005888217214966,1.799927212498951,1.8238942623138428,61400,0.0,0.0
2009-10-19 00:00:00-04:00,1.8238937729010578,1.8550508721579526,1.8238937729010578,1.8430674076080322,54700,0.0,0.0
2009-10-20 00:00:00-04:00,1.855050838927309,1.8622410089555614,1.7807529486267868,1.797529935836792,63400,0.0,0.0
2009-10-21 00:00:00-04:00,1.7975295432935492,1.8214965810140265,1.725628315848267,1.7328184843063354,72900,0.0,0.0
2009-10-22 00:00:00-04:00,1.7352159050030078,1.8382743846004355,1.7352159050030078,1.8095139265060425,34700,0.0,0.0
2009-10-23 00:00:00-04:00,1.8191011692520724,1.8191011692520724,1.7328196606036612,1.7471998929977417,57200,0.0,0.0
2009-10-26 00:00:00-04:00,1.7448029084009389,1.8143074087161448,1.7256291546209632,1.7927370071411133,85500,0.0,0.0
2009-10-27 00:00:00-04:00,1.7951334714889526,1.8430676796145689,1.7639763676337805,1.7951334714889526,113900,0.0,0.0
2009-10-28 00:00:00-04:00,1.7855468837250725,1.816704105895093,1.725629201529145,1.7352160215377808,88000,0.0,0.0
2009-10-29 00:00:00-04:00,1.773563120871605,1.8286873838947728,1.7471993130908143,1.807116985321045,62100,0.0,0.0
2009-10-30 00:00:00-04:00,1.8071172108040057,1.8310842598298074,1.7256291298323758,1.75199294090271,57000,0.0,0.0
2009-11-02 00:00:00-05:00,1.7711664516741559,1.7975302608325239,1.7400093473421532,1.7615796327590942,64100,0.0,0.0
2009-11-03 00:00:00-05:00,1.7376121804987545,1.8334804615899425,1.735215419186637,1.7543891668319702,72500,0.0,0.0
2009-11-04 00:00:00-05:00,1.7615797235204635,1.8167039922641688,1.7615797235204635,1.7999271154403687,112500,0.0,0.0
2009-11-05 00:00:00-05:00,1.919762533548148,2.0659615913388976,1.821497460046869,2.0060439109802246,1145800,0.0,0.0
2009-11-06 00:00:00-05:00,2.027614224456766,2.0348042817886824,1.9413328507703638,1.9629030227661133,293500,0.0,0.0
2009-11-09 00:00:00-05:00,2.0108373563016153,2.0108373563016153,1.9317460396137764,1.9533162117004395,305400,0.0,0.0
2009-11-10 00:00:00-05:00,1.9365388098250007,1.9629024987153847,1.9197619376736417,1.9461256265640259,176700,0.0,0.0
2009-11-11 00:00:00-05:00,1.974886569756107,1.977283331681083,1.9293492360205555,1.9413328170776367,303700,0.0,0.0
2009-11-12 00:00:00-05:00,1.9581099432658111,1.9796803462073165,1.917365899613596,1.931746244430542,311500,0.0,0.0
2009-11-13 00:00:00-05:00,1.9509192896050909,1.960506107033981,1.883811453318981,1.9221588373184204,276100,0.0,0.0
2009-11-16 00:00:00-05:00,1.9485230441117949,1.9581098640794568,1.907779002107277,1.9437295198440552,327000,0.0,0.0
2009-11-17 00:00:00-05:00,1.9413324721762006,1.9940598537512184,1.9173653143200966,1.9221588373184204,285800,0.0,0.0
2009-11-18 00:00:00-05:00,1.9413326966788846,1.9629028669625217,1.9149687742748,1.9365391731262207,160300,0.0,0.0
2009-11-19 00:00:00-05:00,1.9293495416641233,1.9365396000102872,1.914969196403962,1.9293495416641235,165600,0.0,0.0
2009-11-20 00:00:00-05:00,1.9269523545886764,1.9868700275902742,1.9173655360511321,1.9365391731262207,205200,0.0,0.0
2009-11-23 00:00:00-05:00,1.9820763607611753,1.9820763607611753,1.9293487544126668,1.9461256265640259,339100,0.0,0.0
2009-11-24 00:00:00-05:00,1.9557129314918962,1.9557129314918962,1.92695247409558,1.9413328170776367,288100,0.0,0.0
2009-11-25 00:00:00-05:00,1.962902988699026,1.962902988699026,1.9293492360205555,1.9413328170776367,141500,0.0,0.0
2009-11-27 00:00:00-05:00,1.914969196403962,1.953316479007281,1.905382375753132,1.9293495416641235,147400,0.0,0.0
2009-11-30 00:00:00-05:00,1.924555370249825,1.9293488932481486,1.8886048620334261,1.9221588373184204,334000,0.0,0.0
2009-12-01 00:00:00-05:00,1.9533158225364957,1.9557125840356575,1.8981916794623162,1.9221588373184204,215500,0.0,0.0
2009-12-02 00:00:00-05:00,1.9149688404254175,1.9413327637402162,1.9005886121223508,1.9245556592941284,196100,0.0,0.0
2009-12-03 00:00:00-05:00,1.9245559577381557,1.9461263606796608,1.9245559577381557,1.931746244430542,220300,0.0,0.0
2009-12-04 00:00:00-05:00,1.9461258138428121,2.032407172797031,1.9365389961812323,2.027613878250122,375900,0.0,0.0
2009-12-07 00:00:00-05:00,2.0324076331848926,2.0803419609188007,2.0276143375521904,2.046787977218628,332700,0.0,0.0
2009-12-08 00:00:00-05:00,2.056374754060096,2.0587715161102462,1.9916637786807079,2.0252175331115723,185800,0.0,0.0
2009-12-09 00:00:00-05:00,2.0803410822713504,2.0803410822713504,1.9581090095975708,1.9916629791259766,294300,0.0,0.0
2009-12-10 00:00:00-05:00,2.013233441651866,2.013233441651866,1.9652993556254408,1.9844729900360107,574900,0.0,0.0
2009-12-11 00:00:00-05:00,2.0084401149032334,2.0611677229647953,1.9964565364481857,2.0515809059143066,204800,0.0,0.0
2009-12-14 00:00:00-05:00,2.082737689311374,2.0923245054385435,2.0395971310229726,2.073150873184204,507700,0.0,0.0
2009-12-15 00:00:00-05:00,2.0731511656526953,2.0971183236356343,2.061167815228984,2.085134744644165,467800,0.0,0.0
2009-12-16 00:00:00-05:00,2.0851347983852193,2.106705195412256,2.073151219084892,2.097118377685547,492900,0.0,0.0
2009-12-17 00:00:00-05:00,2.054827928543091,2.097118593790511,2.054827928543091,2.054827928543091,247800,0.32,0.0
2009-12-18 00:00:00-05:00,2.0573157957900965,2.069754032124842,2.0075619014745123,2.0224881172180176,702300,0.0,0.0
2009-12-21 00:00:00-05:00,2.02746327093531,2.0324387550354004,2.0075618090232292,2.0324387550354004,226200,0.0,0.0
2009-12-22 00:00:00-05:00,2.0523397265955237,2.0523397265955237,2.029950527982701,2.0399012565612793,430600,0.0,0.0
2009-12-23 00:00:00-05:00,2.047364556899261,2.06229077067265,2.0399015686346265,2.044877052307129,102200,0.0,0.0
2009-12-24 00:00:00-05:00,2.054827928543091,2.054827928543091,2.0299509828996194,2.054827928543091,86800,0.0,0.0
2009-12-28 00:00:00-05:00,2.0548285684348495,2.09960675239563,2.044877834527542,2.09960675239563,261200,0.0,0.0
2009-12-29 00:00:00-05:00,2.1120447057022806,2.196626041576292,2.0921432428194726,2.1866753101348877,269800,0.0,0.0
2009-12-30 00:00:00-05:00,2.161798373729123,2.1792123317718506,2.0921432532906694,2.1792123317718506,176800,0.0,0.0
2009-12-31 00:00:00-05:00,2.189162905015113,2.2215028393348204,2.1195077896118164,2.1195077896118164,129200,0.0,0.0
2010-01-04 00:00:00-05:00,2.149359299950228,2.174236000364699,2.1394085723356273,2.154334545135498,258900,0.0,0.0
2010-01-05 00:00:00-05:00,2.1742369119020384,2.18418764368843,2.089655573095625,2.1344339847564697,383200,0.0,0.0
2010-01-06 00:00:00-05:00,2.1244828517637138,2.1742365012997498,2.1244828517637138,2.139409065246582,431600,0.0,0.0
2010-01-07 00:00:00-05:00,2.1344335816709212,2.151847299697505,2.1145321218565067,2.139409065246582,238500,0.0,0.0
2010-01-08 00:00:00-05:00,2.1244823622916966,2.1593100275648283,2.1244823622916966,2.154334545135498,410500,0.0,0.0
2010-01-11 00:00:00-05:00,2.164286147681072,2.1817001059794077,2.1294587055727128,2.15682315826416,347300,0.0,0.0
2010-01-12 00:00:00-05:00,2.141896797922601,2.171748990823764,2.1294585621468882,2.1468722820281982,397300,0.0,0.0
2010-01-13 00:00:00-05:00,2.151847673823448,2.164286147681072,2.119507973935445,2.15682315826416,333000,0.0,0.0
2010-01-14 00:00:00-05:00,2.1568230648751356,2.1866752584943585,2.141896849443451,2.166773796081543,316100,0.0,0.0
2010-01-15 00:00:00-05:00,2.1742367328765626,2.1816999590349586,2.1294585621468882,2.1468722820281982,303200,0.0,0.0
2010-01-19 00:00:00-05:00,2.1468729992622886,2.246380342176558,2.1468729992622886,2.238917350769043,753200,0.0,0.0
2010-01-20 00:00:00-05:00,2.22399038825427,2.2264781303076755,2.184187464376345,2.2040889263153076,446500,0.0,0.0
2010-01-21 00:00:00-05:00,2.2190145368965872,2.2389159934140754,2.151846943217009,2.171748399734497,453400,0.0,0.0
2010-01-22 00:00:00-05:00,2.176724074745055,2.199113274615774,2.1195074415146373,2.1443841457366943,538800,0.0,0.0
2010-01-25 00:00:00-05:00,2.228965494172859,2.281206882209883,2.169261118486003,2.251354694366455,692500,0.0,0.0
2010-01-26 00:00:00-05:00,2.2662812371358907,2.2687689793901242,2.191650867462158,2.191650867462158,343300,0.0,0.0
2010-01-27 00:00:00-05:00,2.1891629904090064,2.2389166462092724,2.184187506206907,2.2314536571502686,321000,0.0,0.0
2010-01-28 00:00:00-05:00,2.2389166462092724,2.2488673773693253,2.214039699687067,2.2314536571502686,410200,0.0,0.0
2010-01-29 00:00:00-05:00,2.238916956923835,2.251355431911136,2.2065770168545225,2.236429214477539,386500,0.0,0.0
2010-02-01 00:00:00-05:00,2.238916076662288,2.243891559598698,2.214039136468407,2.241403818130493,410000,0.0,0.0
2010-02-02 00:00:00-05:00,2.2513549428956754,2.2513549428956754,2.2215027517568355,2.243891954421997,373100,0.0,0.0
2010-02-03 00:00:00-05:00,2.241403920760522,2.3011082952666966,2.241403920760522,2.2886698246002197,357500,0.0,0.0
2010-02-04 00:00:00-05:00,2.271257263225831,2.271257263225831,2.211552858352661,2.211552858352661,425200,0.0,0.0
2010-02-05 00:00:00-05:00,2.191650763179835,2.2140397306701556,2.1394093645474577,2.209064483642578,460100,0.0,0.0
2010-02-08 00:00:00-05:00,2.2140394209285787,2.2140394209285787,2.139409065246582,2.139409065246582,211300,0.0,0.0
2010-02-09 00:00:00-05:00,2.164286264174999,2.1742369963478705,2.114532603310641,2.131946325302124,276900,0.0,0.0
2010-02-10 00:00:00-05:00,2.134433767147598,2.134433767147598,2.054827920972402,2.1195077896118164,289900,0.0,0.0
2010-02-11 00:00:00-05:00,2.1195077792434707,2.141896745437619,2.1145322952597922,2.1269707679748535,188500,0.0,0.0
2010-02-12 00:00:00-05:00,2.129458820192033,2.1418970574749956,2.1219955931292525,2.131946325302124,158500,0.0,0.0
2010-02-16 00:00:00-05:00,2.1518470814515878,2.196625480114536,2.1418963525536094,2.189162492752075,220300,0.0,0.0
2010-02-17 00:00:00-05:00,2.1966256626109026,2.2389163232518556,2.1916504163706136,2.233940839767456,240000,0.0,0.0
2010-02-18 00:00:00-05:00,2.236429214477539,2.238916956923835,2.2264784819365335,2.236429214477539,355000,0.0,0.0
2010-02-19 00:00:00-05:00,2.238916470610127,2.2513549428956754,2.2215027517568355,2.243891954421997,235100,0.0,0.0
2010-02-22 00:00:00-05:00,2.2389162234540017,2.263793165278908,2.2190147648917162,2.251354694366455,300800,0.0,0.0
2010-02-23 00:00:00-05:00,2.256329940384976,2.263793165278908,2.228965494172859,2.251354694366455,237900,0.0,0.0
2010-02-24 00:00:00-05:00,2.2513552330055497,2.2762319435381357,2.228966027455313,2.263793706893921,355100,0.0,0.0
2010-02-25 00:00:00-05:00,2.251355777332301,2.273744988295741,2.233941814780618,2.2687695026397705,329100,0.0,0.0
2010-02-26 00:00:00-05:00,2.2712568781706413,2.3011090755462646,2.253843155679238,2.3011090755462646,389100,0.0,0.0
2010-03-01 00:00:00-05:00,2.311059987127732,2.345887672054097,2.3035969965164376,2.3384244441986084,353400,0.0,0.0
2010-03-02 00:00:00-05:00,2.350862637080126,2.388178060133434,2.340911905048077,2.368276596069336,330100,0.0,0.0
2010-03-03 00:00:00-05:00,2.383202754631583,2.388178239643678,2.3384243384994563,2.3558382987976074,309100,0.0,0.0
2010-03-04 00:00:00-05:00,2.375739255854331,2.4379313817288204,2.375739255854331,2.435443639755249,402100,0.0,0.0
2010-03-05 00:00:00-05:00,2.437931270465218,2.462807977333198,2.437931270465218,2.460320472717285,304700,0.0,0.0
2010-03-08 00:00:00-05:00,2.457832730857251,2.4876849214453,2.4031035961571003,2.460320472717285,1089800,0.0,0.0
2010-03-09 00:00:00-05:00,2.4453951227432156,2.5001242767788163,2.4429073800042778,2.462808847427368,446300,0.0,0.0
2010-03-10 00:00:00-05:00,2.4876846525701235,2.490172394161277,2.462807711146784,2.4827091693878174,520600,0.0,0.0
2010-03-11 00:00:00-05:00,2.487685286322821,2.500123760203266,2.4752468124423754,2.4851975440979004,613500,0.0,0.0
2010-03-12 00:00:00-05:00,2.487684965133667,2.487684965133667,2.480221976666621,2.487684965133667,525400,0.0,0.0
2010-03-15 00:00:00-04:00,2.51007416777893,2.51007416777893,2.457832774021358,2.487684965133667,620500,0.0,0.0
2010-03-16 00:00:00-04:00,2.5075866553279393,2.5075866553279393,2.477734461484053,2.495148181915283,631000,0.0,0.0
2010-03-17 00:00:00-04:00,2.5001240380884764,2.525000751370222,2.4951485530856177,2.5125625133514404,624600,0.0,0.0
2010-03-18 00:00:00-04:00,2.517700018076557,2.5562361440903287,2.517700018076557,2.551098108291626,550100,0.32,0.0
2010-03-19 00:00:00-04:00,2.4868710041046143,2.5562360781411746,2.466318371426618,2.4868710041046143,260700,0.0,0.0
2010-03-22 00:00:00-04:00,2.484301691851441,2.5433904454599885,2.4765945163822156,2.530545234680176,263100,0.0,0.0
2010-03-23 00:00:00-04:00,2.5228388245077333,2.5562369249246673,2.520269928327038,2.5536677837371826,296300,0.0,0.0
2010-03-24 00:00:00-04:00,2.5510978679124374,2.5562359032270052,2.535683271955353,2.5408215522766113,220600,0.0,0.0
2010-03-25 00:00:00-04:00,2.5459599489915274,2.569081723705957,2.5331144913716526,2.5356836318969727,364500,0.0,0.0
2010-03-26 00:00:00-04:00,2.5459611984085893,2.556237520546195,2.5305468377056033,2.548530340194702,164800,0.0,0.0
2010-03-29 00:00:00-04:00,2.5536676015094453,2.5665130615234375,2.5382532454980717,2.5665130615234375,164000,0.0,0.0
2010-03-30 00:00:00-04:00,2.5690819643314295,2.5690819643314295,2.5433910466854157,2.556236505508423,218800,0.0,0.0
2010-03-31 00:00:00-04:00,2.543390156250162,2.5896336938205273,2.543390156250162,2.558804750442505,332900,0.0,0.0
2010-04-01 00:00:00-04:00,2.584496145578256,2.5999104976654053,2.571650688834492,2.5999104976654053,275100,0.0,0.0
2010-04-05 00:00:00-04:00,2.6256010084795265,2.6769825825677747,2.5922029240704973,2.6744134426116943,293300,0.0,0.0
2010-04-06 00:00:00-04:00,2.6795527831910837,2.761763334274292,2.6718453602719565,2.761763334274292,442800,0.0,0.0
2010-04-07 00:00:00-04:00,2.7617630375744167,2.810575485784393,2.7617630375744167,2.7797465324401855,433800,0.0,0.0
2010-04-08 00:00:00-04:00,2.79002254495867,2.802868002031657,2.75919359498753,2.7669010162353516,280800,0.0,0.0
2010-04-09 00:00:00-04:00,2.766900721385006,2.7746078968048096,2.743778950118907,2.7746078968048096,170500,0.0,0.0
2010-04-12 00:00:00-04:00,2.7900220194648186,2.897923446544195,2.7874531245394385,2.8157129287719727,1037500,0.0,0.0
2010-04-13 00:00:00-04:00,2.8259896715107473,2.8773712529005104,2.8157133552327944,2.8748021125793457,477900,0.0,0.0
2010-04-14 00:00:00-04:00,2.8927855058142447,2.9801343062927814,2.8825091907583387,2.951874256134033,867800,0.0,0.0
2010-04-15 00:00:00-04:00,2.9621511638176456,2.980134902518435,2.8773714863931668,2.9056315422058105,649400,0.0,0.0
2010-04-16 00:00:00-04:00,2.90563065398368,2.954443084091836,2.8516799443869543,2.9081995487213135,392900,0.0,0.0
2010-04-19 00:00:00-04:00,2.885079258889714,2.918477357653313,2.867095761481152,2.900493860244751,263400,0.0,0.0
2010-04-20 00:00:00-04:00,2.9261853019963344,2.9544451236724854,2.877372593184013,2.9544451236724854,190600,0.0,0.0
2010-04-21 00:00:00-04:00,2.9672905223387054,2.990412305487879,2.931323276883678,2.972428560256958,375000,0.0,0.0
2010-04-22 00:00:00-04:00,2.9672887884177848,2.9749959632949206,2.915907214225761,2.9595816135406494,247500,0.0,0.0
2010-04-23 00:00:00-04:00,2.977565468630408,2.980134608906934,2.928752783403223,2.974996328353882,234700,0.0,0.0
2010-04-26 00:00:00-04:00,2.9749962076537497,2.985272523336226,2.944167260606322,2.949305295944214,207300,0.0,0.0
2010-04-27 00:00:00-04:00,2.944167553123429,2.9981182770683628,2.9004931458819723,2.910769462585449,372100,0.0,0.0
2010-04-28 00:00:00-04:00,2.8542491606463525,2.8542491606463525,2.7206570639812964,2.7694694995880127,805200,0.0,0.0
2010-04-29 00:00:00-04:00,2.6667071465883443,2.8080067056526183,2.6050492373625076,2.8054375648498535,696800,0.0,0.0
2010-04-30 00:00:00-04:00,2.790022970022263,2.7925921108296152,2.6846906469883414,2.723227024078369,361100,0.0,0.0
2010-05-03 00:00:00-04:00,2.725794741934566,2.7925909040194417,2.7206567075470005,2.764331102371216,211600,0.0,0.0
2010-05-04 00:00:00-04:00,2.7360725474353518,2.738641688533165,2.6435856729750973,2.694967269897461,354800,0.0,0.0
2010-05-05 00:00:00-04:00,2.620463965064308,2.646154886734333,2.407230148226174,2.615325927734375,541900,0.0,0.0
2010-05-06 00:00:00-04:00,2.594772697213517,2.630739685348765,2.229963064654625,2.497147560119629,744300,0.0,0.0
2010-05-07 00:00:00-04:00,2.5099935879204254,2.697536482940661,2.448335424962338,2.6256022453308105,922000,0.0,0.0
2010-05-10 00:00:00-04:00,2.805436657387135,2.810574692323934,2.6923969486974917,2.7360713481903076,605900,0.0,0.0
2010-05-11 00:00:00-04:00,2.723225847244106,2.808005497195431,2.712949533462329,2.764331102371216,366300,0.0,0.0
2010-05-12 00:00:00-04:00,2.8002989275093784,2.8927860246058215,2.7771773982419883,2.8722333908081055,396500,0.0,0.0
2010-05-13 00:00:00-04:00,2.893391316262474,2.901325843643779,2.7981792577213414,2.803468942642212,267800,0.32,0.0
2010-05-14 00:00:00-04:00,2.7717323376508407,2.7717323376508407,2.660651688719687,2.710902452468872,403700,0.0,0.0
2010-05-17 00:00:00-04:00,2.7479288288734307,2.8034692658147486,2.671230154261715,2.7796661853790283,421400,0.0,0.0
2010-05-18 00:00:00-04:00,2.819338581478917,2.8457865118425048,2.745284729577492,2.747929573059082,378600,0.0,0.0
2010-05-19 00:00:00-04:00,2.7373491861336743,2.7743759688572265,2.6342026080622643,2.700322151184082,513600,0.0,0.0
2010-05-20 00:00:00-04:00,2.6447827574107134,2.668585842583592,2.565439224243164,2.565439224243164,626700,0.0,0.0
2010-05-21 00:00:00-04:00,2.544280610029246,2.7135467725343516,2.5125432518519326,2.6421375274658203,425200,0.0,0.0
2010-05-24 00:00:00-04:00,2.647427101570108,2.7109018152464954,2.6183343352988615,2.6262688636779785,255400,0.0,0.0
2010-05-25 00:00:00-04:00,2.5786617717493905,2.626267915940161,2.491384008883645,2.6156888008117676,398100,0.0,0.0
2010-05-26 00:00:00-04:00,2.650071450272449,2.7770208539562327,2.650071450272449,2.729414701461792,536500,0.0,0.0
2010-05-27 00:00:00-04:00,2.8431405706445023,2.8431405706445023,2.7637970624138624,2.803468942642212,482900,0.0,0.0
2010-05-28 00:00:00-04:00,2.816693525240875,2.824628055086318,2.777021884918213,2.777021884918213,214500,0.0,0.0
2010-06-01 00:00:00-04:00,2.774376575174458,2.8272721707866024,2.750573494092469,2.76644229888916,273700,0.0,0.0
2010-06-02 00:00:00-04:00,2.7770210224899787,2.8378508857236318,2.753217944798181,2.803468942642212,327600,0.0,0.0
2010-06-03 00:00:00-04:00,2.829916973602371,2.829916973602371,2.7770213787382887,2.8087587356567383,264000,0.0,0.0
2010-06-04 00:00:00-04:00,2.7690868940867404,2.7796660122630783,2.644782066345215,2.644782066345215,356400,0.0,0.0
2010-06-07 00:00:00-04:00,2.684453308626266,2.710901226359209,2.5918861010130367,2.599820375442505,236500,0.0,0.0
2010-06-08 00:00:00-04:00,2.5945315068397847,2.6342031398310044,2.5389910693164226,2.6262688636779785,312100,0.0,0.0
2010-06-09 00:00:00-04:00,2.658006107513968,2.784955529469628,2.658006107513968,2.753218173980713,288900,0.0,0.0
2010-06-10 00:00:00-04:00,2.8114039944374802,2.816693428593478,2.7056125368301056,2.761152982711792,292800,0.0,0.0
2010-06-11 00:00:00-04:00,2.7399938867543403,2.811403117276517,2.710901377407926,2.787600040435791,248400,0.0,0.0
2010-06-14 00:00:00-04:00,2.8325622741047827,2.843141394787038,2.7902457913757615,2.8299174308776855,408400,0.0,0.0
2010-06-15 00:00:00-04:00,2.8431405939158005,2.9145498275756836,2.7902450054044396,2.9145498275756836,313700,0.0,0.0
2010-06-16 00:00:00-04:00,2.8722330292329747,2.8960361064955054,2.718835700458948,2.724125385284424,751700,0.0,0.0
2010-06-17 00:00:00-04:00,2.6183348181306263,2.697678350970432,2.6183348181306263,2.6765201091766357,4899500,0.0,0.0
2010-06-18 00:00:00-04:00,2.66858543161836,2.687098827356786,2.647427192995558,2.6632957458496094,830600,0.0,0.0
2010-06-21 00:00:00-04:00,2.6712302745027348,2.6897436702411612,2.647427192995558,2.6632957458496094,626400,0.0,0.0
2010-06-22 00:00:00-04:00,2.6712308842581547,2.6976785624607538,2.6447829538293974,2.647427797317505,668500,0.0,0.0
2010-06-23 00:00:00-04:00,2.644781884789484,2.673874394720788,2.644781884789484,2.6527161598205566,708400,0.0,0.0
2010-06-24 00:00:00-04:00,2.644782066345215,2.660650869722758,2.642137223744612,2.644782066345215,1223300,0.0,0.0
2010-06-25 00:00:00-04:00,2.644782265637349,2.710901822278283,2.644782265637349,2.687098741531372,6069600,0.0,0.0
2010-06-28 00:00:00-04:00,2.6844546666811246,2.7109025977939707,2.658006987794443,2.6950337886810303,663300,0.0,0.0
2010-06-29 00:00:00-04:00,2.6580069040404197,2.6685860257069765,2.5998216087612813,2.618335008621216,683700,0.0,0.0
2010-06-30 00:00:00-04:00,2.6262692451458163,2.6685857270765796,2.6024661610032296,2.610400438308716,402500,0.0,0.0
2010-07-01 00:00:00-04:00,2.5813080317671293,2.59982143035664,2.4358449296643125,2.565439224243164,1027000,0.0,0.0
2010-07-02 00:00:00-04:00,2.5918862131882396,2.5918862131882396,2.512542708781509,2.533700942993164,310200,0.0,0.0
2010-07-06 00:00:00-04:00,2.5865965124978167,2.6315578229755516,2.541635202020082,2.554859161376953,404300,0.0,0.0
2010-07-07 00:00:00-04:00,2.5813078440391037,2.6844542026519775,2.5786630009397684,2.6844542026519775,727700,0.0,0.0
2010-07-08 00:00:00-04:00,2.6976784876213546,2.710902452468872,2.6553620018902198,2.710902452468872,921100,0.0,0.0
2010-07-09 00:00:00-04:00,2.7135465611588105,2.7373496409941462,2.6897434813234744,2.732059955596924,495000,0.0,0.0
2010-07-12 00:00:00-04:00,2.7347055929394966,2.73735043640664,2.6976785410779582,2.718836784362793,516200,0.0,0.0
2010-07-13 00:00:00-04:00,2.7399947529381334,2.7505738735198975,2.7109022343948155,2.7505738735198975,748300,0.0,0.0
2010-07-14 00:00:00-04:00,2.7373496223492957,2.7611524497964215,2.6976777388185913,2.753218173980713,411600,0.0,0.0
2010-07-15 00:00:00-04:00,2.7637978373036347,2.7637978373036347,2.687099150029314,2.7505738735198975,384500,0.0,0.0
2010-07-16 00:00:00-04:00,2.7267707139441137,2.7373498332555144,2.6632957458496094,2.6632957458496094,431100,0.0,0.0
2010-07-19 00:00:00-04:00,2.6844545227738377,2.710902452468872,2.6474277238721697,2.710902452468872,509200,0.0,0.0
2010-07-20 00:00:00-04:00,2.673875401341054,2.721481573901656,2.6500725672869034,2.710902452468872,472100,0.0,0.0
2010-07-21 00:00:00-04:00,2.718836470360412,2.7347052771044043,2.6712305545806885,2.6712305545806885,397600,0.0,0.0
2010-07-22 00:00:00-04:00,2.7109014254467896,2.742638777721479,2.7082565830340517,2.724125385284424,648300,0.0,0.0
2010-07-23 00:00:00-04:00,2.7267710413805264,2.7505738735198975,2.6818097158514975,2.7505738735198975,594300,0.0,0.0
2010-07-26 00:00:00-04:00,2.7770213500512266,2.85372002486836,2.766442231187694,2.840496063232422,747700,0.0,0.0
2010-07-27 00:00:00-04:00,2.8457851192346566,2.8907464275148835,2.7796655779079744,2.8061132431030273,717200,0.0,0.0
2010-07-28 00:00:00-04:00,2.7981796069764027,2.861654320593093,2.7928901736213905,2.819337844848633,429200,0.0,0.0
2010-07-29 00:00:00-04:00,2.861654187890911,2.869588715894621,2.803469162553511,2.82462739944458,714500,0.0,0.0
2010-07-30 00:00:00-04:00,2.7823107550465234,2.8510748946127262,2.7796659125408056,2.8219823837280273,1458500,0.0,0.0
2010-08-02 00:00:00-04:00,2.898681266764874,2.9013261094676337,2.8352065552551378,2.85371994972229,702800,0.0,0.0
2010-08-03 00:00:00-04:00,2.8510754520867962,2.8828128116828546,2.8219829355136037,2.8590099811553955,630800,0.0,0.0
2010-08-04 00:00:00-04:00,2.8801682208861012,2.8801682208861012,2.82991721235609,2.8590099811553955,597500,0.0,0.0
2010-08-05 00:00:00-04:00,2.8616547150008427,2.874878678550103,2.8404964742124768,2.8431413173675537,587600,0.0,0.0
2010-08-06 00:00:00-04:00,2.819337344412238,2.859009222550423,2.8166925020911493,2.851074695587158,461600,0.0,0.0
2010-08-09 00:00:00-04:00,2.880167085131683,2.880167085131683,2.83256093839737,2.8563640117645264,601500,0.0,0.0
2010-08-10 00:00:00-04:00,2.8510748203869447,2.8748778978665763,2.8325614277810347,2.8352062702178955,616900,0.0,0.0
2010-08-11 00:00:00-04:00,2.8140480095090714,2.829916559533389,2.7161911102722653,2.724125385284424,911300,0.0,0.0
2010-08-12 00:00:00-04:00,2.7003227510478545,2.7717317423250423,2.6844539461939814,2.7558631896972656,450900,0.0,0.0
2010-08-13 00:00:00-04:00,2.7399950426143116,2.769087816459489,2.7241264861770844,2.747929573059082,455300,0.0,0.0
2010-08-16 00:00:00-04:00,2.747928285811147,2.827271535281801,2.7399937590832506,2.7928895950317383,486700,0.0,0.0
2010-08-17 00:00:00-04:00,2.816693401408563,2.8563652922132396,2.8034696900331313,2.832562208175659,610500,0.0,0.0
2010-08-18 00:00:00-04:00,2.840495776815921,2.8510748946127262,2.7823107550465234,2.8219823837280273,434900,0.0,0.0
2010-08-19 00:00:00-04:00,2.8219825126747913,2.84049590660863,2.745283842086792,2.745283842086792,428200,0.0,0.0
2010-08-20 00:00:00-04:00,2.7399948428593426,2.835207183446028,2.7320605652191654,2.827272653579712,439300,0.0,0.0
2010-08-23 00:00:00-04:00,2.837850652026291,2.84843002099682,2.787599910546474,2.7928895950317383,457200,0.0,0.0
2010-08-24 00:00:00-04:00,2.7770207938019844,2.8166924185373112,2.7532177180703727,2.7928895950317383,367400,0.0,0.0
2010-08-25 00:00:00-04:00,2.779666192823632,2.845785748777233,2.758507955096567,2.840496063232422,636100,0.0,0.0
2010-08-26 00:00:00-04:00,2.8563653150611366,2.8748787129157303,2.782311471416633,2.81140398979187,378100,0.0,0.0
2010-08-27 00:00:00-04:00,2.840495269807798,2.8642983436584473,2.8114027641159036,2.8642983436584473,603800,0.0,0.0
2010-08-30 00:00:00-04:00,2.861654320593093,2.8695888489647476,2.816693002058081,2.819337844848633,378400,0.0,0.0
2010-08-31 00:00:00-04:00,2.8166925020911493,2.8695883396087294,2.8166925020911493,2.851074695587158,678900,0.0,0.0
2010-09-01 00:00:00-04:00,2.8907471613661495,2.927773952484131,2.8695889229484184,2.927773952484131,731000,0.0,0.0
2010-09-02 00:00:00-04:00,2.938352049698276,2.9621551226957488,2.9224835025173004,2.930417776107788,630900,0.0,0.0
2010-09-03 00:00:00-04:00,2.964800884434598,3.041499558873673,2.964800884434598,3.0335652828216553,659500,0.0,0.0
2010-09-07 00:00:00-04:00,3.041499187852324,3.041499187852324,2.975379640290317,2.978024482727051,493000,0.0,0.0
2010-09-08 00:00:00-04:00,2.9886043185902267,3.0520790389723125,2.985959475517777,3.0388550758361816,396400,0.0,0.0
2010-09-09 00:00:00-04:00,3.0547228934425767,3.089105085578936,3.0282749757296745,3.0811705589294434,506000,0.0,0.0
2010-09-10 00:00:00-04:00,3.0811712763554087,3.1446462432008033,3.0732370000845197,3.131422281265259,474300,0.0,0.0
2010-09-13 00:00:00-04:00,3.16315931398515,3.1710935894418575,3.128777117371325,3.1552250385284424,704000,0.0,0.0
2010-09-14 00:00:00-04:00,3.1605156527142815,3.1763844617849712,3.118199164827328,3.1658053398132324,626500,0.0,0.0
2010-09-15 00:00:00-04:00,3.173956675436039,3.1793913978548125,3.078846571142743,3.114173173904419,587300,0.32,0.0
2010-09-16 00:00:00-04:00,3.095151097016607,3.106020800447529,2.9891712941994872,3.0652592182159424,537100,0.0,0.0
2010-09-17 00:00:00-04:00,3.0788453390195474,3.0788453390195474,2.9918877418852525,3.038084030151367,449700,0.0,0.0
2010-09-20 00:00:00-04:00,3.054389554157681,3.1658040805493672,3.0380851283782113,3.1494996547698975,614600,0.0,0.0
2010-09-21 00:00:00-04:00,3.149500744539646,3.152218236161238,3.1087391476785586,3.116891622543335,355900,0.0,0.0
2010-09-22 00:00:00-04:00,3.111455436127403,3.1522170172263415,3.0978682424277566,3.1087379455566406,317100,0.0,0.0
2010-09-23 00:00:00-04:00,3.097868883310332,3.1467826870866085,3.0761294725551465,3.0869991779327393,317000,0.0,0.0
2010-09-24 00:00:00-04:00,3.133195472487993,3.160369865352205,3.106021338777998,3.154934883117676,321100,0.0,0.0
2010-09-27 00:00:00-04:00,3.154934452326492,3.192978545310807,3.154934452326492,3.171239137649536,330800,0.0,0.0
2010-09-28 00:00:00-04:00,3.1902602488919056,3.1902602488919056,3.089715449061704,3.1467814445495605,432700,0.0,0.0
2010-09-29 00:00:00-04:00,3.1467829139752475,3.163087602794343,3.1250435016526117,3.160370111465454,497300,0.0,0.0
2010-09-30 00:00:00-04:00,3.1902618702589556,3.192979361699975,3.1033042173803156,3.1250436305999756,544600,0.0,0.0
2010-10-01 00:00:00-04:00,3.1658033566608075,3.1739558268405843,3.1304770224982392,3.1467814445495605,285200,0.0,0.0
2010-10-04 00:00:00-04:00,3.154934012291254,3.1929780999693604,3.125042395714693,3.1793909072875977,463200,0.0,0.0
2010-10-05 00:00:00-04:00,3.198413713264932,3.25276223558653,3.1821090269913546,3.225587844848633,524400,0.0,0.0
2010-10-06 00:00:00-04:00,3.2255878816999495,3.2609144864011324,3.2255878816999495,3.236457586288452,295300,0.0,0.0
2010-10-07 00:00:00-04:00,3.2636326054531306,3.3125461559381577,3.2609151139944488,3.285372018814087,449800,0.0,0.0
2010-10-08 00:00:00-04:00,3.3098287934266963,3.339720420833527,3.263632477063442,3.3206984996795654,404400,0.0,0.0
2010-10-11 00:00:00-04:00,3.3397189876288245,3.396784985755685,3.328849286040571,3.3886327743530273,419600,0.0,0.0
2010-10-12 00:00:00-04:00,3.394067998324336,3.407655192110819,3.3451544635088295,3.391350507736206,446400,0.0,0.0
2010-10-13 00:00:00-04:00,3.4158081763379364,3.445700061251485,3.4049384706841614,3.413090944290161,611000,0.0,0.0
2010-10-14 00:00:00-04:00,3.432112693786621,3.5136356117145686,3.407655792492816,3.432112693786621,456000,0.0,0.0
2010-10-15 00:00:00-04:00,3.475591650453022,3.502766043878739,3.3859165149640673,3.402221202850342,455900,0.0,0.0
2010-10-18 00:00:00-04:00,3.4212418703204714,3.486460079682289,3.4212418703204714,3.448415994644165,457300,0.0,0.0
2010-10-19 00:00:00-04:00,3.206565341135551,3.220152534022757,3.1549340599949987,3.195695638656616,5195600,0.0,0.0
2010-10-20 00:00:00-04:00,3.2065646648406982,3.231021555048649,3.1956949646542863,3.2065646648406982,1477900,0.0,0.0
2010-10-21 00:00:00-04:00,3.2201527786491493,3.231022481953826,3.1793911968909834,3.198413372039795,993700,0.0,0.0
2010-10-22 00:00:00-04:00,3.2120015314414627,3.2201540063938827,3.1712401932964336,3.2038493156433105,611800,0.0,0.0
2010-10-25 00:00:00-04:00,3.214718815175,3.2201537981250965,3.18482718641222,3.212001323699951,640500,0.0,0.0
2010-10-26 00:00:00-04:00,3.2065659308572534,3.2337400624751287,3.195696226379264,3.2283053398132324,668100,0.0,0.0
2010-10-27 00:00:00-04:00,3.2092834177292517,3.236457549312952,3.1929787314556743,3.225587844848633,615800,0.0,0.0
2010-10-28 00:00:00-04:00,3.2418917772638216,3.247326498655112,3.1984129695169563,3.217434883117676,536000,0.0,0.0
2010-10-29 00:00:00-04:00,3.21743548597413,3.233739912357125,3.184826374053955,3.184826374053955,1180200,0.0,0.0
2010-11-01 00:00:00-04:00,3.2065659998473692,3.2473273277282715,3.1956962951355155,3.2473273277282715,954400,0.0,0.0
2010-11-02 00:00:00-04:00,3.24732690210654,3.2663490772247314,3.2120003016346628,3.2663490772247314,878200,0.0,0.0
2010-11-03 00:00:00-04:00,3.2745010325710657,3.2745010325710657,3.2228697516488385,3.255478858947754,629300,0.0,0.0
2010-11-04 00:00:00-04:00,3.260913892232905,3.274501085281372,3.2283047844090738,3.274501085281372,1120800,0.0,0.0
2010-11-05 00:00:00-04:00,3.2446090387048945,3.263631211637522,3.211999932589997,3.222869634628296,927900,0.0,0.0
2010-11-08 00:00:00-05:00,3.21471824983056,3.260914560165238,3.1929788401617953,3.258197069168091,913400,0.0,0.0
2010-11-09 00:00:00-05:00,3.2500441066050163,3.2554788281930858,3.1821084022521973,3.1821084022521973,805500,0.0,0.0
2010-11-10 00:00:00-05:00,3.1821093015221353,3.239175319671631,3.1712395961200515,3.239175319671631,638200,0.0,0.0
2010-11-11 00:00:00-05:00,3.212000018871945,3.2310221923155535,3.171238699921912,3.1821084022521973,647700,0.0,0.0
2010-11-12 00:00:00-05:00,3.1793917600697297,3.220153349048163,3.1522176265716553,3.1522176265716553,794900,0.0,0.0
2010-11-15 00:00:00-05:00,3.168521296873644,3.187543211687341,3.1386296794300983,3.1413471698760986,613200,0.0,0.0
2010-11-16 00:00:00-05:00,3.1277601337600247,3.1277601337600247,2.9239530048571343,2.975584030151367,1581200,0.0,0.0
2010-11-17 00:00:00-05:00,2.9728668560063083,3.0408025728718053,2.967432133417249,3.0000412464141846,635800,0.0,0.0
2010-11-18 00:00:00-05:00,3.019062611044312,3.0924332962098364,2.9810187824288366,3.048954486846924,828500,0.0,0.0
2010-11-19 00:00:00-05:00,3.057106647394637,3.122324860342062,3.0543891570666255,3.097867965698242,493400,0.0,0.0
2010-11-22 00:00:00-05:00,3.097867736954154,3.1331943311473904,3.0706936131429803,3.1033027172088623,444100,0.0,0.0
2010-11-23 00:00:00-05:00,3.073411690154763,3.0924336063703337,3.0516720241387465,3.0652592182159424,450100,0.0,0.0
2010-11-24 00:00:00-05:00,3.1033044475424867,3.135913569790491,3.0842825243530507,3.1196088790893555,303500,0.0,0.0
2010-11-26 00:00:00-05:00,3.097867965698242,3.122324860342062,3.0897157538683495,3.097867965698242,140000,0.0,0.0
2010-11-29 00:00:00-05:00,3.084281307882275,3.111455436127403,3.0109106173966844,3.1087379455566406,442200,0.0,0.0
2010-11-30 00:00:00-05:00,3.0842813209907707,3.122325152526473,3.0244978239507407,3.0462372303009033,727300,0.0,0.0
2010-12-01 00:00:00-05:00,3.0842797186421134,3.135910717111811,3.0706925319435516,3.1304759979248047,604600,0.0,0.0
2010-12-02 00:00:00-05:00,3.130477854186997,3.2092832727826326,3.130477854186997,3.184826374053955,702400,0.0,0.0
2010-12-03 00:00:00-05:00,3.182108316773209,3.228304615224515,3.1413469989181215,3.222869634628296,471800,0.0,0.0
2010-12-06 00:00:00-05:00,3.2201531589827983,3.2527622727483054,3.1956962588701177,3.236457586288452,401000,0.0,0.0
2010-12-07 00:00:00-05:00,3.2554795045297817,3.2554795045297817,3.222870390764274,3.236457586288452,542700,0.0,0.0
2010-12-08 00:00:00-05:00,3.2473266469115623,3.260913839741314,3.2255872420456186,3.255478858947754,505300,0.0,0.0
2010-12-09 00:00:00-05:00,3.2609144532472008,3.2609144532472008,3.2201531262432894,3.2283053398132324,510700,0.0,0.0
2010-12-10 00:00:00-05:00,3.233739144346898,3.3125445442263195,3.233739144346898,3.3016748428344727,716700,0.0,0.0
2010-12-13 00:00:00-05:00,3.315262598639511,3.3397194957224015,3.3098278765956284,3.3288497924804688,600900,0.0,0.0
2010-12-14 00:00:00-05:00,3.312544296534529,3.312544296534529,3.078845604507315,3.1739556789398193,1609000,0.0,0.0
2010-12-15 00:00:00-05:00,3.198412454489413,3.233738785729681,3.1793902847976208,3.2065646648406982,832100,0.0,0.0
2010-12-16 00:00:00-05:00,3.212151612146896,3.2149448513925156,3.161874371237564,3.198185682296753,583800,0.32,0.0
2010-12-17 00:00:00-05:00,3.1953926779331336,3.1981859173840745,3.1004249340029224,3.1311497688293457,914400,0.0,0.0
2010-12-20 00:00:00-05:00,3.1423231611179805,3.1786344829451525,3.136736680970092,3.147909641265869,417500,0.0,0.0
2010-12-21 00:00:00-05:00,3.167460833754835,3.212151595947546,3.1562881432066576,3.181426763534546,553000,0.0,0.0
2010-12-22 00:00:00-05:00,3.195394114160353,3.2596373185173775,3.1842214177127963,3.20656681060791,499200,0.0,0.0
2010-12-23 00:00:00-05:00,3.212152245136198,3.220531698146363,3.1758409269214716,3.1786341667175293,338400,0.0,0.0
2010-12-27 00:00:00-05:00,3.192599394128949,3.223324225964968,3.1786334646115044,3.2205309867858887,277400,0.0,0.0
2010-12-28 00:00:00-05:00,3.234497726431645,3.24008420618902,3.1507023947171326,3.1730477809906006,447500,0.0,0.0
2010-12-29 00:00:00-05:00,3.1898063861444728,3.1981858379110957,3.147908860933389,3.1534950733184814,272900,0.0,0.0
2010-12-30 00:00:00-05:00,3.161874932490887,3.161874932490887,3.1088047092935818,3.1171841621398926,488100,0.0,0.0
2010-12-31 00:00:00-05:00,3.1088043768484677,3.150701902977643,3.0724930632267937,3.089252233505249,766800,0.0,0.0
2011-01-03 00:00:00-05:00,3.131149538669614,3.220531063505799,3.1227700873107107,3.198185682296753,891100,0.0,0.0
2011-01-04 00:00:00-05:00,3.2177376760202727,3.2372898154643313,3.1562877524244763,3.1674604415893555,485100,0.0,0.0
2011-01-05 00:00:00-05:00,3.173048721265239,3.2289124698811196,3.167462506230508,3.20656681060791,499600,0.0,0.0
2011-01-06 00:00:00-05:00,3.2149441963891303,3.228910123393896,3.184219103703066,3.192598819732666,341900,0.0,0.0
2011-01-07 00:00:00-05:00,3.184219103703066,3.2177374350656636,3.153494277394903,3.192598819732666,458100,0.0,0.0
2011-01-10 00:00:00-05:00,3.1898078991256225,3.2205327477618804,3.1479103540418074,3.20656681060791,655300,0.0,0.0
2011-01-11 00:00:00-05:00,3.2093588370155817,3.2177385559642553,3.1758407603548697,3.2149453163146973,394200,0.0,0.0
2011-01-12 00:00:00-05:00,3.2317039852764053,3.2903606817403963,3.226117772763536,3.2819812297821045,714800,0.0,0.0
2011-01-13 00:00:00-05:00,3.290360528018973,3.290360528018973,3.2456697644920136,3.268015146255493,386700,0.0,0.0
2011-01-14 00:00:00-05:00,3.2819808259160017,3.2847740650177,3.2568422067566,3.2847740650177,379700,0.0,0.0
2011-01-18 00:00:00-05:00,3.2680151540497975,3.2847743236013596,3.2261176297378364,3.2763946056365967,434800,0.0,0.0
2011-01-19 00:00:00-05:00,3.262430219889844,3.268016434343538,3.1981870222149236,3.2121529579162598,566700,0.0,0.0
2011-01-20 00:00:00-05:00,3.192599794194601,3.231704082090077,3.1842200756073,3.1842200756073,534700,0.0,0.0
2011-01-21 00:00:00-05:00,3.209358051394852,3.2372899082969857,3.1870126724243164,3.1870126724243164,476900,0.0,0.0
2011-01-24 00:00:00-05:00,3.2177385559642553,3.231704221456056,3.192599931874223,3.2149453163146973,456600,0.0,0.0
2011-01-25 00:00:00-05:00,3.2093583731344735,3.2568423748016357,3.200978921774961,3.2568423748016357,314600,0.0,0.0
2011-01-26 00:00:00-05:00,3.254049135555813,3.273601543898616,3.245669684196301,3.2568423748016357,479200,0.0,0.0
2011-01-27 00:00:00-05:00,3.2652223034506895,3.309913338782638,3.245670158627833,3.290360927581787,494700,0.0,0.0
2011-01-28 00:00:00-05:00,3.287566983199666,3.3015326445889994,3.214944371912301,3.2233238220214844,611700,0.0,0.0
2011-01-31 00:00:00-05:00,3.2456710437726266,3.2652231939276573,3.209359717500379,3.2121529579162598,399300,0.0,0.0
2011-02-01 00:00:00-05:00,3.231704226735224,3.3015336198202756,3.226118013804977,3.290360927581787,474500,0.0,0.0
2011-02-02 00:00:00-05:00,3.273602474614984,3.301534075880564,3.24846384701134,3.298741102218628,437600,0.0,0.0
2011-02-03 00:00:00-05:00,3.287568830999223,3.301534500238052,3.234498328930635,3.279189109802246,306200,0.0,0.0
2011-02-04 00:00:00-05:00,3.276393954646139,3.298739598400995,3.2400829161920353,3.2959463596343994,416400,0.0,0.0
2011-02-07 00:00:00-05:00,3.309913100596576,3.343431174900033,3.2959471697089753,3.323878765106201,671200,0.0,0.0
2011-02-08 00:00:00-05:00,3.329465468517708,3.3406381607055664,3.3043268445005283,3.3406381607055664,328200,0.0,0.0
2011-02-09 00:00:00-05:00,3.323879799320555,3.337845734553611,3.2652230844441656,3.2931549549102783,473300,0.0,0.0
2011-02-10 00:00:00-05:00,3.279187659599362,3.3043262793167423,3.265221730158823,3.287567377090454,344300,0.0,0.0
2011-02-11 00:00:00-05:00,3.281982467371313,3.3434324264526367,3.26801653125582,3.3434324264526367,357500,0.0,0.0
2011-02-14 00:00:00-05:00,3.346224606164949,3.3629837788004555,3.332258939743042,3.332258939743042,344000,0.0,0.0
2011-02-15 00:00:00-05:00,3.3294649288006397,3.3657762391194965,3.3294649288006397,3.346223831176758,311000,0.0,0.0
2011-02-16 00:00:00-05:00,3.3657767117919173,3.37974264331862,3.3490175406842764,3.3713629245758057,328200,0.0,0.0
2011-02-17 00:00:00-05:00,3.3685703398585956,3.3965019397552694,3.3546044067212493,3.385329246520996,334900,0.0,0.0
2011-02-18 00:00:00-05:00,3.3992946073311483,3.3992946073311483,3.3629832938388633,3.3909151554107666,426100,0.0,0.0
2011-02-22 00:00:00-05:00,3.3518111804902735,3.3797430468789003,3.3127066208218,3.3266725540161133,528100,0.0,0.0
2011-02-23 00:00:00-05:00,3.343430754263657,3.3797420634519106,3.27080813588715,3.2847740650177,446400,0.0,0.0
2011-02-24 00:00:00-05:00,3.281981233176477,3.351810621116402,3.2736017812095186,3.349017381668091,473700,0.0,0.0
2011-02-25 00:00:00-05:00,3.374155910466654,3.4467785358428955,3.3601899799899972,3.4467785358428955,636600,0.0,0.0
2011-02-28 00:00:00-05:00,3.4635379099904053,3.4830903218659897,3.4300198321182664,3.4719176292419434,564200,0.0,0.0
2011-03-01 00:00:00-05:00,3.471916520778373,3.471916520778373,3.404880120058509,3.4076733589172363,441100,0.0,0.0
2011-03-02 00:00:00-05:00,3.421640789517039,3.4607453515790407,3.4076748554678926,3.443986177444458,455800,0.0,0.0
2011-03-03 00:00:00-05:00,3.4719169189145984,3.513814441088362,3.460744228576398,3.505434989929199,586900,0.0,0.0
2011-03-04 00:00:00-05:00,3.5082276891798934,3.5808500320123913,3.47470935694593,3.56129789352417,854600,0.0,0.0
2011-03-07 00:00:00-05:00,3.600402930307907,3.622748310607675,3.522193832880774,3.544539213180542,612800,0.0,0.0
2011-03-08 00:00:00-05:00,3.533366827249863,3.583644070442132,3.108804298621932,3.1115975379943848,3812700,0.0,0.0
2011-03-09 00:00:00-05:00,3.0585278320046654,3.0585278320046654,2.7373126811976776,2.8853509426116943,4530100,0.0,0.0
2011-03-10 00:00:00-05:00,2.8266936941197383,2.8657982486770694,2.7931756186611625,2.849039077758789,1790400,0.0,0.0
2011-03-11 00:00:00-05:00,2.8211074813989683,2.879764180045972,2.8071415500300656,2.849039077758789,1202300,0.0,0.0
2011-03-14 00:00:00-04:00,2.8350729713472216,2.8630048323604624,2.779209515698709,2.809934616088867,1237100,0.0,0.0
2011-03-15 00:00:00-04:00,2.7512774638910287,2.8043476713440896,2.748484224978256,2.793174982070923,1413100,0.0,0.0
2011-03-16 00:00:00-04:00,2.8047175419677295,2.824916036475167,2.732579747088196,2.7354650497436523,1553600,0.32,0.0
2011-03-17 00:00:00-04:00,2.7585494407964894,2.8393436952847977,2.755663862911658,2.8162596225738525,998200,0.0,0.0
2011-03-18 00:00:00-04:00,2.8566566951650283,2.902825117111206,2.8422293556897,2.902825117111206,1030900,0.0,0.0
2011-03-21 00:00:00-04:00,2.9287942944410514,2.937451027759175,2.891282884131217,2.9085958003997803,824500,0.0,0.0
2011-03-22 00:00:00-04:00,2.911481480126966,2.911481480126966,2.865313334882288,2.873969793319702,532700,0.0,0.0
2011-03-23 00:00:00-04:00,2.8826262972333097,2.899939489565122,2.8681986828207755,2.885511875152588,596600,0.0,0.0
2011-03-24 00:00:00-04:00,2.8999402055204833,2.91148224486331,2.856657351596939,2.8797414302825928,605200,0.0,0.0
2011-03-25 00:00:00-04:00,2.8855125447994285,2.8999401625602097,2.859542887866806,2.868199348449707,591400,0.0,0.0
2011-03-28 00:00:00-04:00,2.8653138949338053,2.9432225864661943,2.8653138949338053,2.8941688537597656,836900,0.0,0.0
2011-03-29 00:00:00-04:00,2.9057110890425735,2.9057110890425735,2.856657353015224,2.882627010345459,840300,0.0,0.0
2011-03-30 00:00:00-04:00,2.882626966210488,2.8999401625602097,2.8624284664557464,2.868199348449707,984100,0.0,0.0
2011-03-31 00:00:00-04:00,2.885511773967122,2.9259090378688466,2.8768553156966976,2.920137882232666,827000,0.0,0.0
2011-04-01 00:00:00-04:00,2.94610857719306,2.9518794596922877,2.9172533391450877,2.9403374195098877,481900,0.0,0.0
2011-04-04 00:00:00-04:00,2.9576498998408205,2.983619552746892,2.9230237876940177,2.9432222843170166,764400,0.0,0.0
2011-04-05 00:00:00-04:00,2.9489941560346464,2.95765061737546,2.9172533391450877,2.9403374195098877,390800,0.0,0.0
2011-04-06 00:00:00-04:00,2.9576496061656106,2.9980468705843024,2.9461075699293913,2.9922757148742676,627500,0.0,0.0
2011-04-07 00:00:00-04:00,2.9836202765818465,2.9922767379226607,2.920138917986674,2.9403374195098877,631100,0.0,0.0
2011-04-08 00:00:00-04:00,2.9663072780045523,2.986506056068745,2.9143682312862533,2.928795576095581,522800,0.0,0.0
2011-04-11 00:00:00-04:00,2.9172532136972995,2.9316808321008687,2.8941691343251614,2.9057111740112305,415200,0.0,0.0
2011-04-12 00:00:00-04:00,2.8912841836534273,2.897055066608793,2.859543364255034,2.8710854053497314,634000,0.0,0.0
2011-04-13 00:00:00-04:00,2.8826262059141796,2.8855117837420448,2.8566565558310852,2.8624277114868164,568500,0.0,0.0
2011-04-14 00:00:00-04:00,2.842229217059453,2.876855325442296,2.8278016031039734,2.8624277114868164,341100,0.0,0.0
2011-04-15 00:00:00-04:00,2.8451153136666663,2.8855125889785795,2.8451153136666663,2.882627010345459,542000,0.0,0.0
2011-04-18 00:00:00-04:00,2.8566573793042607,2.8624285366236117,2.804718339349734,2.8249168395996094,626500,0.0,0.0
2011-04-19 00:00:00-04:00,2.8278005980492367,2.8451135084953925,2.7672048611201903,2.7902889251708984,757100,0.0,0.0
2011-04-20 00:00:00-04:00,2.8162596225738525,2.8278016589293253,2.7931755498629074,2.8162596225738525,695000,0.0,0.0
2011-04-21 00:00:00-04:00,2.833572537321463,2.833572537321463,2.79317554770051,2.8133740425109863,513600,0.0,0.0
2011-04-25 00:00:00-04:00,2.8162598571169943,2.839343931750422,2.798946663549985,2.810488700866699,513600,0.0,0.0
2011-04-26 00:00:00-04:00,2.8220302099515746,2.87108392816163,2.8162593299653573,2.859541893005371,408800,0.0,0.0
2011-04-27 00:00:00-04:00,2.9287944786202145,2.960535285748359,2.9114815612629172,2.9576497077941895,1121200,0.0,0.0
2011-04-28 00:00:00-04:00,2.9663064534713146,3.0009325667199427,2.9576499939551293,2.9749631881713867,655300,0.0,0.0
2011-04-29 00:00:00-04:00,2.9922760912619983,3.0442153984501696,2.9865052100099154,3.0355589389801025,888000,0.0,0.0
2011-05-02 00:00:00-04:00,3.0413293957372147,3.0413293957372147,2.963420721012983,2.9865047931671143,628300,0.0,0.0
2011-05-03 00:00:00-04:00,2.9720769810239958,3.012473967007143,2.9663058257785013,2.9893898963928223,534400,0.0,0.0
2011-05-04 00:00:00-04:00,3.0038176611746747,3.012474119296698,2.957649517612096,2.9720771312713623,445800,0.0,0.0
2011-05-05 00:00:00-04:00,2.9634206731493395,3.01535969706532,2.9432219039528293,2.9720771312713623,579700,0.0,0.0
2011-05-06 00:00:00-04:00,3.0067046852041033,3.032674347245732,2.951879781964227,2.9691929817199707,491700,0.0,0.0
2011-05-09 00:00:00-04:00,2.9287945902810066,2.9287945902810066,2.827801834689448,2.856656789779663,1317800,0.0,0.0
2011-05-10 00:00:00-04:00,2.8624275219637703,2.8855115926905888,2.8306869935103527,2.8768551349639893,995900,0.0,0.0
2011-05-11 00:00:00-04:00,2.862427816185552,2.865313394118963,2.8220305506693713,2.8306872844696045,656900,0.0,0.0
2011-05-12 00:00:00-04:00,2.8249164087442473,2.8595425218274104,2.7874047174415164,2.839344024658203,628000,0.0,0.0
2011-05-13 00:00:00-04:00,2.850885440557736,2.8595418981445313,2.79028968708252,2.8018317222595215,390600,0.0,0.0
2011-05-16 00:00:00-04:00,2.7902903521125353,2.8133744279683337,2.7845191955566406,2.7845191955566406,511000,0.0,0.0
2011-05-17 00:00:00-04:00,2.7700912463849456,2.7845185842395033,2.747007175597057,2.7556636333465576,564600,0.0,0.0
2011-05-18 00:00:00-04:00,2.7556635379616594,2.793175220489502,2.7527779604170974,2.793175220489502,489700,0.0,0.0
2011-05-19 00:00:00-04:00,2.813374800144834,2.830687996918961,2.7931762998949585,2.8249168395996094,383700,0.0,0.0
2011-05-20 00:00:00-04:00,2.8133742789918466,2.8306874725588558,2.7845190481081232,2.810488700866699,490800,0.0,0.0
2011-05-23 00:00:00-04:00,2.784518393691005,2.7989460057420916,2.758549022219624,2.7700910568237305,753500,0.0,0.0
2011-05-24 00:00:00-04:00,2.784519392467304,2.8220310871816334,2.7758629322052,2.7758629322052,569100,0.0,0.0
2011-05-25 00:00:00-04:00,2.7787478406077013,2.7931754543546763,2.75566376868608,2.7874042987823486,292600,0.0,0.0
2011-05-26 00:00:00-04:00,2.772977010791409,2.8191454352421417,2.758549670533424,2.810488700866699,405100,0.0,0.0
2011-05-27 00:00:00-04:00,2.8162593350267304,2.8191449126169372,2.793175264672726,2.8018317222595215,331200,0.0,0.0
2011-05-31 00:00:00-04:00,2.8162593299653573,2.859541893005371,2.807602597210295,2.859541893005371,544500,0.0,0.0
2011-06-01 00:00:00-04:00,2.8566565145472143,2.8653132479057053,2.7874042987823486,2.7874042987823486,516900,0.0,0.0
2011-06-02 00:00:00-04:00,2.7960606617883976,2.8422290792440656,2.7960606617883976,2.827801465988159,469900,0.0,0.0
2011-06-03 00:00:00-04:00,2.7989464282818517,2.8422292709692556,2.7960608503992543,2.8133740425109863,545100,0.0,0.0
2011-06-06 00:00:00-04:00,2.8220304066647817,2.848000056372567,2.7874042987823486,2.7874042987823486,537200,0.0,0.0
2011-06-07 00:00:00-04:00,2.8076018356170547,2.8306861748515124,2.7874033483686227,2.7902889251708984,515000,0.0,0.0
2011-06-08 00:00:00-04:00,2.7902913483859675,2.8162610117921805,2.7874057690777243,2.798947811126709,515800,0.0,0.0
2011-06-09 00:00:00-04:00,2.8162595262762977,2.8162595262762977,2.7845187209961852,2.7874042987823486,485600,0.0,0.0
2011-06-10 00:00:00-04:00,2.784518772276443,2.7989463862891193,2.729694169248891,2.7354650497436523,919700,0.0,0.0
2011-06-13 00:00:00-04:00,2.7470069876155168,2.784518393691005,2.7412358327215576,2.7700910568237305,406900,0.0,0.0
2011-06-14 00:00:00-04:00,2.787404391935315,2.8133740425109863,2.7729767777061802,2.8133740425109863,591800,0.0,0.0
2011-06-15 00:00:00-04:00,2.7985518985859494,2.7985518985859494,2.736295963036907,2.7570481300354004,567600,0.26,0.0
2011-06-16 00:00:00-04:00,2.7451894616714982,2.783728871537408,2.715543674782898,2.7333312034606934,653600,0.0,0.0
2011-06-17 00:00:00-04:00,2.7422246197976965,2.7807640267594698,2.7007205778258276,2.72147274017334,719400,0.0,0.0
2011-06-20 00:00:00-04:00,2.7066498881911762,2.7659411756610988,2.7066498881911762,2.7540829181671143,367500,0.0,0.0
2011-06-21 00:00:00-04:00,2.7778006471051566,2.7807652834550436,2.6858991820449334,2.709615707397461,692700,0.0,0.0
2011-06-22 00:00:00-04:00,2.6918271251838632,2.7185082765101165,2.6681106090545654,2.6681106090545654,567400,0.0,0.0
2011-06-23 00:00:00-04:00,2.6177124067473607,2.6888619405979632,2.540633603714316,2.6858975887298584,1030400,0.0,0.0
2011-06-24 00:00:00-04:00,2.682933676015791,2.700720922902767,2.6414296287408607,2.653287887573242,486900,0.0,0.0
2011-06-27 00:00:00-04:00,2.635500431865825,2.7036853440686768,2.6117839160802094,2.674039840698242,503900,0.0,0.0
2011-06-28 00:00:00-04:00,2.6918269855227788,2.6977562556090593,2.6562522131745716,2.6710751056671143,385200,0.0,0.0
2011-06-29 00:00:00-04:00,2.6681102640976078,2.6858977902564387,2.620677237971574,2.6592166423797607,660100,0.0,0.0
2011-06-30 00:00:00-04:00,2.6592166423797607,2.688862142346963,2.647358385848252,2.6592166423797607,765800,0.0,0.0
2011-07-01 00:00:00-04:00,2.671074941791042,2.703685077095409,2.6532874153466612,2.691826820373535,490500,0.0,0.0
2011-07-05 00:00:00-04:00,2.694791455234789,2.724436955677902,2.691826820373535,2.691826820373535,390300,0.0,0.0
2011-07-06 00:00:00-04:00,2.700720682624548,2.736295455956669,2.6947916950974444,2.7303664684295654,398900,0.0,0.0
2011-07-07 00:00:00-04:00,2.7392596889503675,2.7985509691331,2.733330702293657,2.7837283611297607,384300,0.0,0.0
2011-07-08 00:00:00-04:00,2.7570479277529985,2.7955873405246305,2.745189668648127,2.7896580696105957,319400,0.0,0.0
2011-07-11 00:00:00-04:00,2.7748346911415496,2.7866929481784437,2.742224554970878,2.7451891899108887,414800,0.0,0.0
2011-07-12 00:00:00-04:00,2.7333316100855956,2.80448116993501,2.727402338736535,2.7570481300354004,410500,0.0,0.0
2011-07-13 00:00:00-04:00,2.78076369543733,2.831161353711554,2.7777990607804646,2.795586585998535,481600,0.0,0.0
2011-07-14 00:00:00-04:00,2.810409779684686,2.8252326733358193,2.7570477583530604,2.7659413814544678,288500,0.0,0.0
2011-07-15 00:00:00-04:00,2.7659413428596125,2.7659413428596125,2.7333312034606934,2.7333312034606934,393100,0.0,0.0
2011-07-18 00:00:00-04:00,2.7214729117070724,2.7422247926394143,2.6681106090545654,2.6681106090545654,424100,0.0,0.0
2011-07-19 00:00:00-04:00,2.6829338468847763,2.7036857304822783,2.653288056554165,2.67700457572937,609900,0.0,0.0
2011-07-20 00:00:00-04:00,2.6829334634370556,2.7036853440686768,2.662181300082265,2.674039840698242,490500,0.0,0.0
2011-07-21 00:00:00-04:00,2.6918268978207354,2.7600120879756362,2.6888622628741854,2.7511181831359863,413500,0.0,0.0
2011-07-22 00:00:00-04:00,2.760012394403307,2.760012394403307,2.6918271966782115,2.7274019718170166,330200,0.0,0.0
2011-07-25 00:00:00-04:00,2.6977562228484273,2.7125788324378104,2.665145803216211,2.6829333305358887,430600,0.0,0.0
2011-07-26 00:00:00-04:00,2.688862764935903,2.7125792834903275,2.641429727827054,2.65625262260437,405800,0.0,0.0
2011-07-27 00:00:00-04:00,2.6384642584305857,2.6532871485230727,2.564350090691265,2.570279359817505,788900,0.0,0.0
2011-07-28 00:00:00-04:00,2.5554570430395676,2.6028900757985944,2.5524924078113345,2.573244571685791,653400,0.0,0.0
2011-07-29 00:00:00-04:00,2.5406338468409193,2.5584213733673096,2.4309449009770825,2.5584213733673096,1222700,0.0,0.0
2011-08-01 00:00:00-04:00,2.5939962511568533,2.6206774006901714,2.5258113425478443,2.567315101623535,617500,0.0,0.0
2011-08-02 00:00:00-04:00,2.567315233659054,2.6028900072920163,2.5198822021484375,2.5198822021484375,601400,0.0,0.0
2011-08-03 00:00:00-04:00,2.519882235656805,2.5495280221067427,2.493201084396496,2.5465633869171143,501100,0.0,0.0
2011-08-04 00:00:00-04:00,2.5495280554672655,2.6355004980292245,2.5228469038578343,2.53470516204834,1043600,0.0,0.0
2011-08-05 00:00:00-04:00,2.5228464395514085,2.585102354274734,2.377582732771357,2.4072282314300537,1226100,0.0,0.0
2011-08-08 00:00:00-04:00,2.170063871296331,2.368689812617067,2.090020539312864,2.1641347408294678,1575000,0.0,0.0
2011-08-09 00:00:00-04:00,2.2145316757911013,2.4161221981048584,2.1344883656145934,2.4161221981048584,1271000,0.0,0.0
2011-08-10 00:00:00-04:00,2.1997093823825673,2.3657251661561327,2.1967447466586907,2.2145321369171143,1078600,0.0,0.0
2011-08-11 00:00:00-04:00,2.214530709932863,2.380546386730375,2.193778838684125,2.356829881668091,896800,0.0,0.0
2011-08-12 00:00:00-04:00,2.3686889889138203,2.404263759344,2.3123623397468216,2.3509016036987305,526500,0.0,0.0
2011-08-15 00:00:00-04:00,2.3657249046980136,2.4635557523495706,2.356831139870928,2.4546618461608887,412100,0.0,0.0
2011-08-16 00:00:00-04:00,2.430945222946929,2.5613863474885306,2.401299718440696,2.5228469371795654,728300,0.0,0.0
2011-08-17 00:00:00-04:00,2.5465631523896497,2.6147480591325283,2.5376695303630017,2.5851025581359863,520200,0.0,0.0
2011-08-18 00:00:00-04:00,2.4902363794298314,2.49320101453639,2.380547424995651,2.4161221981048584,783900,0.0,0.0
2011-08-19 00:00:00-04:00,2.3746178263581434,2.4665192292237768,2.371653192014583,2.4131572246551514,571500,0.0,0.0
2011-08-22 00:00:00-04:00,2.4754134155189935,2.49023602348678,2.3686888287229353,2.4072282314300537,473900,0.0,0.0
2011-08-23 00:00:00-04:00,2.422051081814937,2.519881762934546,2.4161218125479933,2.5139524936676025,585900,0.0,0.0
2011-08-24 00:00:00-04:00,2.5020948769747964,2.55545718311531,2.439838947385261,2.531740665435791,320900,0.0,0.0
2011-08-25 00:00:00-04:00,2.54063357794348,2.546562847065778,2.427980009127832,2.4368739128112793,387900,0.0,0.0
2011-08-26 00:00:00-04:00,2.422051600522063,2.502094773706026,2.4042640716349712,2.4843075275421143,393700,0.0,0.0
2011-08-29 00:00:00-04:00,2.5109886187817434,2.6384648222839737,2.493201090324851,2.6295711994171143,367800,0.0,0.0
2011-08-30 00:00:00-04:00,2.617713079468464,2.6503232201829627,2.558421786022471,2.6266067028045654,294800,0.0,0.0
2011-08-31 00:00:00-04:00,2.647358547050196,2.662181156574801,2.579173355799764,2.5999255180358887,467100,0.0,0.0
2011-09-01 00:00:00-04:00,2.5999255541151327,2.6117838115332668,2.531740361918492,2.5554568767547607,479800,0.0,0.0
2011-09-02 00:00:00-04:00,2.5020948816077553,2.5406342935891324,2.4339099638336825,2.4546618461608887,518000,0.0,0.0
2011-09-06 00:00:00-04:00,2.3953704809907848,2.484307561184257,2.3805475871713417,2.47244930267334,430000,0.0,0.0
2011-09-07 00:00:00-04:00,2.5139524340106774,2.5821376153468716,2.4902359229519435,2.570279359817505,406500,0.0,0.0
2011-09-08 00:00:00-04:00,2.55545704320093,2.6147483341534574,2.5317405268199193,2.53470516204834,479300,0.0,0.0
2011-09-09 00:00:00-04:00,2.513952395320113,2.5732439547775434,2.4872715328319996,2.543598175048828,506600,0.0,0.0
2011-09-12 00:00:00-04:00,2.50505917728412,2.5999255180358887,2.50505917728412,2.5999255180358887,406500,0.0,0.0
2011-09-13 00:00:00-04:00,2.6147480591325283,2.638464573019021,2.5643503964429457,2.5851025581359863,419600,0.0,0.0
2011-09-14 00:00:00-04:00,2.5999255564682247,2.614748166211939,2.5317403642098726,2.593996286392212,825300,0.0,0.0
2011-09-15 00:00:00-04:00,2.575664775225135,2.6184395656660207,2.5664984989465967,2.6123290061950684,435000,0.26,0.0
2011-09-16 00:00:00-04:00,2.627604630971647,2.627604630971647,2.560386759481146,2.584829568862915,490800,0.0,0.0
2011-09-19 00:00:00-04:00,2.5389994779543024,2.581774250431113,2.4809475847625113,2.5237226486206055,369400,0.0,0.0
2011-09-20 00:00:00-04:00,2.508445899109993,2.523722728929825,2.4626157010317904,2.493169069290161,573400,0.0,0.0
2011-09-21 00:00:00-04:00,2.4931694282751753,2.4992802776355107,2.3556785228623145,2.3617892265319824,483000,0.0,0.0
2011-09-22 00:00:00-04:00,2.291516505208403,2.3342914391788985,2.2120771964296444,2.2701289653778076,806700,0.0,0.0
2011-09-23 00:00:00-04:00,2.2701292243702995,2.294572192261335,2.2120774487991772,2.254852533340454,567000,0.0,0.0
2011-09-26 00:00:00-04:00,2.264017721807562,2.3098480701446533,2.230408925958935,2.3098480701446533,322200,0.0,0.0
2011-09-27 00:00:00-04:00,2.3342907860843005,2.4259514789238223,2.3190141010714838,2.3556783199310303,449400,0.0,0.0
2011-09-28 00:00:00-04:00,2.3740100023689745,2.4167849166782402,2.2701279219272728,2.2731833457946777,389800,0.0,0.0
2011-09-29 00:00:00-04:00,2.3342912922833277,2.3740109441731727,2.257907413583173,2.3220698833465576,293000,0.0,0.0
2011-09-30 00:00:00-04:00,2.267073369355144,2.343457242200314,2.2304091453552246,2.2304091453552246,511500,0.0,0.0
2011-10-03 00:00:00-04:00,2.257907073501493,2.3740105866042014,2.1418037060894486,2.147914409637451,612200,0.0,0.0
2011-10-04 00:00:00-04:00,2.1143058833738606,2.2090218798533527,1.9248738904148759,2.196800470352173,931600,0.0,0.0
2011-10-05 00:00:00-04:00,2.1998553590315453,2.2823499313529614,2.196800080044431,2.2640178203582764,530500,0.0,0.0
2011-10-06 00:00:00-04:00,2.2640182973044527,2.3037379523390884,2.230409492912713,2.2915165424346924,502600,0.0,0.0
2011-10-07 00:00:00-04:00,2.3037379153668556,2.3281807347833694,2.209021917282517,2.2181880474090576,500900,0.0,0.0
2011-10-10 00:00:00-04:00,2.26096217581626,2.319013924092224,2.233463940924844,2.3159584999084473,337100,0.0,0.0
2011-10-11 00:00:00-04:00,2.3037377901612106,2.383177094638136,2.3037377901612106,2.358734130859375,388800,0.0,0.0
2011-10-12 00:00:00-04:00,2.386231899327778,2.4778924489227547,2.386231899327778,2.456505060195923,538400,0.0,0.0
2011-10-13 00:00:00-04:00,2.444284385436283,2.4809486162520584,2.3862326137992866,2.4137308597564697,355900,0.0,0.0
2011-10-14 00:00:00-04:00,2.4503946888203454,2.490114044794349,2.4351177108574142,2.4778926372528076,266900,0.0,0.0
2011-10-17 00:00:00-04:00,2.465671463127411,2.4748377381873095,2.407619844654891,2.4259519577026367,354600,0.0,0.0
2011-10-18 00:00:00-04:00,2.435117242452063,2.53288862966831,2.401508451022957,2.5237226486206055,468800,0.0,0.0
2011-10-19 00:00:00-04:00,2.480947802825571,2.542054834150081,2.444283584030865,2.468726396560669,355400,0.0,0.0
2011-10-20 00:00:00-04:00,2.4748377203735457,2.4748377203735457,2.380121585105929,2.4412286281585693,502800,0.0,0.0
2011-10-21 00:00:00-04:00,2.4870590941690494,2.4870590941690494,2.4198412020614097,2.450394868850708,507700,0.0,0.0
2011-10-24 00:00:00-04:00,2.46567150478402,2.4992805978087262,2.4320627031406863,2.4748377799987793,489200,0.0,0.0
2011-10-25 00:00:00-04:00,2.4473398645673115,2.5023360663074072,2.4351183083364276,2.444284439086914,367600,0.0,0.0
2011-10-26 00:00:00-04:00,2.48094835930546,2.5481662545301353,2.4534501161962123,2.5115020275115967,407100,0.0,0.0
2011-10-27 00:00:00-04:00,2.5848297686176553,2.6887118622087827,2.566497514473982,2.6337153911590576,937100,0.0,0.0
2011-10-28 00:00:00-04:00,2.627605659723069,2.7375983450050008,2.6153842502472986,2.7223215103149414,814800,0.0,0.0
2011-10-31 00:00:00-04:00,2.67037974985084,2.69482256241935,2.6092727184295654,2.6092727184295654,425000,0.0,0.0
2011-11-01 00:00:00-04:00,2.5115015432422,2.5359443565414796,2.4534496431204214,2.4840033054351807,616700,0.0,0.0
2011-11-02 00:00:00-04:00,2.5084464958081187,2.563442979689316,2.4840036788345556,2.554276704788208,494000,0.0,0.0
2011-11-03 00:00:00-04:00,2.566497936296782,2.6245498411419255,2.5206677304770095,2.587885618209839,745400,0.0,0.0
2011-11-04 00:00:00-04:00,2.6428817026483107,2.6428817026483107,2.5756641089487435,2.63066029548645,532800,0.0,0.0
2011-11-07 00:00:00-05:00,2.642881324384697,2.661213578194341,2.5970511269325214,2.6551027297973633,480900,0.0,0.0
2011-11-08 00:00:00-05:00,2.676490536378347,2.703988772723124,2.6153835063795654,2.6489923000335693,524800,0.0,0.0
2011-11-09 00:00:00-05:00,2.5878858186893487,2.661214270234163,2.581774968703265,2.5909409523010254,681300,0.0,0.0
2011-11-10 00:00:00-05:00,2.636770946984277,2.636770946984277,2.5664976425385038,2.5817744731903076,381100,0.0,0.0
2011-11-11 00:00:00-05:00,2.612328122344347,2.6520477653017824,2.587885309967665,2.600106716156006,451200,0.0,0.0
2011-11-14 00:00:00-05:00,2.600106598507167,2.6642690509380813,2.600106598507167,2.6337153911590576,498400,0.0,0.0
2011-11-15 00:00:00-05:00,2.6276048340320295,2.658158202429759,2.5848297686176553,2.6337153911590576,355500,0.0,0.0
2011-11-16 00:00:00-05:00,2.6153835589005374,2.655102910661394,2.5817744731903076,2.5817744731903076,334300,0.0,0.0
2011-11-17 00:00:00-05:00,2.5848298855752523,2.615383546736759,2.554276224413746,2.600106716156006,271600,0.0,0.0
2011-11-18 00:00:00-05:00,2.603161506562894,2.6306594452537104,2.5817738324061654,2.6153829097747803,308200,0.0,0.0
2011-11-21 00:00:00-05:00,2.5939958673711816,2.615383546736759,2.542054818225405,2.600106716156006,353100,0.0,0.0
2011-11-22 00:00:00-05:00,2.6092727100872923,2.6092727100872923,2.5634425095131905,2.5817744731903076,238900,0.0,0.0
2011-11-23 00:00:00-05:00,2.563442315747624,2.566497448542006,2.441227971152446,2.447338819503784,624600,0.0,0.0
2011-11-25 00:00:00-05:00,2.4473392296212935,2.471782044360123,2.3892874717712402,2.3892874717712402,258000,0.0,0.0
2011-11-28 00:00:00-05:00,2.4717819258148666,2.520667552947998,2.4442836877071494,2.520667552947998,416400,0.0,0.0
2011-11-29 00:00:00-05:00,2.529833365757694,2.5328887900942116,2.4748371846068826,2.508445978164673,360600,0.0,0.0
2011-11-30 00:00:00-05:00,2.593995847465381,2.661213726676094,2.545110223087155,2.658158302307129,809300,0.0,0.0
2011-12-01 00:00:00-05:00,2.655103423355602,2.6978784991641565,2.618439197540283,2.618439197540283,477300,0.0,0.0
2011-12-02 00:00:00-05:00,2.6673245169720317,2.710099587729209,2.63066029548645,2.63066029548645,434500,0.0,0.0
2011-12-05 00:00:00-05:00,2.6856568625348243,2.7162105271441304,2.6795463044417676,2.7009336948394775,500700,0.0,0.0
2011-12-06 00:00:00-05:00,2.7100999540401918,2.746764180481498,2.673435727598886,2.719265937805176,454300,0.0,0.0
2011-12-07 00:00:00-05:00,2.7131554535142515,2.7345428466796875,2.645937557503967,2.7345428466796875,375900,0.0,0.0
2011-12-08 00:00:00-05:00,2.7192657080680798,2.7192657080680798,2.630660428808729,2.652048110961914,433500,0.0,0.0
2011-12-09 00:00:00-05:00,2.6642694861170764,2.7314870824001094,2.648992653732263,2.6826014518737793,487700,0.0,0.0
2011-12-12 00:00:00-05:00,2.664268970489502,2.7039886104503656,2.6276047546905397,2.664268970489502,496400,0.0,0.0
2011-12-13 00:00:00-05:00,2.685655905397817,2.6917667526943783,2.6123274861264996,2.6153829097747803,469000,0.0,0.0
2011-12-14 00:00:00-05:00,2.6062180819596024,2.6398271779384337,2.545111032063634,2.5970520973205566,474400,0.0,0.0
2011-12-15 00:00:00-05:00,2.6398262396673804,2.6398262396673804,2.560386957346954,2.6337153911590576,412700,0.0,0.0
2011-12-16 00:00:00-05:00,2.667324828838882,2.6734356788249656,2.5878858186893487,2.5909409523010254,974200,0.0,0.0
2011-12-19 00:00:00-05:00,2.5940931265548146,2.641373257171867,2.5089893724006456,2.5152933597564697,580000,0.26,0.0
2011-12-20 00:00:00-05:00,2.568876914765685,2.6161570405539,2.543660967917756,2.606701135635376,574200,0.0,0.0
2011-12-21 00:00:00-05:00,2.6003983396849026,2.6476781892581744,2.537358440054556,2.641374349594116,447700,0.0,0.0
2011-12-22 00:00:00-05:00,2.6476769307674126,2.676044947266704,2.603549172299902,2.638221025466919,592200,0.0,0.0
2011-12-23 00:00:00-05:00,2.6445248429159767,2.676044623638371,2.6382207064128336,2.6634366512298584,287200,0.0,0.0
2011-12-27 00:00:00-05:00,2.6476772227928023,2.679197311401367,2.6476772227928023,2.679197311401367,344500,0.0,0.0
2011-12-28 00:00:00-05:00,2.6791965469041816,2.6791965469041816,2.559420665206146,2.572028636932373,594800,0.0,0.0
2011-12-29 00:00:00-05:00,2.581484636405099,2.597244676797352,2.553116924416366,2.5562686920166016,543700,0.0,0.0
2011-12-30 00:00:00-05:00,2.549964761560915,2.572028636932373,2.531052653672696,2.572028636932373,468300,0.0,0.0
2012-01-03 00:00:00-05:00,2.6193089460800096,2.6634367000192576,2.6003968368219184,2.657132863998413,323900,0.0,0.0
2012-01-04 00:00:00-05:00,2.657133206881365,2.6949571296806596,2.625613120916377,2.688652992248535,353500,0.0,0.0
2012-01-05 00:00:00-05:00,2.669741173982345,2.739084881962695,2.6350690193943533,2.7264769077301025,334300,0.0,0.0
2012-01-06 00:00:00-05:00,2.7201736989992242,2.7264775372721646,2.691805675276277,2.704413652420044,245500,0.0,0.0
2012-01-09 00:00:00-05:00,2.7170203514528257,2.726476254713037,2.6823485057668885,2.6918044090270996,230000,0.0,0.0
2012-01-10 00:00:00-05:00,2.7170203234525405,2.7579963046215035,2.6918043812866776,2.7485404014587402,355400,0.0,0.0
2012-01-11 00:00:00-05:00,2.7296286095337607,2.77060459543134,2.7170206369958736,2.761148691177368,246400,0.0,0.0
2012-01-12 00:00:00-05:00,2.7706042110014235,2.7706042110014235,2.7296282307893893,2.7453882694244385,261900,0.0,0.0
2012-01-13 00:00:00-05:00,2.7075644202897777,2.7643004404618403,2.704412352369609,2.7485404014587402,247000,0.0,0.0
2012-01-17 00:00:00-05:00,2.694956525225146,2.7643005184361686,2.6855006217956543,2.6855006217956543,517400,0.0,0.0
2012-01-18 00:00:00-05:00,2.6949566201460606,2.8084283670898778,2.6855007163835163,2.783212423324585,578700,0.0,0.0
2012-01-19 00:00:00-05:00,2.8021248128791356,2.8809247202093924,2.8021248128791356,2.8525567054748535,596300,0.0,0.0
2012-01-20 00:00:00-05:00,2.8494040868992325,2.9250519111873645,2.8399481840126493,2.9155960083007812,505500,0.0,0.0
2012-01-23 00:00:00-05:00,2.9155967375705045,2.9471168225401194,2.8935328584504587,2.9250526428222656,410400,0.0,0.0
2012-01-24 00:00:00-05:00,2.8966848895735433,2.9660289024464923,2.8966848895735433,2.9471170902252197,625500,0.0,0.0
2012-01-25 00:00:00-05:00,2.9471170136108693,2.9628767565196217,2.915596926597709,2.934509038925171,365200,0.0,0.0
2012-01-26 00:00:00-05:00,2.966028520140825,2.966028520140825,2.8903806798106775,2.93135666847229,272800,0.0,0.0
2012-01-27 00:00:00-05:00,2.921900382387958,2.9691802012767035,2.8273404440127097,2.8399484157562256,476800,0.0,0.0
2012-01-30 00:00:00-05:00,2.8210363384864436,2.918748346008437,2.7926683266059373,2.896684169769287,444400,0.0,0.0
2012-01-31 00:00:00-05:00,2.921900708092861,2.9313566128051103,2.836796663889244,2.8525567054748535,454500,0.0,0.0
2012-02-01 00:00:00-05:00,2.8746208850284236,2.950268731861266,2.855709073619124,2.940812826156616,562600,0.0,0.0
2012-02-02 00:00:00-05:00,2.9376607495634284,2.9786367416381836,2.8872288518092133,2.9786367416381836,462400,0.0,0.0
2012-02-03 00:00:00-05:00,3.007004864184477,3.057436763698189,2.981788914427621,3.0133090019226074,479500,0.0,0.0
2012-02-06 00:00:00-05:00,3.0101566654549523,3.0511326553165947,2.9817886493509067,2.9912445545196533,284000,0.0,0.0
2012-02-07 00:00:00-05:00,2.9912442039538623,3.0416760930737694,2.9817882998933225,3.035372257232666,379700,0.0,0.0
2012-02-08 00:00:00-05:00,3.041676209971183,3.041676209971183,2.9439644961955582,2.953420400619507,459800,0.0,0.0
2012-02-09 00:00:00-05:00,2.9754844157638187,3.0290683776468716,2.9754844157638187,3.007004499435425,333700,0.0,0.0
2012-02-10 00:00:00-05:00,2.9849399975304354,2.988091764760808,2.9029880375860926,2.9155960083007812,556900,0.0,0.0
2012-02-13 00:00:00-05:00,2.9439650027031434,3.025916990071243,2.9376608649373663,3.0227649211883545,438000,0.0,0.0
2012-02-14 00:00:00-05:00,3.010156553458179,3.0259165952182543,2.9628764281779536,2.9975485801696777,329800,0.0,0.0
2012-02-15 00:00:00-05:00,3.0227649403059806,3.0259170092088046,2.9345091152117595,2.9471170902252197,379600,0.0,0.0
2012-02-16 00:00:00-05:00,2.9471172426453305,3.022765096638476,2.9471172426453305,3.019613027572632,307400,0.0,0.0
2012-02-17 00:00:00-05:00,3.025915422943709,3.1110191345214844,3.025915422943709,3.1110191345214844,897300,0.0,0.0
2012-02-21 00:00:00-05:00,3.1078678309482335,3.1519958815044866,3.073195984466875,3.1425399780273438,578600,0.0,0.0
2012-02-22 00:00:00-05:00,3.133085342299691,3.148845389715865,3.1047176176680606,3.1078693866729736,453300,0.0,0.0
2012-02-23 00:00:00-05:00,3.1236281223946207,3.1583002722700257,3.1047163139151053,3.15199613571167,360500,0.0,0.0
2012-02-24 00:00:00-05:00,3.1519962203357417,3.1519962203357417,3.088956356048584,3.088956356048584,290500,0.0,0.0
2012-02-27 00:00:00-05:00,3.085803905591932,3.1330837228035353,3.0700438663221483,3.0731959342956543,392900,0.0,0.0
2012-02-28 00:00:00-05:00,3.085804001245565,3.107867876548549,3.0668918934160385,3.09525990486145,399000,0.0,0.0
2012-02-29 00:00:00-05:00,3.107868871972166,3.123628916778285,3.0731970138769857,3.079501152038574,463800,0.0,0.0
2012-03-01 00:00:00-05:00,3.1173241451156968,3.1204759126542188,3.0637401891899096,3.098412036895752,459900,0.0,0.0
2012-03-02 00:00:00-05:00,3.066892037633723,3.08895621457201,3.010156312672713,3.035372257232666,981000,0.0,0.0
2012-03-05 00:00:00-05:00,3.038524325452103,3.0637402700120564,2.9817882998933225,3.035372257232666,662900,0.0,0.0
2012-03-06 00:00:00-05:00,3.0196125706236985,3.063740629074192,2.97233274418216,2.9912445545196533,649300,0.0,0.0
2012-03-07 00:00:00-05:00,3.0007005460465623,3.1047163972698195,2.997548477682759,3.088956356048584,545200,0.0,0.0
2012-03-08 00:00:00-05:00,3.1393894815053214,3.1393894815053214,3.0952614088596153,3.1078693866729736,420800,0.0,0.0
2012-03-09 00:00:00-05:00,3.123628435487142,3.1898203729956545,3.120476366892021,3.164604425430298,523300,0.0,0.0
2012-03-12 00:00:00-04:00,3.1803648729305753,3.208732892704639,3.1709089665385024,3.1992766857147217,424700,0.0,0.0
2012-03-13 00:00:00-04:00,3.2118841156844815,3.2434041991026716,3.1898202376504248,3.23710036277771,606000,0.0,0.0
2012-03-14 00:00:00-04:00,3.256011306246636,3.259163373869559,3.1992752914248737,3.221339464187622,496400,0.0,0.0
2012-03-15 00:00:00-04:00,3.2371006286021027,3.256012439727783,3.199276405155106,3.256012439727783,645400,0.0,0.0
2012-03-16 00:00:00-04:00,3.2818799695353613,3.294813474808403,3.1719453288940547,3.1945788860321045,654400,0.26,0.0
2012-03-19 00:00:00-04:00,3.188110816837302,3.2139778179523284,3.1525437673938845,3.178410768508911,516800,0.0,0.0
2012-03-20 00:00:00-04:00,3.17194460854976,3.2333786675553426,3.17194460854976,3.18487811088562,413100,0.0,0.0
2012-03-21 00:00:00-04:00,3.1881110649140583,3.2042780189586946,3.1622440617862404,3.1654775142669678,372600,0.0,0.0
2012-03-22 00:00:00-04:00,3.1525447693568114,3.165478274024938,3.084643792759379,3.1363778114318848,387200,0.0,0.0
2012-03-23 00:00:00-04:00,3.1363770047781396,3.2269115141701965,3.074942950494707,3.220444917678833,729000,0.0,0.0
2012-03-26 00:00:00-04:00,3.243078926954202,3.2592458830093336,3.2042784174373096,3.246312379837036,509100,0.0,0.0
2012-03-27 00:00:00-04:00,3.2495458126068115,3.2948129192501523,3.2430789068811703,3.2495458126068115,371400,0.0,0.0
2012-03-28 00:00:00-04:00,3.259246059129901,3.278646469116211,3.226912145272404,3.278646469116211,358900,0.0,0.0
2012-03-29 00:00:00-04:00,3.2430789470672607,3.2754128593780534,3.2172119405622426,3.2430789470672607,316000,0.0,0.0
2012-03-30 00:00:00-04:00,3.2657121485555556,3.2657121485555556,3.1751773357391357,3.1751773357391357,397600,0.0,0.0
2012-04-02 00:00:00-04:00,3.1719457802501796,3.239846769685478,3.1687123263820385,3.2301464080810547,404100,0.0,0.0
2012-04-03 00:00:00-04:00,3.2333781601700275,3.2754121132553147,3.201044255224739,3.2236781120300293,368500,0.0,0.0
2012-04-04 00:00:00-04:00,3.2042777856771023,3.220444738544733,3.1493103309425443,3.152543783187866,399100,0.0,0.0
2012-04-05 00:00:00-04:00,3.1363772946861563,3.175177802297811,3.133143841962096,3.1428442001342773,223800,0.0,0.0
2012-04-09 00:00:00-04:00,3.1072769168857226,3.120210419755919,3.0717098610824407,3.0846433639526367,512300,0.0,0.0
2012-04-10 00:00:00-04:00,3.074943193292476,3.0911101483359222,2.942374716982455,2.974708318710327,795800,0.0,0.0
2012-04-11 00:00:00-04:00,3.0135078321419564,3.068475276149603,2.990874287559602,3.039374828338623,347800,0.0,0.0
2012-04-12 00:00:00-04:00,3.05230945259763,3.12991077817784,3.05230945259763,3.0846433639526367,367600,0.0,0.0
2012-04-13 00:00:00-04:00,3.0814100152083155,3.1299108838787593,2.9811754416690075,3.000575542449951,317000,0.0,0.0
2012-04-16 00:00:00-04:00,3.010275623133281,3.052309273728927,2.961774758942975,3.0296757221221924,256700,0.0,0.0
2012-04-17 00:00:00-04:00,3.0620098110195513,3.12991077817784,3.05230945259763,3.0846433639526367,282900,0.0,0.0
2012-04-18 00:00:00-04:00,3.0717094057207848,3.116976813235379,3.0717094057207848,3.081409454345703,212000,0.0,0.0
2012-04-19 00:00:00-04:00,3.094343202917226,3.10727670490509,3.019975643576763,3.0458426475524902,287800,0.0,0.0
2012-04-20 00:00:00-04:00,3.0878756202235405,3.0878756202235405,3.0361416287894185,3.049075126647949,337600,0.0,0.0
2012-04-23 00:00:00-04:00,3.0361428671300223,3.0458429173905164,2.990875451982653,3.007042407989502,342900,0.0,0.0
2012-04-24 00:00:00-04:00,3.0005742784092755,3.0555417213977583,3.0005742784092755,3.049075126647949,281700,0.0,0.0
2012-04-25 00:00:00-04:00,3.0911100598603523,3.1202102080748095,3.0620096032868838,3.0684762001037598,298400,0.0,0.0
2012-04-26 00:00:00-04:00,3.0652427003967806,3.1169770159315795,3.0652427003967806,3.1105101108551025,238700,0.0,0.0
2012-04-27 00:00:00-04:00,3.123442869260995,3.1460764149238063,3.1072759187765873,3.126676321029663,263000,0.0,0.0
2012-04-30 00:00:00-04:00,3.129909772798331,3.178410315892622,3.120209417492327,3.126676321029663,257000,0.0,0.0
2012-05-01 00:00:00-04:00,3.1331429543633553,3.1881104016643738,3.113742860232959,3.1202094554901123,271000,0.0,0.0
2012-05-02 00:00:00-04:00,3.110509852936173,3.1331434021090905,3.032908848607046,3.113743305206299,326400,0.0,0.0
2012-05-03 00:00:00-04:00,3.1266775259962367,3.149311080381622,3.045843050780944,3.0911104679107666,389600,0.0,0.0
2012-05-04 00:00:00-04:00,3.0846426584045683,3.0846426584045683,3.010275111000732,3.036142110824585,373500,0.0,0.0
2012-05-07 00:00:00-04:00,3.0264420594880894,3.0684760155258535,2.9423744557715534,3.0135085582733154,490300,0.0,0.0
2012-05-08 00:00:00-04:00,3.003808448628387,3.094342955298589,2.9941084000034692,3.081409454345703,347700,0.0,0.0
2012-05-09 00:00:00-04:00,3.062009059119151,3.1719439606999567,3.0361420597306035,3.162243604660034,475600,0.0,0.0
2012-05-10 00:00:00-04:00,3.178411004945798,3.1945779589350676,3.142843952856605,3.1557774543762207,276000,0.0,0.0
2012-05-11 00:00:00-04:00,3.139610767364502,3.1784112752227593,3.1202103592558603,3.139610767364502,214900,0.0,0.0
2012-05-14 00:00:00-04:00,3.123443872179423,3.1428442806618495,3.091110269187421,3.1072769165039062,243000,0.0,0.0
2012-05-15 00:00:00-04:00,3.116976813235379,3.1428438151411506,3.0717094057207848,3.081409454345703,225000,0.0,0.0
2012-05-16 00:00:00-04:00,3.0814101923816364,3.120210704533498,3.0426096802297753,3.0555431842803955,248000,0.0,0.0
2012-05-17 00:00:00-04:00,3.0523095691000965,3.0749434312561177,2.9423749446868896,2.9423749446868896,503800,0.0,0.0
2012-05-18 00:00:00-04:00,2.9585416143375958,3.0005755776683927,2.9068076005024754,2.9165079593658447,451000,0.0,0.0
2012-05-21 00:00:00-04:00,2.9165074483993543,2.990875003168526,2.9165074483993543,2.9682414531707764,399000,0.0,0.0
2012-05-22 00:00:00-04:00,2.9811754121500678,3.062009884108027,2.9714750534966043,2.9941089153289795,292600,0.0,0.0
2012-05-23 00:00:00-04:00,2.9779419993643903,3.0102759119265747,2.916507935527092,2.9876420497894287,427000,0.0,0.0
2012-05-24 00:00:00-04:00,2.9973423978924885,3.0167424986734326,2.9326745729985633,3.000575542449951,338000,0.0,0.0
2012-05-25 00:00:00-04:00,3.0038089953664557,3.0070424482829607,2.9488415292220447,3.000575542449951,229200,0.0,0.0
2012-05-29 00:00:00-04:00,3.023208186984895,3.045841731567249,2.9811742410755815,3.039374828338623,238200,0.0,0.0
2012-05-30 00:00:00-04:00,3.0296761811058044,3.0458431382851345,3.000575719854822,3.0102760791778564,251400,0.0,0.0
2012-05-31 00:00:00-04:00,3.0102746888865615,3.045841731567249,3.000574334043623,3.039374828338623,445700,0.0,0.0
2012-06-01 00:00:00-04:00,2.9941079489665796,3.0523085403076493,2.9941079489665796,3.019974946975708,286700,0.0,0.0
2012-06-04 00:00:00-04:00,3.023209659629115,3.045843215236564,2.9488417780689593,2.9650087356567383,301000,0.0,0.0
2012-06-05 00:00:00-04:00,2.965008455180414,3.0199759207637484,2.9617750022969145,3.016742467880249,216600,0.0,0.0
2012-06-06 00:00:00-04:00,3.0426091478675246,3.0943431550181595,2.9908751407168896,3.087876558303833,359100,0.0,0.0
2012-06-07 00:00:00-04:00,3.120210956330427,3.1299113164204937,3.062010337585451,3.0652434825897217,394400,0.0,0.0
2012-06-08 00:00:00-04:00,3.0749432347241257,3.1493107972233747,3.0749432347241257,3.1428442001342773,434700,0.0,0.0
2012-06-11 00:00:00-04:00,3.168711939330383,3.168711939330383,3.1202110623099477,3.129911422729492,349100,0.0,0.0
2012-06-12 00:00:00-04:00,3.139610282565557,3.165477283810175,3.07170932720869,3.152543783187866,426800,0.0,0.0
2012-06-13 00:00:00-04:00,3.136376612276352,3.1881106111689914,3.104043017147931,3.1493101119995117,350300,0.0,0.0
2012-06-14 00:00:00-04:00,3.152543783187866,3.184877688923128,3.1072763768302956,3.152543783187866,520800,0.0,0.0
2012-06-15 00:00:00-04:00,3.1757976254019495,3.195729231374917,3.1060363708822334,3.179119348526001,553900,0.26,0.0
2012-06-18 00:00:00-04:00,3.142578279312165,3.192407617705136,3.122646353870652,3.139256238937378,302100,0.0,0.0
2012-06-19 00:00:00-04:00,3.139256023740951,3.1924073988651753,3.132612260254016,3.1558659076690674,385300,0.0,0.0
2012-06-20 00:00:00-04:00,3.1724755255982595,3.2289489361344823,3.1724755255982595,3.1924071311950684,281700,0.0,0.0
2012-06-21 00:00:00-04:00,3.1957290077227523,3.235592533686015,3.1558654817594896,3.1890852451324463,317600,0.0,0.0
2012-06-22 00:00:00-04:00,3.1990517026780783,3.2355931964273523,3.169153972879942,3.202373743057251,509300,0.0,0.0
2012-06-25 00:00:00-04:00,3.182441319210892,3.2123390443269675,3.165831436723388,3.185763359069824,271600,0.0,0.0
2012-06-26 00:00:00-04:00,3.1957302996391914,3.2189839533165743,3.172476645961809,3.2056961059570312,234500,0.0,0.0
2012-06-27 00:00:00-04:00,3.202374052332015,3.2389155496103466,3.1890862063392365,3.195729970932007,235800,0.0,0.0
2012-06-28 00:00:00-04:00,3.1857646999390408,3.2123403963817347,3.1392570727606803,3.1757988929748535,351000,0.0,0.0
2012-06-29 00:00:00-04:00,3.2322707328133244,3.2555246956154402,3.155865714940109,3.242236852645874,652800,0.0,0.0
2012-07-02 00:00:00-04:00,3.238914459943772,3.3219635486602788,3.232270380779028,3.3219635486602783,402700,0.0,0.0
2012-07-03 00:00:00-04:00,3.3286082370001155,3.381759612816876,3.2887443883303558,3.302032232284546,354400,0.0,0.0
2012-07-05 00:00:00-04:00,3.3053546790665385,3.348540256431711,3.2920668334778105,3.3086767196655273,476100,0.0,0.0
2012-07-06 00:00:00-04:00,3.2854225635528564,3.331929857553624,3.2721347200087543,3.2854225635528564,405100,0.0,0.0
2012-07-09 00:00:00-04:00,3.275456551153062,3.285422671744717,3.232270979010796,3.2488808631896973,346400,0.0,0.0
2012-07-10 00:00:00-04:00,3.258846341653343,3.2820999848375574,3.225626579841214,3.245558500289917,318700,0.0,0.0
2012-07-11 00:00:00-04:00,3.2389141661273286,3.2555240457252994,3.2056944069313866,3.2355921268463135,354900,0.0,0.0
2012-07-12 00:00:00-04:00,3.2056948100117824,3.235592533686015,3.1890852451324463,3.1890852451324463,351200,0.0,0.0
2012-07-13 00:00:00-04:00,3.1924082585974882,3.2389158827595246,3.172476645961809,3.2056961059570312,466300,0.0,0.0
2012-07-16 00:00:00-04:00,3.205695329230408,3.265490786263797,3.205695329230408,3.2189831733703613,203900,0.0,0.0
2012-07-17 00:00:00-04:00,3.2455588568189824,3.2787783054731854,3.22562693418073,3.27213454246521,412900,0.0,0.0
2012-07-18 00:00:00-04:00,3.27213439802887,3.275456120982651,3.2056948700388666,3.2289488315582275,553400,0.0,0.0
2012-07-19 00:00:00-04:00,3.242237277185697,3.242237277185697,3.189085898347769,3.202373743057251,338000,0.0,0.0
2012-07-20 00:00:00-04:00,3.199052352519342,3.228950088390772,3.199052352519342,3.2156622409820557,282700,0.0,0.0
2012-07-23 00:00:00-04:00,3.1924084656460687,3.209018355124575,3.155866962239187,3.1757988929748535,367900,0.0,0.0
2012-07-24 00:00:00-04:00,3.179119245296733,3.1857633249434256,3.1392557178380427,3.1625096797943115,299100,0.0,0.0
2012-07-25 00:00:00-04:00,3.185763751694133,3.1990515959603436,3.14257817862715,3.1824417114257812,278000,0.0,0.0
2012-07-26 00:00:00-04:00,3.1957291276063096,3.2056949302691935,3.1591876399709653,3.1625096797943115,304100,0.0,0.0
2012-07-27 00:00:00-04:00,3.1691535455395172,3.205695034361401,3.165831505608301,3.179119348526001,393900,0.0,0.0
2012-07-30 00:00:00-04:00,3.1791192885281427,3.2023732508006315,3.1724755255982595,3.1924071311950684,339600,0.0,0.0
2012-07-31 00:00:00-04:00,3.1558661240041044,3.189085894137557,3.1193246303030726,3.139256238937378,753400,0.0,0.0
2012-08-01 00:00:00-04:00,3.1525440836293175,3.1824418133879835,3.1292904346202253,3.139256238937378,403900,0.0,0.0
2012-08-02 00:00:00-04:00,3.132612883903059,3.1425786895210743,3.072817416580471,3.0827832221984863,767900,0.0,0.0
2012-08-03 00:00:00-04:00,3.1226460475276214,3.169153657790446,3.109358204139268,3.145900011062622,495300,0.0,0.0
2012-08-06 00:00:00-04:00,3.1691546166479125,3.228950088390772,3.1691546166479125,3.2156622409820557,690800,0.0,0.0
2012-08-07 00:00:00-04:00,3.2189826519995366,3.245558652782188,3.185763205433722,3.1890852451324463,433900,0.0,0.0
2012-08-08 00:00:00-04:00,3.182441328396664,3.215661093467557,3.1757975654667803,3.1924071311950684,327100,0.0,0.0
2012-08-09 00:00:00-04:00,3.185763751694133,3.215661480494906,3.1724759074279225,3.1824417114257812,247300,0.0,0.0
2012-08-10 00:00:00-04:00,3.189086052183587,3.2056956212662495,3.182441971104743,3.199051856994629,209400,0.0,0.0
2012-08-13 00:00:00-04:00,3.2056956212662495,3.2056956212662495,3.172476166293701,3.199051856994629,244600,0.0,0.0
2012-08-14 00:00:00-04:00,3.215661093467557,3.215661093467557,3.182441328396664,3.1924071311950684,322700,0.0,0.0
2012-08-15 00:00:00-04:00,3.189085408133706,3.2056949738619935,3.1757975654667803,3.1924071311950684,247400,0.0,0.0
2012-08-16 00:00:00-04:00,3.185763440823425,3.242236852645874,3.1824414008792417,3.242236852645874,306500,0.0,0.0
2012-08-17 00:00:00-04:00,3.235593340262447,3.2588473071431783,3.2256275354891173,3.2522032260894775,223600,0.0,0.0
2012-08-20 00:00:00-04:00,3.2555256795582768,3.2754572916331295,3.238915791624392,3.265491485595703,256200,0.0,0.0
2012-08-21 00:00:00-04:00,3.2854226564213183,3.3219641479987163,3.272134812501611,3.2953884601593018,363000,0.0,0.0
2012-08-22 00:00:00-04:00,3.3020319512118443,3.3053539911194134,3.258846699642096,3.27213454246521,228800,0.0,0.0
2012-08-23 00:00:00-04:00,3.2588471622743516,3.2721350069838335,3.182441817589424,3.202373743057251,537000,0.0,0.0
2012-08-24 00:00:00-04:00,3.189086546164623,3.225628047336775,3.1824424640566287,3.2156622409820557,291300,0.0,0.0
2012-08-27 00:00:00-04:00,3.2123395473875607,3.2322711560481796,3.195729662298906,3.202373743057251,229800,0.0,0.0
2012-08-28 00:00:00-04:00,3.195729907870505,3.238915485696662,3.1824420621399363,3.209017753601074,366400,0.0,0.0
2012-08-29 00:00:00-04:00,3.222305175226332,3.2621687071713796,3.205695291047431,3.2488808631896973,318000,0.0,0.0
2012-08-30 00:00:00-04:00,3.245559461842998,3.285422997743538,3.2322712997355962,3.2522032260894775,268400,0.0,0.0
2012-08-31 00:00:00-04:00,3.282100523465036,3.288744286833497,3.2289491492886273,3.2854225635528564,311900,0.0,0.0
2012-09-04 00:00:00-04:00,3.2953884915555784,3.3319299834811194,3.2721348436763424,3.3186421394348145,386900,0.0,0.0
2012-09-05 00:00:00-04:00,3.331930391248428,3.33857447248829,3.2953888948508765,3.325286626815796,355900,0.0,0.0
2012-09-06 00:00:00-04:00,3.338573839203437,3.338573839203437,3.3153198760821296,3.3286080360412598,392800,0.0,0.0
2012-09-07 00:00:00-04:00,3.348540235478728,3.3717938859116883,3.3252865850457676,3.355184316635132,446100,0.0,0.0
2012-09-10 00:00:00-04:00,3.355183787878626,3.401691081415281,3.3518617478239574,3.375115394592285,388600,0.0,0.0
2012-09-11 00:00:00-04:00,3.375116089584169,3.4016917818795376,3.3319305104023855,3.358506202697754,444600,0.0,0.0
2012-09-12 00:00:00-04:00,3.355184116617491,3.398369374330742,3.355184116617491,3.3850815296173096,410000,0.0,0.0
2012-09-13 00:00:00-04:00,3.3917248018012107,3.454841969941283,3.3751149206673605,3.4282662868499756,599100,0.0,0.0
2012-09-14 00:00:00-04:00,3.4282666317379396,3.5212818487220963,3.4282666317379396,3.501349925994873,926900,0.0,0.0
2012-09-17 00:00:00-04:00,3.5592526102593127,3.5592526102593127,3.474103024727655,3.5047569274902344,704900,0.26,0.0
2012-09-18 00:00:00-04:00,3.429825251847346,3.450261295597036,3.2595260782728817,3.286773920059204,1679400,0.0,0.0
2012-09-19 00:00:00-04:00,3.2867730951986545,3.351486946815269,3.2867730951986545,3.344674825668335,720000,0.0,0.0
2012-09-20 00:00:00-04:00,3.3446756237806405,3.388953447341919,3.337863825828078,3.388953447341919,373100,0.0,0.0
2012-09-21 00:00:00-04:00,3.4093889979751815,3.4093889979751815,3.37532903867643,3.3923590183258057,494300,0.0,0.0
2012-09-24 00:00:00-04:00,3.3855471279233527,3.395765311303247,3.3242396517433237,3.3719232082366943,455100,0.0,0.0
2012-09-25 00:00:00-04:00,3.3889525427350553,3.395764663689163,3.2901790626391323,3.3003969192504883,861500,0.0,0.0
2012-09-26 00:00:00-04:00,3.314020346667977,3.348080296766296,3.2969906964385753,3.3276445865631104,248300,0.0,0.0
2012-09-27 00:00:00-04:00,3.3310513567745503,3.3923591560737902,3.3276456205622598,3.351487398147583,340000,0.0,0.0
2012-09-28 00:00:00-04:00,3.3344563558688027,3.3651102457559534,3.3072085259290582,3.310614585876465,266100,0.0,0.0
2012-10-01 00:00:00-04:00,3.331051034300251,3.4196066636440188,3.3208331770128403,3.4025766849517822,461200,0.0,0.0
2012-10-02 00:00:00-04:00,3.4025766849517822,3.4264187850488437,3.3617049309823113,3.4025766849517822,321500,0.0,0.0
2012-10-03 00:00:00-04:00,3.419606842672285,3.4298247004946365,3.3719229648015725,3.3957650661468506,394300,0.0,0.0
2012-10-04 00:00:00-04:00,3.4162009432730103,3.443448781967163,3.371923124190048,3.443448781967163,419700,0.0,0.0
2012-10-05 00:00:00-04:00,3.4570720070403667,3.484319840262415,3.4230123779227033,3.4604780673980713,437500,0.0,0.0
2012-10-08 00:00:00-04:00,3.440043790831063,3.4809155577247872,3.426419868533155,3.457073450088501,338300,0.0,0.0
2012-10-09 00:00:00-04:00,3.470695634740447,3.474101694814621,3.4298238883096595,3.4502599239349365,272800,0.0,0.0
2012-10-10 00:00:00-04:00,3.4434480177043905,3.450260138275929,3.4093883893060597,3.43323016166687,297000,0.0,0.0
2012-10-11 00:00:00-04:00,3.44685435295105,3.4570722098036644,3.4230125786883443,3.44685435295105,252300,0.0,0.0
2012-10-12 00:00:00-04:00,3.4468545697215545,3.457072427216764,3.4127949364642456,3.4298245906829834,254100,0.0,0.0
2012-10-15 00:00:00-04:00,3.426419238376394,3.440043158168711,3.3719232343872556,3.4093892574310303,359500,0.0,0.0
2012-10-16 00:00:00-04:00,3.429823787697387,3.429823787697387,3.3787341873625336,3.40598201751709,499000,0.0,0.0
2012-10-17 00:00:00-04:00,3.405981829603782,3.429823598468692,3.3821400607388723,3.4161996841430664,333900,0.0,0.0
2012-10-18 00:00:00-04:00,3.4264180525428856,3.4400419676201635,3.402575957542831,3.40598201751709,375200,0.0,0.0
2012-10-19 00:00:00-04:00,3.395764805317364,3.4093887229739908,3.354893052347484,3.378734827041626,333100,0.0,0.0
2012-10-22 00:00:00-04:00,3.388953447341919,3.4025773680669356,3.3548938079393222,3.388953447341919,477100,0.0,0.0
2012-10-23 00:00:00-04:00,3.3617048391432975,3.3889526743785563,3.3344570039080383,3.3582987785339355,327300,0.0,0.0
2012-10-24 00:00:00-04:00,3.3855461206712136,3.3855461206712136,3.3446743737712126,3.3617043495178223,234700,0.0,0.0
2012-10-25 00:00:00-04:00,3.38554662346003,3.3923587446982526,3.3514869917283723,3.378734827041626,261000,0.0,0.0
2012-10-26 00:00:00-04:00,3.388952779804605,3.42301273731815,3.3821409831937927,3.3991706371307373,306400,0.0,0.0
2012-10-31 00:00:00-04:00,3.416201054917254,3.440043158168711,3.3889532153326196,3.4093892574310303,295400,0.0,0.0
2012-11-01 00:00:00-04:00,3.4059831962779836,3.423013177223347,3.3889532153326196,3.4093892574310303,606300,0.0,0.0
2012-11-02 00:00:00-04:00,3.4298249481099594,3.4332310092365907,3.3651114108032987,3.3719232082366943,493000,0.0,0.0
2012-11-05 00:00:00-05:00,3.3787341873625336,3.4127941374656072,3.3446742372594596,3.40598201751709,275000,0.0,0.0
2012-11-06 00:00:00-05:00,3.409389146009402,3.4706966206613155,3.392359165620592,3.443448781967163,320600,0.0,0.0
2012-11-07 00:00:00-05:00,3.4332308794843662,3.4400430014801784,3.3140213431164955,3.3378634452819824,1343800,0.0,0.0
2012-11-08 00:00:00-05:00,3.354892724012901,3.4706958503509697,3.354892724012901,3.43323016166687,965500,0.0,0.0
2012-11-09 00:00:00-05:00,3.4298248184864604,3.4332308794843662,3.324239526110213,3.3378634452819824,785000,0.0,0.0
2012-11-12 00:00:00-05:00,3.3855468965381177,3.39576507921965,3.324239424548148,3.3923590183258057,439700,0.0,0.0
2012-11-13 00:00:00-05:00,3.388951783862862,3.388951783862862,3.30380223992249,3.307208299636841,422800,0.0,0.0
2012-11-14 00:00:00-05:00,3.3038031770605647,3.3140210342822236,3.181187915941183,3.191405773162842,1346300,0.0,0.0
2012-11-15 00:00:00-05:00,3.170969560313674,3.191405271544953,3.130097488211569,3.174375295639038,654400,0.0,0.0
2012-11-16 00:00:00-05:00,3.170970169986104,3.2765554562277335,3.1505341300058785,3.252713680267334,738600,0.0,0.0
2012-11-19 00:00:00-05:00,3.2867728241406144,3.3651105867708173,3.2629310517321906,3.3548927307128906,599000,0.0,0.0
2012-11-20 00:00:00-05:00,3.3548936516117913,3.371923308109615,3.30380370765869,3.3412697315216064,371500,0.0,0.0
2012-11-21 00:00:00-05:00,3.348080943804013,3.375328779220581,3.3310509654637035,3.375328779220581,268400,0.0,0.0
2012-11-23 00:00:00-05:00,3.395765120917776,3.429824755814916,3.378735141059282,3.4264190196990967,202600,0.0,0.0
2012-11-26 00:00:00-05:00,3.4298249747095713,3.446854955654935,3.402577135124937,3.4093892574310303,427500,0.0,0.0
2012-11-27 00:00:00-05:00,3.4196074952085116,3.446855337814165,3.3412700289222355,3.3480818271636963,563700,0.0,0.0
2012-11-28 00:00:00-05:00,3.351486493997765,3.375328265151156,3.3208326026178216,3.3617043495178223,474100,0.0,0.0
2012-11-29 00:00:00-05:00,3.3957649532437832,3.4536666870117188,3.3685171167435586,3.4536666870117188,654000,0.0,0.0
2012-11-30 00:00:00-05:00,3.446855008574081,3.457072867370225,3.4230132297764535,3.4400432109832764,660000,0.0,0.0
2012-12-03 00:00:00-05:00,3.4570727013142393,3.460478762355973,3.412795207051136,3.443448781967163,292600,0.0,0.0
2012-12-04 00:00:00-05:00,3.446854499623666,3.4502605603260785,3.3991706242493698,3.4025766849517822,360200,0.0,0.0
2012-12-05 00:00:00-05:00,3.41620061588751,3.41960667660283,3.3719228010478326,3.3991706371307373,228500,0.0,0.0
2012-12-06 00:00:00-05:00,3.388952779804605,3.412794879992018,3.3719228010478326,3.3991706371307373,299900,0.0,0.0
2012-12-07 00:00:00-05:00,3.423012916730713,3.423012916730713,3.354893322953055,3.3923590183258057,371700,0.0,0.0
2012-12-10 00:00:00-05:00,3.402576349001211,3.402576349001211,3.3617045990671786,3.382140636444092,402100,0.0,0.0
2012-12-11 00:00:00-05:00,3.3923587446982526,3.4366365582872445,3.371922705803403,3.378734827041626,556400,0.0,0.0
2012-12-12 00:00:00-05:00,3.3787347788889637,3.395764756921996,3.3480808833934685,3.3685169219970703,499700,0.0,0.0
2012-12-13 00:00:00-05:00,3.378734839852607,3.392358757560891,3.351487004436039,3.375328779220581,407200,0.0,0.0
2012-12-14 00:00:00-05:00,3.399170288635093,3.412794530099565,3.3685167197994144,3.382140636444092,654300,0.0,0.0
2012-12-17 00:00:00-05:00,3.4127959462352466,3.457073450088501,3.3889538385989604,3.457073450088501,756900,0.0,0.0
2012-12-18 00:00:00-05:00,3.4955236674134897,3.51300135242238,3.425613260737043,3.5095057487487793,676400,0.26,0.0
2012-12-19 00:00:00-05:00,3.4990196228027344,3.5514523497407415,3.4885328107278144,3.4990196228027344,539600,0.0,0.0
2012-12-20 00:00:00-05:00,3.495522856628803,3.551451168997418,3.4850363813994467,3.5444602966308594,542400,0.0,0.0
2012-12-21 00:00:00-05:00,3.509504227188586,3.551450453008493,3.474548872325845,3.5060086250305176,1143900,0.0,0.0
2012-12-24 00:00:00-05:00,3.4990187121894647,3.5025143153047136,3.460567744639849,3.4710545539855957,350300,0.0,0.0
2012-12-26 00:00:00-05:00,3.488531403976205,3.5479553150014445,3.4605672497712705,3.4850361347198486,426700,0.0,0.0
2012-12-27 00:00:00-05:00,3.485036931537714,3.49901901183704,3.4326038803959236,3.4640636444091797,410900,0.0,0.0
2012-12-28 00:00:00-05:00,3.4605675482906686,3.4815408324330974,3.4360989945903704,3.4430902004241943,503400,0.0,0.0
2012-12-31 00:00:00-05:00,3.4640636077384634,3.53397400849502,3.4326038440582414,3.5164966583251953,815000,0.0,0.0
2013-01-02 00:00:00-05:00,3.586406268647586,3.600388345717286,3.5619373837563524,3.5933971405029297,988200,0.0,0.0
2013-01-03 00:00:00-05:00,3.600388526916504,3.656316838010045,3.5759196407938076,3.600388526916504,474100,0.0,0.0
2013-01-04 00:00:00-05:00,3.6178664417252255,3.656317074751907,3.607379632696907,3.6353437900543213,652300,0.0,0.0
2013-01-07 00:00:00-05:00,3.6528215622863947,3.656317165382481,3.5339737238919318,3.6388394832611084,977400,0.0,0.0
2013-01-08 00:00:00-05:00,3.6283534470021803,3.6668040856412567,3.6213622399628393,3.6318490505218506,630200,0.0,0.0
2013-01-09 00:00:00-05:00,3.649325868733028,3.670299153430614,3.6318485204039326,3.6353437900543213,413500,0.0,0.0
2013-01-10 00:00:00-05:00,3.6772914533836834,3.6912735362218316,3.642336079608737,3.670300245285034,622700,0.0,0.0
2013-01-11 00:00:00-05:00,3.6703002452850337,3.6737958493343585,3.6388404755594124,3.670300245285034,406600,0.0,0.0
2013-01-14 00:00:00-05:00,3.673795485536825,3.687777566990398,3.6563178003800796,3.659813404083252,358600,0.0,0.0
2013-01-15 00:00:00-05:00,3.6528214717424676,3.656317074751907,3.6213617113756142,3.6353437900543213,338700,0.0,0.0
2013-01-16 00:00:00-05:00,3.635343534351253,3.7017586534228877,3.614370584487915,3.614370584487915,792100,0.0,0.0
2013-01-17 00:00:00-05:00,3.649326401402004,3.6528220049216746,3.610875762762927,3.6318490505218506,392700,0.0,0.0
2013-01-18 00:00:00-05:00,3.6423353026990393,3.6668038591068712,3.6353440960916137,3.6528217792510986,482400,0.0,0.0
2013-01-22 00:00:00-05:00,3.6668033926101438,3.677290201187134,3.6528213145331945,3.677290201187134,456900,0.0,0.0
2013-01-23 00:00:00-05:00,3.687778082287364,3.7052557698862847,3.6598139154727565,3.666804790496826,483900,0.0,0.0
2013-01-24 00:00:00-05:00,3.6702996891609274,3.7052550576394334,3.6178669698022685,3.6318490505218506,667000,0.0,0.0
2013-01-25 00:00:00-05:00,3.6528215622863947,3.67729045059994,3.635343880165022,3.6388394832611084,429800,0.0,0.0
2013-01-28 00:00:00-05:00,3.656317165382481,3.6633080382155945,3.6213618011397357,3.6388394832611084,382600,0.0,0.0
2013-01-29 00:00:00-05:00,3.6353428192338533,3.6877758502960205,3.6353428192338533,3.6877758502960205,533300,0.0,0.0
2013-01-30 00:00:00-05:00,3.6877772362466894,3.6982637130565945,3.642335392258316,3.6563174724578857,535800,0.0,0.0
2013-01-31 00:00:00-05:00,3.6668036919410705,3.7367140880327896,3.6668036919410705,3.7297232151031494,604100,0.0,0.0
2013-02-01 00:00:00-05:00,3.7506960394701427,3.7506960394701427,3.705254533577952,3.7192366123199463,452300,0.0,0.0
2013-02-04 00:00:00-05:00,3.715742249101971,3.736715207533345,3.6633091863052094,3.666804790496826,906700,0.0,0.0
2013-02-05 00:00:00-05:00,3.6982630178612688,3.7751646111825705,3.6702988627188,3.7367136478424072,605000,0.0,0.0
2013-02-06 00:00:00-05:00,3.719237058288566,3.736714408792454,3.70525497787,3.7087502479553223,344900,0.0,0.0
2013-02-07 00:00:00-05:00,3.719235602261528,3.729722075130377,3.670298173275298,3.6877758502960205,329600,0.0,0.0
2013-02-08 00:00:00-05:00,3.6877776200248293,3.747201550396878,3.680786412517943,3.7122461795806885,319400,0.0,0.0
2013-02-11 00:00:00-05:00,3.7437050969857366,3.7472006999458305,3.6877767830604182,3.701758861541748,536800,0.0,0.0
2013-02-12 00:00:00-05:00,3.7157410519165195,3.72273192468818,3.6633080060133136,3.691272497177124,817400,0.0,0.0
2013-02-13 00:00:00-05:00,3.6807846461441467,3.698262323164869,3.645829625461664,3.6877758502960205,1067900,0.0,0.0
2013-02-14 00:00:00-05:00,3.6877767830604182,3.722731812584219,3.6877767830604182,3.701758861541748,472500,0.0,0.0
2013-02-15 00:00:00-05:00,3.7332205167764325,3.7506978737318573,3.677292174456956,3.715742826461792,543500,0.0,0.0
2013-02-19 00:00:00-05:00,3.726228728317658,3.782157061946873,3.645831832065453,3.666804790496826,1880600,0.0,0.0
2013-02-20 00:00:00-05:00,3.6563174045358604,3.687777167740248,3.5654337182474256,3.579415798187256,1356200,0.0,0.0
2013-02-21 00:00:00-05:00,3.561938316461878,3.6423355306841914,3.5269832813140423,3.572425127029419,1231700,0.0,0.0
2013-02-22 00:00:00-05:00,3.5933973213502965,3.6283526824632744,3.5689287685866296,3.600388526916504,472900,0.0,0.0
2013-02-25 00:00:00-05:00,3.7157415994008756,3.7192372029812826,3.551451898071901,3.565433979034424,550300,0.0,0.0
2013-02-26 00:00:00-05:00,3.5829114015119834,3.614371164716371,3.5654337182474256,3.579415798187256,336800,0.0,0.0
2013-02-27 00:00:00-05:00,3.5794155489369466,3.6353438648017335,3.572424676133377,3.6178665161132812,698600,0.0,0.0
2013-02-28 00:00:00-05:00,3.621362216970026,3.673795269354876,3.621362216970026,3.6458311080932617,415000,0.0,0.0
2013-03-01 00:00:00-05:00,3.6283521852633944,3.6598119392822794,3.582910355387114,3.649325132369995,439300,0.0,0.0
2013-03-04 00:00:00-05:00,3.6528224099885596,3.6772913039805455,3.6213626415411038,3.673795700073242,608300,0.0,0.0
2013-03-05 00:00:00-05:00,3.68777733978812,3.6982638168924535,3.670299655708167,3.6807861328125,465100,0.0,0.0
2013-03-06 00:00:00-05:00,3.680785938962644,3.7017592254258416,3.6388396993953265,3.6528217792510986,621100,0.0,0.0
2013-03-07 00:00:00-05:00,3.7017590971352634,3.7017590971352634,3.624857493914128,3.6423351764678955,653600,0.0,0.0
2013-03-08 00:00:00-05:00,3.656317382554812,3.7017592254258416,3.6528217792510986,3.6528217792510986,744300,0.0,0.0
2013-03-11 00:00:00-04:00,3.6528214717424676,3.6807856290998813,3.568928999670226,3.6353437900543213,1521200,0.0,0.0
2013-03-12 00:00:00-04:00,3.6388395265011546,3.652821605692589,3.565433527406359,3.610875368118286,1089700,0.0,0.0
2013-03-13 00:00:00-04:00,3.603884437147084,3.628352991998164,3.56543346997075,3.6178665161132812,754300,0.0,0.0
2013-03-14 00:00:00-04:00,3.6388388022588054,3.687776236368282,3.628352328292131,3.6842806339263916,1149200,0.0,0.0
2013-03-15 00:00:00-04:00,3.68428030342381,3.7559588420526326,3.677112620456044,3.7308714389801025,1134100,0.26,0.0
2013-03-18 00:00:00-04:00,3.687864695764562,3.709368430463861,3.6591932773590083,3.659193277359009,671400,0.0,0.0
2013-03-19 00:00:00-04:00,3.6627781414116054,3.666361813202517,3.5731798526222143,3.5803475379943848,1068900,0.0,0.0
2013-03-20 00:00:00-04:00,3.591098995236098,3.6269380998543057,3.5731792720318483,3.5839309692382812,528200,0.0,0.0
2013-03-21 00:00:00-04:00,3.5660111066373186,3.5839308291410794,3.5301720034200748,3.537339687347412,835500,0.0,0.0
2013-03-22 00:00:00-04:00,3.5516757459384216,3.5946828790986585,3.5516757459384216,3.5731794834136963,596500,0.0,0.0
2013-03-25 00:00:00-04:00,3.5731782304777373,3.5910979484585264,3.5480904885885556,3.5552585124969482,465600,0.0,0.0
2013-03-26 00:00:00-04:00,3.555260525748256,3.5695962398927903,3.505085355347195,3.5516765117645264,941700,0.0,0.0
2013-03-27 00:00:00-04:00,3.5265883370425284,3.5803471680452463,3.5122526259891163,3.5731794834136963,611600,0.0,0.0
2013-03-28 00:00:00-04:00,3.56959525903294,3.609018376650056,3.56959525903294,3.5839309692382812,1158000,0.0,0.0
2013-04-01 00:00:00-04:00,3.5839299245501337,3.6018496425309228,3.5301711123979587,3.5552585124969482,854300,0.0,0.0
2013-04-02 00:00:00-04:00,3.5803471680452463,3.5946828790986585,3.5516757459384216,3.5731794834136963,623700,0.0,0.0
2013-04-03 00:00:00-04:00,3.5660119654774323,3.5660119654774323,3.479997686891991,3.497917413711548,745400,0.0,0.0
2013-04-04 00:00:00-04:00,3.494333082426167,3.5230045060156683,3.494333082426167,3.5122528076171875,602200,0.0,0.0
2013-04-05 00:00:00-04:00,3.4764129404755804,3.5337557807802047,3.4656612433660356,3.530172109603882,709000,0.0,0.0
2013-04-08 00:00:00-04:00,3.530171975935152,3.53375564697578,3.4979165440375692,3.526587963104248,451700,0.0,0.0
2013-04-09 00:00:00-04:00,3.5265871264264366,3.537338820578048,3.4799959960491944,3.4907476902008057,783300,0.0,0.0
2013-04-10 00:00:00-04:00,3.508667974219251,3.5265876952223003,3.4979162783335216,3.5194196701049805,492700,0.0,0.0
2013-04-11 00:00:00-04:00,3.512252725610439,3.5230044237578806,3.4799972893777924,3.4871649742126465,716600,0.0,0.0
2013-04-12 00:00:00-04:00,3.4764145517839844,3.5015023123880806,3.454911147598127,3.4692468643188477,566700,0.0,0.0
2013-04-15 00:00:00-04:00,3.458493574222916,3.458493574222916,3.300800747117065,3.325888156890869,1457000,0.0,0.0
2013-04-16 00:00:00-04:00,3.3688942637505663,3.3939820076607523,3.3438068616305996,3.383229970932007,634400,0.0,0.0
2013-04-17 00:00:00-04:00,3.3688960427107886,3.372480056846258,3.300801483088871,3.333056926727295,629000,0.0,0.0
2013-04-18 00:00:00-04:00,3.34739226870042,3.3688956675377355,3.3008011154990866,3.329472541809082,517000,0.0,0.0
2013-04-19 00:00:00-04:00,3.3294719633377503,3.4154862273233895,3.322304278900765,3.376063108444214,333700,0.0,0.0
2013-04-22 00:00:00-04:00,3.3939827806834546,3.4119025041892552,3.333055925837911,3.4011504650115967,388300,0.0,0.0
2013-04-23 00:00:00-04:00,3.411903243417261,3.4584940561203608,3.411903243417261,3.451326370239258,501600,0.0,0.0
2013-04-24 00:00:00-04:00,3.4584940561203608,3.4584940561203608,3.43699065668668,3.451326370239258,502700,0.0,0.0
2013-04-25 00:00:00-04:00,3.4549098797703213,3.5086687122978515,3.4369901549977038,3.4871649742126465,700100,0.0,0.0
2013-04-26 00:00:00-04:00,3.483581781387329,3.497917494817303,3.4441583131121245,3.483581781387329,530000,0.0,0.0
2013-04-29 00:00:00-04:00,3.4943316764363805,3.5552585124969482,3.479995970409788,3.5552585124969482,608500,0.0,0.0
2013-04-30 00:00:00-04:00,3.566012144088745,3.576763844002857,3.519420988740424,3.566012144088745,636200,0.0,0.0
2013-05-01 00:00:00-04:00,3.576764568829028,3.576764568829028,3.4692468643188477,3.4692468643188477,674700,0.0,0.0
2013-05-02 00:00:00-04:00,3.5015011604362685,3.5552599950053483,3.458493682632603,3.5337562561035156,759100,0.0,0.0
2013-05-03 00:00:00-04:00,3.5803471371607754,3.5803471371607754,3.5122525956920363,3.5230042934417725,490400,0.0,0.0
2013-05-06 00:00:00-04:00,3.5158367931400676,3.5552599148155046,3.4943330547232576,3.505084753036499,1011000,0.0,0.0
2013-05-07 00:00:00-04:00,3.5409248116037224,3.5624282119253303,3.5122533833146545,3.5516765117645264,1274000,0.0,0.0
2013-05-08 00:00:00-04:00,3.569595314154456,3.609018432380342,3.5409238933010303,3.601850748062134,892000,0.0,0.0
2013-05-09 00:00:00-04:00,3.623354275174665,3.626938288359848,3.5839311555085818,3.609018564224243,890600,0.0,0.0
2013-05-10 00:00:00-04:00,3.6090185376672017,3.6305222748297536,3.583931129136147,3.598266839981079,501400,0.0,0.0
2013-05-13 00:00:00-04:00,3.605434866298699,3.6161865639848214,3.583931129136147,3.598266839981079,562500,0.0,0.0
2013-05-14 00:00:00-04:00,3.616186458488847,3.634106181969812,3.5982667350078814,3.601850748062134,770600,0.0,0.0
2013-05-15 00:00:00-04:00,3.6090188825334106,3.612602896034697,3.58751548510637,3.5946831703186035,539300,0.0,0.0
2013-05-16 00:00:00-04:00,3.6018520233332243,3.61260372451243,3.583932293507603,3.5875163078308105,502500,0.0,0.0
2013-05-17 00:00:00-04:00,3.616186513776938,3.623354198204733,3.5946827769129484,3.6197705268859863,440900,0.0,0.0
2013-05-20 00:00:00-04:00,3.6269377135028513,3.6556091308593754,3.60901799220746,3.655609130859375,714200,0.0,0.0
2013-05-21 00:00:00-04:00,3.666360961065263,3.669944973813524,3.6376895426597096,3.659193277359009,415800,0.0,0.0
2013-05-22 00:00:00-04:00,3.6699458522628152,3.6914495921093144,3.619771028938234,3.6305227279663086,510100,0.0,0.0
2013-05-23 00:00:00-04:00,3.6018508796441866,3.6341063147302135,3.587515168693765,3.609018564224243,569900,0.0,0.0
2013-05-24 00:00:00-04:00,3.5875154586146576,3.634106608416316,3.5875154586146576,3.626938581466675,343400,0.0,0.0
2013-05-28 00:00:00-04:00,3.684280295524704,3.687864307896019,3.6090177446782454,3.6126017570495605,511100,0.0,0.0
2013-05-29 00:00:00-04:00,3.605435609817505,3.6269390096242162,3.5409247268166166,3.605435609817505,874700,0.0,0.0
2013-05-30 00:00:00-04:00,3.6054356846866082,3.637690785066472,3.5875159566153165,3.6341071128845215,406300,0.0,0.0
2013-05-31 00:00:00-04:00,3.6090184553913085,3.6341062051407373,3.5624273107598543,3.5695953369140625,652500,0.0,0.0
2013-06-03 00:00:00-04:00,3.591099073586387,3.6161864815455167,3.5194201792055044,3.5695953369140625,747100,0.0,0.0
2013-06-04 00:00:00-04:00,3.5875164724682076,3.605436203116197,3.544509323987293,3.5624287128448486,478100,0.0,0.0
2013-06-05 00:00:00-04:00,3.558843741661304,3.5660114262310247,3.5086685825120214,3.5230042934417725,636600,0.0,0.0
2013-06-06 00:00:00-04:00,3.53375564697578,3.5839308012376057,3.512252253570909,3.526587963104248,457200,0.0,0.0
2013-06-07 00:00:00-04:00,3.5588425244511446,3.569594218523541,3.51941907653537,3.5552585124969482,654500,0.0,0.0
2013-06-10 00:00:00-04:00,3.551675980938922,3.576763391494751,3.5337562554889006,3.576763391494751,447100,0.0,0.0
2013-06-11 00:00:00-04:00,3.5695951194961264,3.5731791323549342,3.519419964843651,3.537339687347412,793000,0.0,0.0
2013-06-12 00:00:00-04:00,3.5516750995524196,3.566010807996809,3.505083961660591,3.5194196701049805,540600,0.0,0.0
2013-06-13 00:00:00-04:00,3.512252253570909,3.530171975935152,3.501500556868473,3.526587963104248,806600,0.0,0.0
2013-06-14 00:00:00-04:00,3.5413133095014033,3.5486758758337515,3.4897763983744214,3.519226312637329,699300,0.26,0.0
2013-06-17 00:00:00-04:00,3.526588953698506,3.5744445874373345,3.497139386946385,3.5339515209198,533600,0.0,0.0
2013-06-18 00:00:00-04:00,3.5302698110693664,3.5486758758337515,3.4860954662747328,3.519226312637329,583300,0.0,0.0
2013-06-19 00:00:00-04:00,3.5044999582377887,3.5192247332275977,3.456644351754328,3.4676878452301025,517100,0.0,0.0
2013-06-20 00:00:00-04:00,3.4419210190861476,3.4419210190861476,3.3867028264356813,3.3977463245391846,956400,0.0,0.0
2013-06-21 00:00:00-04:00,3.405109167098999,3.4345587318102107,3.3940656680989205,3.405109167098999,778300,0.0,0.0
2013-06-24 00:00:00-04:00,3.390383249646081,3.3977454628257697,3.2983533029684637,3.368295907974243,1027600,0.0,0.0
2013-06-25 00:00:00-04:00,3.386702437763769,3.408789782502416,3.3682963756593023,3.390383720397949,341400,0.0,0.0
2013-06-26 00:00:00-04:00,3.401427607595844,3.416152388756007,3.3903841094923406,3.3977463245391846,464200,0.0,0.0
2013-06-27 00:00:00-04:00,3.408788745270867,3.4676878452301025,3.401426182242799,3.4676878452301025,481000,0.0,0.0
2013-06-28 00:00:00-04:00,3.478732785427001,3.4897762834955004,3.427196227063021,3.4456019401550293,896800,0.0,0.0
2013-07-01 00:00:00-04:00,3.475050734014032,3.5155441364224957,3.4640072383873584,3.508181571960449,428500,0.0,0.0
2013-07-02 00:00:00-04:00,3.522906818941682,3.5670811583971935,3.4824137622074063,3.5302693843841553,816500,0.0,0.0
2013-07-03 00:00:00-04:00,3.5302690010959847,3.5486750616373435,3.4824133841150133,3.500819444656372,224700,0.0,0.0
2013-07-05 00:00:00-04:00,3.5486747194995676,3.5486747194995676,3.460325707632304,3.504500389099121,395200,0.0,0.0
2013-07-08 00:00:00-04:00,3.533950149953335,3.5376310810694678,3.4897754658958258,3.5229063034057617,488600,0.0,0.0
2013-07-09 00:00:00-04:00,3.5449931621551514,3.5486744438358166,3.5192248925231824,3.5449931621551514,407500,0.0,0.0
2013-07-10 00:00:00-04:00,3.5449944544093195,3.5523566693880486,3.5118636093388584,3.5413131713867188,277100,0.0,0.0
2013-07-11 00:00:00-04:00,3.5670801501064546,3.5670801501064546,3.537630598793821,3.5449931621551514,461800,0.0,0.0
2013-07-12 00:00:00-04:00,3.552357096204282,3.570763162462305,3.533951381012774,3.5560383796691895,303200,0.0,0.0
2013-07-15 00:00:00-04:00,3.559719661054971,3.5891692266240005,3.556038377592214,3.5818066596984863,266700,0.0,0.0
2013-07-16 00:00:00-04:00,3.589169228720327,3.6075752949783495,3.552357096204282,3.5560383796691895,349300,0.0,0.0
2013-07-17 00:00:00-04:00,3.581805931648044,3.607574559583009,3.548675440416991,3.578125,370000,0.0,0.0
2013-07-18 00:00:00-04:00,3.5781255260924567,3.6222998719619324,3.570762959580964,3.6149373054504395,346100,0.0,0.0
2013-07-19 00:00:00-04:00,3.6149371050697194,3.6296618862099974,3.600212323929442,3.6222996711730957,276700,0.0,0.0
2013-07-22 00:00:00-04:00,3.6259810547055262,3.655430617802168,3.6259810547055262,3.6443867683410645,419900,0.0,0.0
2013-07-23 00:00:00-04:00,3.6443864198252127,3.688561111312196,3.6370242052883492,3.6701550483703613,617400,0.0,0.0
2013-07-24 00:00:00-04:00,3.65543077946298,3.7143299082610683,3.65543077946298,3.7032864093780518,768400,0.0,0.0
2013-07-25 00:00:00-04:00,3.6959233309149377,3.721691608428955,3.68487983356128,3.721691608428955,756400,0.0,0.0
2013-07-26 00:00:00-04:00,3.7216917874502964,3.7916347598762528,3.718010855532984,3.7842721939086914,914300,0.0,0.0
2013-07-29 00:00:00-04:00,3.7879534452176915,3.791634728170689,3.655430418507962,3.6775174140930176,1134300,0.0,0.0
2013-07-30 00:00:00-04:00,3.6922419490517036,3.7474601364714832,3.6664736722290048,3.725372791290283,622200,0.0,0.0
2013-07-31 00:00:00-04:00,3.7400976713960183,3.7511411687496756,3.67015505340092,3.721691608428955,446600,0.0,0.0
2013-08-01 00:00:00-04:00,3.7327357843797984,3.77322884560726,3.7216919349906417,3.740097999572754,560900,0.0,0.0
2013-08-02 00:00:00-04:00,3.718009957809036,3.7989960574990764,3.718009957809036,3.7916338443756104,758900,0.0,0.0
2013-08-05 00:00:00-04:00,3.7916347473142276,3.798996962190929,3.751141336759737,3.7805912494659424,612900,0.0,0.0
2013-08-06 00:00:00-04:00,3.7842729983264203,3.8026790660914074,3.7474612138629895,3.7769107818603516,620000,0.0,0.0
2013-08-07 00:00:00-04:00,3.7842731162081837,3.791635683970143,3.6959244094639976,3.7511422634124756,513400,0.0,0.0
2013-08-08 00:00:00-04:00,3.769547413040038,3.7916347598762528,3.7253730704340766,3.7842721939086914,499000,0.0,0.0
2013-08-09 00:00:00-04:00,3.776910595267685,3.7916353785389094,3.73273624545401,3.76218581199646,255000,0.0,0.0
2013-08-12 00:00:00-04:00,3.751141336759737,3.787953464342644,3.751141336759737,3.7805912494659424,343100,0.0,0.0
2013-08-13 00:00:00-04:00,3.7842721813710596,3.8100408111056807,3.76954740055119,3.7805912494659424,332300,0.0,0.0
2013-08-14 00:00:00-04:00,3.7916347473142276,3.8100408111056807,3.740097838911452,3.7805912494659424,621400,0.0,0.0
2013-08-15 00:00:00-04:00,3.7548229704826093,3.7842725348733355,3.718011190527451,3.7290546894073486,462800,0.0,0.0
2013-08-16 00:00:00-04:00,3.7253732682197485,3.740098049870163,3.68488020644773,3.6996049880981445,355900,0.0,0.0
2013-08-19 00:00:00-04:00,3.681198403111466,3.703285747999367,3.637024064402101,3.6407053470611572,400200,0.0,0.0
2013-08-20 00:00:00-04:00,3.633342699263445,3.6811983195455085,3.622299202603409,3.6738357543945312,425900,0.0,0.0
2013-08-21 00:00:00-04:00,3.673836558041214,3.6885616915642707,3.6259812783573033,3.6664743423461914,314700,0.0,0.0
2013-08-22 00:00:00-04:00,3.666474054591339,3.7216918967031316,3.6627927714994923,3.7069671154022217,197900,0.0,0.0
2013-08-23 00:00:00-04:00,3.71801086424837,3.72537307916672,3.68488001944962,3.71064829826355,243100,0.0,0.0
2013-08-26 00:00:00-04:00,3.7106486249445627,3.7327359737770958,3.6885616271785295,3.7032864093780518,180800,0.0,0.0
2013-08-27 00:00:00-04:00,3.677516692288368,3.68856053897973,3.6443858543470755,3.6517484188079834,335200,0.0,0.0
2013-08-28 00:00:00-04:00,3.6591115498893854,3.6848801808988103,3.640705836253847,3.6443867683410645,274000,0.0,0.0
2013-08-29 00:00:00-04:00,3.64438646837296,3.677517311896316,3.62966168803663,3.655430316925049,273100,0.0,0.0
2013-08-30 00:00:00-04:00,3.6517492837571255,3.6811988464433543,3.6075749397277828,3.607574939727783,496300,0.0,0.0
2013-09-03 00:00:00-04:00,3.6222988159355705,3.655429653445507,3.478731970414644,3.5229063034057617,1278200,0.0,0.0
2013-09-04 00:00:00-04:00,3.578125,3.5891684970770177,3.5339506606254867,3.578125,604800,0.0,0.0
2013-09-05 00:00:00-04:00,3.5891684970770177,3.603893276868522,3.5634002202084956,3.578125,290500,0.0,0.0
2013-09-06 00:00:00-04:00,3.6002123735229863,3.622299721070897,3.559719312596042,3.607574939727783,273800,0.0,0.0
2013-09-09 00:00:00-04:00,3.603893469315385,3.6259808157153204,3.603893469315385,3.6186182498931885,610900,0.0,0.0
2013-09-10 00:00:00-04:00,3.6443866673502754,3.6480679504019635,3.6038936069811296,3.6222996711730957,605400,0.0,0.0
2013-09-11 00:00:00-04:00,3.6296617859179285,3.633343068867898,3.592850009617626,3.625980854034424,485800,0.0,0.0
2013-09-12 00:00:00-04:00,3.6296619362092146,3.6370245024140115,3.6075749397277828,3.607574939727783,353900,0.0,0.0
2013-09-13 00:00:00-04:00,3.6259810547055262,3.6443867683410645,3.6038937068498025,3.6443867683410645,601900,0.0,0.0
2013-09-16 00:00:00-04:00,3.6775178414219782,3.6811991248027423,3.6480682765088766,3.6664743423461914,647300,0.0,0.0
2013-09-17 00:00:00-04:00,3.6891530188263366,3.6929329751483873,3.609775738445647,3.658914089202881,542300,0.26,0.0
2013-09-18 00:00:00-04:00,3.674032766522412,3.7118312402117692,3.6400138878685127,3.696711778640747,433100,0.0,0.0
2013-09-19 00:00:00-04:00,3.6929339929871374,3.6967135898744377,3.6362357139587407,3.6362357139587402,513800,0.0,0.0
2013-09-20 00:00:00-04:00,3.6362335284479026,3.651352988339472,3.590875148773194,3.5908751487731934,637700,0.0,0.0
2013-09-23 00:00:00-04:00,3.5946567058563232,3.613556129262573,3.5870967923032158,3.5946567058563232,423300,0.0,0.0
2013-09-24 00:00:00-04:00,3.6059962157094656,3.6211156823391617,3.571977325673519,3.5946567058563232,496000,0.0,0.0
2013-09-25 00:00:00-04:00,3.609775767291009,3.636234740803845,3.590876346006207,3.617335319519043,437900,0.0,0.0
2013-09-26 00:00:00-04:00,3.6286756823250506,3.6362352355817027,3.5870968777456156,3.609776258468628,418600,0.0,0.0
2013-09-27 00:00:00-04:00,3.5984350589571577,3.6135545188487272,3.579535643973606,3.5908751487731934,287700,0.0,0.0
2013-09-30 00:00:00-04:00,3.5833170413970947,3.590876955384538,3.5644179773815656,3.5833170413970947,453700,0.0,0.0
2013-10-01 00:00:00-04:00,3.583316835526662,3.598436662632877,3.556857859043823,3.5946567058563232,568100,0.0,0.0
2013-10-02 00:00:00-04:00,3.579537033190278,3.5908765423907236,3.5341786359119958,3.5530776977539062,427700,0.0,0.0
2013-10-03 00:00:00-04:00,3.5644165998022412,3.568196194858682,3.515278259304514,3.5266177654266357,458700,0.0,0.0
2013-10-04 00:00:00-04:00,3.519058043982045,3.5492969658238263,3.515278088632727,3.5228376388549805,330200,0.0,0.0
2013-10-07 00:00:00-04:00,3.519059297804722,3.549298230420479,3.367864274249425,3.4661409854888916,2215800,0.0,0.0
2013-10-08 00:00:00-04:00,3.46614070302637,3.5455179847932516,3.46614070302637,3.5152790546417236,938500,0.0,0.0
2013-10-09 00:00:00-04:00,3.5228393232437507,3.5568582167004354,3.515279769407018,3.541738748550415,403400,0.0,0.0
2013-10-10 00:00:00-04:00,3.5681971176844103,3.6097759183461826,3.549298056085234,3.6022160053253174,620000,0.0,0.0
2013-10-11 00:00:00-04:00,3.609774852228653,3.66647274123391,3.5908754357347714,3.628674268722534,638500,0.0,0.0
2013-10-14 00:00:00-04:00,3.60221591791135,3.6135557871674666,3.5795369003520867,3.5870964527130127,414800,0.0,0.0
2013-10-15 00:00:00-04:00,3.579537051676292,3.6022160701943062,3.553077716103275,3.571977138519287,239600,0.0,0.0
2013-10-16 00:00:00-04:00,3.587096207813029,3.598436076294944,3.553077323320202,3.5606372356414795,429500,0.0,0.0
2013-10-17 00:00:00-04:00,3.5606380359451135,3.5908769710739286,3.5530781219246395,3.5757575035095215,384800,0.0,0.0
2013-10-18 00:00:00-04:00,3.6022162762375673,3.6324552096422242,3.5946567231246633,3.613556146621704,401000,0.0,0.0
2013-10-21 00:00:00-04:00,3.617334937566443,3.624894849472708,3.5946559228005293,3.598435878753662,317800,0.0,0.0
2013-10-22 00:00:00-04:00,3.5908766628247792,3.6135560424628106,3.5795371532440186,3.5795371532440186,455700,0.0,0.0
2013-10-23 00:00:00-04:00,3.571977530892469,3.602216465889163,3.571977530892469,3.5833170413970947,441000,0.0,0.0
2013-10-24 00:00:00-04:00,3.602214941440545,3.6626927858398566,3.5833155249466637,3.628674268722534,553100,0.0,0.0
2013-10-25 00:00:00-04:00,3.647573655013312,3.662693117482147,3.6248946415482695,3.643794059753418,626400,0.0,0.0
2013-10-28 00:00:00-04:00,3.655134490222993,3.666473999821271,3.6286755143348413,3.6324551105499268,647200,0.0,0.0
2013-10-29 00:00:00-04:00,3.647574676344553,3.647574676344553,3.598436679919376,3.613556146621704,510900,0.0,0.0
2013-10-30 00:00:00-04:00,3.6135560424628106,3.6135560424628106,3.5795371532440186,3.5795371532440186,343200,0.0,0.0
2013-10-31 00:00:00-04:00,3.579537033190278,3.579537033190278,3.5455181451124416,3.5530776977539062,536600,0.0,0.0
2013-11-01 00:00:00-04:00,3.541738135015724,3.568197109575637,3.522838712983003,3.549298048019409,460400,0.0,0.0
2013-11-04 00:00:00-05:00,3.568196787486296,3.579536655968212,3.53417826346993,3.5606372356414795,621800,0.0,0.0
2013-11-05 00:00:00-05:00,3.5644177378048774,3.571977290807678,3.5417383578434456,3.5568578243255615,316800,0.0,0.0
2013-11-06 00:00:00-05:00,3.5833167494532656,3.587096706139022,3.55307781692023,3.5795371532440186,311400,0.0,0.0
2013-11-07 00:00:00-05:00,3.5870957725827197,3.5870957725827197,3.534177834660272,3.5379574298858643,391400,0.0,0.0
2013-11-08 00:00:00-05:00,3.6211155953578147,3.6211155953578147,3.55307781692023,3.5795371532440186,527800,0.0,0.0
2013-11-11 00:00:00-05:00,3.5946558658870345,3.60977532898374,3.564416939693623,3.5681965351104736,321600,0.0,0.0
2013-11-12 00:00:00-05:00,3.5681971819407847,3.5946565175138017,3.5568576726817773,3.571977138519287,348200,0.0,0.0
2013-11-13 00:00:00-05:00,3.568197283186748,3.5833167494532656,3.55307781692023,3.5795371532440186,278700,0.0,0.0
2013-11-14 00:00:00-05:00,3.5946567058563232,3.617335725562608,3.571977325673519,3.5946567058563232,400900,0.0,0.0
2013-11-15 00:00:00-05:00,3.5908767490797695,3.613556129262573,3.583316835526662,3.5946567058563232,332300,0.0,0.0
2013-11-18 00:00:00-05:00,3.594656365550424,3.6135557871674666,3.5833164962943074,3.5870964527130127,496200,0.0,0.0
2013-11-19 00:00:00-05:00,3.5984350589571577,3.609774563756745,3.579535643973606,3.5908751487731934,269700,0.0,0.0
2013-11-20 00:00:00-05:00,3.594656365550424,3.6097758307487613,3.575756943933381,3.5870964527130127,335500,0.0,0.0
2013-11-21 00:00:00-05:00,3.6059958109387527,3.6400146971561007,3.5870963896539507,3.617335319519043,380300,0.0,0.0
2013-11-22 00:00:00-05:00,3.6248958962838747,3.666474342346191,3.609776428581528,3.6664743423461914,443200,0.0,0.0
2013-11-25 00:00:00-05:00,3.6740332192113723,3.719391609513186,3.6664733072561817,3.6778128147125244,514300,0.0,0.0
2013-11-26 00:00:00-05:00,3.6778120444318443,3.6891519099896093,3.662692584164525,3.67403244972229,310300,0.0,0.0
2013-11-27 00:00:00-05:00,3.689153043707516,3.7193919735349157,3.6664736660987276,3.704272508621216,301600,0.0,0.0
2013-11-29 00:00:00-05:00,3.7193923174089023,3.7382917404174805,3.689153384785782,3.7382917404174805,358600,0.0,0.0
2013-12-02 00:00:00-05:00,3.7382906494858616,3.7382906494858616,3.674032846294722,3.6853723526000977,430100,0.0,0.0
2013-12-03 00:00:00-05:00,3.6740335540146085,3.6967125709939626,3.6475742202367285,3.658914089202881,319800,0.0,0.0
2013-12-04 00:00:00-05:00,3.6475743263493627,3.704272591400124,3.6475743263493627,3.6929330825805664,383200,0.0,0.0
2013-12-05 00:00:00-05:00,3.681594120895513,3.6929339929871374,3.6324557565948656,3.6362357139587402,401100,0.0,0.0
2013-12-06 00:00:00-05:00,3.6702530289547743,3.685372491423609,3.6362341482807907,3.643794059753418,371600,0.0,0.0
2013-12-09 00:00:00-05:00,3.6589129894549703,3.6853719548036876,3.6362336188158078,3.67403244972229,353600,0.0,0.0
2013-12-10 00:00:00-05:00,3.6853723526000977,3.6929322637879523,3.6589133843954187,3.6853723526000977,356300,0.0,0.0
2013-12-11 00:00:00-05:00,3.700492203804804,3.704272159796396,3.651353857343432,3.670253276824951,350100,0.0,0.0
2013-12-12 00:00:00-05:00,3.6740326520220177,3.689152113121845,3.628674268722534,3.628674268722534,531500,0.0,0.0
2013-12-13 00:00:00-05:00,3.6324546538727405,3.6626935826508085,3.605995681311047,3.6513540744781494,514000,0.0,0.0
2013-12-16 00:00:00-05:00,3.674032675668069,3.7004916426439602,3.6400137978554143,3.6815922260284424,712600,0.0,0.0
2013-12-17 00:00:00-05:00,3.692932638622905,3.700492190101653,3.6475738878446484,3.6778128147125244,506800,0.0,0.0
2013-12-18 00:00:00-05:00,3.7049992116492123,3.720533784785906,3.6117917728290476,3.670046329498291,653900,0.26,0.0
2013-12-19 00:00:00-05:00,3.650628306726851,3.650628306726851,3.5768391711351675,3.5884900093078613,740200,0.0,0.0
2013-12-20 00:00:00-05:00,3.5846050547853925,3.638976231733993,3.5846050547853925,3.6350924968719482,760400,0.0,0.0
2013-12-23 00:00:00-05:00,3.635094029537442,3.6506286051621255,3.60790861478762,3.6389777660369873,426400,0.0,0.0
2013-12-24 00:00:00-05:00,3.646744078436718,3.6700457492710905,3.6273257724924877,3.6661620140075684,199800,0.0,0.0
2013-12-26 00:00:00-05:00,3.6700461269910423,3.6972319062602685,3.6467444537584695,3.658395290374756,430100,0.0,0.0
2013-12-27 00:00:00-05:00,3.677813394084964,3.681696759159134,3.6389767803560864,3.6467442512512207,266200,0.0,0.0
2013-12-30 00:00:00-05:00,3.6389766086587203,3.650627444078305,3.6079074672909086,3.6273257732391357,490700,0.0,0.0
2013-12-31 00:00:00-05:00,3.615674358836906,3.6506268594986695,3.615674358836906,3.623441457748413,387200,0.0,0.0
2014-01-02 00:00:00-05:00,3.611791030306154,3.623441865170101,3.580721890420053,3.607907295227051,388500,0.0,0.0
2014-01-03 00:00:00-05:00,3.62732532708669,3.646743630646512,3.6117907583134996,3.6195578575134277,425400,0.0,0.0
2014-01-06 00:00:00-05:00,3.6428607180952346,3.677813598317512,3.631209881478948,3.658395290374756,386100,0.0,0.0
2014-01-07 00:00:00-05:00,3.658395425946928,3.7049991445125245,3.6506279543326126,3.6545116901397705,449500,0.0,0.0
2014-01-08 00:00:00-05:00,3.654513161685721,3.670047740796157,3.6195602660938446,3.642862319946289,316600,0.0,0.0
2014-01-09 00:00:00-05:00,3.666162187742262,3.6700459231898295,3.6195584734916477,3.6467442512512207,284500,0.0,0.0
2014-01-10 00:00:00-05:00,3.6506270659467854,3.6506270659467854,3.6117908284463636,3.6350924968719482,318400,0.0,0.0
2014-01-13 00:00:00-05:00,3.6506269950598087,3.6506269950598087,3.615674493100131,3.6195578575134277,391100,0.0,0.0
2014-01-14 00:00:00-05:00,3.627325568878787,3.646743873733004,3.592372694215868,3.6156747341156006,454800,0.0,0.0
2014-01-15 00:00:00-05:00,3.607907971574174,3.6661625271878115,3.5962571345261325,3.6545116901397705,336300,0.0,0.0
2014-01-16 00:00:00-05:00,3.658395290374756,3.6700461269910423,3.6273261458157133,3.658395290374756,211800,0.0,0.0
2014-01-17 00:00:00-05:00,3.6622806364277296,3.6622806364277296,3.623444003464849,3.642862319946289,236400,0.0,0.0
2014-01-21 00:00:00-05:00,3.6855807304382324,3.6855807304382324,3.638977013205557,3.6855807304382324,434000,0.0,0.0
2014-01-22 00:00:00-05:00,3.6894650082073035,3.7166504213272136,3.6816975356739143,3.701115846633911,295300,0.0,0.0
2014-01-23 00:00:00-05:00,3.7011150993017488,3.720533406340785,3.670045956188651,3.7088825702667236,335200,0.0,0.0
2014-01-24 00:00:00-05:00,3.7088825369187073,3.7088825369187073,3.635093044908519,3.6467442512512207,407000,0.0,0.0
2014-01-27 00:00:00-05:00,3.662278475214408,3.6700455749992518,3.5962564603631035,3.607907295227051,527900,0.0,0.0
2014-01-28 00:00:00-05:00,3.6234420379748142,3.6467440791873633,3.604023732026587,3.6273257732391357,459900,0.0,0.0
2014-01-29 00:00:00-05:00,3.6195581644713193,3.627325634703305,3.588489024290109,3.5962564945220947,358100,0.0,0.0
2014-01-30 00:00:00-05:00,3.607907971574174,3.670046262994969,3.6001408703332904,3.6545116901397705,369600,0.0,0.0
2014-01-31 00:00:00-05:00,3.6195581300909976,3.6545110050562015,3.6079072952270503,3.607907295227051,378200,0.0,0.0
2014-02-03 00:00:00-05:00,3.615674757236559,3.638976426911938,3.530234437555659,3.538001537322998,614200,0.0,0.0
2014-02-04 00:00:00-05:00,3.553536957669974,3.596257312921018,3.5341190184178086,3.5690715312957764,337800,0.0,0.0
2014-02-05 00:00:00-05:00,3.561305085146976,3.5807233983466364,3.5380030352326797,3.549654245376587,261000,0.0,0.0
2014-02-06 00:00:00-05:00,3.565187692642212,3.592373100287058,3.549653121077528,3.565187692642212,283200,0.0,0.0
2014-02-07 00:00:00-05:00,3.561304498835144,3.607908220617661,3.561304498835144,3.5807228088378906,429000,0.0,0.0
2014-02-10 00:00:00-05:00,3.5846052241248376,3.6195580987877563,3.56518728964398,3.6156747341156006,356400,0.0,0.0
2014-02-11 00:00:00-05:00,3.6234429156350987,3.6545120645283933,3.6117920773934804,3.6506283283233643,390700,0.0,0.0
2014-02-12 00:00:00-05:00,3.658395087220525,3.666162187742262,3.6195584734916477,3.6467442512512207,278400,0.0,0.0
2014-02-13 00:00:00-05:00,3.6350936466565007,3.6933485768932517,3.6117919708605677,3.681697368621826,441100,0.0,0.0
2014-02-14 00:00:00-05:00,3.693347790478843,3.701114890632507,3.6583949138539045,3.6661620140075684,312400,0.0,0.0
2014-02-18 00:00:00-05:00,3.6545113153660687,3.7360679070855123,3.6545113153660687,3.7321841716766357,743200,0.0,0.0
2014-02-19 00:00:00-05:00,3.7321840319939237,3.7438352377844897,3.6661620140075684,3.6661620140075684,385100,0.0,0.0
2014-02-20 00:00:00-05:00,3.670046529523114,3.732184825456551,3.670046529523114,3.7127668857574463,251100,0.0,0.0
2014-02-21 00:00:00-05:00,3.7011154725761375,3.7438358264452405,3.6972321070753957,3.7049992084503174,352700,0.0,0.0
2014-02-24 00:00:00-05:00,3.704998599191632,3.747718575662323,3.7011148639561027,3.743835210800171,449600,0.0,0.0
2014-02-25 00:00:00-05:00,3.720532811970223,3.720532811970223,3.6117908284463636,3.6350924968719482,792700,0.0,0.0
2014-02-26 00:00:00-05:00,3.6506280204840635,3.689464638512518,3.6428609191024357,3.670046329498291,481500,0.0,0.0
2014-02-27 00:00:00-05:00,3.6700465307238597,3.6894648408027764,3.6350936466565007,3.681697368621826,291600,0.0,0.0
2014-02-28 00:00:00-05:00,3.6972324807406927,3.7244178938606023,3.673930433514001,3.701115846633911,543100,0.0,0.0
2014-03-03 00:00:00-05:00,3.6894641932991723,3.7321841716766357,3.6778133574459355,3.7321841716766357,465300,0.0,0.0
2014-03-04 00:00:00-05:00,3.7477187802741874,3.7477187802741874,3.6428605158036538,3.6467442512512207,1034300,0.0,0.0
2014-03-05 00:00:00-05:00,3.6506283283233643,3.6778141113850995,3.6350937538767165,3.6506283283233643,505000,0.0,0.0
2014-03-06 00:00:00-05:00,3.6972308848574684,3.720532551652686,3.6622780142913256,3.716648817062378,648900,0.0,0.0
2014-03-07 00:00:00-05:00,3.7127661688565277,3.728300739840304,3.670045820871101,3.6778132915496826,573300,0.0,0.0
2014-03-10 00:00:00-04:00,3.677813392190636,3.7205333709716797,3.6700459212995025,3.7205333709716797,501400,0.0,0.0
2014-03-11 00:00:00-04:00,3.7360681833669864,3.739951919063065,3.6855807304382324,3.6855807304382324,682900,0.0,0.0
2014-03-12 00:00:00-04:00,3.677813392190636,3.7205333709716797,3.6700459212995025,3.7205333709716797,440000,0.0,0.0
2014-03-13 00:00:00-04:00,3.7360680136379614,3.7360680136379614,3.66227889063181,3.6972317695617676,674200,0.0,0.0
2014-03-14 00:00:00-04:00,3.685580902634985,3.701115475771679,3.6506280204840635,3.670046329498291,623700,0.0,0.0
2014-03-17 00:00:00-04:00,3.6778134267968077,3.70111509894267,3.6545113842775447,3.6739296913146973,970700,0.0,0.0
2014-03-18 00:00:00-04:00,3.681916671370542,3.7058768695840483,3.673929684739051,3.693896770477295,933000,0.26,0.0
2014-03-19 00:00:00-04:00,3.701884047580542,3.7058771603691265,3.657956379341482,3.661949872970581,533800,0.0,0.0
2014-03-20 00:00:00-04:00,3.6739301238584416,3.737824501185288,3.6459764289880785,3.7298378944396973,1215900,0.0,0.0
2014-03-21 00:00:00-04:00,3.729838457619762,3.7378250655712764,3.6579570818531995,3.681917667388916,1533400,0.0,0.0
2014-03-24 00:00:00-04:00,3.6899033128142023,3.717857385454036,3.6739297202373633,3.7018837928771973,595800,0.0,0.0
2014-03-25 00:00:00-04:00,3.729837459983037,3.7338309533109295,3.689903288385081,3.7178573608398438,467400,0.0,0.0
2014-03-26 00:00:00-04:00,3.7338312349323046,3.7338312349323046,3.6539628857123834,3.661949872970581,562000,0.0,0.0
2014-03-27 00:00:00-04:00,3.6739306785968147,3.6938977697364805,3.66195057624925,3.681917667388916,527900,0.0,0.0
2014-03-28 00:00:00-04:00,3.6739292738125062,3.7098699479533086,3.6539621903075665,3.665942668914795,593400,0.0,0.0
2014-03-31 00:00:00-04:00,3.721850754045008,3.7378243477208897,3.657956379341482,3.661949872970581,1113800,0.0,0.0
2014-04-01 00:00:00-04:00,3.66195057624925,3.6899042753404303,3.6579570818531995,3.681917667388916,469600,0.0,0.0
2014-04-02 00:00:00-04:00,3.7018834766486735,3.7258436730469198,3.677922899409972,3.705876588821411,545800,0.0,0.0
2014-04-03 00:00:00-04:00,3.729837184344755,3.729837184344755,3.6859095226651997,3.7098701000213623,515100,0.0,0.0
2014-04-04 00:00:00-04:00,3.7298381535569094,3.7298381535569094,3.677923873162155,3.689903974533081,647300,0.0,0.0
2014-04-07 00:00:00-04:00,3.677923873162155,3.7138645581154894,3.6619502777207344,3.689903974533081,666000,0.0,0.0
2014-04-08 00:00:00-04:00,3.7018837571087864,3.7058768695840483,3.673929684739051,3.693896770477295,647800,0.0,0.0
2014-04-09 00:00:00-04:00,3.7098700869304273,3.7098700869304273,3.677922904461913,3.6859095096588135,386000,0.0,0.0
2014-04-10 00:00:00-04:00,3.6779225305542953,3.6899026275519446,3.645975351333618,3.645975351333618,685900,0.0,0.0
2014-04-11 00:00:00-04:00,3.641982298866189,3.6659428765976183,3.6339956935160216,3.637988805770874,663400,0.0,0.0
2014-04-14 00:00:00-04:00,3.665942819182264,3.721850198279215,3.6339956366010187,3.7098701000213623,947900,0.0,0.0
2014-04-15 00:00:00-04:00,3.713864860876147,3.7258449632237114,3.6579570818531995,3.681917667388916,584400,0.0,0.0
2014-04-16 00:00:00-04:00,3.689902325945063,3.701882802803864,3.6539616570494315,3.673928737640381,374000,0.0,0.0
2014-04-17 00:00:00-04:00,3.661949574348349,3.6899032657914637,3.6539625877414688,3.669936180114746,448800,0.0,0.0
2014-04-21 00:00:00-04:00,3.685908833658796,3.689902325945063,3.6539616570494315,3.673928737640381,389000,0.0,0.0
2014-04-22 00:00:00-04:00,3.6859107809443796,3.6899042753404303,3.6539635874571488,3.681917667388916,553800,0.0,0.0
2014-04-23 00:00:00-04:00,3.685909371579293,3.6938963573174455,3.6579556831766427,3.665942668914795,478900,0.0,0.0
2014-04-24 00:00:00-04:00,3.66993578094343,3.6819162595506585,3.6539621903075665,3.665942668914795,431200,0.0,0.0
2014-04-25 00:00:00-04:00,3.6659423932338404,3.673928997530954,3.6539619155275505,3.6579554080963135,473700,0.0,0.0
2014-04-28 00:00:00-04:00,3.6779242900227604,3.685910898228405,3.614029901015208,3.61802339553833,902400,0.0,0.0
2014-04-29 00:00:00-04:00,3.6180229460057243,3.6459766425131837,3.598055856711588,3.6020493507385254,510100,0.0,0.0
2014-04-30 00:00:00-04:00,3.610035157283756,3.6419823407326017,3.582081466976133,3.6260087490081787,806500,0.0,0.0
2014-05-01 00:00:00-04:00,3.594061749426781,3.622015441164478,3.294556603641216,3.474259614944458,2983200,0.0,0.0
2014-05-02 00:00:00-04:00,3.474259289987756,3.474259289987756,3.3903978417779626,3.4023783206939697,1428800,0.0,0.0
2014-05-05 00:00:00-04:00,3.3943924903869624,3.4023794790501753,3.3584518030836668,3.394392490386963,915200,0.0,0.0
2014-05-06 00:00:00-04:00,3.3903983145560104,3.4023787951426496,3.3584511280059814,3.3584511280059814,972000,0.0,0.0
2014-05-07 00:00:00-04:00,3.3584509012350545,3.3864045923687014,3.3384838157793872,3.382411479949951,1261500,0.0,0.0
2014-05-08 00:00:00-04:00,3.3943915489465417,3.4383188318891613,3.354457378387451,3.354457378387451,1191900,0.0,0.0
2014-05-09 00:00:00-04:00,3.354457094486895,3.4023782474382434,3.322509913079625,3.386404275894165,1115300,0.0,0.0
2014-05-12 00:00:00-04:00,3.3903982669367316,3.4622796260849515,3.3864047734639415,3.434325933456421,844700,0.0,0.0
2014-05-13 00:00:00-04:00,3.454293324486928,3.454293324486928,3.414359524357479,3.426339626312256,901600,0.0,0.0
2014-05-14 00:00:00-04:00,3.422345270020807,3.426338763280036,3.3744244934314924,3.382411479949951,902000,0.0,0.0
2014-05-15 00:00:00-04:00,3.3664384155626847,3.378418516378201,3.334491226160948,3.3504648208618164,1147500,0.0,0.0
2014-05-16 00:00:00-04:00,3.3624446568350788,3.374424756706985,3.3344909635204605,3.366438150405884,764600,0.0,0.0
2014-05-19 00:00:00-04:00,3.3544568918869917,3.41835163168291,3.3544568918869917,3.414358139038086,608200,0.0,0.0
2014-05-20 00:00:00-04:00,3.4103667575223238,3.4183537477561803,3.38640616766141,3.4063732624053955,693300,0.0,0.0
2014-05-21 00:00:00-04:00,3.422346862032453,3.434327347383238,3.3943931578952666,3.4063732624053955,494300,0.0,0.0
2014-05-22 00:00:00-04:00,3.4263391319640872,3.446306219568271,3.3983854378225415,3.4223456382751465,543200,0.0,0.0
2014-05-23 00:00:00-04:00,3.4423122294761725,3.490233004311424,3.430332130977476,3.4822463989257812,659200,0.0,0.0
2014-05-27 00:00:00-04:00,3.502213910117326,3.514194010074847,3.454292748606221,3.470266342163086,564500,0.0,0.0
2014-05-28 00:00:00-04:00,3.4702663691532747,3.498220443725586,3.4542927754721746,3.498220443725586,513100,0.0,0.0
2014-05-29 00:00:00-04:00,3.5102005520000352,3.534161132998078,3.4742598709232286,3.4782533645629883,524100,0.0,0.0
2014-05-30 00:00:00-04:00,3.482246164726518,3.49023276957502,3.434325393114189,3.4622790813446045,1016900,0.0,0.0
2014-06-02 00:00:00-04:00,3.4822459278103155,3.4822459278103155,3.434325159458298,3.4423117637634277,447800,0.0,0.0
2014-06-03 00:00:00-04:00,3.442312454326672,3.4622795403557185,3.4063717756424863,3.4582860469818115,528300,0.0,0.0
2014-06-04 00:00:00-04:00,3.470266153193292,3.470266153193292,3.4223453751321746,3.438318967819214,474700,0.0,0.0
2014-06-05 00:00:00-04:00,3.4542925290573225,3.4822466016355067,3.426338837319626,3.474259614944458,562100,0.0,0.0
2014-06-06 00:00:00-04:00,3.4982202231283837,3.5102003224236173,3.4742596436974265,3.502213716506958,498900,0.0,0.0
2014-06-09 00:00:00-04:00,3.5141945055629304,3.518187999725342,3.4982209097538495,3.518187999725342,477200,0.0,0.0
2014-06-10 00:00:00-04:00,3.5141945055629304,3.5341615955344228,3.5062075172381073,3.518187999725342,579800,0.0,0.0
2014-06-11 00:00:00-04:00,3.5221811130471887,3.5341615955344228,3.4982209097538495,3.518187999725342,464700,0.0,0.0
2014-06-12 00:00:00-04:00,3.5141930368434724,3.5341601184699365,3.5022129402037563,3.5301666259765625,468200,0.0,0.0
2014-06-13 00:00:00-04:00,3.534160798618159,3.5581209965087246,3.514193713149035,3.5221803188323975,772400,0.0,0.0
2014-06-16 00:00:00-04:00,3.5508169363844106,3.5508169363844106,3.5017273498606287,3.530362844467163,637500,0.21,0.0
2014-06-17 00:00:00-04:00,3.575359178098081,3.6449028107035963,3.5549050996619123,3.6203582286834717,1430000,0.0,0.0
2014-06-18 00:00:00-04:00,3.6244502878613445,3.644904375076294,3.5794516080918677,3.644904375076294,772300,0.0,0.0
2014-06-19 00:00:00-04:00,3.6571768493030077,3.6571768493030077,3.5958149748017028,3.632632255554199,644700,0.0,0.0
2014-06-20 00:00:00-04:00,3.64899370441665,3.64899370441665,3.59581325653425,3.6203582286834717,1010100,0.0,0.0
2014-06-23 00:00:00-04:00,3.620359782521766,3.6571766713535574,3.608087096115238,3.644904375076294,544700,0.0,0.0
2014-06-24 00:00:00-04:00,3.6244497960758864,3.657176175127603,3.6039961017654725,3.6162683963775635,788100,0.0,0.0
2014-06-25 00:00:00-04:00,3.616268396377563,3.628540690989654,3.5794511224120793,3.6162683963775635,888000,0.0,0.0
2014-06-26 00:00:00-04:00,3.6285414147788884,3.751265555767353,3.6039968206587694,3.7267205715179443,1447800,0.0,0.0
2014-06-27 00:00:00-04:00,3.722630223611419,3.7676289081573486,3.7021761342253394,3.7676289081573486,12798600,0.0,0.0
2014-06-30 00:00:00-04:00,3.743083764307787,3.767628748557196,3.6817218888781995,3.7267205715179443,1351600,0.0,0.0
2014-07-01 00:00:00-04:00,3.722630223611419,3.8044461910264302,3.722630223611419,3.7676289081573486,1070700,0.0,0.0
2014-07-02 00:00:00-04:00,3.7799012556777125,3.7799012556777125,3.738993466494382,3.75126576423645,963400,0.0,0.0
2014-07-03 00:00:00-04:00,3.767629179331778,3.771720075529297,3.730811893812779,3.743084192276001,495100,0.0,0.0
2014-07-07 00:00:00-04:00,3.7308114672477273,3.7349023629775107,3.7021759773978253,3.7267205715179443,625600,0.0,0.0
2014-07-08 00:00:00-04:00,3.7103566490472177,3.7144475439724833,3.6694488701822037,3.6980843544006348,725400,0.0,0.0
2014-07-09 00:00:00-04:00,3.7185394763946533,3.7267208783986363,3.7021762822573665,3.7185394763946533,391500,0.0,0.0
2014-07-10 00:00:00-04:00,3.68990379660841,3.7226301832193194,3.6735402131736534,3.702176094055176,411400,0.0,0.0
2014-07-11 00:00:00-04:00,3.6858130784771315,3.7103576745541864,3.6776312863652327,3.689903974533081,370200,0.0,0.0
2014-07-14 00:00:00-04:00,3.7021752493259,3.7103566490472177,3.6817211648287866,3.6980843544006348,741200,0.0,0.0
2014-07-15 00:00:00-04:00,3.7021754414566375,3.7349018222987254,3.698084546319068,3.7144477367401123,625900,0.0,0.0
2014-07-16 00:00:00-04:00,3.7144487592706783,3.7226305517981384,3.689904161946979,3.7062673568725586,486600,0.0,0.0
2014-07-17 00:00:00-04:00,3.702176193705171,3.7226302834198695,3.64899571649868,3.669449806213379,791800,0.0,0.0
2014-07-18 00:00:00-04:00,3.689903937836082,3.6939944437220293,3.665358951873812,3.6735403537750244,353400,0.0,0.0
2014-07-21 00:00:00-04:00,3.6776304710454193,3.6776304710454193,3.6449040901118073,3.6612672805786133,483400,0.0,0.0
2014-07-22 00:00:00-04:00,3.6735400418453077,3.6817218331810997,3.632632255554199,3.632632255554199,562500,0.0,0.0
2014-07-23 00:00:00-04:00,3.624449640117713,3.6735392065829893,3.624449640117713,3.6571760177612305,302500,0.0,0.0
2014-07-24 00:00:00-04:00,3.6489953186399355,3.6653585106017137,3.6162689347163797,3.6285412311553955,329600,0.0,0.0
2014-07-25 00:00:00-04:00,3.6326317947940114,3.6653581757276235,3.6244500044959915,3.6612672805786133,346900,0.0,0.0
2014-07-28 00:00:00-04:00,3.648995289964708,3.6735398826498593,3.64081349898348,3.6530861854553223,427600,0.0,0.0
2014-07-29 00:00:00-04:00,3.653085880409827,3.6776304710454193,3.6408131949627975,3.6612672805786133,481600,0.0,0.0
2014-07-30 00:00:00-04:00,3.665358481797898,3.6776307781404736,3.6326320981315185,3.6530861854553223,559700,0.0,0.0
2014-07-31 00:00:00-04:00,3.6735394581540333,3.6899030382255966,3.5835421085357666,3.5835421085357666,690800,0.0,0.0
2014-08-01 00:00:00-04:00,3.57945130630304,3.599905391793475,3.5508158206939697,3.5508158206939697,506500,0.0,0.0
2014-08-04 00:00:00-04:00,3.5671788277999887,3.636722480817189,3.5671788277999887,3.6162683963775635,502900,0.0,0.0
2014-08-05 00:00:00-04:00,3.6203605181416836,3.6203605181416836,3.583543231699735,3.5917246341705322,282300,0.0,0.0
2014-08-06 00:00:00-04:00,3.599905851555322,3.640813637631497,3.5794517634525937,3.624450445175171,360600,0.0,0.0
2014-08-07 00:00:00-04:00,3.636723083633479,3.689903555939915,3.632632188041613,3.6408135890960693,388400,0.0,0.0
2014-08-08 00:00:00-04:00,3.6408139245610758,3.677631208021671,3.632632522752784,3.669449806213379,303300,0.0,0.0
2014-08-11 00:00:00-04:00,3.6653589102445765,3.702176193705171,3.6653589102445765,3.669449806213379,368100,0.0,0.0
2014-08-12 00:00:00-04:00,3.6489951756394925,3.6939938542386117,3.6489951756394925,3.677630662918091,318100,0.0,0.0
2014-08-13 00:00:00-04:00,3.681722402572632,3.706267390246694,3.6612683111991373,3.681722402572632,261600,0.0,0.0
2014-08-14 00:00:00-04:00,3.6980843544006348,3.7062661442511655,3.685812059754052,3.6980843544006348,224800,0.0,0.0
2014-08-15 00:00:00-04:00,3.7021764606088285,3.726721057932528,3.6776314731557886,3.7062673568725586,447400,0.0,0.0
2014-08-18 00:00:00-04:00,3.73899256160831,3.759446256185253,3.722629371869226,3.7349016666412354,596400,0.0,0.0
2014-08-19 00:00:00-04:00,3.751265984671038,3.7635382831342596,3.722630491547076,3.743084192276001,398400,0.0,0.0
2014-08-20 00:00:00-04:00,3.7471744534522418,3.767628540844214,3.7267203660602695,3.763537645339966,424800,0.0,0.0
2014-08-21 00:00:00-04:00,3.7676292059666223,3.8003555955194583,3.755356907416643,3.7799015045166016,553300,0.0,0.0
2014-08-22 00:00:00-04:00,3.7962642393908683,3.8003551351217117,3.7676287495335457,3.7880828380584717,251900,0.0,0.0
2014-08-25 00:00:00-04:00,3.7962633287017122,3.7962633287017122,3.7553555515945543,3.771718740463257,324200,0.0,0.0
2014-08-26 00:00:00-04:00,3.7553555515945543,3.7921728240814336,3.7512646568450796,3.771718740463257,284500,0.0,0.0
2014-08-27 00:00:00-04:00,3.7839910345824848,3.800354223451187,3.7635369509643075,3.771718740463257,270200,0.0,0.0
2014-08-28 00:00:00-04:00,3.7553572712333976,3.8003559636956594,3.751266374610635,3.7839927673339844,231300,0.0,0.0
2014-08-29 00:00:00-04:00,3.7962654532490125,3.8453550473276885,3.788084049300607,3.8249013423919678,363400,0.0,0.0
2014-09-02 00:00:00-04:00,3.845353176169194,3.8494440712174645,3.804445396074166,3.8085362911224365,309600,0.0,0.0
2014-09-03 00:00:00-04:00,3.8248994607728077,3.8248994607728077,3.7799003957404453,3.800354480743408,320800,0.0,0.0
2014-09-04 00:00:00-04:00,3.7921728240814336,3.800354223451187,3.771718740463257,3.771718740463257,269700,0.0,0.0
2014-09-05 00:00:00-04:00,3.771718995816794,3.800354480743408,3.755355805840268,3.800354480743408,283100,0.0,0.0
2014-09-08 00:00:00-04:00,3.7799009980389138,3.8208091745632458,3.7758101023606234,3.80444598197937,233100,0.0,0.0
2014-09-09 00:00:00-04:00,3.816718211126905,3.8249000023382345,3.779900930934479,3.8126273155212402,340400,0.0,0.0
2014-09-10 00:00:00-04:00,3.800354501025896,3.8412626712501483,3.7880822060103103,3.8085362911224365,437500,0.0,0.0
2014-09-11 00:00:00-04:00,3.8126276823393677,3.820809474337878,3.788083086602466,3.816718578338623,226300,0.0,0.0
2014-09-12 00:00:00-04:00,3.8208091259002686,3.833081422649551,3.804445933524799,3.8208091259002686,364900,0.0,0.0
2014-09-15 00:00:00-04:00,3.8289895091748107,3.8289895091748107,3.751264463585062,3.7553553581237793,465000,0.0,0.0
2014-09-16 00:00:00-04:00,3.7553555515945543,3.788081929331959,3.7430828673461307,3.771718740463257,551100,0.0,0.0
2014-09-17 00:00:00-04:00,3.7842774391174316,3.809394500539024,3.7172991409560496,3.7842774391174316,423300,0.21,0.0
2014-09-18 00:00:00-04:00,3.7926509250770435,3.8010230149415585,3.729858454593042,3.7382309436798096,504000,0.0,0.0
2014-09-19 00:00:00-04:00,3.7466029278017245,3.767533750705649,3.671252524258736,3.6879971027374268,602700,0.0,0.0
2014-09-22 00:00:00-04:00,3.662880000319704,3.6963691569562767,3.641949177616287,3.671252489089966,401200,0.0,0.0
2014-09-23 00:00:00-04:00,3.679623673398838,3.692182004242467,3.6252037074469246,3.6503207683563232,421100,0.0,0.0
2014-09-24 00:00:00-04:00,3.6419485898617547,3.6838102285127645,3.625204014245786,3.6545069217681885,462900,0.0,0.0
2014-09-25 00:00:00-04:00,3.6628797436603016,3.6628797436603016,3.6126460122253397,3.6168322563171387,362100,0.0,0.0
2014-09-26 00:00:00-04:00,3.6293902579553214,3.6628794091872594,3.600087350432919,3.6545069217681885,499700,0.0,0.0
2014-09-29 00:00:00-04:00,3.6335766269997354,3.64613495933935,3.6000874746126383,3.6042733192443848,339300,0.0,0.0
2014-09-30 00:00:00-04:00,3.6210172449791775,3.6377618181648272,3.57496976852417,3.57496976852417,592200,0.0,0.0
2014-10-01 00:00:00-04:00,3.574969678938997,3.579155921936035,3.5456667764039405,3.579155921936035,448200,0.0,0.0
2014-10-02 00:00:00-04:00,3.591714530679884,3.6126453480687033,3.5498528959022457,3.595900774002075,297800,0.0,0.0
2014-10-03 00:00:00-04:00,3.6126458644866943,3.625204197026311,3.6000875319470778,3.6126458644866943,384600,0.0,0.0
2014-10-06 00:00:00-04:00,3.616832256317139,3.6670659877521006,3.6000876791721517,3.6168322563171387,334200,0.0,0.0
2014-10-07 00:00:00-04:00,3.629389762878418,3.662878909542177,3.6126451895465386,3.629389762878418,319000,0.0,0.0
2014-10-08 00:00:00-04:00,3.6377622697375,3.6419485133590994,3.5707839686805674,3.6210176944732666,466700,0.0,0.0
2014-10-09 00:00:00-04:00,3.6084588244710916,3.616831310465168,3.574969678938997,3.579155921936035,426200,0.0,0.0
2014-10-10 00:00:00-04:00,3.5707846244570844,3.600087935967685,3.516364645048527,3.549853801727295,366400,0.0,0.0
2014-10-13 00:00:00-04:00,3.5540400106004513,3.5833433218182096,3.528923342953498,3.533109188079834,348600,0.0,0.0
2014-10-14 00:00:00-04:00,3.5289230309936532,3.5582259403987746,3.482875145674521,3.499619722366333,517700,0.0,0.0
2014-10-15 00:00:00-04:00,3.4786898288849364,3.520551077356721,3.286126768481272,3.3614773750305176,1984300,0.0,0.0
2014-10-16 00:00:00-04:00,3.344733003657839,3.520551296143544,3.332174668258084,3.5163650512695312,598700,0.0,0.0
2014-10-17 00:00:00-04:00,3.587528836746693,3.587528836746693,3.537295106854088,3.566598415374756,346600,0.0,0.0
2014-10-20 00:00:00-04:00,3.595900774002075,3.6252036788131403,3.5498528959022457,3.595900774002075,366700,0.0,0.0
2014-10-21 00:00:00-04:00,3.6252048015594482,3.629391046178143,3.6000881322918006,3.6252048015594482,224500,0.0,0.0
2014-10-22 00:00:00-04:00,3.6335753355375506,3.646133663413626,3.591713710321238,3.6084582805633545,405300,0.0,0.0
2014-10-23 00:00:00-04:00,3.6461357976294897,3.6503220424458913,3.5833437222725815,3.5917158126831055,264600,0.0,0.0
2014-10-24 00:00:00-04:00,3.6084588244710916,3.629389640234177,3.562411349169988,3.579155921936035,234900,0.0,0.0
2014-10-27 00:00:00-04:00,3.6000877846940327,3.658693606808174,3.5665986294224603,3.6377627849578857,374500,0.0,0.0
2014-10-28 00:00:00-04:00,3.6503202735707445,3.6796231746413746,3.6210169732780293,3.6586923599243164,293300,0.0,0.0
2014-10-29 00:00:00-04:00,3.650321666386549,3.7047416457265387,3.650321666386549,3.671252489089966,231900,0.0,0.0
2014-10-30 00:00:00-04:00,3.6712522301190824,3.692182652123826,3.65032140889213,3.679624319076538,190500,0.0,0.0
2014-10-31 00:00:00-04:00,3.7005543119433213,3.7047405550960733,3.6628789220127933,3.6921818256378174,234800,0.0,0.0
2014-11-03 00:00:00-05:00,3.704741255898284,3.713113344565363,3.6545071270070313,3.6670658588409424,283700,0.0,0.0
2014-11-04 00:00:00-05:00,3.646135166515314,3.6670659877521006,3.579156857935365,3.6168322563171387,405300,0.0,0.0
2014-11-05 00:00:00-05:00,3.6210176429446146,3.6419484615325928,3.6084593114806918,3.6419484615325928,264400,0.0,0.0
2014-11-06 00:00:00-05:00,3.692182652123826,3.7005551403034906,3.6252043435753443,3.679624319076538,432500,0.0,0.0
2014-11-07 00:00:00-05:00,3.692182634585847,3.7172996997833256,3.63776265934315,3.717299699783325,388300,0.0,0.0
2014-11-10 00:00:00-05:00,3.725671714536926,3.7591608679854494,3.7214858697725104,3.7466025352478027,318800,0.0,0.0
2014-11-11 00:00:00-05:00,3.750789278087709,3.754975522631093,3.7047417857772436,3.7382309436798096,263500,0.0,0.0
2014-11-12 00:00:00-05:00,3.7214858697725104,3.7549750232210335,3.7214858697725104,3.7466025352478027,174800,0.0,0.0
2014-11-13 00:00:00-05:00,3.746603033544325,3.763347612495608,3.725672210049658,3.7382309436798096,265800,0.0,0.0
2014-11-14 00:00:00-05:00,3.746602148553324,3.754974635662413,3.7256713300027595,3.7424159049987793,210000,0.0,0.0
2014-11-17 00:00:00-05:00,3.7298579585235414,3.7800916886963263,3.725671714536926,3.7466025352478027,290400,0.0,0.0
2014-11-18 00:00:00-05:00,3.7549754099145476,3.780092077976396,3.7466029210791043,3.750789165496826,229400,0.0,0.0
2014-11-19 00:00:00-05:00,3.7591609428161794,3.7591609428161794,3.7172996997833256,3.717299699783325,263700,0.0,0.0
2014-11-20 00:00:00-05:00,3.7047408722400523,3.7466021096847393,3.7047408722400523,3.7256712913513184,326900,0.0,0.0
2014-11-21 00:00:00-05:00,3.742416789000941,3.759161367952224,3.725672210049658,3.7382309436798096,224300,0.0,0.0
2014-11-24 00:00:00-05:00,3.7298580154095466,3.7800917463484724,3.7256717713590843,3.7549750804901123,449800,0.0,0.0
2014-11-25 00:00:00-05:00,3.7675317221364257,3.7759042064788573,3.746600910502374,3.76334547996521,221900,0.0,0.0
2014-11-26 00:00:00-05:00,3.771719488654098,3.775905732517191,3.750788668560822,3.7591607570648193,158600,0.0,0.0
2014-11-28 00:00:00-05:00,3.775905732517191,3.775905732517191,3.713113272237362,3.7591607570648193,211700,0.0,0.0
2014-12-01 00:00:00-05:00,3.750788019340074,3.7591601063949542,3.621017276601419,3.629389762878418,510400,0.0,0.0
2014-12-02 00:00:00-05:00,3.637762676622632,3.7089272292609463,3.629390587665177,3.679624319076538,402700,0.0,0.0
2014-12-03 00:00:00-05:00,3.6712506690025157,3.717298136743397,3.6670644266927885,3.704739809036255,270500,0.0,0.0
2014-12-04 00:00:00-05:00,3.7047408527878405,3.7298575152783435,3.6754375475860503,3.700554609298706,261000,0.0,0.0
2014-12-05 00:00:00-05:00,3.7131127915306608,3.7298573655930594,3.6628790693434636,3.6963682174682617,251400,0.0,0.0
2014-12-08 00:00:00-05:00,3.679623316305807,3.700554131828696,3.549852579441581,3.562411308288574,530300,0.0,0.0
2014-12-09 00:00:00-05:00,3.528922477735563,3.608459104746512,3.5247362344133717,3.595900774002075,594100,0.0,0.0
2014-12-10 00:00:00-05:00,3.579156614665442,3.6042732790646754,3.5163641552229916,3.5247366428375244,473700,0.0,0.0
2014-12-11 00:00:00-05:00,3.5372950107299443,3.5456674984289593,3.474502949876079,3.478689193725586,421700,0.0,0.0
2014-12-12 00:00:00-05:00,3.4828744902080597,3.4912469765893888,3.39915162250539,3.4075241088867188,493100,0.0,0.0
2014-12-15 00:00:00-05:00,3.3991523155928527,3.4828752003666263,3.3949660715486125,3.4158968925476074,479500,0.0,0.0
2014-12-16 00:00:00-05:00,3.415896499654423,3.415896499654423,3.344731955976443,3.3489181995391846,452500,0.0,0.0
2014-12-17 00:00:00-05:00,3.3489190857333457,3.4452003178214925,3.3447328410628354,3.4326419830322266,454800,0.0,0.0
2014-12-18 00:00:00-05:00,3.4745026923167517,3.5749701419243203,3.4577581173821565,3.487061023712158,679400,0.0,0.0
2014-12-19 00:00:00-05:00,3.512177590566903,3.579155880862465,3.4912467750440146,3.562411308288574,659600,0.0,0.0
2014-12-22 00:00:00-05:00,3.5624119341899942,3.5624119341899942,3.489446839408576,3.5023229122161865,467000,0.21,0.0
2014-12-23 00:00:00-05:00,3.536659289299942,3.562411843583144,3.4808624294554744,3.498030662536621,541800,0.0,0.0
2014-12-24 00:00:00-05:00,3.510907144339704,3.510907144339704,3.472278517576383,3.498030662536621,232400,0.0,0.0
2014-12-26 00:00:00-05:00,3.5023239555511756,3.5495369187820156,3.498031793562354,3.5366604328155518,349400,0.0,0.0
2014-12-29 00:00:00-05:00,3.5237832457425426,3.5409514789646037,3.48944677929842,3.5109071731567383,615800,0.0,0.0
2014-12-30 00:00:00-05:00,3.493739186459469,3.540951728820801,3.485154864581229,3.540951728820801,584400,0.0,0.0
2014-12-31 00:00:00-05:00,3.5237835951591556,3.5538279039461993,3.5023231991728347,3.51949143409729,894200,0.0,0.0
2015-01-02 00:00:00-05:00,3.5495368131399925,3.588165041920433,3.510908175036468,3.5581207275390625,428600,0.0,0.0
2015-01-05 00:00:00-05:00,3.549536059960682,3.5838725289172424,3.536659577109724,3.570996046066284,355600,0.0,0.0
2015-01-06 00:00:00-05:00,3.575287406028338,3.5795795660170646,3.480861932890875,3.4937384128570557,604300,0.0,0.0
2015-01-07 00:00:00-05:00,3.54095183008361,3.5495361522073416,3.4851549642483803,3.51949143409729,445100,0.0,0.0
2015-01-08 00:00:00-05:00,3.558120257534674,3.592456729241498,3.536659860387151,3.5881645679473877,315700,0.0,0.0
2015-01-09 00:00:00-05:00,3.5881632455285,3.5881632455285,3.532366397238102,3.549535036087036,268500,0.0,0.0
2015-01-12 00:00:00-05:00,3.566704134548346,3.575288046741182,3.519491184857321,3.545243740081787,314000,0.0,0.0
2015-01-13 00:00:00-05:00,3.5624129954253827,3.592457310700938,3.5194921941833637,3.5366604328155518,314100,0.0,0.0
2015-01-14 00:00:00-05:00,3.528075128819705,3.5495355209897013,3.498030416052536,3.523782968521118,284300,0.0,0.0
2015-01-15 00:00:00-05:00,3.545244467013652,3.545244467013652,3.4722793564600662,3.489447593688965,435200,0.0,0.0
2015-01-16 00:00:00-05:00,3.5023234234226797,3.5194916594463974,3.442234802001185,3.4594030380249023,556200,0.0,0.0
2015-01-20 00:00:00-05:00,3.4508177117419234,3.4679859427725637,3.399313018650004,3.4422338008880615,464200,0.0,0.0
2015-01-21 00:00:00-05:00,3.455110124267141,3.4851544284351252,3.437941891982158,3.472278356552124,348900,0.0,0.0
2015-01-22 00:00:00-05:00,3.5023223982439635,3.5194906292423,3.4937384874062523,3.5151984691619873,385100,0.0,0.0
2015-01-23 00:00:00-05:00,3.5280753263561215,3.5323670775720672,3.4594023950254944,3.4808623790740967,343100,0.0,0.0
2015-01-26 00:00:00-05:00,3.4937397553269554,3.498031507641883,3.455111119231167,3.489447593688965,327000,0.0,0.0
2015-01-27 00:00:00-05:00,3.476570256407916,3.5366588602406366,3.446525545168641,3.5151984691619873,452800,0.0,0.0
2015-01-28 00:00:00-05:00,3.5151994981097094,3.536659895470115,3.433650479327809,3.4594030380249023,397300,0.0,0.0
2015-01-29 00:00:00-05:00,3.4594030852294435,3.506615632608137,3.4207742466567015,3.4765713214874268,383900,0.0,0.0
2015-01-30 00:00:00-05:00,3.4722781028609524,3.489446333891592,3.437941640799673,3.4422338008880615,258500,0.0,0.0
2015-02-02 00:00:00-05:00,3.437942640664497,3.463694790038556,3.4121900819674034,3.4594030380249023,345500,0.0,0.0
2015-02-03 00:00:00-05:00,3.459403563632253,3.5366604328155518,3.4465270776657895,3.5366604328155518,447800,0.0,0.0
2015-02-04 00:00:00-05:00,3.5109082795288176,3.5624129954253827,3.5109082795288176,3.5366604328155518,307700,0.0,0.0
2015-02-05 00:00:00-05:00,3.5452439353155167,3.6267929475917033,3.53665961332697,3.6139168739318848,354500,0.0,0.0
2015-02-06 00:00:00-05:00,3.6267932409727184,3.6868822717843037,3.605332843588364,3.6611297130584717,489700,0.0,0.0
2015-02-09 00:00:00-05:00,3.6611297130584717,3.6868822717843037,3.6525457996985504,3.6611297130584717,231500,0.0,0.0
2015-02-10 00:00:00-05:00,3.669713738888434,3.6782976515539794,3.601040800272066,3.6139168739318848,305600,0.0,0.0
2015-02-11 00:00:00-05:00,3.6139168739318848,3.62250078659743,3.5795804046237008,3.6139168739318848,313100,0.0,0.0
2015-02-12 00:00:00-05:00,3.6224997405195682,3.6568366092352145,3.5838715306948723,3.609623670578003,409100,0.0,0.0
2015-02-13 00:00:00-05:00,3.6310856803366893,3.652546079364209,3.613917442979287,3.648253917694092,382600,0.0,0.0
2015-02-17 00:00:00-05:00,3.6482529164226047,3.6868815422058105,3.6310846837770634,3.6868815422058105,239500,0.0,0.0
2015-02-18 00:00:00-05:00,3.6868818199648943,3.6868818199648943,3.656837512902484,3.6740057468414307,187400,0.0,0.0
2015-02-19 00:00:00-05:00,3.674006332524197,3.6825902462005615,3.6654220095247823,3.6825902462005615,159500,0.0,0.0
2015-02-20 00:00:00-05:00,3.6825906600142346,3.704051060601232,3.6568385067683145,3.6911749839782715,200300,0.0,0.0
2015-02-23 00:00:00-05:00,3.69975742697502,3.7126334984762943,3.6697131236977363,3.704049587249756,231600,0.0,0.0
2015-02-24 00:00:00-05:00,3.7040502624400715,3.7340945711939617,3.691174188591691,3.716926336288452,307900,0.0,0.0
2015-02-25 00:00:00-05:00,3.725510557512279,3.746970543570753,3.712634074689598,3.738386631011963,190500,0.0,0.0
2015-02-26 00:00:00-05:00,3.738385863208203,3.764138414241412,3.7126333121749946,3.721217632293701,395100,0.0,0.0
2015-02-27 00:00:00-05:00,3.7383861672074863,3.768430471420288,3.7255100953052778,3.768430471420288,452500,0.0,0.0
2015-03-02 00:00:00-05:00,3.768431688748615,3.811352488051412,3.768431688748615,3.781308174133301,288100,0.0,0.0
2015-03-03 00:00:00-05:00,3.7898920949655324,3.8542728847081813,3.781308180683949,3.8413968086242676,656600,0.0,0.0
2015-03-04 00:00:00-05:00,3.849979683910483,3.849979683910483,3.7984749896272265,3.8113510608673096,412500,0.0,0.0
2015-03-05 00:00:00-05:00,3.862855556377789,3.927236318588257,3.8585633964109833,3.927236318588257,713300,0.0,0.0
2015-03-06 00:00:00-05:00,3.9358210692019986,3.9701575340479285,3.905776764792547,3.96586537361145,760100,0.0,0.0
2015-03-09 00:00:00-04:00,3.9701581402979005,3.995910697526282,3.922945596256047,3.957282066345215,634700,0.0,0.0
2015-03-10 00:00:00-04:00,3.9186530227323497,3.974449883085472,3.90577695013485,3.948697328567505,369900,0.0,0.0
2015-03-11 00:00:00-04:00,3.944405306288285,3.97445002250031,3.9358213940298366,3.9701578617095947,422600,0.0,0.0
2015-03-12 00:00:00-04:00,3.9787419059054496,3.9873258175654542,3.9401132801280445,3.9830336570739746,650100,0.0,0.0
2015-03-13 00:00:00-04:00,3.995910138548412,4.004494050208417,3.9401132801280445,3.9830336570739746,663900,0.0,0.0
2015-03-16 00:00:00-04:00,3.9873259455353116,4.013078499987739,3.9701577123413485,3.974449872970581,485500,0.0,0.0
2015-03-17 00:00:00-04:00,3.991619243312594,4.034539633863346,3.9744510052276767,4.013079643249512,855500,0.0,0.0
2015-03-18 00:00:00-04:00,3.9779522472513764,4.021858751677281,3.9735614711905503,4.017467975616455,636500,0.21,0.0
2015-03-19 00:00:00-04:00,4.0218598823436595,4.035031795501709,3.986734501437148,4.035031795501709,545100,0.0,0.0
2015-03-20 00:00:00-04:00,4.035031497610806,4.035031497610806,4.004296896268518,4.02625036239624,401700,0.0,0.0
2015-03-23 00:00:00-04:00,4.030641555786133,4.048204246757262,4.0174692235121,4.030641555786133,440800,0.0,0.0
2015-03-24 00:00:00-04:00,4.048204779275182,4.083330165837982,4.026251307991523,4.052595138549805,601400,0.0,0.0
2015-03-25 00:00:00-04:00,4.070158432746629,4.07893957041657,4.035032625883897,4.043814182281494,262100,0.0,0.0
2015-03-26 00:00:00-04:00,4.021860175036189,4.061376336113711,4.017469397421442,4.04820442199707,324200,0.0,0.0
2015-03-27 00:00:00-04:00,4.061375622411054,4.061375622411054,3.9779529560286684,4.004296779632568,324200,0.0,0.0
2015-03-30 00:00:00-04:00,4.017469048080577,4.017469048080577,3.9779533091667636,4.013078689575195,320500,0.0,0.0
2015-03-31 00:00:00-04:00,4.008687557609068,4.039422158064817,3.960390268503246,3.9779529571533203,455900,0.0,0.0
2015-04-01 00:00:00-04:00,3.9911252844813063,4.030641442739944,3.9779533713042836,3.995516061782837,397600,0.0,0.0
2015-04-02 00:00:00-04:00,3.9823431968688965,4.0086874384245155,3.977952838882555,3.9823431968688965,469400,0.0,0.0
2015-04-06 00:00:00-04:00,3.929655658442584,4.035031801313905,3.9208745225670922,3.995516061782837,443000,0.0,0.0
2015-04-07 00:00:00-04:00,3.9911253452301025,4.017469171985127,3.977953431852591,3.9911253452301025,297300,0.0,0.0
2015-04-08 00:00:00-04:00,3.982343790493377,4.004297258607615,3.973562654484228,3.9911253452301025,195000,0.0,0.0
2015-04-09 00:00:00-04:00,3.9911243330562756,4.013077795602979,3.986733556801441,4.0086870193481445,247900,0.0,0.0
2015-04-10 00:00:00-04:00,4.017468153130344,4.0350308394222125,3.999905466838475,4.0086870193481445,165600,0.0,0.0
2015-04-13 00:00:00-04:00,4.008687556475727,4.021859468277677,3.9999060027894093,4.004296779632568,178200,0.0,0.0
2015-04-14 00:00:00-04:00,4.00429624309331,4.017468153130344,3.9955151093111105,4.0086870193481445,208100,0.0,0.0
2015-04-15 00:00:00-04:00,4.017469048080577,4.017469048080577,3.9999063578763607,4.013078689575195,222200,0.0,0.0
2015-04-16 00:00:00-04:00,4.013078093580017,4.083328843963715,4.00868731699916,4.074547290802002,540700,0.0,0.0
2015-04-17 00:00:00-04:00,4.083330583922956,4.10089327900257,4.0525955534878735,4.056986331939697,338000,0.0,0.0
2015-04-20 00:00:00-04:00,4.070158250558841,4.092111303114863,4.0394232232706635,4.052595138549805,177500,0.0,0.0
2015-04-21 00:00:00-04:00,4.056986098150234,4.070158432746629,4.0174699318163585,4.043814182281494,225100,0.0,0.0
2015-04-22 00:00:00-04:00,4.030641436934072,4.065766817840583,4.026250659638865,4.035031795501709,202600,0.0,0.0
2015-04-23 00:00:00-04:00,4.043813989964393,4.105283625641211,4.030642074722088,4.083330154418945,423700,0.0,0.0
2015-04-24 00:00:00-04:00,4.065766334533691,4.092110157718239,4.052594004213897,4.065766334533691,191700,0.0,0.0
2015-04-27 00:00:00-04:00,4.06576615636779,4.096500754978782,4.043812692191009,4.074547290802002,303600,0.0,0.0
2015-04-28 00:00:00-04:00,4.083330583922956,4.092111722098923,4.048205193763731,4.056986331939697,184400,0.0,0.0
2015-04-29 00:00:00-04:00,4.048204544386588,4.070158014396443,4.0042976043668785,4.039422988891602,361400,0.0,0.0
2015-04-30 00:00:00-04:00,4.0350317382847924,4.08332945039206,3.98673444490509,4.013078689575195,369300,0.0,0.0
2015-05-01 00:00:00-04:00,4.021859812589174,4.096501350402832,4.004297122440523,4.096501350402832,350500,0.0,0.0
2015-05-04 00:00:00-04:00,4.0965022644841085,4.100893042682907,4.030642266412754,4.043814182281494,319800,0.0,0.0
2015-05-05 00:00:00-04:00,4.0306407220392195,4.0569845436828444,3.986733794329851,4.021859169006348,285700,0.0,0.0
2015-05-06 00:00:00-04:00,4.039421437193134,4.039421437193134,3.9911241567064026,4.017467975616455,192500,0.0,0.0
2015-05-07 00:00:00-04:00,4.017468691434519,4.030641021963995,3.9999060027894093,4.004296779632568,264800,0.0,0.0
2015-05-08 00:00:00-04:00,4.04381221325396,4.04381221325396,3.999905290100603,4.017467975616455,312600,0.0,0.0
2015-05-11 00:00:00-04:00,4.035031315152897,4.100891710557955,4.035031315152897,4.0921101570129395,314000,0.0,0.0
2015-05-12 00:00:00-04:00,4.083330265363871,4.109674096564248,4.061376793545124,4.105283737182617,334900,0.0,0.0
2015-05-13 00:00:00-04:00,4.105282664988893,4.114063800186398,4.087719975866347,4.109673023223877,160100,0.0,0.0
2015-05-14 00:00:00-04:00,4.1140651084820075,4.136018581548402,4.105283970492052,4.11845588684082,264600,0.0,0.0
2015-05-15 00:00:00-04:00,4.140407030684353,4.171141624450684,4.118453569968072,4.171141624450684,519400,0.0,0.0
2015-05-18 00:00:00-04:00,4.171142929898566,4.219440223608099,4.162361375372705,4.206268310546875,474700,0.0,0.0
2015-05-19 00:00:00-04:00,4.237002968455141,4.237002968455141,4.197487228762969,4.232612609863281,346500,0.0,0.0
2015-05-20 00:00:00-04:00,4.267737330405908,4.272127688318231,4.2194396248227894,4.241393089294434,482800,0.0,0.0
2015-05-21 00:00:00-04:00,4.171142281943338,4.193095746120118,4.061375379786933,4.074547290802002,832200,0.0,0.0
2015-05-22 00:00:00-04:00,4.105282071206856,4.1447978019714355,4.1008912948794105,4.1447978019714355,574700,0.0,0.0
2015-05-26 00:00:00-04:00,4.166751264881187,4.166751264881187,4.08771938462455,4.1447978019714355,465400,0.0,0.0
2015-05-27 00:00:00-04:00,4.157969951629639,4.166751085178342,4.122844579979907,4.157969951629639,300500,0.0,0.0
2015-05-28 00:00:00-04:00,4.162360072673198,4.171141624450684,4.131625478906867,4.171141624450684,267600,0.0,0.0
2015-05-29 00:00:00-04:00,4.166751443860469,4.171142220376517,4.127235292671029,4.136016845703125,282100,0.0,0.0
2015-06-01 00:00:00-04:00,4.171143654745737,4.184315570095932,4.136018267993458,4.162362098693848,360600,0.0,0.0
2015-06-02 00:00:00-04:00,4.171143643221558,4.197487892576802,4.153580949893941,4.193097114562988,250400,0.0,0.0
2015-06-03 00:00:00-04:00,4.197486343748763,4.298471688438127,4.188704790961435,4.285299777984619,572200,0.0,0.0
2015-06-04 00:00:00-04:00,4.272128534131924,4.272128534131924,4.2018777688961295,4.219440460205078,309600,0.0,0.0
2015-06-05 00:00:00-04:00,4.232612609863281,4.237002968455141,4.193096451443537,4.232612609863281,217700,0.0,0.0
2015-06-08 00:00:00-04:00,4.2457844684581145,4.2457844684581145,4.19309639748565,4.206268310546875,192400,0.0,0.0
2015-06-09 00:00:00-04:00,4.193097114562988,4.228222501218222,4.188706336549175,4.193097114562988,343200,0.0,0.0
2015-06-10 00:00:00-04:00,4.206268960556789,4.254566261729879,4.193097045460062,4.223831653594971,325500,0.0,0.0
2015-06-11 00:00:00-04:00,4.237003029348038,4.2545657201506,4.1930965117054235,4.228221893310547,403700,0.0,0.0
2015-06-12 00:00:00-04:00,4.228222015223348,4.232612792732482,4.19309663260545,4.219440460205078,366800,0.0,0.0
2015-06-15 00:00:00-04:00,4.201877533283945,4.2282217781339595,4.171142929898566,4.206268310546875,444900,0.0,0.0
2015-06-16 00:00:00-04:00,4.219735574076428,4.24667024592652,4.192801330338423,4.237691879272461,451700,0.21,0.0
2015-06-17 00:00:00-04:00,4.237691166578315,4.273604199042618,4.215246109942144,4.251158714294434,375100,0.0,0.0
2015-06-18 00:00:00-04:00,4.251160197807172,4.2646273221108535,4.206269212645351,4.2242255210876465,384900,0.0,0.0
2015-06-19 00:00:00-04:00,4.219735528839667,4.228713895397475,4.1793341636657715,4.1793341636657715,381400,0.0,0.0
2015-06-22 00:00:00-04:00,4.179334451620921,4.192801574273434,4.12097634931055,4.156888961791992,549000,0.0,0.0
2015-06-23 00:00:00-04:00,4.174844694912056,4.210757302463433,4.165866328968186,4.192800998687744,496800,0.0,0.0
2015-06-24 00:00:00-04:00,4.174844980386868,4.224224712118571,4.165866613829059,4.1793341636657715,398900,0.0,0.0
2015-06-25 00:00:00-04:00,4.1793341636657715,4.215246773672844,4.156888675383332,4.1793341636657715,269700,0.0,0.0
2015-06-26 00:00:00-04:00,4.156887724495619,4.179333207643657,4.152398542243615,4.170354843139648,159900,0.0,0.0
2015-06-29 00:00:00-04:00,4.156887855796292,4.165865792471897,4.09404058661907,4.107507705688477,281100,0.0,0.0
2015-06-30 00:00:00-04:00,4.103019714355469,4.1658665671069475,4.103019714355469,4.103019714355469,369900,0.0,0.0
2015-07-01 00:00:00-04:00,4.174843719073441,4.174843719073441,4.089550974991425,4.09852933883667,298000,0.0,0.0
2015-07-02 00:00:00-04:00,4.147911019320625,4.192802003574875,4.120976771257798,4.1748456954956055,465800,0.0,0.0
2015-07-06 00:00:00-04:00,4.165866900856298,4.183823207097019,4.152399778203785,4.156888961791992,278800,0.0,0.0
2015-07-07 00:00:00-04:00,4.152399445133035,4.174844933161575,4.044661616330536,4.094041347503662,641600,0.0,0.0
2015-07-08 00:00:00-04:00,4.053638801298856,4.111996888082277,4.0491500470170525,4.107507705688477,278300,0.0,0.0
2015-07-09 00:00:00-04:00,4.147909055649659,4.147909055649659,4.085062221180755,4.09852933883667,169500,0.0,0.0
2015-07-10 00:00:00-04:00,4.11648683592906,4.152399445533356,4.076085043096209,4.103019714355469,210000,0.0,0.0
2015-07-13 00:00:00-04:00,4.111998031187091,4.1434214604551824,4.098530908373925,4.138932704925537,266600,0.0,0.0
2015-07-14 00:00:00-04:00,4.138933079337067,4.1748456954956055,4.120976771257798,4.1748456954956055,201800,0.0,0.0
2015-07-15 00:00:00-04:00,4.170355605353415,4.174844788425905,4.120975875892211,4.147910118103027,140400,0.0,0.0
2015-07-16 00:00:00-04:00,4.152399492104427,4.192801285390403,4.152399492104427,4.1793341636657715,175100,0.0,0.0
2015-07-17 00:00:00-04:00,4.174845268032714,4.188312390685227,4.152399778203785,4.156888961791992,264000,0.0,0.0
2015-07-20 00:00:00-04:00,4.147910405032289,4.1523995884153155,4.089552305389217,4.125464916229248,281700,0.0,0.0
2015-07-21 00:00:00-04:00,4.107507705688477,4.125464007151683,4.080573467549664,4.107507705688477,186000,0.0,0.0
2015-07-22 00:00:00-04:00,4.089552020978895,4.098530387120542,4.040172291536019,4.062617778778076,257400,0.0,0.0
2015-07-23 00:00:00-04:00,4.0715965362560285,4.085064088178974,4.004260489089885,4.022216796875,394900,0.0,0.0
2015-07-24 00:00:00-04:00,4.031194314831553,4.040172681840564,3.887543867584206,3.909989356994629,637900,0.0,0.0
2015-07-27 00:00:00-04:00,3.9189667248998212,3.9907923661706333,3.8830541183204357,3.945901393890381,379400,0.0,0.0
2015-07-28 00:00:00-04:00,3.9369231733952255,3.9863028968654564,3.9324339908673838,3.963857412338257,147400,0.0,0.0
2015-07-29 00:00:00-04:00,3.9548806998651442,4.053640177382526,3.9548806998651442,4.040173053741455,273300,0.0,0.0
2015-07-30 00:00:00-04:00,4.067106366379197,4.215245961130599,4.067106366379197,4.210756778717041,587500,0.0,0.0
2015-07-31 00:00:00-04:00,4.1972902778676335,4.260137128467059,4.174844790605527,4.242180824279785,501400,0.0,0.0
2015-08-03 00:00:00-04:00,4.215246336943118,4.242180577601802,4.134442758742996,4.143420696258545,402400,0.0,0.0
2015-08-04 00:00:00-04:00,4.129954288374855,4.2017795133377405,4.12097634931055,4.156888961791992,312600,0.0,0.0
2015-08-05 00:00:00-04:00,4.1748460145771435,4.233204127323091,4.120977086222158,4.228714942932129,358200,0.0,0.0
2015-08-06 00:00:00-04:00,4.242181350253044,4.2511597175159075,4.192801614643638,4.233203411102295,251000,0.0,0.0
2015-08-07 00:00:00-04:00,4.210757494222308,4.251159286585527,4.192801189628885,4.215246677398682,225400,0.0,0.0
2015-08-10 00:00:00-04:00,4.210758059521939,4.260137796755126,4.183823384959754,4.255648612976074,208700,0.0,0.0
2015-08-11 00:00:00-04:00,4.242181489751046,4.260137796755126,4.224225182746967,4.255648612976074,210600,0.0,0.0
2015-08-12 00:00:00-04:00,4.219734817830651,4.305027573310007,4.219734817830651,4.260136604309082,309900,0.0,0.0
2015-08-13 00:00:00-04:00,4.264625833898538,4.264625833898538,4.237691166578315,4.251158714294434,132900,0.0,0.0
2015-08-14 00:00:00-04:00,4.224224002140964,4.291560455670851,4.21973481961657,4.269114971160889,305000,0.0,0.0
2015-08-17 00:00:00-04:00,4.246669484853608,4.282582088809544,4.2242240003531455,4.260136604309082,207400,0.0,0.0
2015-08-18 00:00:00-04:00,4.246669484853608,4.282582088809544,4.22871318287564,4.260136604309082,201900,0.0,0.0
2015-08-19 00:00:00-04:00,4.2332020658302625,4.260136302835176,4.156887680796379,4.1883111000061035,292000,0.0,0.0
2015-08-20 00:00:00-04:00,4.192801333890976,4.192801333890976,4.156888723468483,4.161377906799316,121000,0.0,0.0
2015-08-21 00:00:00-04:00,4.174845469870368,4.174845469870368,4.04466213630325,4.085063934326172,429900,0.0,0.0
2015-08-24 00:00:00-04:00,3.905500547363984,3.9548807144165035,2.639579789529791,3.954880714416504,1050400,0.0,0.0
2015-08-25 00:00:00-04:00,4.004260438623835,4.08506403669455,3.9907933149827635,4.040173053741455,393900,0.0,0.0
2015-08-26 00:00:00-04:00,4.062618206420327,4.0940416349996855,4.040172716815596,4.0805745124816895,363900,0.0,0.0
2015-08-27 00:00:00-04:00,4.120977422616563,4.264627909956013,4.103021111699132,4.197291851043701,631400,0.0,0.0
2015-08-28 00:00:00-04:00,4.210757493722716,4.210757493722716,4.1254647258300245,4.206268310546875,408200,0.0,0.0
2015-08-31 00:00:00-04:00,4.206268737425819,4.2870723303431335,4.179334491861457,4.233203411102295,331400,0.0,0.0
2015-09-01 00:00:00-04:00,4.1748437852828,4.215245567003233,4.143419939438041,4.165865421295166,197000,0.0,0.0
2015-09-02 00:00:00-04:00,4.17484502867973,4.19729051722181,4.125464868264737,4.161377906799316,286000,0.0,0.0
2015-09-03 00:00:00-04:00,4.197290936296911,4.309517962100442,4.197290936296911,4.255648612976074,322000,0.0,0.0
2015-09-04 00:00:00-04:00,4.219735622406006,4.255648233209386,4.1928013783595155,4.219735622406006,218400,0.0,0.0
2015-09-08 00:00:00-04:00,4.269115208927982,4.278093146364785,4.219735054633451,4.2646260261535645,200500,0.0,0.0
2015-09-09 00:00:00-04:00,4.264625683343732,4.282581984885963,4.1972896595883675,4.210756778717041,177500,0.0,0.0
2015-09-10 00:00:00-04:00,4.224225043839431,4.255648473035225,4.201779553794387,4.233203411102295,187300,0.0,0.0
2015-09-11 00:00:00-04:00,4.219734715432157,4.237691016974388,4.165865810805466,4.210756778717041,252700,0.0,0.0
2015-09-14 00:00:00-04:00,4.210757781456598,4.219735720309698,4.120976252365091,4.183823108673096,420300,0.0,0.0
2015-09-15 00:00:00-04:00,4.1838237200644395,4.237692645391328,4.1613786555956915,4.2242255210876465,311900,0.0,0.0
2015-09-16 00:00:00-04:00,4.196675493290427,4.260956892146439,4.178309316776682,4.247182369232178,226600,0.21,0.0
2015-09-17 00:00:00-04:00,4.2425912543054345,4.256366216852862,4.1645348847403225,4.201267242431641,265500,0.0,0.0
2015-09-18 00:00:00-04:00,4.1966747224433245,4.2196321104555405,4.164533591034828,4.187491416931152,300900,0.0,0.0
2015-09-21 00:00:00-04:00,4.2196334212773,4.228816729642252,4.182901063585982,4.201267242431641,112600,0.0,0.0
2015-09-22 00:00:00-04:00,4.155351350409372,4.19667535568133,4.1278018676000094,4.150759696960449,1117600,0.0,0.0
2015-09-23 00:00:00-04:00,4.169125229454949,4.19208305527233,4.132392883300781,4.132392883300781,226700,0.0,0.0
2015-09-24 00:00:00-04:00,4.118619342821639,4.146168390049385,4.104844381323556,4.10943603515625,406200,0.0,0.0
2015-09-25 00:00:00-04:00,4.132393233622438,4.173717236020126,4.123209927363333,4.146167755126953,341900,0.0,0.0
2015-09-28 00:00:00-04:00,4.1094362492371745,4.13698573578432,3.879858800253151,3.9119999408721924,761700,0.0,0.0
2015-09-29 00:00:00-04:00,3.911998757401524,3.9487311030958394,3.8109845878001054,3.833942413330078,886500,0.0,0.0
2015-09-30 00:00:00-04:00,3.9119996121466367,4.086478073374934,3.9028163047745177,4.068111896514893,707600,0.0,0.0
2015-10-01 00:00:00-04:00,4.035971451276367,4.219633231471562,4.035971451276367,4.2058587074279785,721700,0.0,0.0
2015-10-02 00:00:00-04:00,4.12780108955885,4.17830839220863,4.058928052343449,4.091068744659424,529300,0.0,0.0
2015-10-05 00:00:00-04:00,4.123210558770123,4.173717875161341,4.10943603515625,4.10943603515625,417900,0.0,0.0
2015-10-06 00:00:00-04:00,4.077295276281783,4.173717815980089,4.077295276281783,4.155351638793945,344700,0.0,0.0
2015-10-07 00:00:00-04:00,4.150759735484006,4.2609567919758575,4.132393559402031,4.237998962402344,283200,0.0,0.0
2015-10-08 00:00:00-04:00,4.2104497568307435,4.260956629661147,4.187491928131774,4.219632625579834,302200,0.0,0.0
2015-10-09 00:00:00-04:00,4.20585759007139,4.242589936351865,4.169125243790914,4.187491416931152,292900,0.0,0.0
2015-10-12 00:00:00-04:00,4.205858103514117,4.237998800962178,4.159942884000339,4.219632625579834,237100,0.0,0.0
2015-10-13 00:00:00-04:00,4.182901063585982,4.2425912543054345,4.1645348847403225,4.201267242431641,170800,0.0,0.0
2015-10-14 00:00:00-04:00,4.201267023507264,4.215041985336891,4.169126321673247,4.173717975616455,156200,0.0,0.0
2015-10-15 00:00:00-04:00,4.159942328843558,4.242589888092458,4.159942328843558,4.233407020568848,171500,0.0,0.0
2015-10-16 00:00:00-04:00,4.247182369232178,4.260956892146439,4.2288161927184325,4.247182369232178,122100,0.0,0.0
2015-10-19 00:00:00-04:00,4.219634118039633,4.25177526473999,4.19208506416426,4.25177526473999,126600,0.0,0.0
2015-10-20 00:00:00-04:00,4.260956764221191,4.2885062471067945,4.247182241720478,4.260956764221191,201300,0.0,0.0
2015-10-21 00:00:00-04:00,4.265547627420625,4.306871625150997,4.260955974809674,4.279322147369385,235300,0.0,0.0
2015-10-22 00:00:00-04:00,4.297689249258702,4.3803372625912,4.2747318570078425,4.302280902862549,386800,0.0,0.0
2015-10-23 00:00:00-04:00,4.302281091671567,4.316055615203426,4.270140390802492,4.297689437866211,260700,0.0,0.0
2015-10-26 00:00:00-04:00,4.2976892451739275,4.316055421687673,4.2196328855194665,4.247182369232178,235300,0.0,0.0
2015-10-27 00:00:00-04:00,4.247181589107951,4.247181589107951,4.173716896547001,4.187491416931152,174600,0.0,0.0
2015-10-28 00:00:00-04:00,4.210451246042615,4.279324318615363,4.155352700407552,4.25177526473999,331400,0.0,0.0
2015-10-29 00:00:00-04:00,4.224225044250488,4.2885068886774915,4.224225044250488,4.224225044250488,195600,0.0,0.0
2015-10-30 00:00:00-04:00,4.247182241720478,4.306872423069137,4.233407719219764,4.260956764221191,312200,0.0,0.0
2015-11-02 00:00:00-05:00,4.2471824049707445,4.343604941950312,4.2471824049707445,4.334421634674072,424600,0.0,0.0
2015-11-03 00:00:00-05:00,4.348196666355554,4.366562843322754,4.3252388356755045,4.366562843322754,550400,0.0,0.0
2015-11-04 00:00:00-05:00,4.348197362240121,4.3803380676054635,4.311465002427083,4.339014053344727,244000,0.0,0.0
2015-11-05 00:00:00-05:00,4.357379567190252,4.407886882625928,4.3206472129920535,4.398703575134277,505600,0.0,0.0
2015-11-06 00:00:00-05:00,4.3849293980782305,4.426253409285795,4.366563219528673,4.412478446960449,392500,0.0,0.0
2015-11-09 00:00:00-05:00,4.421660471628426,4.421660471628426,4.35737864642301,4.375744819641113,279800,0.0,0.0
2015-11-10 00:00:00-05:00,4.384928891890164,4.394111761162771,4.348196539031363,4.380337238311768,196200,0.0,0.0
2015-11-11 00:00:00-05:00,4.384928696510911,4.389520349884718,4.320646862930122,4.329830169677734,254200,0.0,0.0
2015-11-12 00:00:00-05:00,4.329830645776209,4.329830645776209,4.256365935253959,4.2747321128845215,234700,0.0,0.0
2015-11-13 00:00:00-05:00,4.2701402992987,4.274731953005662,4.210450114760785,4.256365776062012,280800,0.0,0.0
2015-11-16 00:00:00-05:00,4.270140235277155,4.348196595588433,4.2471824049707445,4.334421634674072,195500,0.0,0.0
2015-11-17 00:00:00-05:00,4.316055615203426,4.339013446345997,4.270140390802492,4.297689437866211,292300,0.0,0.0
2015-11-18 00:00:00-05:00,4.32523873700459,4.371154397317224,4.311464214064475,4.35737943649292,227300,0.0,0.0
2015-11-19 00:00:00-05:00,4.3619696168715425,4.426251432021589,4.357377964814245,4.403293609619141,310700,0.0,0.0
2015-11-20 00:00:00-05:00,4.394111889831454,4.417069720511504,4.352787882184205,4.366562843322754,354200,0.0,0.0
2015-11-23 00:00:00-05:00,4.389521052186679,4.430844625510007,4.366563219528673,4.412478446960449,364100,0.0,0.0
2015-11-24 00:00:00-05:00,4.412477913990983,4.4767597500921505,4.389520521990165,4.458393573760986,259700,0.0,0.0
2015-11-25 00:00:00-05:00,4.4354351195857875,4.499716946639249,4.4354351195857875,4.4951252937316895,283400,0.0,0.0
2015-11-27 00:00:00-05:00,4.499718189239502,4.513492713881901,4.490534880888407,4.499718189239502,86000,0.0,0.0
2015-11-30 00:00:00-05:00,4.508900061195618,4.600731372833252,4.504308845921053,4.600731372833252,500900,0.0,0.0
2015-12-01 00:00:00-05:00,4.591547915334119,4.683378786063975,4.591547915334119,4.637463569641113,581700,0.0,0.0
2015-12-02 00:00:00-05:00,4.655831108664947,4.660422325134277,4.609915440897569,4.660422325134277,503200,0.0,0.0
2015-12-03 00:00:00-05:00,4.66960426492553,4.678787133056449,4.609914089480091,4.637463569641113,414600,0.0,0.0
2015-12-04 00:00:00-05:00,4.646647713168541,4.651239367436369,4.605323700526594,4.619098663330078,480500,0.0,0.0
2015-12-07 00:00:00-05:00,4.614506916322733,4.619098570498281,4.476760356246007,4.499718189239502,433500,0.0,0.0
2015-12-08 00:00:00-05:00,4.45839404935742,4.527267108475232,4.440027871067054,4.513492584228516,283600,0.0,0.0
2015-12-09 00:00:00-05:00,4.481351593369831,4.550224648056482,4.430844277907697,4.453802108764648,427200,0.0,0.0
2015-12-10 00:00:00-05:00,4.440027209842272,4.490534083148054,4.430843903122585,4.462985038757324,226200,0.0,0.0
2015-12-11 00:00:00-05:00,4.417068996723766,4.417068996723766,4.242590125183643,4.316054821014404,613200,0.0,0.0
2015-12-14 00:00:00-05:00,4.311463673965855,4.334421063362103,4.155350973920222,4.159942626953125,631600,0.0,0.0
2015-12-15 00:00:00-05:00,4.1507600207120845,4.380337456454754,4.1507600207120845,4.352787971496582,545200,0.0,0.0
2015-12-16 00:00:00-05:00,4.352787607066529,4.481351275595269,4.28850621068633,4.47216796875,258900,0.0,0.0
2015-12-17 00:00:00-05:00,4.440026722512662,4.490533590274898,4.375744896182811,4.407886028289795,399700,0.0,0.0
2015-12-18 00:00:00-05:00,4.394111889831454,4.490534428380305,4.343605012642704,4.366562843322754,471500,0.0,0.0
2015-12-21 00:00:00-05:00,4.426253059725028,4.426253059725028,4.348196697582804,4.398703575134277,304200,0.0,0.0
2015-12-22 00:00:00-05:00,4.450342212169832,4.450342212169832,4.309508949218603,4.323592185974121,1251700,0.21,0.0
2015-12-23 00:00:00-05:00,4.365842261539425,4.473814487457275,4.361147700143514,4.473814487457275,338800,0.0,0.0
2015-12-24 00:00:00-05:00,4.4972871219409765,4.553620519045063,4.483203884589466,4.525454044342041,192800,0.0,0.0
2015-12-28 00:00:00-05:00,4.497287510074064,4.530148549296303,4.426870869541242,4.445648670196533,409100,0.0,0.0
2015-12-29 00:00:00-05:00,4.501981835248277,4.5489261105670495,4.45973167407274,4.497287273406982,331700,0.0,0.0
2015-12-30 00:00:00-05:00,4.4644260436023755,4.487898404099685,4.412786760968687,4.422175884246826,211500,0.0,0.0
2015-12-31 00:00:00-05:00,4.41278600692749,4.4691198415741225,4.41278600692749,4.41278600692749,205000,0.0,0.0
2016-01-04 00:00:00-05:00,4.351758879041547,4.42687006806396,4.337675195326344,4.417480945587158,307300,0.0,0.0
2016-01-05 00:00:00-05:00,4.403397332951693,4.436258363413926,4.37053630248946,4.41278600692749,271400,0.0,0.0
2016-01-06 00:00:00-05:00,4.365841964793863,4.389314322479988,4.342369607107737,4.361147403717041,279700,0.0,0.0
2016-01-07 00:00:00-05:00,4.356453220969671,4.361147782454186,4.257869668284997,4.323592185974121,686000,0.0,0.0
2016-01-08 00:00:00-05:00,4.337675478021449,4.351759162654514,4.2109254502100715,4.2156195640563965,456700,0.0,0.0
2016-01-11 00:00:00-05:00,4.248480419004532,4.271952775557743,4.154591440489651,4.243785858154297,327800,0.0,0.0
2016-01-12 00:00:00-05:00,4.290731053986281,4.300119729045053,4.135814110083419,4.201536178588867,583000,0.0,0.0
2016-01-13 00:00:00-05:00,4.2062307399672605,4.267258694792329,4.192147503530094,4.201536178588867,468700,0.0,0.0
2016-01-14 00:00:00-05:00,4.201537522160953,4.215620763101672,4.032537287777853,4.163981914520264,749700,0.0,0.0
2016-01-15 00:00:00-05:00,4.051313925978045,4.093564084342392,3.9949805307249235,4.070091724395752,544300,0.0,0.0
2016-01-19 00:00:00-05:00,4.0888690923625575,4.140507920650527,4.037230264074587,4.046618938446045,472200,0.0,0.0
2016-01-20 00:00:00-05:00,3.990286588558411,4.09356471973539,3.81659181430964,4.041925430297852,953600,0.0,0.0
2016-01-21 00:00:00-05:00,4.027840344895382,4.135812988836233,4.013757112276277,4.060701370239258,457700,0.0,0.0
2016-01-22 00:00:00-05:00,4.126424259806403,4.163979848816182,4.02784072673125,4.107646465301514,892700,0.0,0.0
2016-01-25 00:00:00-05:00,4.1029527577449505,4.159286152971198,4.070091722454147,4.11234188079834,356600,0.0,0.0
2016-01-26 00:00:00-05:00,4.1076466632102795,4.145202254029509,4.051313276981436,4.098257541656494,409900,0.0,0.0
2016-01-27 00:00:00-05:00,4.09356323134733,4.131118820357109,4.084174110245918,4.107646465301514,257900,0.0,0.0
2016-01-28 00:00:00-05:00,4.1217306049238935,4.182758562398947,4.093564130826506,4.131119728088379,293600,0.0,0.0
2016-01-29 00:00:00-05:00,4.1311198799844036,4.173370040382005,4.10295295715332,4.10295295715332,370500,0.0,0.0
2016-02-01 00:00:00-05:00,4.088869470616881,4.154591988088887,4.084174909147875,4.135814189910889,204700,0.0,0.0
2016-02-02 00:00:00-05:00,4.121730607385044,4.121730607385044,4.060702649873551,4.088869571685791,194100,0.0,0.0
2016-02-03 00:00:00-05:00,4.102952050254455,4.131118966859645,4.013757635117598,4.079479694366455,208300,0.0,0.0
2016-02-04 00:00:00-05:00,4.084175299139196,4.187453422829061,4.084175299139196,4.1592864990234375,220300,0.0,0.0
2016-02-05 00:00:00-05:00,4.163980867966308,4.173369991365744,4.070091872462172,4.084175109863281,185600,0.0,0.0
2016-02-08 00:00:00-05:00,4.084175109863281,4.098258347264391,4.013758475159691,4.084175109863281,299800,0.0,0.0
2016-02-09 00:00:00-05:00,4.065396631759642,4.0747857535909064,3.9949800088170404,4.009063243865967,301000,0.0,0.0
2016-02-10 00:00:00-05:00,4.009063092917103,4.037230009652387,3.990285297659564,3.9949798583984375,306500,0.0,0.0
2016-02-11 00:00:00-05:00,3.971506919432618,3.9902847119338025,3.9057844218295275,3.957423686981201,297500,0.0,0.0
2016-02-12 00:00:00-05:00,3.9808961761818185,4.041924122693307,3.933951911886948,3.9949798583984375,406600,0.0,0.0
2016-02-16 00:00:00-05:00,4.0184532625885145,4.084175339284203,3.9949809004694536,4.07478666305542,243600,0.0,0.0
2016-02-17 00:00:00-05:00,4.10295191151551,4.173368976798397,4.074785443560705,4.149896621704102,263600,0.0,0.0
2016-02-18 00:00:00-05:00,4.178064101824848,4.182758663520586,4.065397307315416,4.126425266265869,271600,0.0,0.0
2016-02-19 00:00:00-05:00,3.990286198093966,4.088869757366562,3.948036037305988,4.018453121185303,427700,0.0,0.0
2016-02-22 00:00:00-05:00,4.018453468501921,4.056009070737613,3.9902865429761047,4.0231475830078125,329500,0.0,0.0
2016-02-23 00:00:00-05:00,4.023147006461944,4.07478628790931,4.009063769566311,4.027841567993164,217400,0.0,0.0
2016-02-24 00:00:00-05:00,3.9855909880886355,4.0607021738522215,3.9480353952068423,4.046618938446045,183700,0.0,0.0
2016-02-25 00:00:00-05:00,4.060701755190322,4.121729699255697,4.018452053327772,4.107646465301514,163800,0.0,0.0
2016-02-26 00:00:00-05:00,4.131119628441883,4.192147584444885,4.112341830263885,4.135814189910889,199700,0.0,0.0
2016-02-29 00:00:00-05:00,4.154592742548373,4.267259552076262,4.14520361790533,4.248481750488281,265100,0.0,0.0
2016-03-01 00:00:00-05:00,4.253175358467446,4.318897425429381,4.248480797199306,4.290730953216553,246700,0.0,0.0
2016-03-02 00:00:00-05:00,4.276647118171547,4.290730801477906,4.201535931329587,4.2343974113464355,516900,0.0,0.0
2016-03-03 00:00:00-05:00,4.234397610454326,4.304814239505266,4.154591858757656,4.182758331298828,750100,0.0,0.0
2016-03-04 00:00:00-05:00,4.201535878516499,4.262563828982971,4.173369407653809,4.173369407653809,336100,0.0,0.0
2016-03-07 00:00:00-05:00,4.182758429807527,4.2672587448171395,4.112341799098196,4.220314025878906,470600,0.0,0.0
2016-03-08 00:00:00-05:00,4.192147790466571,4.220314265268789,4.070091872462172,4.084175109863281,693700,0.0,0.0
2016-03-09 00:00:00-05:00,4.112341830263885,4.1968416982158665,4.07948034767887,4.135814189910889,436900,0.0,0.0
2016-03-10 00:00:00-05:00,4.093564080476506,4.196841747827348,4.023147000703084,4.154592037200928,493500,0.0,0.0
2016-03-11 00:00:00-05:00,4.196841420137083,4.25786937209643,4.163980387427434,4.253175258636475,536000,0.0,0.0
2016-03-14 00:00:00-04:00,4.26256422976951,4.342369984214153,4.215619510320418,4.323592185974121,397900,0.0,0.0
2016-03-15 00:00:00-04:00,4.328286369463517,4.337675043914595,4.276647093039638,4.318897247314453,365100,0.0,0.0
2016-03-16 00:00:00-04:00,4.285269385950838,4.36693935414824,4.280465162373114,4.352527141571045,317800,0.21,0.0
2016-03-17 00:00:00-04:00,4.366938343374947,4.491845378548881,4.3525261341336074,4.429391860961914,390500,0.0,0.0
2016-03-18 00:00:00-04:00,4.448608651097914,4.46302086150046,4.376546682773368,4.386155128479004,292500,0.0,0.0
2016-03-21 00:00:00-04:00,4.405372746384971,4.544692039489746,4.386156307962106,4.544692039489746,619400,0.0,0.0
2016-03-22 00:00:00-04:00,4.525473877184113,4.544690308286888,4.496649001452022,4.511061668395996,341300,0.0,0.0
2016-03-23 00:00:00-04:00,4.511063178072747,4.549496053140279,4.46782607908277,4.482238292694092,207600,0.0,0.0
2016-03-24 00:00:00-04:00,4.467825800333593,4.506258673003285,4.410176491329053,4.472630023956299,155500,0.0,0.0
2016-03-28 00:00:00-04:00,4.491846460291145,4.535083098427563,4.448609363998746,4.472630023956299,315900,0.0,0.0
2016-03-29 00:00:00-04:00,4.47262903226372,4.57351541519165,4.443804155074649,4.57351541519165,315400,0.0,0.0
2016-03-30 00:00:00-04:00,4.592732607472012,4.616752807923625,4.515866408296601,4.583124160766602,463500,0.0,0.0
2016-03-31 00:00:00-04:00,4.583123940080995,4.611948820653299,4.506258202762762,4.520670413970947,525900,0.0,0.0
2016-04-01 00:00:00-04:00,4.592732906341553,4.626361555686942,4.53508313866948,4.592732906341553,656600,0.0,0.0
2016-04-04 00:00:00-04:00,4.592732476586906,4.607144688078341,4.511062514542201,4.515866279602051,362600,0.0,0.0
2016-04-05 00:00:00-04:00,4.491846948365877,4.583124916335475,4.467826285798289,4.544692039489746,348600,0.0,0.0
2016-04-06 00:00:00-04:00,4.549495589276577,4.592732683858127,4.525474930269498,4.554299354553223,200500,0.0,0.0
2016-04-07 00:00:00-04:00,4.5398868483005055,4.563907505751437,4.482237545311831,4.520670413970947,280900,0.0,0.0
2016-04-08 00:00:00-04:00,4.525474936107093,4.583124242904869,4.515866489229482,4.530279159545898,206800,0.0,0.0
2016-04-11 00:00:00-04:00,4.530278503563559,4.57351559194017,4.530278503563559,4.563907146453857,251400,0.0,0.0
2016-04-12 00:00:00-04:00,4.563907146453857,4.587927802013741,4.530278503563559,4.563907146453857,258000,0.0,0.0
2016-04-13 00:00:00-04:00,4.578320235345542,4.611949342846916,4.554299575174842,4.592732906341553,393700,0.0,0.0
2016-04-14 00:00:00-04:00,4.592732607472012,4.602340596021466,4.559103502159033,4.583124160766602,198300,0.0,0.0
2016-04-15 00:00:00-04:00,4.563907146453857,4.57351559194017,4.539886490893974,4.563907146453857,152100,0.0,0.0
2016-04-18 00:00:00-04:00,4.563907534508268,4.587928192110551,4.549495323209273,4.568711757659912,152500,0.0,0.0
2016-04-19 00:00:00-04:00,4.587927802013741,4.592732024756898,4.554298700967545,4.563907146453857,225700,0.0,0.0
2016-04-20 00:00:00-04:00,4.554299265583363,4.57831992412119,4.5398870537230485,4.559103488922119,159200,0.0,0.0
2016-04-21 00:00:00-04:00,4.549495513609579,4.765680524765786,4.549495513609579,4.583124160766602,557200,0.0,0.0
2016-04-22 00:00:00-04:00,4.563907146453857,4.602340012087313,4.539886490893974,4.563907146453857,187700,0.0,0.0
2016-04-25 00:00:00-04:00,4.583124459010879,4.6023408955162415,4.563908022505516,4.592732906341553,196300,0.0,0.0
2016-04-26 00:00:00-04:00,4.602339550088004,4.611947994609787,4.5783188969393995,4.587927341461182,248700,0.0,0.0
2016-04-27 00:00:00-04:00,4.568711369197014,4.587927802013741,4.554298700967545,4.563907146453857,326300,0.0,0.0
2016-04-28 00:00:00-04:00,4.323701602594998,4.3717429147750835,3.8577025238094382,4.016238212585449,2749200,0.0,0.0
2016-04-29 00:00:00-04:00,3.997022266664694,4.121929327036956,3.953785172062298,4.04025936126709,801600,0.0,0.0
2016-05-02 00:00:00-04:00,4.040258486534798,4.040258486534798,3.8673106037250937,3.924959897994995,975200,0.0,0.0
2016-05-03 00:00:00-04:00,3.8913310750845675,3.9537841306650665,3.771228040703491,3.7856404781341553,1056300,0.0,0.0
2016-05-04 00:00:00-04:00,3.8000527680007963,3.8625062830768115,3.7856405593389013,3.843289852142334,430600,0.0,0.0
2016-05-05 00:00:00-04:00,3.843290931196074,3.8721158147686765,3.7952498403717216,3.800053834915161,422100,0.0,0.0
2016-05-06 00:00:00-04:00,3.785641880156532,3.8913325162497485,3.785641880156532,3.848095417022705,569400,0.0,0.0
2016-05-09 00:00:00-04:00,3.8240745942082635,3.8817239046951024,3.795249938964844,3.7952499389648438,354000,0.0,0.0
2016-05-10 00:00:00-04:00,3.795249260185464,3.838486120778693,3.7472081767052337,3.780836820602417,404800,0.0,0.0
2016-05-11 00:00:00-04:00,3.7520127801254195,3.790445653154014,3.747208785535842,3.7616209983825684,296400,0.0,0.0
2016-05-12 00:00:00-04:00,3.7664246249732725,3.7664246249732725,3.7087750954913465,3.718383312225342,473800,0.0,0.0
2016-05-13 00:00:00-04:00,3.675147031785003,3.7472087832078445,3.651126371618058,3.737600564956665,493400,0.0,0.0
2016-05-16 00:00:00-04:00,3.737599780478473,3.7568162129475287,3.703970909118653,3.7039709091186523,434100,0.0,0.0
2016-05-17 00:00:00-04:00,3.68955943665822,3.694363660572858,3.526219717886609,3.593477249145508,1181100,0.0,0.0
2016-05-18 00:00:00-04:00,3.5598477944927187,3.617497326774932,3.5262191488292256,3.5742602348327637,753100,0.0,0.0
2016-05-19 00:00:00-04:00,3.5406316311478943,3.5694562849567175,3.434941233848876,3.53582763671875,889400,0.0,0.0
2016-05-20 00:00:00-04:00,3.540631205689552,3.5934765125279213,3.51180655534443,3.5454354286193848,418300,0.0,0.0
2016-05-23 00:00:00-04:00,3.53582763671875,3.6030851622726705,3.53582763671875,3.53582763671875,382500,0.0,0.0
2016-05-24 00:00:00-04:00,3.5406301021575928,3.579062957305796,3.5310218883705415,3.5406301021575928,299200,0.0,0.0
2016-05-25 00:00:00-04:00,3.5454364805046032,3.5886733543111298,3.535828260872261,3.564652919769287,360600,0.0,0.0
2016-05-26 00:00:00-04:00,3.559847927197508,3.689558978781442,3.559847927197508,3.6655385494232178,482000,0.0,0.0
2016-05-27 00:00:00-04:00,3.684754407155323,3.684754407155323,3.651125536429742,3.670341968536377,205300,0.0,0.0
2016-05-31 00:00:00-04:00,3.694363308111801,3.8192701399615796,3.670342648986314,3.708775520324707,554200,0.0,0.0
2016-06-01 00:00:00-04:00,3.7231879743018528,3.742404410036527,3.6751468849651676,3.7327961921691895,253700,0.0,0.0
2016-06-02 00:00:00-04:00,3.7135786772512995,3.77122796770217,3.7135786772512995,3.75201153755188,276000,0.0,0.0
2016-06-03 00:00:00-04:00,3.747207564021174,3.8144650698966136,3.7424033419196836,3.7760322093963623,329100,0.0,0.0
2016-06-06 00:00:00-04:00,3.7904445525335575,3.8721147276219767,3.7904445525335575,3.843289852142334,346800,0.0,0.0
2016-06-07 00:00:00-04:00,3.8673109164061485,3.886527349383142,3.8000531719087203,3.809661388397217,422300,0.0,0.0
2016-06-08 00:00:00-04:00,3.8288780933085493,3.843290533603869,3.7183834813043193,3.771228790283203,525300,0.0,0.0
2016-06-09 00:00:00-04:00,3.747208222288455,3.8048575231660102,3.6511258250812366,3.7664246559143066,409300,0.0,0.0
2016-06-10 00:00:00-04:00,3.727992346705486,3.756817001459024,3.7183838993763136,3.737600564956665,275300,0.0,0.0
2016-06-13 00:00:00-04:00,3.7135797564345157,3.747208633509187,3.7135797564345157,3.7327961921691895,399300,0.0,0.0
2016-06-14 00:00:00-04:00,3.7135789922854197,3.732795424065898,3.6319090426794194,3.723187208175659,665300,0.0,0.0
2016-06-15 00:00:00-04:00,3.7528157712365813,3.7676296214894682,3.683685019458821,3.7182505130767822,662500,0.21,0.0
2016-06-16 00:00:00-04:00,3.693560070612215,3.7281255570193244,3.6441809725007106,3.678746223449707,690400,0.0,0.0
2016-06-17 00:00:00-04:00,3.6688694802547825,3.738000435666513,3.6688694802547825,3.7281246185302734,445000,0.0,0.0
2016-06-20 00:00:00-04:00,3.7330633688145483,3.7676288554041872,3.7231875491400963,3.752815008163452,553400,0.0,0.0
2016-06-21 00:00:00-04:00,3.777504205703735,3.7972558425983935,3.728125113467089,3.7775042057037354,338900,0.0,0.0
2016-06-22 00:00:00-04:00,3.7725669875865475,3.797256656727359,3.7626911670218495,3.782442808151245,245400,0.0,0.0
2016-06-23 00:00:00-04:00,3.7972563263760497,3.826883785492632,3.772566659383174,3.802194118499756,349100,0.0,0.0
2016-06-24 00:00:00-04:00,3.703434801550987,3.836758444988501,3.6935589848318395,3.7923171520233154,437000,0.0,0.0
2016-06-27 00:00:00-04:00,3.7725663924559285,3.7725663924559285,3.6886218131693718,3.7034356594085693,369600,0.0,0.0
2016-06-28 00:00:00-04:00,3.718249222229573,3.767628313499551,3.7034353771195394,3.713311195373535,212900,0.0,0.0
2016-06-29 00:00:00-04:00,3.7626915008488897,3.802194786612423,3.7380020649757593,3.787381172180176,399100,0.0,0.0
2016-06-30 00:00:00-04:00,3.802194413939925,3.841697931289673,3.792318593467021,3.841697931289673,309500,0.0,0.0
2016-07-01 00:00:00-04:00,3.871324917771094,3.8861385289340373,3.8318216407257735,3.866386890411377,332700,0.0,0.0
2016-07-05 00:00:00-04:00,3.8367594410038643,3.8910765647888184,3.831821649091471,3.8910765647888184,415600,0.0,0.0
2016-07-06 00:00:00-04:00,3.9009523755550846,3.9009523755550846,3.851573279248434,3.866386890411377,334300,0.0,0.0
2016-07-07 00:00:00-04:00,3.856512070930527,3.9157670018600377,3.831822634105647,3.905891180038452,339900,0.0,0.0
2016-07-08 00:00:00-04:00,3.9157658670199837,3.9602074055246264,3.9009522563098664,3.9453933238983154,368200,0.0,0.0
2016-07-11 00:00:00-04:00,3.9503313511070854,3.9700829890259732,3.930579713188198,3.9453933238983154,343100,0.0,0.0
2016-07-12 00:00:00-04:00,3.9651458263397217,3.9700838546251327,3.935518363001701,3.9651458263397217,243800,0.0,0.0
2016-07-13 00:00:00-04:00,3.9651451591117466,3.979959241475165,3.9305799087628714,3.9552695751190186,198300,0.0,0.0
2016-07-14 00:00:00-04:00,3.979959389943368,3.979959389943368,3.9602077503048796,3.9750213623046875,180700,0.0,0.0
2016-07-15 00:00:00-04:00,3.9848959181419756,4.024399187222938,3.9750203363297913,4.019461631774902,201200,0.0,0.0
2016-07-18 00:00:00-04:00,4.019462587132784,4.058965865603003,4.019462587132784,4.044151782989502,183300,0.0,0.0
2016-07-19 00:00:00-04:00,4.034276206369956,4.088593096638968,4.0095865395508685,4.068841457366943,218000,0.0,0.0
2016-07-20 00:00:00-04:00,4.0589670174219,4.083656691201068,3.9997120829017128,4.078718662261963,399000,0.0,0.0
2016-07-21 00:00:00-04:00,4.093532085418701,4.1034081428318965,4.044152740185395,4.093532085418701,334800,0.0,0.0
2016-07-22 00:00:00-04:00,4.093532085418701,4.118221758035354,4.088594056712103,4.093532085418701,118900,0.0,0.0
2016-07-25 00:00:00-04:00,4.088593585053573,4.133034896453549,4.073779971559008,4.118221282958984,251800,0.0,0.0
2016-07-26 00:00:00-04:00,4.108345417251942,4.123159502349946,4.093531803070244,4.103407859802246,267400,0.0,0.0
2016-07-27 00:00:00-04:00,4.098468495467389,4.147847350282568,4.088592441954663,4.108344078063965,206600,0.0,0.0
2016-07-28 00:00:00-04:00,4.029338009723208,4.19722717194771,3.9799591490735473,4.1330342292785645,423800,0.0,0.0
2016-07-29 00:00:00-04:00,4.137973114068653,4.152786728241534,4.098469828996767,4.128097057342529,320600,0.0,0.0
2016-08-01 00:00:00-04:00,4.128096961852327,4.142911046598836,4.093531705943058,4.0984697341918945,293300,0.0,0.0
2016-08-02 00:00:00-04:00,4.088593195058848,4.098469250390708,4.058965970895742,4.073779582977295,165500,0.0,0.0
2016-08-03 00:00:00-04:00,4.083655368628904,4.137972256618393,4.083655368628904,4.1330342292785645,305700,0.0,0.0
2016-08-04 00:00:00-04:00,4.142911142431714,4.142911142431714,4.103407857359828,4.128097057342529,180000,0.0,0.0
2016-08-05 00:00:00-04:00,4.1330348997232855,4.167600154876709,4.113283258076145,4.167600154876709,243300,0.0,0.0
2016-08-08 00:00:00-04:00,4.147848606109619,4.167600248199044,4.147848606109619,4.147848606109619,197600,0.0,0.0
2016-08-09 00:00:00-04:00,4.133034246264639,4.1922891618374845,4.133034246264639,4.182413578033447,206200,0.0,0.0
2016-08-10 00:00:00-04:00,4.1774750856274245,4.2219163850888055,4.1774750856274245,4.2071027755737305,224000,0.0,0.0
2016-08-11 00:00:00-04:00,4.23179196779347,4.23179196779347,4.18735066833209,4.2071027755737305,205600,0.0,0.0
2016-08-12 00:00:00-04:00,4.192289736788124,4.246607103366398,4.187351708750777,4.21204137802124,136600,0.0,0.0
2016-08-15 00:00:00-04:00,4.2268547027177865,4.246606340402235,4.202165037883177,4.221916675567627,230800,0.0,0.0
2016-08-16 00:00:00-04:00,4.2120412859867935,4.246607010576679,4.192289645185257,4.23179292678833,163400,0.0,0.0
2016-08-17 00:00:00-04:00,4.23673095471778,4.241668982647229,4.202165701044157,4.23179292678833,160200,0.0,0.0
2016-08-18 00:00:00-04:00,4.221917070190489,4.300923628313034,4.212041014967055,4.2910475730896,324100,0.0,0.0
2016-08-19 00:00:00-04:00,4.291047957394262,4.320675654801778,4.266358758956986,4.310799598693848,199100,0.0,0.0
2016-08-22 00:00:00-04:00,4.310798832475384,4.315736859651644,4.2861096384264625,4.295985221862793,166400,0.0,0.0
2016-08-23 00:00:00-04:00,4.315737631748815,4.345365329190663,4.310799603689128,4.335489273071289,176600,0.0,0.0
2016-08-24 00:00:00-04:00,4.320674886827905,4.335488497440496,4.25648194628509,4.295985221862793,235200,0.0,0.0
2016-08-25 00:00:00-04:00,4.295985882821247,4.3009239107572474,4.246607016210034,4.2564826011657715,204800,0.0,0.0
2016-08-26 00:00:00-04:00,4.246606646103776,4.295985508411453,4.246606646103776,4.286109924316406,257900,0.0,0.0
2016-08-29 00:00:00-04:00,4.305860996246337,4.315736579040553,4.27623330603137,4.305860996246338,221000,0.0,0.0
2016-08-30 00:00:00-04:00,4.315737254619819,4.365116589069146,4.261420363458545,4.340426921844482,284100,0.0,0.0
2016-08-31 00:00:00-04:00,4.34536426925552,4.34536426925552,4.286109359741746,4.305860996246338,201300,0.0,0.0
2016-09-01 00:00:00-04:00,4.2910475730896,4.305861655924751,4.281171988782398,4.2910475730896,175700,0.0,0.0
2016-09-02 00:00:00-04:00,4.310798665753951,4.370054047744976,4.291047028729,4.360177993774414,171600,0.0,0.0
2016-09-06 00:00:00-04:00,4.370054906107197,4.379930491101339,4.305861955438342,4.330551624298096,207100,0.0,0.0
2016-09-07 00:00:00-04:00,4.320674994551211,4.340426632832511,4.295985328970534,4.325613021850586,161200,0.0,0.0
2016-09-08 00:00:00-04:00,4.325613309876178,4.345364949472662,4.320675282247998,4.340426921844482,117200,0.0,0.0
2016-09-09 00:00:00-04:00,4.340426914650785,4.3453649422707805,4.295985607903293,4.315737247467041,252100,0.0,0.0
2016-09-12 00:00:00-04:00,4.28117226992951,4.315737523648986,4.197227678682558,4.2564826011657715,527200,0.0,0.0
2016-09-13 00:00:00-04:00,4.231792249330336,4.231792249330336,4.182413390689576,4.1972270011901855,331700,0.0,0.0
2016-09-14 00:00:00-04:00,4.216978648417467,4.286109615771133,4.202165037883177,4.221916675567627,465700,0.0,0.0
2016-09-15 00:00:00-04:00,4.226979212616095,4.252290078010859,4.191543132070567,4.237103462219238,338000,0.21,0.0
2016-09-16 00:00:00-04:00,4.211792563241228,4.221917296697992,4.181419328418662,4.1915435791015625,433300,0.0,0.0
2016-09-19 00:00:00-04:00,4.181419328418662,4.25735289824894,4.181419328418662,4.1915435791015625,280500,0.0,0.0
2016-09-20 00:00:00-04:00,4.216855093666252,4.242166445516876,4.1966061087405295,4.206730842590332,239200,0.0,0.0
2016-09-21 00:00:00-04:00,4.226979663426373,4.252290531520558,4.181419328418662,4.1915435791015625,124900,0.0,0.0
2016-09-22 00:00:00-04:00,4.216854709061484,4.262415041682429,4.1561077598248355,4.186481475830078,389700,0.0,0.0
2016-09-23 00:00:00-04:00,4.2016682185682335,4.232041452711359,4.186481601496671,4.211792469024658,152900,0.0,0.0
2016-09-26 00:00:00-04:00,4.211792754431922,4.211792754431922,4.145983432297188,4.151045799255371,195900,0.0,0.0
2016-09-27 00:00:00-04:00,4.1358586569891855,4.171294255657707,4.13079629067259,4.16117000579834,263900,0.0,0.0
2016-09-28 00:00:00-04:00,4.171294638994951,4.19660599013019,4.140921403851759,4.181419372558594,100000,0.0,0.0
2016-09-29 00:00:00-04:00,4.186481695147044,4.206730679286709,4.171294594961898,4.1915435791015625,217900,0.0,0.0
2016-09-30 00:00:00-04:00,4.186481695147044,4.237103914109275,4.171294594961898,4.1915435791015625,287200,0.0,0.0
2016-10-03 00:00:00-04:00,4.211792176905879,4.242165891716216,4.166231846077283,4.171294212341309,358300,0.0,0.0
2016-10-04 00:00:00-04:00,4.16623207652701,4.206730526105519,4.075111892603441,4.120672225952148,370500,0.0,0.0
2016-10-05 00:00:00-04:00,4.110547308180031,4.176356621974303,4.090298325687472,4.16117000579834,176500,0.0,0.0
2016-10-06 00:00:00-04:00,4.1510458212712695,4.1510458212712695,4.095361232757568,4.095361232757568,139000,0.0,0.0
2016-10-07 00:00:00-04:00,4.115608827742566,4.120671193017619,4.075110871089583,4.085235118865967,321400,0.0,0.0
2016-10-10 00:00:00-04:00,4.0801732363646375,4.125733075518949,4.075110871089583,4.085235118865967,170200,0.0,0.0
2016-10-11 00:00:00-04:00,4.075110785360323,4.090297398092275,4.0244880992221965,4.04979944229126,340600,0.0,0.0
2016-10-12 00:00:00-04:00,4.03461258817245,4.090297398092275,4.0244880992221965,4.04979944229126,158800,0.0,0.0
2016-10-13 00:00:00-04:00,4.039675712585449,4.049800203438569,4.0042398739060765,4.039675712585449,162600,0.0,0.0
2016-10-14 00:00:00-04:00,4.0548634833777,4.064987735125556,3.923244831238164,3.9485561847686768,552200,0.0,0.0
2016-10-17 00:00:00-04:00,3.938431194112706,3.968804669680227,3.9283067022568656,3.953617811203003,192200,0.0,0.0
2016-10-18 00:00:00-04:00,3.989053341564839,3.989053341564839,3.9536175021459785,3.968804359436035,187300,0.0,0.0
2016-10-19 00:00:00-04:00,3.989053341564839,3.989053341564839,3.9637419932103803,3.968804359436035,184900,0.0,0.0
2016-10-20 00:00:00-04:00,3.968805100172202,3.9839917189097753,3.963742733001709,3.963742733001709,231700,0.0,0.0
2016-10-21 00:00:00-04:00,3.978928850500437,3.994115466403586,3.9637419932103803,3.968804359436035,141900,0.0,0.0
2016-10-24 00:00:00-04:00,3.973866914461066,3.9941158987818994,3.963742422300649,3.978929281234741,186900,0.0,0.0
2016-10-25 00:00:00-04:00,3.9637423030588432,3.9738667949146835,3.9333688274913223,3.953617811203003,287400,0.0,0.0
2016-10-26 00:00:00-04:00,3.933369207571104,3.948556067515828,3.908057854792215,3.9232447147369385,419800,0.0,0.0
2016-10-27 00:00:00-04:00,3.918182347626381,3.94349370040527,3.902995729068607,3.9232447147369385,286400,0.0,0.0
2016-10-28 00:00:00-04:00,3.897933122931871,3.9232444741586363,3.8422485364520838,3.872622013092041,509400,0.0,0.0
2016-10-31 00:00:00-04:00,3.837186480735044,3.8523733409796987,3.796688508598572,3.8068130016326904,548000,0.0,0.0
2016-11-01 00:00:00-04:00,3.7966879814156567,3.827061456300551,3.7663145065307617,3.7663145065307617,385600,0.0,0.0
2016-11-02 00:00:00-04:00,3.771377157271933,3.796688510563807,3.7308791851144982,3.756190538406372,347600,0.0,0.0
2016-11-03 00:00:00-04:00,3.6954421252661898,3.7308777162593945,3.467640759486108,3.5486369132995605,1083300,0.0,0.0
2016-11-04 00:00:00-04:00,3.5283884616966072,3.543575319275171,3.417019057872486,3.43220591545105,644200,0.0,0.0
2016-11-07 00:00:00-05:00,3.472703286790717,3.508138879437838,3.4423298182130972,3.4575164318084717,495400,0.0,0.0
2016-11-08 00:00:00-05:00,3.4676416653816293,3.51826412387299,3.4575171736833576,3.503077507019043,376400,0.0,0.0
2016-11-09 00:00:00-05:00,3.4929523169456345,3.589135089542055,3.4575164823932036,3.553699254989624,487000,0.0,0.0
2016-11-10 00:00:00-05:00,3.5891364253438756,3.695443727179658,3.568887438459628,3.67519474029541,518700,0.0,0.0
2016-11-11 00:00:00-05:00,3.685319162598579,3.710630275021817,3.670132302035068,3.6903812885284424,317700,0.0,0.0
2016-11-14 00:00:00-05:00,3.6954428933488788,3.7410029828648854,3.6954428933488788,3.700505018234253,328600,0.0,0.0
2016-11-15 00:00:00-05:00,3.71569182940506,3.7410029362906356,3.6954428473418366,3.710629463195801,236100,0.0,0.0
2016-11-16 00:00:00-05:00,3.7055674526891194,3.720754069011586,3.67013161229184,3.6853184700012207,238500,0.0,0.0
2016-11-17 00:00:00-05:00,3.6853184021912204,3.700505018234253,3.6751939110335625,3.700505018234253,268900,0.0,0.0
2016-11-18 00:00:00-05:00,3.7308778970888388,3.7308778970888388,3.665068594359135,3.725815773010254,352500,0.0,0.0
2016-11-21 00:00:00-05:00,3.710629179481276,3.7460650160759474,3.7005046892237825,3.7207536697387695,194200,0.0,0.0
2016-11-22 00:00:00-05:00,3.761252664232574,3.7815016503112915,3.7460660453670136,3.756190538406372,181200,0.0,0.0
2016-11-23 00:00:00-05:00,3.7713765322996196,3.7815010236612014,3.720754075491709,3.735940933227539,223700,0.0,0.0
2016-11-25 00:00:00-05:00,3.7460655232741655,3.7663145065307617,3.7055675567609723,3.7663145065307617,140100,0.0,0.0
2016-11-28 00:00:00-05:00,3.786563368055131,3.786563368055131,3.7359409115410744,3.7410030364990234,308500,0.0,0.0
2016-11-29 00:00:00-05:00,3.7561900149024634,3.806812473043955,3.735941031645867,3.7663145065307617,340200,0.0,0.0
2016-11-30 00:00:00-05:00,3.7916249641863136,3.7916249641863136,3.7207535349512377,3.751127004623413,236200,0.0,0.0
2016-12-01 00:00:00-05:00,3.7612520409380372,3.7916255150227838,3.735940933227539,3.735940933227539,141600,0.0,0.0
2016-12-02 00:00:00-05:00,3.7258164353770176,3.756189909408865,3.675193978657272,3.6853184700012207,305900,0.0,0.0
2016-12-05 00:00:00-05:00,3.685318356310225,3.71569182940506,3.6751938652786134,3.710629463195801,257000,0.0,0.0
2016-12-06 00:00:00-05:00,3.7055669208085895,3.776438350043666,3.6954424309178644,3.751127004623413,270100,0.0,0.0
2016-12-07 00:00:00-05:00,3.761252047313541,3.796687887832601,3.7308785731773098,3.7865633964538574,288500,0.0,0.0
2016-12-08 00:00:00-05:00,3.8118743796030743,3.8726213220430146,3.7713761765895555,3.8675589561462402,449200,0.0,0.0
2016-12-09 00:00:00-05:00,3.8574344657395834,3.8776834465528967,3.8270609945196132,3.8675589561462402,362600,0.0,0.0
2016-12-12 00:00:00-05:00,3.882746928183397,3.9941163546593828,3.882746928183397,3.983991861343384,794400,0.0,0.0
2016-12-13 00:00:00-05:00,3.999178335375849,3.999178335375849,3.847310708931259,3.862497568130493,666900,0.0,0.0
2016-12-14 00:00:00-05:00,3.837186034167376,3.9991781452477477,3.837186034167376,3.953617811203003,606500,0.0,0.0
2016-12-15 00:00:00-05:00,3.932809194576355,3.953617689146323,3.8131602267706253,3.8183624744415283,766400,0.21,0.0
2016-12-16 00:00:00-05:00,3.8079594268981656,3.8703849302759465,3.776746675209275,3.844374179840088,2555200,0.0,0.0
2016-12-19 00:00:00-05:00,3.823563828041252,3.8651808101497465,3.823563828041252,3.849574565887451,322400,0.0,0.0
2016-12-20 00:00:00-05:00,3.839170067033915,3.8651805551070404,3.7819465963822174,3.823563575744629,468400,0.0,0.0
2016-12-21 00:00:00-05:00,3.802756587496584,3.8235650853935583,3.7767460891537965,3.7819480895996094,451300,0.0,0.0
2016-12-22 00:00:00-05:00,3.771543264389038,3.792351759106639,3.7455325219636255,3.771543264389038,380700,0.0,0.0
2016-12-23 00:00:00-05:00,3.74553162176701,3.7559358666252662,3.672701907759215,3.7039146423339844,496900,0.0,0.0
2016-12-27 00:00:00-05:00,3.693511523787143,3.703915771818105,3.6622987796942583,3.6727030277252197,529000,0.0,0.0
2016-12-28 00:00:00-05:00,3.6779048797773295,3.703915373025822,3.6414898915612643,3.6570963859558105,794200,0.0,0.0
2016-12-29 00:00:00-05:00,3.6570963859558105,3.693511126115063,3.620681397739745,3.6570963859558105,743000,0.0,0.0
2016-12-30 00:00:00-05:00,3.657096272948971,3.657096272948971,3.5790642995011095,3.6206812858581543,841500,0.0,0.0
2017-01-03 00:00:00-05:00,3.631085527112779,3.7923514730378045,3.599872787390852,3.766340732574463,623800,0.0,0.0
2017-01-04 00:00:00-05:00,3.813159619060813,3.943212813424725,3.7871491290221,3.9015958309173584,955300,0.0,0.0
2017-01-05 00:00:00-05:00,3.8963943725510544,3.9015966204455945,3.776745647658615,3.8599796295166016,550400,0.0,0.0
2017-01-06 00:00:00-05:00,3.844373133889813,3.8755858770865577,3.828766886319857,3.8599796295166016,352500,0.0,0.0
2017-01-09 00:00:00-05:00,3.8547765646226226,3.8703830569416984,3.849574565887451,3.849574565887451,214800,0.0,0.0
2017-01-10 00:00:00-05:00,3.8599788444073626,3.8599788444073626,3.8235638607227864,3.828766107559204,252100,0.0,0.0
2017-01-11 00:00:00-05:00,3.859979016554217,3.8807875087143375,3.8287662783140366,3.8703832626342773,182200,0.0,0.0
2017-01-12 00:00:00-05:00,3.86518190677603,3.8807884035229683,3.823564912859996,3.8391714096069336,165900,0.0,0.0
2017-01-13 00:00:00-05:00,3.8391715882129582,3.8703843351020644,3.797554592360817,3.8079588413238525,198800,0.0,0.0
2017-01-17 00:00:00-05:00,3.8339690855349526,3.849575581973324,3.745532851183488,3.755937099456787,547000,0.0,0.0
2017-01-18 00:00:00-05:00,3.745532218498318,3.792351451848008,3.719521726237115,3.740330219268799,380300,0.0,0.0
2017-01-19 00:00:00-05:00,3.7351279928525356,3.7767452272052435,3.7195217470199746,3.766340732574463,243000,0.0,0.0
2017-01-20 00:00:00-05:00,3.7663401050929313,3.823563575744629,3.7663401050929313,3.823563575744629,215100,0.0,0.0
2017-01-23 00:00:00-05:00,3.8443723519548922,3.8547765975709454,3.8027553694906806,3.828766107559204,267700,0.0,0.0
2017-01-24 00:00:00-05:00,3.8339681063388396,3.84957459879131,3.8079576163270983,3.828766107559204,144000,0.0,0.0
2017-01-25 00:00:00-05:00,3.8183620322339764,3.8755852616459108,3.7819470469253695,3.8703832626342773,278300,0.0,0.0
2017-01-26 00:00:00-05:00,3.885990124818806,3.885990124818806,3.839171134052105,3.8599796295166016,186000,0.0,0.0
2017-01-27 00:00:00-05:00,3.844373409818013,3.8495756580859424,3.79235216742297,3.8391714096069336,189500,0.0,0.0
2017-01-30 00:00:00-05:00,3.8287673392499233,3.8391715882129582,3.771543845924798,3.8079588413238525,273200,0.0,0.0
2017-01-31 00:00:00-05:00,3.7923514730378045,3.8079579669271704,3.7611387333158772,3.766340732574463,275800,0.0,0.0
2017-02-01 00:00:00-05:00,3.7871492931982487,3.8131597843645384,3.766340552985706,3.797553539276123,179700,0.0,0.0
2017-02-02 00:00:00-05:00,3.781947046130915,3.807957785353998,3.7611385539751656,3.797553539276123,161700,0.0,0.0
2017-02-03 00:00:00-05:00,3.833969183641002,3.906799171474561,3.8027564380224135,3.891192674636841,409500,0.0,0.0
2017-02-06 00:00:00-05:00,3.9120004177093506,3.9224046642435453,3.849574938504181,3.9120004177093506,280400,0.0,0.0
2017-02-07 00:00:00-05:00,3.9015965831102237,3.912000830742911,3.8703838402121615,3.8807880878448486,178600,0.0,0.0
2017-02-08 00:00:00-05:00,3.8651810375224533,3.90159602303792,3.8495747923421066,3.8963937759399414,221000,0.0,0.0
2017-02-09 00:00:00-05:00,3.8911919132653985,3.9172026535532476,3.8651811729775494,3.8859896659851074,213600,0.0,0.0
2017-02-10 00:00:00-05:00,3.901596347938533,4.000436818519794,3.8859898534017803,3.979628324508667,407700,0.0,0.0
2017-02-13 00:00:00-05:00,4.000437414221054,4.026447911579752,3.9744266688055023,4.016043663024902,326900,0.0,0.0
2017-02-14 00:00:00-05:00,3.990032525469325,4.010841019240322,3.9640217842271723,3.974426031112671,330800,0.0,0.0
2017-02-15 00:00:00-05:00,3.969224061865825,4.042053790617847,3.969224061865825,4.026447296142578,225900,0.0,0.0
2017-02-16 00:00:00-05:00,4.00563907623291,4.016043323909223,3.969224333394231,4.00563907623291,208800,0.0,0.0
2017-02-17 00:00:00-05:00,4.005638420124214,4.042053405055085,3.9952341741520776,4.036851406097412,216000,0.0,0.0
2017-02-21 00:00:00-05:00,4.042053405055085,4.083670388943629,3.9952341741520776,4.036851406097412,375900,0.0,0.0
2017-02-22 00:00:00-05:00,4.042054894765479,4.078469893117197,3.9900336457322254,4.068065643310547,330900,0.0,0.0
2017-02-23 00:00:00-05:00,4.088873203262478,4.104479450357552,4.016043223296053,4.0940752029418945,322900,0.0,0.0
2017-02-24 00:00:00-05:00,4.088872773179433,4.104479018632983,4.0420535407051865,4.099277019500732,272000,0.0,0.0
2017-02-27 00:00:00-05:00,4.099277110004812,4.099277110004812,4.047255877249787,4.083670616149902,325300,0.0,0.0
2017-02-28 00:00:00-05:00,4.0784697901896925,4.0784697901896925,3.974427046692008,4.031650543212891,503700,0.0,0.0
2017-03-01 00:00:00-05:00,4.073267400722059,4.08887389852766,4.036852652603769,4.042054653167725,368300,0.0,0.0
2017-03-02 00:00:00-05:00,4.052458656995303,4.052458656995303,3.984830917360352,4.016043663024902,315600,0.0,0.0
2017-03-03 00:00:00-05:00,4.026447725521562,4.052458469735182,3.9744264851511617,4.0472564697265625,390300,0.0,0.0
2017-03-06 00:00:00-05:00,4.042054453763924,4.047256702128108,3.9952352107136893,4.021245956420898,260600,0.0,0.0
2017-03-07 00:00:00-05:00,4.021245849735862,4.021245849735862,3.953618111136789,3.984830856323242,261300,0.0,0.0
2017-03-08 00:00:00-05:00,3.98483055402156,3.9952348016277455,3.9015965731720748,3.953617811203003,342300,0.0,0.0
2017-03-09 00:00:00-05:00,3.9276076457069324,3.9328096459180113,3.7975544156908994,3.8391714096069336,912400,0.0,0.0
2017-03-10 00:00:00-05:00,3.8495756861473014,4.0212459113307535,3.8495756861473014,4.016043663024902,563800,0.0,0.0
2017-03-13 00:00:00-04:00,4.016043064999732,4.016043064999732,3.95881983049754,3.979628324508667,378700,0.0,0.0
2017-03-14 00:00:00-04:00,3.9744263436898066,3.9744263436898066,3.9067988576437656,3.932809352874756,386200,0.0,0.0
2017-03-15 00:00:00-04:00,3.9536177559275347,3.969224251147034,3.8859900234044153,3.948415756225586,345600,0.0,0.0
2017-03-16 00:00:00-04:00,3.948415191683526,3.9963717337954625,3.8898019225272393,3.911115884780884,639600,0.18,0.0
2017-03-17 00:00:00-04:00,3.916445541391957,4.03900099185566,3.911117176110521,3.9803874492645264,593500,0.0,0.0
2017-03-20 00:00:00-04:00,3.9750586166722557,4.049657500420354,3.9430876664944994,3.953744649887085,416600,0.0,0.0
2017-03-21 00:00:00-04:00,3.9590733430146785,3.9857159307478613,3.8898030722569876,3.9057884216308594,431700,0.0,0.0
2017-03-22 00:00:00-04:00,3.9004597019812253,3.9004597019812253,3.836517548050449,3.8631601333618164,456700,0.0,0.0
2017-03-23 00:00:00-04:00,3.8631601333618164,3.9164450499020265,3.8578315146665334,3.8631601333618164,207000,0.0,0.0
2017-03-24 00:00:00-04:00,3.889801794124418,3.9324297172245544,3.86848783257435,3.895130157470703,252800,0.0,0.0
2017-03-27 00:00:00-04:00,3.8898028443242882,3.895131209109168,3.8418462908477116,3.879145860671997,251000,0.0,0.0
2017-03-28 00:00:00-04:00,3.879144795525298,3.937758062477435,3.873816178121033,3.9217727184295654,268800,0.0,0.0
2017-03-29 00:00:00-04:00,3.943087718453169,3.9644016855191975,3.9271021161123834,3.959073066711426,226800,0.0,0.0
2017-03-30 00:00:00-04:00,3.964401897881109,4.023015437493715,3.959073278787898,3.985715866088867,291100,0.0,0.0
2017-03-31 00:00:00-04:00,3.985714509890396,4.023014068603516,3.980385892610326,4.023014068603516,299200,0.0,0.0
2017-04-03 00:00:00-04:00,4.044328253326163,4.049656616818588,3.9377581885704944,3.9644007682800293,329900,0.0,0.0
2017-04-04 00:00:00-04:00,3.95374497791757,3.95374497791757,3.873817468800568,3.9057884216308594,339400,0.0,0.0
2017-04-05 00:00:00-04:00,3.9111168116288706,3.9377591437183326,3.863160258152294,3.879145860671997,330200,0.0,0.0
2017-04-06 00:00:00-04:00,3.8738163237957695,3.911115884780884,3.8631593426689474,3.911115884780884,268600,0.0,0.0
2017-04-07 00:00:00-04:00,3.9057875633446564,3.9271015272144982,3.873816617539893,3.8898022174835205,196600,0.0,0.0
2017-04-10 00:00:00-04:00,3.8844742254568763,3.905788192761459,3.863160258152294,3.879145860671997,225100,0.0,0.0
2017-04-11 00:00:00-04:00,3.8631604845238043,3.911117040810515,3.8525035002470407,3.9057884216308594,329400,0.0,0.0
2017-04-12 00:00:00-04:00,3.911116261852686,3.91644462588857,3.8205317865001858,3.841845750808716,551200,0.0,0.0
2017-04-13 00:00:00-04:00,3.8418461667457326,3.8791457353651415,3.8205322001296484,3.8631601333618164,217400,0.0,0.0
2017-04-17 00:00:00-04:00,3.841845255935376,3.8844731790614753,3.836516638503382,3.86848783493042,239300,0.0,0.0
2017-04-18 00:00:00-04:00,3.8578316392848824,3.8844742254568763,3.8418462908477116,3.879145860671997,240300,0.0,0.0
2017-04-19 00:00:00-04:00,3.8844741889812986,3.905788156085741,3.8684888406942317,3.873817205429077,171200,0.0,0.0
2017-04-20 00:00:00-04:00,3.873816195920635,3.900458774899452,3.8418452535955323,3.895130157470703,331000,0.0,0.0
2017-04-21 00:00:00-04:00,3.9057875633446564,3.9111161813533624,3.8898022174835205,3.8898022174835205,230500,0.0,0.0
2017-04-24 00:00:00-04:00,3.9111169889419513,3.916445353968396,3.884474401562098,3.9004600048065186,341800,0.0,0.0
2017-04-25 00:00:00-04:00,3.911117040810515,3.9377593744611508,3.8898030722569876,3.9057884216308594,288800,0.0,0.0
2017-04-26 00:00:00-04:00,3.9164438247680664,3.9430864017451572,3.900458481847768,3.9164438247680664,243100,0.0,0.0
2017-04-27 00:00:00-04:00,3.921774025087279,3.921774025087279,3.884474453077332,3.9057884216308594,274900,0.0,0.0
2017-04-28 00:00:00-04:00,3.9164454059076235,3.9324310093640427,3.884474453077332,3.9057884216308594,191100,0.0,0.0
2017-05-01 00:00:00-04:00,3.9217731632882833,3.9217731632882833,3.8898022174835205,3.8898022174835205,132800,0.0,0.0
2017-05-02 00:00:00-04:00,3.8898021024365095,3.943087010535129,3.8898021024365095,3.9324300289154053,236800,0.0,0.0
2017-05-03 00:00:00-04:00,3.921773047295681,3.9644009737745773,3.921773047295681,3.9324300289154053,202500,0.0,0.0
2017-05-04 00:00:00-04:00,3.9484169577084143,4.054987070725168,3.943088591802999,4.03900146484375,678800,0.0,0.0
2017-05-05 00:00:00-04:00,4.044328356661458,4.076299300680296,4.0230143939822325,4.060313701629639,299000,0.0,0.0
2017-05-08 00:00:00-04:00,4.076299749027775,4.076299749027775,4.007029235660069,4.028343200683594,237800,0.0,0.0
2017-05-09 00:00:00-04:00,4.028344007210232,4.044329611219652,3.9697304646190985,3.9803874492645264,235100,0.0,0.0
2017-05-10 00:00:00-04:00,3.9803856881976056,4.007028265064813,3.9644003453432366,3.969728708267212,250000,0.0,0.0
2017-05-11 00:00:00-04:00,3.9644006566430314,4.023014177903977,3.9484150584509687,4.007028579711914,246000,0.0,0.0
2017-05-12 00:00:00-04:00,3.996371563272903,4.007028543944998,3.9484150232072404,3.975057601928711,183700,0.0,0.0
2017-05-15 00:00:00-04:00,3.975058147281165,4.023014693926157,3.9644011651469997,4.012357711791992,177400,0.0,0.0
2017-05-16 00:00:00-04:00,4.017686224896456,4.017686224896456,3.97505829477806,4.0017008781433105,164600,0.0,0.0
2017-05-17 00:00:00-04:00,3.9803865113069996,4.017686075817827,3.9803865113069996,4.012357711791992,173600,0.0,0.0
2017-05-18 00:00:00-04:00,3.985714618177473,4.033671158671197,3.9803860007526306,4.007028579711914,211600,0.0,0.0
2017-05-19 00:00:00-04:00,4.0070292723618275,4.060314185408693,3.975058324533709,4.033671855926514,410600,0.0,0.0
2017-05-22 00:00:00-04:00,4.03367202587982,4.102942288718099,4.02301504282143,4.081628322601318,708000,0.0,0.0
2017-05-23 00:00:00-04:00,4.08695650100708,4.1242558106530565,4.049656937278613,4.08695650100708,409300,0.0,0.0
2017-05-24 00:00:00-04:00,4.081629138124286,4.097614742947107,4.0496581825612115,4.065643787384033,164100,0.0,0.0
2017-05-25 00:00:00-04:00,4.070970058441162,4.124254956964783,4.0603130787364385,4.070970058441162,275900,0.0,0.0
2017-05-26 00:00:00-04:00,4.07630028426183,4.113599600909289,4.060314681353963,4.092285633087158,135000,0.0,0.0
2017-05-30 00:00:00-04:00,4.081627914771571,4.124255842745818,4.076299550816036,4.118927478790283,193100,0.0,0.0
2017-05-31 00:00:00-04:00,4.1295851160773225,4.15622770233019,4.102942529824456,4.140242099761963,386400,0.0,0.0
2017-06-01 00:00:00-04:00,4.145569616352069,4.161554960587312,4.140240998885345,4.150897979736328,162700,0.0,0.0
2017-06-02 00:00:00-04:00,4.161555290222168,4.198854853196324,4.145569944720734,4.161555290222168,361100,0.0,0.0
2017-06-05 00:00:00-04:00,4.156227336354439,4.166884319100681,4.10294216854072,4.124256134033203,194500,0.0,0.0
2017-06-06 00:00:00-04:00,4.1135985318339285,4.124255512975371,4.086956206021558,4.108270168304443,183300,0.0,0.0
2017-06-07 00:00:00-04:00,4.1082703161808,4.129584279230877,4.076299371605685,4.097613334655762,220800,0.0,0.0
2017-06-08 00:00:00-04:00,4.1135982756225955,4.150897834335715,4.0176854513234455,4.023014068603516,729900,0.0,0.0
2017-06-09 00:00:00-04:00,4.054985338001071,4.076299300680296,4.0230143939822325,4.060313701629639,446400,0.0,0.0
2017-06-12 00:00:00-04:00,4.076299838716371,4.129584752447579,4.076299838716371,4.124256134033203,330100,0.0,0.0
2017-06-13 00:00:00-04:00,4.12425625483488,4.12425625483488,4.001701076704649,4.081628322601318,634800,0.0,0.0
2017-06-14 00:00:00-04:00,4.092284749760144,4.145569911896311,4.049656823317197,4.129584312438965,448900,0.0,0.0
2017-06-15 00:00:00-04:00,4.140495881785214,4.1568613321573755,4.031391752099516,4.107764720916748,463600,0.18,0.0
2017-06-16 00:00:00-04:00,4.091397506154459,4.096852827688875,4.053211035785694,4.069576740264893,859800,0.0,0.0
2017-06-19 00:00:00-04:00,4.091397762298584,4.124128913182085,4.0804873786707505,4.091397762298584,306200,0.0,0.0
2017-06-20 00:00:00-04:00,4.069576740264893,4.096852827688875,4.064121418730477,4.069576740264893,235900,0.0,0.0
2017-06-21 00:00:00-04:00,4.0750322341918945,4.096853262521554,4.064121850089102,4.0750322341918945,222500,0.0,0.0
2017-06-22 00:00:00-04:00,4.058666914166579,4.102308451933303,4.042301207442016,4.08594274520874,253400,0.0,0.0
2017-06-23 00:00:00-04:00,4.080487683049942,4.091398067491623,4.058666914166579,4.08594274520874,187300,0.0,0.0
2017-06-26 00:00:00-04:00,4.102308324510912,4.102308324510912,4.0750322341918945,4.0750322341918945,153100,0.0,0.0
2017-06-27 00:00:00-04:00,4.091398590793205,4.10776429961099,4.06412249613827,4.080488204956055,331300,0.0,0.0
2017-06-28 00:00:00-04:00,4.096853615262851,4.124129447806257,4.053211814970025,4.064122200012207,226900,0.0,0.0
2017-06-29 00:00:00-04:00,4.091398292679711,4.102308677721893,4.025935982426619,4.064122200012207,213800,0.0,0.0
2017-06-30 00:00:00-04:00,4.058666914166579,4.102308451933303,4.047756529724898,4.08594274520874,392000,0.0,0.0
2017-07-03 00:00:00-04:00,4.091398738281318,4.145950669433577,4.085943415104029,4.135040283203125,248400,0.0,0.0
2017-07-05 00:00:00-04:00,4.135038944573625,4.145949327272076,4.064121326971671,4.1023077964782715,260100,0.0,0.0
2017-07-06 00:00:00-04:00,4.102308875600978,4.118674584015717,4.064122396049328,4.113219261169434,167900,0.0,0.0
2017-07-07 00:00:00-04:00,4.113219784332754,4.1350405582450644,4.047757462595821,4.107764720916748,216700,0.0,0.0
2017-07-10 00:00:00-04:00,4.091398089656287,4.162315718973443,4.091398089656287,4.151405334472656,308300,0.0,0.0
2017-07-11 00:00:00-04:00,4.145950669433577,4.151405992610866,4.085943415104029,4.135040283203125,218800,0.0,0.0
2017-07-12 00:00:00-04:00,4.129585095198504,4.162316252899491,4.11321938628595,4.124129772186279,269300,0.0,0.0
2017-07-13 00:00:00-04:00,4.17322704265368,4.17322704265368,4.091399010420443,4.107764720916748,190200,0.0,0.0
2017-07-14 00:00:00-04:00,4.091397022274514,4.140493869781494,4.080486640620077,4.140493869781494,276600,0.0,0.0
2017-07-17 00:00:00-04:00,4.118674833919511,4.145950669433577,4.118674833919511,4.135040283203125,281200,0.0,0.0
2017-07-18 00:00:00-04:00,4.140495380010777,4.156860828399658,4.124129671497784,4.156860828399658,149200,0.0,0.0
2017-07-19 00:00:00-04:00,4.156860224594824,4.162315546681446,4.124129072447315,4.145949840545654,214600,0.0,0.0
2017-07-20 00:00:00-04:00,4.1404949499718695,4.162315718973443,4.129584565471083,4.151405334472656,201100,0.0,0.0
2017-07-21 00:00:00-04:00,4.140493869781494,4.16776969385558,4.129583488127056,4.140493869781494,208900,0.0,0.0
2017-07-24 00:00:00-04:00,4.145950236852195,4.156860621944276,4.124129466668033,4.129584789276123,185000,0.0,0.0
2017-07-25 00:00:00-04:00,4.129584789276123,4.151405559460285,4.107764019091961,4.129584789276123,239300,0.0,0.0
2017-07-26 00:00:00-04:00,4.124129566390432,4.129584889130434,4.091398410322744,4.096853733062744,196500,0.0,0.0
2017-07-27 00:00:00-04:00,4.096853837474946,4.162316151278693,4.091398514595911,4.156860828399658,179200,0.0,0.0
2017-07-28 00:00:00-04:00,4.129584789276123,4.151405559460285,4.107764019091961,4.129584789276123,142700,0.0,0.0
2017-07-31 00:00:00-04:00,4.1350385488922665,4.156859312201142,4.11321778558339,4.140493869781494,189000,0.0,0.0
2017-08-01 00:00:00-04:00,4.151406060525626,4.184137219752446,4.1404956741166865,4.173226833343506,140700,0.0,0.0
2017-08-02 00:00:00-04:00,4.167770858439798,4.167770858439798,4.047756626705864,4.053211688995361,543600,0.0,0.0
2017-08-03 00:00:00-04:00,4.064122316870949,4.162316045198123,4.047756868899158,4.096853733062744,269500,0.0,0.0
2017-08-04 00:00:00-04:00,4.091399010420443,4.129585494829059,4.064122912967982,4.107764720916748,284400,0.0,0.0
2017-08-07 00:00:00-04:00,4.0641225196724085,4.129585095198504,4.0641225196724085,4.124129772186279,246200,0.0,0.0
2017-08-08 00:00:00-04:00,4.124129566390432,4.145950337102225,4.069577639610951,4.096853733062744,164200,0.0,0.0
2017-08-09 00:00:00-04:00,4.075032881975421,4.102308976630356,4.06412249613827,4.080488204956055,255800,0.0,0.0
2017-08-10 00:00:00-04:00,4.064122076324139,4.080487783451385,3.971383936350047,3.9822943210601807,414100,0.0,0.0
2017-08-11 00:00:00-04:00,4.0041147897962786,4.0041147897962786,3.9441075483346695,3.965928316116333,188400,0.0,0.0
2017-08-14 00:00:00-04:00,3.965928442893579,4.036846070513016,3.965928442893579,3.9768388271331787,246500,0.0,0.0
2017-08-15 00:00:00-04:00,3.9822945140112718,3.9986599618073697,3.9550184208523045,3.9877495765686035,192900,0.0,0.0
2017-08-16 00:00:00-04:00,3.9768391513689387,3.987749536498073,3.905921517967515,3.9222872257232666,372600,0.0,0.0
2017-08-17 00:00:00-04:00,3.9331976241722963,3.9713841023156364,3.9222872390062133,3.944108009338379,169800,0.0,0.0
2017-08-18 00:00:00-04:00,3.938652276992798,3.9604733051792307,3.9331972150392454,3.938652276992798,109400,0.0,0.0
2017-08-21 00:00:00-04:00,3.9277419893774206,3.9441076958879617,3.895010836480418,3.905921220779419,159100,0.0,0.0
2017-08-22 00:00:00-04:00,3.9059219820960376,3.9331980782220572,3.9004669189453125,3.9004669189453125,132800,0.0,0.0
2017-08-23 00:00:00-04:00,3.8950111995826577,3.9441080635671284,3.884100814266565,3.9168319702148438,156800,0.0,0.0
2017-08-24 00:00:00-04:00,3.927741443562938,3.9441071477992367,3.905920677997236,3.9113759994506836,173100,0.0,0.0
2017-08-25 00:00:00-04:00,3.938652276992798,3.9604733051792307,3.9168315089304393,3.938652276992798,167800,0.0,0.0
2017-08-28 00:00:00-04:00,3.949562706074357,3.9550180282142096,3.911376491591698,3.933197259902954,143000,0.0,0.0
2017-08-29 00:00:00-04:00,3.9168323685216193,3.9331980782220572,3.9004669189453125,3.9004669189453125,220600,0.0,0.0
2017-08-30 00:00:00-04:00,3.900465616667833,3.927741443562938,3.8950102952143855,3.9113759994506836,178700,0.0,0.0
2017-08-31 00:00:00-04:00,3.9222878751755603,3.944108649046912,3.884101390838623,3.884101390838623,361300,0.0,0.0
2017-09-01 00:00:00-04:00,3.8895557232804423,3.949562706074357,3.8895557232804423,3.933197259902954,214500,0.0,0.0
2017-09-05 00:00:00-04:00,3.9222876917964755,3.949563527798364,3.895011595670456,3.9004669189453125,193700,0.0,0.0
2017-09-06 00:00:00-04:00,3.900466509301647,3.9059215718794578,3.878645738742194,3.8950111865997314,202900,0.0,0.0
2017-09-07 00:00:00-04:00,3.889555774392958,3.9168316050784195,3.8841004521814173,3.905921220779419,169600,0.0,0.0
2017-09-08 00:00:00-04:00,3.895009799633743,3.9113755017877554,3.8568235948144,3.889554738998413,262900,0.0,0.0
2017-09-11 00:00:00-04:00,3.884101390838623,3.895011777774299,3.845915166625829,3.884101390838623,385300,0.0,0.0
2017-09-12 00:00:00-04:00,3.8841007608628733,3.9713841023156364,3.8841007608628733,3.944108009338379,500500,0.0,0.0
2017-09-13 00:00:00-04:00,3.9222868909245303,3.9550180435180664,3.9004661225288397,3.9550180435180664,406200,0.0,0.0
2017-09-14 00:00:00-04:00,3.927741776668121,3.9822939553328984,3.922286714876083,3.971383571624756,396400,0.0,0.0
2017-09-15 00:00:00-04:00,3.988164020621768,4.07206654149587,3.982570394761406,4.055285930633545,1010300,0.18,0.0
2017-09-18 00:00:00-04:00,4.055286042437841,4.055286042437841,4.004944475181711,4.010538101196289,355900,0.0,0.0
2017-09-19 00:00:00-04:00,4.02731901468796,4.044099628383298,4.004945040906711,4.021725654602051,220100,0.0,0.0
2017-09-20 00:00:00-04:00,4.00494465643242,4.049692599699117,4.00494465643242,4.032912254333496,192700,0.0,0.0
2017-09-21 00:00:00-04:00,4.03850531977122,4.060879556493907,4.032911960629619,4.055285930633545,309400,0.0,0.0
2017-09-22 00:00:00-04:00,4.060879556493907,4.066472915635507,4.032911960629619,4.055285930633545,305200,0.0,0.0
2017-09-25 00:00:00-04:00,4.055285407552123,4.111220325347028,4.049691782413269,4.09443998336792,283400,0.0,0.0
2017-09-26 00:00:00-04:00,4.111220928009132,4.133594898406884,4.0720666131724474,4.122407913208008,202000,0.0,0.0
2017-09-27 00:00:00-04:00,4.155968095788981,4.155968095788981,4.111220163316651,4.144781112670898,164300,0.0,0.0
2017-09-28 00:00:00-04:00,4.144782013137647,4.183936595916748,4.1280016681743,4.183936595916748,331200,0.0,0.0
2017-09-29 00:00:00-04:00,4.183936211128548,4.217497164687484,4.13359464743077,4.195123195648193,505200,0.0,0.0
2017-10-02 00:00:00-04:00,4.217497915679497,4.234278528806393,4.178343329529273,4.228684902191162,286200,0.0,0.0
2017-10-03 00:00:00-04:00,4.217497795116642,4.234278407763841,4.128001905581686,4.200717449188232,321900,0.0,0.0
2017-10-04 00:00:00-04:00,4.2119049420503245,4.234278917125536,4.195124327384505,4.217498302459717,164300,0.0,0.0
2017-10-05 00:00:00-04:00,4.217497164687484,4.217497164687484,4.17834258550935,4.195123195648193,212300,0.0,0.0
2017-10-06 00:00:00-04:00,4.200717444741292,4.200717444741292,4.13918888739175,4.167156219482422,209000,0.0,0.0
2017-10-09 00:00:00-04:00,4.155969142913818,4.17274975517829,4.144782156977099,4.155969142913818,247100,0.0,0.0
2017-10-10 00:00:00-04:00,4.150375274206824,4.167155617694182,4.133594664000714,4.139188289642334,170200,0.0,0.0
2017-10-11 00:00:00-04:00,4.144781975222767,4.172749572197541,4.133594989776611,4.133594989776611,286200,0.0,0.0
2017-10-12 00:00:00-04:00,4.133594129552816,4.155968095788981,4.133594129552816,4.144781112670898,245000,0.0,0.0
2017-10-13 00:00:00-04:00,4.155968960668922,4.155968960668922,4.122408004330456,4.133594989776611,172300,0.0,0.0
2017-10-16 00:00:00-04:00,4.133595320404918,4.167156279427779,4.122408334063964,4.161562919616699,135300,0.0,0.0
2017-10-17 00:00:00-04:00,4.161563127446957,4.167156487537372,4.122408539938825,4.128002166748047,143500,0.0,0.0
2017-10-18 00:00:00-04:00,4.128001355180852,4.1447816988718795,4.100033760070801,4.100033760070801,203400,0.0,0.0
2017-10-19 00:00:00-04:00,4.088847400634975,4.116815000021818,4.072067054377906,4.10562801361084,234200,0.0,0.0
2017-10-20 00:00:00-04:00,4.116815000021818,4.12240835986791,4.10562801361084,4.10562801361084,189300,0.0,0.0
2017-10-23 00:00:00-04:00,4.105627477523659,4.133594806539907,4.0944404925734075,4.111220836639404,322900,0.0,0.0
2017-10-24 00:00:00-04:00,4.122408042040668,4.189529955331606,4.122408042040668,4.183936595916748,218400,0.0,0.0
2017-10-25 00:00:00-04:00,4.167156455108547,4.167156455108547,4.060880213748443,4.07766056060791,187700,0.0,0.0
2017-10-26 00:00:00-04:00,4.0832540407888835,4.111221373456932,4.06647342781302,4.10562801361084,129400,0.0,0.0
2017-10-27 00:00:00-04:00,4.12240772947134,4.12240772947134,4.077659790670261,4.100033760070801,153600,0.0,0.0
2017-10-30 00:00:00-04:00,4.088846977709879,4.11122094821761,4.066473007202148,4.066473007202148,120200,0.0,0.0
2017-10-31 00:00:00-04:00,4.077659859634352,4.094440470327939,4.004944324493408,4.004944324493408,337100,0.0,0.0
2017-11-01 00:00:00-04:00,3.999351351105527,4.010538337073872,3.9825707387936187,3.993757724761963,166100,0.0,0.0
2017-11-02 00:00:00-04:00,3.988163873012084,4.004944216534574,3.9042613552433774,3.921041965484619,416800,0.0,0.0
2017-11-03 00:00:00-04:00,3.9154487926195,4.004944679672221,3.8874811945561336,3.9769773483276367,273100,0.0,0.0
2017-11-06 00:00:00-05:00,3.9713828150620687,3.982569798388829,3.9266348817550267,3.937821865081787,263500,0.0,0.0
2017-11-07 00:00:00-05:00,3.9490105214721725,3.954604148864746,3.90985592988066,3.954604148864746,306000,0.0,0.0
2017-11-08 00:00:00-05:00,3.9378235334058598,3.9657911369310592,3.9154495572732335,3.954604148864746,235400,0.0,0.0
2017-11-09 00:00:00-05:00,3.9378233269868828,4.021725866445513,3.8707014021075064,3.8818883895874023,445000,0.0,0.0
2017-11-10 00:00:00-05:00,3.859512233691307,3.8762925720694934,3.8035773278995686,3.848325252532959,556100,0.0,0.0
2017-11-13 00:00:00-05:00,3.848326554966551,3.848326554966551,3.7867980044124865,3.8035786151885986,363200,0.0,0.0
2017-11-14 00:00:00-05:00,3.7867982928299955,3.7979852786265287,3.7364567233862065,3.7476437091827393,590200,0.0,0.0
2017-11-15 00:00:00-05:00,3.742051186450516,3.7756121513451,3.691709605749219,3.719677209854126,438600,0.0,0.0
2017-11-16 00:00:00-05:00,3.7364562689229177,3.7476432533587833,3.674927987885029,3.708488941192627,407900,0.0,0.0
2017-11-17 00:00:00-05:00,3.6973024654173043,3.7476437689450885,3.691708839070448,3.7420504093170166,388700,0.0,0.0
2017-11-20 00:00:00-05:00,3.7364567829701603,3.7756113672418006,3.7364567829701603,3.7420504093170166,269600,0.0,0.0
2017-11-21 00:00:00-05:00,3.7588305473327637,3.803578755479971,3.7420502026564844,3.7588305473327637,264300,0.0,0.0
2017-11-22 00:00:00-05:00,3.7867983866780275,3.837139957369429,3.7700177742079646,3.775611400604248,255200,0.0,0.0
2017-11-24 00:00:00-05:00,3.792392013074311,3.8203593448993667,3.758830788134185,3.775611400604248,130100,0.0,0.0
2017-11-27 00:00:00-05:00,3.770018523836583,3.7756121513451,3.708490221555931,3.719677209854126,376600,0.0,0.0
2017-11-28 00:00:00-05:00,3.6749279295141024,3.7196758665468095,3.630179725762652,3.7140822410583496,565600,0.0,0.0
2017-11-29 00:00:00-05:00,3.7252692844870516,3.7476432533587833,3.674927987885029,3.708488941192627,412700,0.0,0.0
2017-11-30 00:00:00-05:00,3.708488809491098,3.708488809491098,3.6357732798809814,3.663740873336792,478900,0.0,0.0
2017-12-01 00:00:00-05:00,3.6693345033239044,3.69170847305549,3.6413671745188014,3.6805214881896973,449200,0.0,0.0
2017-12-04 00:00:00-05:00,3.6973018254525214,3.7140821681510174,3.6581472479581345,3.663740873336792,409300,0.0,0.0
2017-12-05 00:00:00-05:00,3.669334797652785,3.6805217834159207,3.6301802141224186,3.6581478118896484,392300,0.0,0.0
2017-12-06 00:00:00-05:00,3.658147720805637,3.658147720805637,3.635773749836453,3.646960735321045,374300,0.0,0.0
2017-12-07 00:00:00-05:00,3.6525542736053467,3.6581476328537765,3.635773662422524,3.6525542736053467,390900,0.0,0.0
2017-12-08 00:00:00-05:00,3.658147720805637,3.6637413469073197,3.6413673759381355,3.646960735321045,311500,0.0,0.0
2017-12-11 00:00:00-05:00,3.6469600785752405,3.658147062045277,3.630179470010824,3.641366720199585,589000,0.0,0.0
2017-12-12 00:00:00-05:00,3.635773749836453,3.669334706290229,3.6301801237347706,3.646960735321045,619100,0.0,0.0
2017-12-13 00:00:00-05:00,3.646960735321045,3.669334706290229,3.602212793382677,3.646960735321045,984100,0.0,0.0
2017-12-14 00:00:00-05:00,3.6413671335081155,3.674928087727516,3.5910255688196377,3.6301798820495605,762900,0.0,0.0
2017-12-15 00:00:00-05:00,3.630179654502324,3.663740873336792,3.607805686425171,3.663740873336792,1148000,0.0,0.0
2017-12-18 00:00:00-05:00,3.6809952259063725,3.7327590340055887,3.652237341430298,3.680995225906372,1032400,0.18,0.0
2017-12-19 00:00:00-05:00,3.6809959017726728,3.7097535172734104,3.623480396515636,3.640734910964966,809000,0.0,0.0
2017-12-20 00:00:00-05:00,3.634983744215793,3.6637413616678542,3.5659648589685684,3.571716547012329,922500,0.0,0.0
2017-12-21 00:00:00-05:00,3.565964382498889,3.571716069774133,3.5026974680044742,3.5257036685943604,1599900,0.0,0.0
2017-12-22 00:00:00-05:00,3.519953128028567,3.5774686482403473,3.5142017131352055,3.531456232070923,829800,0.0,0.0
2017-12-26 00:00:00-05:00,3.5199519061668503,3.64073459381277,3.5199519061668503,3.6004738807678223,679900,0.0,0.0
2017-12-27 00:00:00-05:00,3.6004748290743875,3.623481035232544,3.5659652455815425,3.623481035232544,707200,0.0,0.0
2017-12-28 00:00:00-05:00,3.61197789960173,3.6464872085279607,3.5774683164198913,3.5832200050354004,711900,0.0,0.0
2017-12-29 00:00:00-05:00,3.5832200050354004,3.606226210986221,3.554462110469071,3.5832200050354004,816000,0.0,0.0
2018-01-02 00:00:00-05:00,3.583219170668708,3.6234801588355183,3.565964383095634,3.594722270965576,412700,0.0,0.0
2018-01-03 00:00:00-05:00,3.5889711380004883,3.623480718476589,3.5774680359269837,3.5889711380004883,403100,0.0,0.0
2018-01-04 00:00:00-05:00,3.58897094390859,3.6062257332135,3.548710225956421,3.560213327407837,414000,0.0,0.0
2018-01-05 00:00:00-05:00,3.5602122521061283,3.5717153500832284,3.525702958174828,3.5487091541290283,511900,0.0,0.0
2018-01-08 00:00:00-05:00,3.537206056151928,3.565963663966934,3.5314543700356333,3.5487091541290283,430700,0.0,0.0
2018-01-09 00:00:00-05:00,3.5487107117424403,3.5889714352059343,3.496946610997252,3.5142014026641846,521100,0.0,0.0
2018-01-10 00:00:00-05:00,3.5142002875848415,3.5199517001451177,3.4796909894566177,3.508448600769043,795400,0.0,0.0
2018-01-11 00:00:00-05:00,3.5142017131352055,3.554462440155635,3.5142017131352055,3.531456232070923,449300,0.0,0.0
2018-01-12 00:00:00-05:00,3.5544614781194706,3.5889707809063904,3.5372069638537904,3.577467679977417,448100,0.0,0.0
2018-01-16 00:00:00-05:00,3.5889705830887753,3.6004739576392626,3.496945780729231,3.5257036685943604,665200,0.0,0.0
2018-01-17 00:00:00-05:00,3.5257037458896003,3.5487099469838594,3.502697544795341,3.5429582595825195,366000,0.0,0.0
2018-01-18 00:00:00-05:00,3.5372075931337594,3.6004747966263198,3.5084496985674294,3.5832200050354004,581900,0.0,0.0
2018-01-19 00:00:00-05:00,3.5889698599211344,3.600473232153724,3.5487091541290283,3.5487091541290283,296500,0.0,0.0
2018-01-22 00:00:00-05:00,3.542958140607585,3.571716028137475,3.542958140607585,3.5544612407684326,206200,0.0,0.0
2018-01-23 00:00:00-05:00,3.54871046726964,3.5544618812586597,3.514201160568751,3.5372073650360107,302600,0.0,0.0
2018-01-24 00:00:00-05:00,3.5487095857130657,3.5487095857130657,3.508448600769043,3.508448600769043,219400,0.0,0.0
2018-01-25 00:00:00-05:00,3.5084490005203652,3.514200687991509,3.4796913859313086,3.491194486618042,412900,0.0,0.0
2018-01-26 00:00:00-05:00,3.4854427991468984,3.496945899833632,3.4796913859313086,3.491194486618042,277600,0.0,0.0
2018-01-29 00:00:00-05:00,3.4911943251211297,3.4969457380706688,3.4509333374521924,3.4624364376068115,399100,0.0,0.0
2018-01-30 00:00:00-05:00,3.4509338154013456,3.4796917068985884,3.4221759239041027,3.4394307136535645,394300,0.0,0.0
2018-01-31 00:00:00-05:00,3.4336789075974323,3.450933696753651,3.422175806245143,3.4279274940490723,395700,0.0,0.0
2018-02-01 00:00:00-05:00,3.422175645828247,3.445181847454394,3.4049211317364154,3.422175645828247,282900,0.0,0.0
2018-02-02 00:00:00-05:00,3.3991702960051198,3.4106733997007725,3.3244002591111887,3.3416547775268555,565300,0.0,0.0
2018-02-05 00:00:00-05:00,3.3013932053873614,3.341654198473394,3.1576042969801295,3.1921138763427734,879800,0.0,0.0
2018-02-06 00:00:00-05:00,3.243876982481553,3.318647264208108,3.1978645858053705,3.3071441650390625,771900,0.0,0.0
2018-02-07 00:00:00-05:00,3.3128967988208147,3.3876668276666235,3.289890319650263,3.3531575202941895,512600,0.0,0.0
2018-02-08 00:00:00-05:00,3.370411793327868,3.4106725086161807,3.215119796880888,3.2208712100982666,624300,0.0,0.0
2018-02-09 00:00:00-05:00,3.2553804336983516,3.3301507235108168,3.2496290206196106,3.2956414222717285,627900,0.0,0.0
2018-02-12 00:00:00-05:00,3.3071438771378654,3.3071438771378654,3.24962838629961,3.26688289642334,429400,0.0,0.0
2018-02-13 00:00:00-05:00,3.2323744700958525,3.2726354616239783,3.2323744700958525,3.249629259109497,242500,0.0,0.0
2018-02-14 00:00:00-05:00,3.249628978809495,3.2726351793395536,3.2208710910191507,3.2323741912841797,332200,0.0,0.0
2018-02-15 00:00:00-05:00,3.2438775730863885,3.249629260845866,3.2208713705596144,3.226623058319092,246300,0.0,0.0
2018-02-16 00:00:00-05:00,3.2323736019203864,3.284137680802563,3.2323736019203864,3.26688289642334,336900,0.0,0.0
2018-02-20 00:00:00-05:00,3.255380391814238,3.284138279604583,3.2208710910191507,3.2323741912841797,205000,0.0,0.0
2018-02-21 00:00:00-05:00,3.2323738294022863,3.243876928379481,3.197864532470703,3.197864532470703,299700,0.0,0.0
2018-02-22 00:00:00-05:00,3.2208712520068135,3.238126040394569,3.203616737874615,3.2151198387145996,225000,0.0,0.0
2018-02-23 00:00:00-05:00,3.2266227780176906,3.2438772912860627,3.1978648902296785,3.2093679904937744,227800,0.0,0.0
2018-02-26 00:00:00-05:00,3.2093679904937744,3.220871090757871,3.1921134772254023,3.2093679904937744,377000,0.0,0.0
2018-02-27 00:00:00-05:00,3.2151200395183026,3.2381262426351483,3.174859046936035,3.174859046936035,275900,0.0,0.0
2018-02-28 00:00:00-05:00,3.174858850429232,3.226622941366001,3.1633557495827893,3.169107437133789,391500,0.0,0.0
2018-03-01 00:00:00-05:00,3.17485873094848,3.2093680321891043,3.1691073178694826,3.2036166191101074,288900,0.0,0.0
2018-03-02 00:00:00-05:00,3.1806106161530723,3.1863620295898727,3.151852726202378,3.163355827331543,378400,0.0,0.0
2018-03-05 00:00:00-05:00,3.1633558642426793,3.226623058319092,3.157604176483202,3.226623058319092,242800,0.0,0.0
2018-03-06 00:00:00-05:00,3.2266229395545842,3.2496291412345535,3.209368151166829,3.2151198387145996,270700,0.0,0.0
2018-03-07 00:00:00-05:00,3.186362348779353,3.1978654510608253,3.157604455947876,3.157604455947876,465400,0.0,0.0
2018-03-08 00:00:00-05:00,3.2726351479278275,3.4796912249665106,3.2668834607227475,3.4624364376068115,984700,0.0,0.0
2018-03-09 00:00:00-05:00,3.4509335358371778,3.4969459391007844,3.330150840142432,3.399169445037842,627100,0.0,0.0
2018-03-12 00:00:00-04:00,3.393418550491333,3.404921653065652,3.3531575543534164,3.393418550491333,552900,0.0,0.0
2018-03-13 00:00:00-04:00,3.399169605451504,3.427927495976179,3.3646603013752356,3.404921293258667,354300,0.0,0.0
2018-03-14 00:00:00-04:00,3.4106731513306023,3.4164248398873953,3.3646607398986816,3.3646607398986816,407900,0.0,0.0
2018-03-15 00:00:00-04:00,3.376163492830216,3.376163492830216,3.272635577838667,3.2841386795043945,722500,0.0,0.0
2018-03-16 00:00:00-04:00,3.2960162314371964,3.4860566191756193,3.2960162314371964,3.4444854259490967,1246700,0.18,0.0
2018-03-19 00:00:00-04:00,3.4266687340512707,3.4266687340512707,3.3672811174576385,3.4207301139831543,466100,0.0,0.0
2018-03-20 00:00:00-04:00,3.4207306258532038,3.4741793471941667,3.3969752924785652,3.4563632011413574,666200,0.0,0.0
2018-03-21 00:00:00-04:00,3.462301466898736,3.4741789907762657,3.4029138475110874,3.4385464191436768,366000,0.0,0.0
2018-03-22 00:00:00-04:00,3.474178959392428,3.640464575358217,3.474178959392428,3.5395054817199707,913000,0.0,0.0
2018-03-23 00:00:00-04:00,3.5395049754783265,3.575137541692643,3.509811028708498,3.515749931335449,446800,0.0,0.0
2018-03-26 00:00:00-04:00,3.545444975439948,3.5751389337719415,3.5335674487436655,3.5573225021362305,400900,0.0,0.0
2018-03-27 00:00:00-04:00,3.581077258440714,3.646403503093646,3.5691997336690418,3.598893404006958,643000,0.0,0.0
2018-03-28 00:00:00-04:00,3.6226478660899755,3.6464029117811245,3.5751377747076782,3.628586769104004,571500,0.0,0.0
2018-03-29 00:00:00-04:00,3.6404652048030246,3.664220256450797,3.5751386711803743,3.5810775756835938,1055500,0.0,0.0
2018-04-02 00:00:00-04:00,3.5988931005711438,3.6464031956520824,3.527627957949736,3.5395054817199707,721700,0.0,0.0
2018-04-03 00:00:00-04:00,3.5513825848869307,3.598892674341075,3.5335661597503916,3.587015151977539,339500,0.0,0.0
2018-04-04 00:00:00-04:00,3.5810771360700815,3.634525854124921,3.5751382322959224,3.6167097091674805,326400,0.0,0.0
2018-04-05 00:00:00-04:00,3.6167098803728255,3.664219980085025,3.598893451389485,3.6464035511016846,349100,0.0,0.0
2018-04-06 00:00:00-04:00,3.634525990402944,3.664219944022089,3.5929547951551757,3.6107709407806396,248800,0.0,0.0
2018-04-09 00:00:00-04:00,3.63452492678167,3.652341350375796,3.6226474054464006,3.6404638290405273,179700,0.0,0.0
2018-04-10 00:00:00-04:00,3.658281076029734,3.682036125885834,3.640464930228925,3.6464035511016846,391300,0.0,0.0
2018-04-11 00:00:00-04:00,3.6642196047814544,3.711729699627486,3.646403177622941,3.6523420810699463,402900,0.0,0.0
2018-04-12 00:00:00-04:00,3.6642196308213935,3.693913298719931,3.6642196308213935,3.6760971546173096,226300,0.0,0.0
2018-04-13 00:00:00-04:00,3.6879750299411245,3.693913650813884,3.6226485012455845,3.6464035511016846,213800,0.0,0.0
2018-04-16 00:00:00-04:00,3.6642193036551163,3.6939129689024024,3.6464028779607607,3.682035446166992,169600,0.0,0.0
2018-04-17 00:00:00-04:00,3.7057908613868498,3.723607288858857,3.68797471709735,3.7117297649383545,260600,0.0,0.0
2018-04-18 00:00:00-04:00,3.7176682756742654,3.800810934332778,3.7176682756742654,3.782994508743286,508800,0.0,0.0
2018-04-19 00:00:00-04:00,3.7770561136654264,3.7829947337601744,3.7592396870161933,3.7711172103881836,353500,0.0,0.0
2018-04-20 00:00:00-04:00,3.765178719403138,3.800811290740967,3.765178719403138,3.800811290740967,260900,0.0,0.0
2018-04-23 00:00:00-04:00,3.788933203323657,3.800810725336045,3.7176680712493315,3.7295455932617188,410800,0.0,0.0
2018-04-24 00:00:00-04:00,3.7295455932617188,3.753300637286494,3.7176680712493315,3.7295455932617188,266500,0.0,0.0
2018-04-25 00:00:00-04:00,3.711730264286049,3.741424219673356,3.711730264286049,3.735485315322876,357100,0.0,0.0
2018-04-26 00:00:00-04:00,3.7354857823898744,3.7354857823898744,3.7117307283828307,3.7236082553863525,315600,0.0,0.0
2018-04-27 00:00:00-04:00,3.7236077898044626,3.741424219673356,3.711730264286049,3.735485315322876,167900,0.0,0.0
2018-04-30 00:00:00-04:00,3.788933851000173,3.788933851000173,3.7236073271739603,3.7473623752593994,282100,0.0,0.0
2018-05-01 00:00:00-04:00,3.735484559087651,3.735484559087651,3.670158040370219,3.6998519897460938,235400,0.0,0.0
2018-05-02 00:00:00-04:00,3.7117301391203026,3.723607664238186,3.670158659616442,3.7057912349700928,355500,0.0,0.0
2018-05-03 00:00:00-04:00,3.735485685763043,3.735485685763043,3.5573225021362305,3.5573225021362305,614000,0.0,0.0
2018-05-04 00:00:00-04:00,3.5454440116882324,3.616709435676549,3.5454440116882324,3.5454440116882324,443900,0.0,0.0
2018-05-07 00:00:00-04:00,3.5513831412608625,3.575138189709496,3.509811664884497,3.53356671333313,546300,0.0,0.0
2018-05-08 00:00:00-04:00,3.5276284217834473,3.5513834724473727,3.5098119921942326,3.5276284217834473,265400,0.0,0.0
2018-05-09 00:00:00-04:00,3.5335668404655203,3.598893367640869,3.527628219730957,3.563260793685913,387600,0.0,0.0
2018-05-10 00:00:00-04:00,3.59295411173184,3.664219247043263,3.569199066628032,3.6345252990722656,370600,0.0,0.0
2018-05-11 00:00:00-04:00,3.6285869039518968,3.658280570578087,3.622648000717163,3.622648000717163,263900,0.0,0.0
2018-05-14 00:00:00-04:00,3.628587033646931,3.670158225045957,3.6226481301999254,3.6523420810699463,290100,0.0,0.0
2018-05-15 00:00:00-04:00,3.6404638290405273,3.652341350375796,3.6107698841111318,3.6404638290405273,261800,0.0,0.0
2018-05-16 00:00:00-04:00,3.6464028216241693,3.6760967695951665,3.622647776520362,3.6345252990722656,270900,0.0,0.0
2018-05-17 00:00:00-04:00,3.6226474054464006,3.6642188717110655,3.6226474054464006,3.6404638290405273,270600,0.0,0.0
2018-05-18 00:00:00-04:00,3.634525524004138,3.640464427238871,3.598892954143214,3.622648000717163,355000,0.0,0.0
2018-05-21 00:00:00-04:00,3.6345252990722656,3.664219247043263,3.622647776520362,3.6345252990722656,283900,0.0,0.0
2018-05-22 00:00:00-04:00,3.640464427238871,3.652341950525846,3.622648000717163,3.622648000717163,217200,0.0,0.0
2018-05-23 00:00:00-04:00,3.6226474054464006,3.646402448116939,3.6226474054464006,3.6404638290405273,182600,0.0,0.0
2018-05-24 00:00:00-04:00,3.6285872335332803,3.64046475789908,3.6167097091674805,3.6167097091674805,220500,0.0,0.0
2018-05-25 00:00:00-04:00,3.6107703432444014,3.6523418147951525,3.6107703432444014,3.628586769104004,235900,0.0,0.0
2018-05-29 00:00:00-04:00,3.6226474054464006,3.652341350375796,3.6107698841111318,3.6404638290405273,208600,0.0,0.0
2018-05-30 00:00:00-04:00,3.6523417809197056,3.6939129689024024,3.6523417809197056,3.682035446166992,366500,0.0,0.0
2018-05-31 00:00:00-04:00,3.6879750888845355,3.729546568388396,3.6820361847343257,3.7057912349700928,341000,0.0,0.0
2018-06-01 00:00:00-04:00,3.7176692493553825,3.735485396428558,3.670158863067627,3.670158863067627,246300,0.0,0.0
2018-06-04 00:00:00-04:00,3.6820359647971164,3.765178918838501,3.6820359647971164,3.765178918838501,349000,0.0,0.0
2018-06-05 00:00:00-04:00,3.7473622921429715,3.800811290740967,3.7354847683636954,3.800811290740967,423800,0.0,0.0
2018-06-06 00:00:00-04:00,3.7948728074892464,3.854260432961978,3.7948728074892464,3.8423829078674316,418100,0.0,0.0
2018-06-07 00:00:00-04:00,3.812689213400389,3.8542604093857453,3.812689213400389,3.8186278343200684,296800,0.0,0.0
2018-06-08 00:00:00-04:00,3.812689213400389,3.878015742612064,3.812689213400389,3.8186278343200684,405200,0.0,0.0
2018-06-11 00:00:00-04:00,3.8186278576783392,3.86613824123906,3.812689236722334,3.8423829078674316,289200,0.0,0.0
2018-06-12 00:00:00-04:00,3.836444139480591,3.8720767133949043,3.824566614842486,3.836444139480591,226200,0.0,0.0
2018-06-13 00:00:00-04:00,3.8305052355702762,3.8542602848464855,3.824566614842486,3.836444139480591,279000,0.0,0.0
2018-06-14 00:00:00-04:00,3.8305049204817814,3.872076394886836,3.8186273968206943,3.854259967803955,496300,0.0,0.0
2018-06-15 00:00:00-04:00,3.854260191736963,3.872584853457506,3.817611159556495,3.866476535797119,570100,0.18,0.0
2018-06-18 00:00:00-04:00,3.8664769624627753,3.897017971613674,3.8481525899807556,3.8848016262054443,275400,0.0,0.0
2018-06-19 00:00:00-04:00,3.87869313436462,3.890909479226373,3.8542604446411133,3.8542604446411133,203200,0.0,0.0
2018-06-20 00:00:00-04:00,3.8664765456679966,3.8725848633439774,3.8298275133939654,3.8359358310699463,211600,0.0,0.0
2018-06-21 00:00:00-04:00,3.835936633311112,3.8542610076501465,3.811503648757934,3.8115036487579346,347400,0.0,0.0
2018-06-22 00:00:00-04:00,3.8176117452968867,3.8481527557635267,3.7992870807647705,3.7992870807647705,241500,0.0,0.0
2018-06-25 00:00:00-04:00,3.793178405571715,3.799286431865425,3.7076639986354882,3.7198803424835205,525600,0.0,0.0
2018-06-26 00:00:00-04:00,3.7259879297220992,3.7687452737821685,3.6832308769226074,3.6832308769226074,249200,0.0,0.0
2018-06-27 00:00:00-04:00,3.6832314315378327,3.713772146527589,3.6404740810394283,3.6404740810394287,246900,0.0,0.0
2018-06-28 00:00:00-04:00,3.664907056761482,3.664907056761482,3.597717012501208,3.603825330734253,309900,0.0,0.0
2018-06-29 00:00:00-04:00,3.5977166127206313,3.634365644264505,3.561067581176758,3.561067581176758,409500,0.0,0.0
2018-07-02 00:00:00-04:00,3.5610676834915655,3.6649067548129657,3.5610676834915655,3.6526904106140137,402100,0.0,0.0
2018-07-03 00:00:00-04:00,3.6649064413998675,3.707663788070014,3.6587981241924488,3.6954474449157715,133800,0.0,0.0
2018-07-05 00:00:00-04:00,3.707663574701674,3.707663574701674,3.6710145473480225,3.6710145473480225,162500,0.0,0.0
2018-07-06 00:00:00-04:00,3.6832316759888544,3.695448021047663,3.6343660044929784,3.6587986946105957,199900,0.0,0.0
2018-07-09 00:00:00-04:00,3.6832308897992396,3.707663574701674,3.6587979136362265,3.6710145473480225,301400,0.0,0.0
2018-07-10 00:00:00-04:00,3.671014317184388,3.7076633422402354,3.652689659026184,3.6893386840820312,406900,0.0,0.0
2018-07-11 00:00:00-04:00,3.6771233235521095,3.695447986599826,3.6649069786071777,3.6649069786071777,83000,0.0,0.0
2018-07-12 00:00:00-04:00,3.683231691628699,3.7015560636644014,3.6404743381109905,3.6465823650360107,276500,0.0,0.0
2018-07-13 00:00:00-04:00,3.6587980324481904,3.6587980324481904,3.6099326610565186,3.6099326610565186,234100,0.0,0.0
2018-07-16 00:00:00-04:00,3.6221484931483197,3.634364834273622,3.609932152023018,3.6160404682159424,127200,0.0,0.0
2018-07-17 00:00:00-04:00,3.6160421377803496,3.658799205830017,3.6160421377803496,3.634366512298584,246700,0.0,0.0
2018-07-18 00:00:00-04:00,3.640474066415062,3.6587984370831794,3.6221494044863243,3.6526904106140137,142400,0.0,0.0
2018-07-19 00:00:00-04:00,3.6465821075331313,3.671015087289806,3.6343657632851043,3.6404740810394287,145000,0.0,0.0
2018-07-20 00:00:00-04:00,3.6526904106140137,3.6710150725427515,3.6282577222161105,3.6526904106140137,300100,0.0,0.0
2018-07-23 00:00:00-04:00,3.664906769535482,3.6893394580315353,3.6404740810394283,3.6404740810394287,183700,0.0,0.0
2018-07-24 00:00:00-04:00,3.6465821075331313,3.6526904252874552,3.609933074789051,3.6404740810394287,314800,0.0,0.0
2018-07-25 00:00:00-04:00,3.628258484546066,3.6404748313117827,3.6099338187671504,3.634366512298584,194700,0.0,0.0
2018-07-26 00:00:00-04:00,3.6404743381109905,3.664907028332355,3.6282579930003083,3.6465823650360107,409900,0.0,0.0
2018-07-27 00:00:00-04:00,3.6404742887173143,3.7198806764896895,3.6404742887173143,3.6649069786071777,857200,0.0,0.0
2018-07-30 00:00:00-04:00,3.6587986946105957,3.6832316759888544,3.6343660044929784,3.6587986946105957,262400,0.0,0.0
2018-07-31 00:00:00-04:00,3.658797900845012,3.6832308769226074,3.6465815584365036,3.6832308769226074,280800,0.0,0.0
2018-08-01 00:00:00-04:00,3.6710147586072868,3.6954474449157715,3.6649064413998675,3.6954474449157715,250900,0.0,0.0
2018-08-02 00:00:00-04:00,3.713772551329121,3.7198808697492525,3.664907169010683,3.7015562057495117,558100,0.0,0.0
2018-08-03 00:00:00-04:00,3.6954474449157715,3.701555470862595,3.6649064413998675,3.6954474449157715,220300,0.0,0.0
2018-08-06 00:00:00-04:00,3.689339337233134,3.7443130301795855,3.677122993385101,3.7198803424835205,292200,0.0,0.0
2018-08-07 00:00:00-04:00,3.7259883687772306,3.7382047126252633,3.7137720249291983,3.7198803424835205,194900,0.0,0.0
2018-08-08 00:00:00-04:00,3.7137718140168374,3.738204500325322,3.6954474449157715,3.6954474449157715,239800,0.0,0.0
2018-08-09 00:00:00-04:00,3.695447654787456,3.7259883687772306,3.689339337233134,3.7198803424835205,226800,0.0,0.0
2018-08-10 00:00:00-04:00,3.707663788070014,3.7320964743784986,3.6893391277083527,3.6954474449157715,179700,0.0,0.0
2018-08-13 00:00:00-04:00,3.689339337233134,3.7259883687772306,3.689339337233134,3.7198803424835205,142700,0.0,0.0
2018-08-14 00:00:00-04:00,3.719880347469803,3.750421061500516,3.6893393421784775,3.7382047176361084,333500,0.0,0.0
2018-08-15 00:00:00-04:00,3.7504210564732956,3.7504210564732956,3.7076639986354882,3.7198803424835205,193000,0.0,0.0
2018-08-16 00:00:00-04:00,3.7382054163187486,3.7626381086141127,3.732097388875241,3.7504217624664307,165100,0.0,0.0
2018-08-17 00:00:00-04:00,3.756529359660727,3.756529359660727,3.7076639844554835,3.7320966720581055,218000,0.0,0.0
2018-08-20 00:00:00-04:00,3.73820489248064,3.7748539257880234,3.73820489248064,3.7687458992004395,152900,0.0,0.0
2018-08-21 00:00:00-04:00,3.76874591816013,3.7931786071546343,3.7565295736628777,3.7748539447784424,252400,0.0,0.0
2018-08-22 00:00:00-04:00,3.7687458992004395,3.780962243636234,3.756529554764645,3.7687458992004395,128900,0.0,0.0
2018-08-23 00:00:00-04:00,3.774854454761795,3.7870708009094773,3.7504217624664307,3.7504217624664307,175800,0.0,0.0
2018-08-24 00:00:00-04:00,3.7504217624664307,3.768746427318287,3.7382054163187486,3.7504217624664307,182600,0.0,0.0
2018-08-27 00:00:00-04:00,3.756529685747087,3.8664767895028667,3.756529685747087,3.8542604446411133,512000,0.0,0.0
2018-08-28 00:00:00-04:00,3.8603685828715166,3.8603685828715166,3.7931785436315253,3.8053948879241943,195900,0.0,0.0
2018-08-29 00:00:00-04:00,3.799287302111685,3.835936633311112,3.7931792744188995,3.8115036487579346,204600,0.0,0.0
2018-08-30 00:00:00-04:00,3.8053936634695362,3.848151000366238,3.8053936634695362,3.8420426845550537,253800,0.0,0.0
2018-08-31 00:00:00-04:00,3.842043891272138,3.842043891272138,3.8176112028745908,3.8298275470733643,192300,0.0,0.0
2018-09-04 00:00:00-04:00,3.8420426845550537,3.8542590249168933,3.8298263441932145,3.8420426845550537,221200,0.0,0.0
2018-09-05 00:00:00-04:00,3.8542599482398403,3.8786926348165904,3.835935578937577,3.848151922225952,301200,0.0,0.0
2018-09-06 00:00:00-04:00,3.8481521751612897,3.8481521751612897,3.8298275133939654,3.8359358310699463,191800,0.0,0.0
2018-09-07 00:00:00-04:00,3.8481522385788476,3.8481522385788476,3.7931785436315253,3.8053948879241943,315200,0.0,0.0
2018-09-10 00:00:00-04:00,3.8359358942861785,3.8359358942861785,3.7992865701475487,3.8053948879241943,294400,0.0,0.0
2018-09-11 00:00:00-04:00,3.81150286609702,3.8359358456330845,3.8053948396584674,3.8237195014953613,263200,0.0,0.0
2018-09-12 00:00:00-04:00,3.8176112028745908,3.8481522090018356,3.8176112028745908,3.8298275470733643,359000,0.0,0.0
2018-09-13 00:00:00-04:00,3.829827957654843,3.8664769941801698,3.823719930530947,3.8603689670562744,549200,0.0,0.0
2018-09-14 00:00:00-04:00,3.8540820076561078,3.8918054490280363,3.810071176155894,3.8163585662841797,460300,0.18,0.0
2018-09-17 00:00:00-04:00,3.8163572614051495,3.8415062137209035,3.7723464449530004,3.7786338329315186,410500,0.0,0.0
2018-09-18 00:00:00-04:00,3.7974957558503073,3.835219187886003,3.7534849352424016,3.8226447105407715,502100,0.0,0.0
2018-09-19 00:00:00-04:00,3.828931893249211,3.828931893249211,3.7912084632417273,3.8037829399108887,202300,0.0,0.0
2018-09-20 00:00:00-04:00,3.810069953557915,3.847793382824924,3.8037828652463297,3.835218906402588,199200,0.0,0.0
2018-09-21 00:00:00-04:00,3.810070070945536,3.8415064128695087,3.791208505630493,3.791208505630493,335100,0.0,0.0
2018-09-24 00:00:00-04:00,3.803782982440247,3.810070070945536,3.778634028820739,3.791208505630493,136100,0.0,0.0
2018-09-25 00:00:00-04:00,3.7849216905519256,3.7912090798086147,3.7597727331236115,3.7723472118377686,244300,0.0,0.0
2018-09-26 00:00:00-04:00,3.7597728306276283,3.784921788708143,3.7534854412078857,3.7534854412078857,174700,0.0,0.0
2018-09-27 00:00:00-04:00,3.7723473096678855,3.784921788708143,3.7409109621676286,3.7534854412078857,175100,0.0,0.0
2018-09-28 00:00:00-04:00,3.7346239993703327,3.747198478837604,3.709475040435791,3.709475040435791,429600,0.0,0.0
2018-10-01 00:00:00-04:00,3.703187022721524,3.715761500056094,3.6780380680523836,3.6843254566192627,364600,0.0,0.0
2018-10-02 00:00:00-04:00,3.690612610808676,3.7471979097168955,3.690612610808676,3.734623432159424,258800,0.0,0.0
2018-10-03 00:00:00-04:00,3.7409103343212085,3.753484811251059,3.70947429189617,3.7283358573913574,199400,0.0,0.0
2018-10-04 00:00:00-04:00,3.7220488886229726,3.7220488886229726,3.6780380680523836,3.6843254566192627,300900,0.0,0.0
2018-10-05 00:00:00-04:00,3.6843249897420205,3.6906120777130127,3.652888650489611,3.6906120777130127,380900,0.0,0.0
2018-10-08 00:00:00-04:00,3.7031865534541466,3.7283355049364144,3.678037601971879,3.6906120777130127,332900,0.0,0.0
2018-10-09 00:00:00-04:00,3.6906128030034067,3.766059672277257,3.6843257137968566,3.7471981048583984,441200,0.0,0.0
2018-10-10 00:00:00-04:00,3.74719736844769,3.7786337077000995,3.678037601971879,3.6906120777130127,558900,0.0,0.0
2018-10-11 00:00:00-04:00,3.6843251053479973,3.7157611457876505,3.646601676940918,3.646601676940918,404700,0.0,0.0
2018-10-12 00:00:00-04:00,3.67175120644156,3.703187251823216,3.602591426923186,3.6277403831481934,445100,0.0,0.0
2018-10-15 00:00:00-04:00,3.6277404800907065,3.659176826111629,3.6088786125183105,3.6088786125183105,250800,0.0,0.0
2018-10-16 00:00:00-04:00,3.6340282043612673,3.659177163577671,3.5900173758329395,3.640315294265747,467700,0.0,0.0
2018-10-17 00:00:00-04:00,3.634027869214577,3.634027869214577,3.5711551771727326,3.6088786125183105,393900,0.0,0.0
2018-10-18 00:00:00-04:00,3.6214541955319612,3.6214541955319612,3.5711559707612834,3.5774433612823486,213400,0.0,0.0
2018-10-19 00:00:00-04:00,3.5774422121126497,3.6025911665198342,3.5019953488910955,3.5648677349090576,533600,0.0,0.0
2018-10-22 00:00:00-04:00,3.5648677441215146,3.583729310076053,3.558580355603878,3.571154832839966,296900,0.0,0.0
2018-10-23 00:00:00-04:00,3.552293257705465,3.5774422121126497,3.52714430329828,3.5648677349090576,232600,0.0,0.0
2018-10-24 00:00:00-04:00,3.5522938805010567,3.6088788879382316,3.5522938805010567,3.590017318725586,279100,0.0,0.0
2018-10-25 00:00:00-04:00,3.602590860566412,3.671750629212304,3.596303472598986,3.646601676940918,247800,0.0,0.0
2018-10-26 00:00:00-04:00,3.602591233013537,3.6466020539380186,3.5648678007064913,3.6151657104492188,270300,0.0,0.0
2018-10-29 00:00:00-04:00,3.63402719108754,3.646601667189608,3.58372898688011,3.5963034629821777,160200,0.0,0.0
2018-10-30 00:00:00-04:00,3.5774425662966025,3.621453390766051,3.5711551771727326,3.6088786125183105,194900,0.0,0.0
2018-10-31 00:00:00-04:00,3.634027620034198,3.6717510527931307,3.596303887476071,3.6025912761688232,284800,0.0,0.0
2018-11-01 00:00:00-04:00,3.7471983577921417,3.835219711219691,3.728336489300909,3.810070753097534,630300,0.0,0.0
2018-11-02 00:00:00-04:00,3.835219711219691,3.866656058772002,3.7974962740364555,3.810070753097534,483200,0.0,0.0
2018-11-05 00:00:00-05:00,3.753484811251059,3.7723466765454248,3.6780379496719533,3.7283358573913574,406600,0.0,0.0
2018-11-06 00:00:00-05:00,3.728336489300909,3.822645232158613,3.728336489300909,3.810070753097534,301800,0.0,0.0
2018-11-07 00:00:00-05:00,3.7974955941357824,3.8792298432987704,3.784921117326028,3.791208505630493,265700,0.0,0.0
2018-11-08 00:00:00-05:00,3.7912083188571444,3.8226443594332493,3.772346454672153,3.7849209308624268,253300,0.0,0.0
2018-11-09 00:00:00-05:00,3.784920889091323,3.810069841194322,3.759771936988323,3.7974953651428223,240600,0.0,0.0
2018-11-12 00:00:00-05:00,3.816358037236929,3.828932515951086,3.7723472118377686,3.7723472118377686,236100,0.0,0.0
2018-11-13 00:00:00-05:00,3.7723464449530004,3.8163572614051495,3.753484580816605,3.7786338329315186,232800,0.0,0.0
2018-11-14 00:00:00-05:00,3.7786346541783145,3.8037836119599318,3.7471983070516806,3.7660598754882812,261300,0.0,0.0
2018-11-15 00:00:00-05:00,3.759772958304875,3.759772958304875,3.709475040435791,3.709475040435791,147300,0.0,0.0
2018-11-16 00:00:00-05:00,3.7094738073360154,3.753484320941911,3.7094738073360154,3.722048282623291,183800,0.0,0.0
2018-11-19 00:00:00-05:00,3.728336438815855,3.7786346541783145,3.7031874810342376,3.7660598754882812,279500,0.0,0.0
2018-11-20 00:00:00-05:00,3.747199015258794,3.747199015258794,3.690613699656122,3.703188180923462,307500,0.0,0.0
2018-11-21 00:00:00-05:00,3.7283358573913574,3.753484811251059,3.70947429189617,3.7283358573913574,125400,0.0,0.0
2018-11-23 00:00:00-05:00,3.722048768826021,3.7346232457558717,3.684325338036468,3.7283358573913574,121500,0.0,0.0
2018-11-26 00:00:00-05:00,3.74719736844769,3.772346319929958,3.6843249897420205,3.6906120777130127,293800,0.0,0.0
2018-11-27 00:00:00-05:00,3.703187650802536,3.7346239993703327,3.703187650802536,3.709475040435791,170700,0.0,0.0
2018-11-28 00:00:00-05:00,3.7283360434810913,3.7534849985960346,3.7031870883661475,3.734623432159424,177100,0.0,0.0
2018-11-29 00:00:00-05:00,3.734624533991454,3.747199015258794,3.696901090189433,3.703188180923462,211800,0.0,0.0
2018-11-30 00:00:00-05:00,3.7094744112884026,3.728335977390664,3.6780380680523836,3.6843254566192627,175300,0.0,0.0
2018-12-03 00:00:00-05:00,3.709475571456773,3.728337143458143,3.6843266089220923,3.703188180923462,153300,0.0,0.0
2018-12-04 00:00:00-05:00,3.690613353635572,3.728336793900759,3.6466028232258134,3.659177303314209,459400,0.0,0.0
2018-12-06 00:00:00-05:00,3.6528892864937923,3.659176675358631,3.583729507976579,3.6340277194976807,305200,0.0,0.0
2018-12-07 00:00:00-05:00,3.6466021974281557,3.665463764424267,3.627740330632842,3.6340277194976807,304300,0.0,0.0
2018-12-10 00:00:00-05:00,3.6466026387196777,3.659177118171846,3.596304421111766,3.6528897285461426,310000,0.0,0.0
2018-12-11 00:00:00-05:00,3.6906121836472665,3.6906121836472665,3.58372898688011,3.5963034629821777,365600,0.0,0.0
2018-12-12 00:00:00-05:00,3.6025916119948467,3.6340279587906514,3.5837297439575195,3.5837297439575195,325000,0.0,0.0
2018-12-13 00:00:00-05:00,3.602591233013537,3.652889142756264,3.5774422781421733,3.6151657104492188,398400,0.0,0.0
2018-12-14 00:00:00-05:00,3.596303787312141,3.6214530415835022,3.552293266885427,3.571154832839966,447000,0.0,0.0
2018-12-17 00:00:00-05:00,3.616606012792813,3.616606012792813,3.44129478759019,3.467266798019409,767400,0.18,0.0
2018-12-18 00:00:00-05:00,3.4672671739256757,3.538690055543998,3.343899956206546,3.395843982696533,962400,0.0,0.0
2018-12-19 00:00:00-05:00,3.369872007269132,3.532197246677409,3.3503928423113765,3.480253219604492,685800,0.0,0.0
2018-12-20 00:00:00-05:00,3.4477880873004603,3.4932392663143625,3.330914025050061,3.337406873703003,568900,0.0,0.0
2018-12-21 00:00:00-05:00,3.343899788089366,3.4023366601472325,3.2854626064206953,3.330913782119751,1175600,0.0,0.0
2018-12-24 00:00:00-05:00,3.3114350827864953,3.441295470306285,3.291956225905578,3.3893511295318604,438900,0.0,0.0
2018-12-26 00:00:00-05:00,3.382857980706198,3.4283091587525836,3.3568859674256406,3.402336835861206,572800,0.0,0.0
2018-12-27 00:00:00-05:00,3.3698716127816133,3.4607736495179466,3.3438996022855183,3.4218156337738037,711600,0.0,0.0
2018-12-28 00:00:00-05:00,3.4348016818904896,3.5646617359917063,3.4348016818904896,3.558168888092041,829500,0.0,0.0
2018-12-31 00:00:00-05:00,3.525704347841909,3.5581695219560614,3.4153234369976513,3.434802293777466,681100,0.0,0.0
2019-01-02 00:00:00-05:00,3.441294839400946,3.590634056422741,3.415322828580703,3.558168888092041,323600,0.0,0.0
2019-01-03 00:00:00-05:00,3.551676704433209,3.5841418816656945,3.5062258278407805,3.512718677520752,209500,0.0,0.0
2019-01-04 00:00:00-05:00,3.5516763065932166,3.6555646763336194,3.5516763065932166,3.6360855102539062,278000,0.0,0.0
2019-01-07 00:00:00-05:00,3.675042688307942,3.7269867064364153,3.6295918272509136,3.714000701904297,316100,0.0,0.0
2019-01-08 00:00:00-05:00,3.7464670164487472,3.869834252125154,3.7204949994232788,3.8633410930633545,704300,0.0,0.0
2019-01-09 00:00:00-05:00,3.876326191441202,3.960735381760706,3.824382169586367,3.947749376296997,853800,0.0,0.0
2019-01-10 00:00:00-05:00,3.934763305204189,3.9867073261926342,3.915284452138915,3.954242467880249,315100,0.0,0.0
2019-01-11 00:00:00-05:00,3.94774901853773,3.9607350228246,3.9152841626259365,3.9217770099639893,201100,0.0,0.0
2019-01-14 00:00:00-05:00,3.921777901148421,3.967229081286171,3.9087918939106117,3.9347639083862305,294300,0.0,0.0
2019-01-15 00:00:00-05:00,3.9412572287965277,4.019173275425739,3.9217780623338014,3.9996941089630127,438900,0.0,0.0
2019-01-16 00:00:00-05:00,3.9347641323077935,3.9996941721919117,3.9152852751479843,3.986708164215088,388100,0.0,0.0
2019-01-17 00:00:00-05:00,3.9542424101914015,4.045144445595002,3.9412564051337444,4.025665283203125,554800,0.0,0.0
2019-01-18 00:00:00-05:00,4.032159346939397,4.058131362893044,3.9737221562382645,3.986708164215088,257500,0.0,0.0
2019-01-22 00:00:00-05:00,3.9867070915922254,4.02566510504105,3.941256230707315,3.9607350826263428,315000,0.0,0.0
2019-01-23 00:00:00-05:00,3.9672284731273604,3.9867073261926342,3.9477493104513,3.954242467880249,201800,0.0,0.0
2019-01-24 00:00:00-05:00,3.9542425338342477,3.9932005502253745,3.947749376296997,3.947749376296997,166400,0.0,0.0
2019-01-25 00:00:00-05:00,3.960735197307796,3.973721202166742,3.908791177872013,3.9282703399658203,340400,0.0,0.0
2019-01-28 00:00:00-05:00,3.9217768304900713,3.9347628341826577,3.908790826797485,3.9087908267974854,242800,0.0,0.0
2019-01-29 00:00:00-05:00,3.915284335106875,3.94774919244885,3.915284335106875,3.9282703399658203,202900,0.0,0.0
2019-01-30 00:00:00-05:00,3.9282706335582582,4.012679516644597,3.9282706335582582,3.967228651046753,303200,0.0,0.0
2019-01-31 00:00:00-05:00,3.9672289417841617,4.012679810712861,3.9477497768069876,4.0061869621276855,312000,0.0,0.0
2019-02-01 00:00:00-05:00,3.9996938039316863,4.012679810712861,3.9672289417841617,4.0061869621276855,286000,0.0,0.0
2019-02-04 00:00:00-05:00,4.006186365094579,4.051637227249837,3.9802143554027807,4.032158374786377,304100,0.0,0.0
2019-02-05 00:00:00-05:00,4.051637285096382,4.077609604769774,4.032158432354817,4.0711164474487305,217200,0.0,0.0
2019-02-06 00:00:00-05:00,4.090596213917416,4.090596213917416,4.0321590278409065,4.045145034790039,199600,0.0,0.0
2019-02-07 00:00:00-05:00,4.038651943206787,4.051637950370378,3.986707914552423,4.038651943206787,164100,0.0,0.0
2019-02-08 00:00:00-05:00,4.032158740715804,4.032158740715804,3.9347635407272916,4.012679576873779,156500,0.0,0.0
2019-02-11 00:00:00-05:00,4.019172734691389,4.032158740715804,3.9996935708493644,4.012679576873779,134100,0.0,0.0
2019-02-12 00:00:00-05:00,4.0191731452941895,4.045145159996346,4.006187137943112,4.0191731452941895,272200,0.0,0.0
2019-02-13 00:00:00-05:00,4.058131167347424,4.058131167347424,4.0126799868132315,4.0191731452941895,190900,0.0,0.0
2019-02-14 00:00:00-05:00,4.019173087266817,4.038651943206787,4.006187080103226,4.038651943206787,207600,0.0,0.0
2019-02-15 00:00:00-05:00,4.038651876510059,4.0516378834591915,4.0321590278409065,4.045145034790039,164700,0.0,0.0
2019-02-19 00:00:00-05:00,4.051638603210449,4.058131762643903,4.012680575442373,4.051638603210449,311800,0.0,0.0
2019-02-20 00:00:00-05:00,4.038652035292871,4.123061238586259,4.032159186368448,4.103582382202148,272300,0.0,0.0
2019-02-21 00:00:00-05:00,4.110074281268547,4.175004303561342,4.103581433844652,4.162018299102783,407300,0.0,0.0
2019-02-22 00:00:00-05:00,4.162019334495441,4.311358577725633,4.155526485456308,4.285386562347412,852800,0.0,0.0
2019-02-25 00:00:00-05:00,4.285385303179198,4.311357310926103,4.0970880922087565,4.23993444442749,639700,0.0,0.0
2019-02-26 00:00:00-05:00,4.233442637494356,4.233442637494356,4.103582557354685,4.116568565368652,522700,0.0,0.0
2019-02-27 00:00:00-05:00,4.116568456932164,4.12955446460406,4.090596441588371,4.0970892906188965,185100,0.0,0.0
2019-02-28 00:00:00-05:00,4.090596940589408,4.103582949845433,4.051638603210449,4.051638603210449,370200,0.0,0.0
2019-03-01 00:00:00-05:00,4.0711167587890476,4.077609916606658,3.9996935708493644,4.012679576873779,339400,0.0,0.0
2019-03-04 00:00:00-05:00,4.019171664114099,4.103580835594324,4.019171664114099,4.084101676940918,303100,0.0,0.0
2019-03-05 00:00:00-05:00,4.097088277666043,4.1425394480858815,4.038651102784934,4.058130264282227,180900,0.0,0.0
2019-03-06 00:00:00-05:00,4.058130450652659,4.06462360798688,4.012679278145468,4.025665283203125,283500,0.0,0.0
2019-03-07 00:00:00-05:00,4.019172012989844,4.0321580166824305,3.902297979756567,3.9087908267974854,533400,0.0,0.0
2019-03-08 00:00:00-05:00,3.92827052290683,3.960735381760706,3.908791359905871,3.947749376296997,417500,0.0,0.0
2019-03-11 00:00:00-04:00,3.9477493104513,3.9607353156984115,3.921777299957077,3.954242467880249,463400,0.0,0.0
2019-03-12 00:00:00-04:00,3.960736334884259,3.97372234347296,3.94125747680664,3.9412574768066406,336400,0.0,0.0
2019-03-13 00:00:00-04:00,3.9672284152490587,4.0711164557103166,3.9412564051337444,4.025665283203125,820000,0.0,0.0
2019-03-14 00:00:00-04:00,4.025665869560927,4.064624200019152,4.006187013942642,4.045145034790039,633300,0.0,0.0
2019-03-15 00:00:00-04:00,4.058517426190141,4.0919481847436145,3.998341614442552,4.011713981628418,875600,0.18,0.0
2019-03-18 00:00:00-04:00,4.0184004855303135,4.065203613143662,4.0184004855303135,4.051831245422363,323100,0.0,0.0
2019-03-19 00:00:00-04:00,4.085262324136808,4.091948348586261,4.025086509979765,4.051831245422363,377200,0.0,0.0
2019-03-20 00:00:00-04:00,4.058516867377513,4.0652028906386635,4.018399771343592,4.031772136688232,189600,0.0,0.0
2019-03-21 00:00:00-04:00,4.025085506097254,4.051830234869543,4.018399483315339,4.038457870483398,119000,0.0,0.0
2019-03-22 00:00:00-04:00,4.031772691818409,4.045145059004275,3.991655271438428,4.011713981628418,269900,0.0,0.0
2019-03-25 00:00:00-04:00,4.011713872744965,4.018400215567612,3.984969139099121,3.984969139099121,224000,0.0,0.0
2019-03-26 00:00:00-04:00,3.9983410082745916,4.031772080582135,3.9916546662841492,4.018399715423584,243600,0.0,0.0
2019-03-27 00:00:00-04:00,4.0384581037502425,4.045144445740685,4.018399715423584,4.018399715423584,301900,0.0,0.0
2019-03-28 00:00:00-04:00,4.018399483315339,4.051830234869543,4.018399483315339,4.038457870483398,169800,0.0,0.0
2019-03-29 00:00:00-04:00,4.025086481849052,4.051831217104736,4.005027770996094,4.005027770996094,313300,0.0,0.0
2019-04-01 00:00:00-04:00,4.018400270282459,4.045145004292461,3.9983415603637695,3.9983415603637695,314900,0.0,0.0
2019-04-02 00:00:00-04:00,3.9983410639154626,4.078575255983304,3.984968698570823,4.031772136688232,498100,0.0,0.0
2019-04-03 00:00:00-04:00,4.045144212087629,4.058516576473773,4.018399483315339,4.038457870483398,398900,0.0,0.0
2019-04-04 00:00:00-04:00,4.045144557952881,4.065202946835958,4.02508585024746,4.045144557952881,248700,0.0,0.0
2019-04-05 00:00:00-04:00,4.058517034586602,4.091947789914365,4.051830692227639,4.071889400482178,228100,0.0,0.0
2019-04-08 00:00:00-04:00,4.07188995641551,4.085262324136808,4.038458877701064,4.051831245422363,307400,0.0,0.0
2019-04-09 00:00:00-04:00,4.03845871600015,4.0785758175577485,3.9849692472566858,4.011713981628418,651500,0.0,0.0
2019-04-10 00:00:00-04:00,4.011714482486761,4.071890301747238,4.011714482486761,4.058517932891846,308000,0.0,0.0
2019-04-11 00:00:00-04:00,4.05851692348238,4.07188928901188,4.038458215776959,4.045144557952881,154800,0.0,0.0
2019-04-12 00:00:00-04:00,4.065202946835958,4.065202946835958,4.038458215776959,4.045144557952881,205900,0.0,0.0
2019-04-15 00:00:00-04:00,4.05851692348238,4.091947677894957,4.02508585024746,4.045144557952881,352000,0.0,0.0
2019-04-16 00:00:00-04:00,4.038459220197546,4.065203957908331,4.031773195181061,4.058517932891846,295000,0.0,0.0
2019-04-17 00:00:00-04:00,4.05183093231532,4.09194803237915,4.045144908382533,4.09194803237915,211300,0.0,0.0
2019-04-18 00:00:00-04:00,4.085261898754364,4.091947922507627,4.058517166096591,4.0652031898498535,153400,0.0,0.0
2019-04-22 00:00:00-04:00,4.0585170895931935,4.091947845374056,4.051830747143607,4.085261821746826,190200,0.0,0.0
2019-04-23 00:00:00-04:00,4.0785761667430664,4.138751983642578,4.0785761667430664,4.138751983642578,279500,0.0,0.0
2019-04-24 00:00:00-04:00,4.13875145215426,4.145437476049819,4.112006718927283,4.1253790855407715,289700,0.0,0.0
2019-04-25 00:00:00-04:00,4.1320655336817556,4.138751877086181,4.0919484297224065,4.112007141113281,141600,0.0,0.0
2019-04-26 00:00:00-04:00,4.112007326861559,4.138752064042576,4.105320983155097,4.1186933517456055,115900,0.0,0.0
2019-04-29 00:00:00-04:00,4.118692508892635,4.1788683146467,4.118692508892635,4.145437240600586,332500,0.0,0.0
2019-04-30 00:00:00-04:00,4.145437771137011,4.165496481896279,4.112007011634753,4.158810138702393,276400,0.0,0.0
2019-05-01 00:00:00-04:00,4.105319864168552,4.158809323950971,4.071889111215706,4.078575134277344,282500,0.0,0.0
2019-05-02 00:00:00-04:00,4.065202561293117,4.212298886989374,4.065202561293117,4.178867816925049,420200,0.0,0.0
2019-05-03 00:00:00-04:00,4.198926522728106,4.205612545447584,4.172181475383259,4.178867816925049,265300,0.0,0.0
2019-05-06 00:00:00-04:00,4.172183036804199,4.185555724892448,4.1253799037850545,4.172183036804199,259400,0.0,0.0
2019-05-07 00:00:00-04:00,4.145438298272564,4.205614119379958,4.145438298272564,4.172183036804199,344100,0.0,0.0
2019-05-08 00:00:00-04:00,4.158810667538382,4.205614119379958,4.158810667538382,4.172183036804199,179800,0.0,0.0
2019-05-09 00:00:00-04:00,4.172182373493438,4.172182373493438,4.132065272073968,4.165496349334717,227000,0.0,0.0
2019-05-10 00:00:00-04:00,4.158810138702393,4.178868849461661,4.145437771137011,4.158810138702393,184600,0.0,0.0
2019-05-13 00:00:00-04:00,4.138752064042576,4.138752064042576,4.098634958271051,4.1186933517456055,170500,0.0,0.0
2019-05-14 00:00:00-04:00,4.118692508892635,4.158809606454562,4.118692508892635,4.145437240600586,106400,0.0,0.0
2019-05-15 00:00:00-04:00,4.125379695452067,4.138752064042576,4.112007326861559,4.1186933517456055,100300,0.0,0.0
2019-05-16 00:00:00-04:00,4.1186933517456055,4.138752064042576,4.1186933517456055,4.1186933517456055,118900,0.0,0.0
2019-05-17 00:00:00-04:00,4.105320376209354,4.145437476049819,4.105320376209354,4.1253790855407715,121900,0.0,0.0
2019-05-20 00:00:00-04:00,4.112006718927283,4.13875145215426,4.105320376209354,4.1253790855407715,109000,0.0,0.0
2019-05-21 00:00:00-04:00,4.145437240600586,4.158809606454562,4.132064874746611,4.145437240600586,119100,0.0,0.0
2019-05-22 00:00:00-04:00,4.152123582938749,4.172181972308537,4.132064874746611,4.145437240600586,135000,0.0,0.0
2019-05-23 00:00:00-04:00,4.138751877086181,4.138751877086181,4.0986347731268316,4.112007141113281,261800,0.0,0.0
2019-05-24 00:00:00-04:00,4.112006553900459,4.118692577527689,4.07857547929724,4.085261821746826,328200,0.0,0.0
2019-05-28 00:00:00-04:00,4.07857542401879,4.098634132273329,4.058517034586602,4.071889400482178,96800,0.0,0.0
2019-05-29 00:00:00-04:00,4.071889532425478,4.071889532425478,4.045144799767705,4.0652031898498535,130100,0.0,0.0
2019-05-30 00:00:00-04:00,4.071890168844834,4.105320930480957,4.065203825224162,4.105320930480957,196400,0.0,0.0
2019-05-31 00:00:00-04:00,4.0785759808649615,4.085262324136808,4.051831245422363,4.051831245422363,308800,0.0,0.0
2019-06-03 00:00:00-04:00,4.045145564036454,4.1053210644745075,4.045145564036454,4.058517932891846,545300,0.0,0.0
2019-06-04 00:00:00-04:00,4.09194803237915,4.098634375134307,4.058517275070477,4.09194803237915,197200,0.0,0.0
2019-06-05 00:00:00-04:00,4.118693165695306,4.125379509099731,4.0986347731268316,4.112007141113281,301500,0.0,0.0
2019-06-06 00:00:00-04:00,4.112007326861559,4.132065720336114,4.071890221090033,4.1186933517456055,164100,0.0,0.0
2019-06-07 00:00:00-04:00,4.118692378247234,4.15212345123291,4.091947647387629,4.15212345123291,208100,0.0,0.0
2019-06-10 00:00:00-04:00,4.158810667538382,4.178869380848323,4.145438298272564,4.172183036804199,162100,0.0,0.0
2019-06-11 00:00:00-04:00,4.17886871647454,4.1922410836143635,4.152123982194894,4.165496349334717,201800,0.0,0.0
2019-06-12 00:00:00-04:00,4.165495948792724,4.1788683146467,4.138751217084773,4.145437240600586,241800,0.0,0.0
2019-06-13 00:00:00-04:00,4.152123982194894,4.17886871647454,4.152123982194894,4.165496349334717,306000,0.0,0.0
2019-06-14 00:00:00-04:00,4.165496271485642,4.212299715011503,4.165496271485642,4.1855549812316895,678700,0.0,0.0
2019-06-17 00:00:00-04:00,4.185555326456503,4.233744404585891,4.130482281886481,4.178671360015869,618000,0.18,0.0
2019-06-18 00:00:00-04:00,4.21309156577911,4.233744120236407,4.1580185249079396,4.171786785125732,404200,0.0,0.0
2019-06-19 00:00:00-04:00,4.1717862459561745,4.185554504394531,4.13736576399087,4.185554504394531,528500,0.0,0.0
2019-06-20 00:00:00-04:00,4.192439050813846,4.192439050813846,4.130481719970703,4.130481719970703,382300,0.0,0.0
2019-06-21 00:00:00-04:00,4.137365474632361,4.17178595419037,4.116712924288634,4.144249439239502,678700,0.0,0.0
2019-06-24 00:00:00-04:00,4.171786497779067,4.171786497779067,4.123597426205379,4.130481719970703,295200,0.0,0.0
2019-06-25 00:00:00-04:00,4.137366820668481,4.144250787515228,4.096061706542969,4.096061706542969,299400,0.0,0.0
2019-06-26 00:00:00-04:00,4.096061189797266,4.171786785125732,4.096061189797266,4.171786785125732,396000,0.0,0.0
2019-06-27 00:00:00-04:00,4.171786237615295,4.171786237615295,4.130481462382808,4.151134014129639,202900,0.0,0.0
2019-06-28 00:00:00-04:00,4.158017979204466,4.171786237615295,4.151134014129639,4.151134014129639,185800,0.0,0.0
2019-07-01 00:00:00-04:00,4.164902280867583,4.1924387977442965,4.151134022429226,4.185554504394531,222100,0.0,0.0
2019-07-02 00:00:00-04:00,4.178669990026981,4.185553954210687,4.144249184325058,4.1649017333984375,223200,0.0,0.0
2019-07-03 00:00:00-04:00,4.178670344650521,4.219975118041487,4.151133829056544,4.19243860244751,232000,0.0,0.0
2019-07-05 00:00:00-04:00,4.2130913734436035,4.219975667368827,4.17867088860109,4.2130913734436035,204000,0.0,0.0
2019-07-08 00:00:00-04:00,4.199322700500488,4.206206993748067,4.1855544422665,4.199322700500488,199200,0.0,0.0
2019-07-09 00:00:00-04:00,4.213090825012413,4.213090825012413,4.178670344650521,4.19243860244751,236800,0.0,0.0
2019-07-10 00:00:00-04:00,4.192438735514079,4.247511768450032,4.1786704772800904,4.199322700500488,408600,0.0,0.0
2019-07-11 00:00:00-04:00,4.206207407779582,4.240627892622094,4.199323113854358,4.2130913734436035,320700,0.0,0.0
2019-07-12 00:00:00-04:00,4.2199752519820555,4.2199752519820555,4.1855544422665,4.199322700500488,199300,0.0,0.0
2019-07-15 00:00:00-04:00,4.199322700500488,4.206206993748067,4.1855544422665,4.199322700500488,200000,0.0,0.0
2019-07-16 00:00:00-04:00,4.199323587599008,4.213091848741514,4.171787065313997,4.178671360015869,277900,0.0,0.0
2019-07-17 00:00:00-04:00,4.1717866957785406,4.185554955701458,4.0616406163952,4.123597621917725,649700,0.0,0.0
2019-07-18 00:00:00-04:00,4.1304817833454495,4.1373660772164005,4.116713523864746,4.116713523864746,242100,0.0,0.0
2019-07-19 00:00:00-04:00,4.130482525560477,4.137366820668481,4.096061706542969,4.096061706542969,307900,0.0,0.0
2019-07-22 00:00:00-04:00,4.096060970513091,4.123597489474498,4.0891770049033385,4.116713523864746,295600,0.0,0.0
2019-07-23 00:00:00-04:00,4.13048191137524,4.13048191137524,4.089177131652832,4.089177131652832,246200,0.0,0.0
2019-07-24 00:00:00-04:00,4.089176277446209,4.1442493055716305,4.089176277446209,4.137365341186523,223300,0.0,0.0
2019-07-25 00:00:00-04:00,4.151134534483111,4.151134534483111,4.102945459874021,4.109829425811768,171500,0.0,0.0
2019-07-26 00:00:00-04:00,4.116712924288634,4.144249439239502,4.109828631420341,4.144249439239502,237700,0.0,0.0
2019-07-29 00:00:00-04:00,4.151134336697104,4.151134336697104,4.102945264384042,4.116713523864746,169500,0.0,0.0
2019-07-30 00:00:00-04:00,4.123597177291338,4.1924387977442965,4.116713212202748,4.185554504394531,324600,0.0,0.0
2019-07-31 00:00:00-04:00,4.199323016317976,4.199323016317976,4.130481719970703,4.130481719970703,459700,0.0,0.0
2019-08-01 00:00:00-04:00,4.061640015598885,4.089176531371529,3.8206953384576723,3.834463596343994,1468300,0.0,0.0
2019-08-02 00:00:00-04:00,3.827579548719767,3.9170733948503726,3.8206955834657417,3.868884325027466,428200,0.0,0.0
2019-08-05 00:00:00-04:00,3.8551158376245342,3.868884095577219,3.7793902547541864,3.8138110637664795,694000,0.0,0.0
2019-08-06 00:00:00-04:00,3.8275801466372203,3.8551166684772467,3.758738842037155,3.8069279193878174,595500,0.0,0.0
2019-08-07 00:00:00-04:00,3.820695185880838,3.820695185880838,3.7380853136007137,3.744969606399536,461000,0.0,0.0
2019-08-08 00:00:00-04:00,3.7656225095048517,3.8275798428582335,3.7174337642399613,3.8206958770751953,478200,0.0,0.0
2019-08-09 00:00:00-04:00,3.806926928544342,3.813810893082016,3.744969606399536,3.744969606399536,270100,0.0,0.0
2019-08-12 00:00:00-04:00,3.73808525836514,3.786274322461387,3.6898965225300357,3.703664779663086,318100,0.0,0.0
2019-08-13 00:00:00-04:00,3.6898964619549943,3.758737746490115,3.6898964619549943,3.717432975769043,350200,0.0,0.0
2019-08-14 00:00:00-04:00,3.710549384956387,3.710549384956387,3.559098530335416,3.600403308868408,700600,0.0,0.0
2019-08-15 00:00:00-04:00,3.5935189027286807,3.6279397145615437,3.517793641914286,3.572866678237915,633400,0.0,0.0
2019-08-16 00:00:00-04:00,3.5797499681043523,3.6554755428895773,3.5797499681043523,3.6348233222961426,321100,0.0,0.0
2019-08-19 00:00:00-04:00,3.6485925401999593,3.683013026346018,3.621056019978626,3.6692447662353516,328900,0.0,0.0
2019-08-20 00:00:00-04:00,3.6692443324975965,3.724317366430133,3.6348238504203487,3.676128625869751,293000,0.0,0.0
2019-08-21 00:00:00-04:00,3.683013155807338,3.683013155807338,3.627940113428804,3.6417083740234375,340400,0.0,0.0
2019-08-22 00:00:00-04:00,3.6417080235132744,3.648592317278599,3.6141715049743652,3.6141715049743652,231300,0.0,0.0
2019-08-23 00:00:00-04:00,3.627940264814882,3.627940264814882,3.55221466425392,3.559098958969116,380500,0.0,0.0
2019-08-26 00:00:00-04:00,3.5866354813074226,3.614172003645729,3.53156243663081,3.559098958969116,259300,0.0,0.0
2019-08-27 00:00:00-04:00,3.559098496814847,3.565982462374911,3.483372906086966,3.504025459289551,422700,0.0,0.0
2019-08-28 00:00:00-04:00,3.5040251675499046,3.5590982004899065,3.490256909314904,3.5522139072418213,299300,0.0,0.0
2019-08-29 00:00:00-04:00,3.572866572665865,3.5866348313399437,3.5384457618500775,3.5797505378723145,220100,0.0,0.0
2019-08-30 00:00:00-04:00,3.586635049357411,3.6072872744933067,3.53844597693832,3.600403308868408,296700,0.0,0.0
2019-09-03 00:00:00-04:00,3.5866347925835007,3.6348238615526456,3.5522139821396577,3.6210556030273438,323900,0.0,0.0
2019-09-04 00:00:00-04:00,3.6485923812874987,3.6554763469123976,3.5935190149823093,3.600403308868408,394600,0.0,0.0
2019-09-05 00:00:00-04:00,3.634824058009144,3.648592317278599,3.6004032457049107,3.6141715049743652,219300,0.0,0.0
2019-09-06 00:00:00-04:00,3.614170911524101,3.627939168532795,3.5797501048717963,3.586634397506714,236500,0.0,0.0
2019-09-09 00:00:00-04:00,3.593518224587018,3.6485915787788086,3.593518224587018,3.6348233222961426,279500,0.0,0.0
2019-09-10 00:00:00-04:00,3.648592668451367,3.648592668451367,3.61417185283417,3.6417083740234375,304100,0.0,0.0
2019-09-11 00:00:00-04:00,3.61417146218663,3.6417079803995374,3.6004032030801763,3.6072871685028076,698300,0.0,0.0
2019-09-12 00:00:00-04:00,3.6141715049743652,3.6210557987396896,3.5797506926701317,3.6141715049743652,461600,0.0,0.0
2019-09-13 00:00:00-04:00,3.628317396881061,3.670753816246054,3.6212444916928876,3.6566083431243896,449100,0.14,0.0
2019-09-16 00:00:00-04:00,3.6566079424060787,3.670753413977577,3.614171527691584,3.635389566421509,329700,0.0,0.0
2019-09-17 00:00:00-04:00,3.6353895222056427,3.6424624265326893,3.5858805409348804,3.6070985794067383,472200,0.0,0.0
2019-09-18 00:00:00-04:00,3.592953108007286,3.6283169551332373,3.5646621652083814,3.6070985794067383,503500,0.0,0.0
2019-09-19 00:00:00-04:00,3.6070990359541604,3.628317414366251,3.578808089574495,3.585880994796753,227200,0.0,0.0
2019-09-20 00:00:00-04:00,3.592952796791094,3.628316640853882,3.5505163862685154,3.628316640853882,787200,0.0,0.0
2019-09-23 00:00:00-04:00,3.6000260123343324,3.6353895222056427,3.592953108007286,3.6070985794067383,202100,0.0,0.0
2019-09-24 00:00:00-04:00,3.621243960612872,3.621243960612872,3.543444038480946,3.5505166053771973,303800,0.0,0.0
2019-09-25 00:00:00-04:00,3.5505171026405113,3.6000264268667674,3.5505171026405113,3.5575900077819824,482300,0.0,0.0
2019-09-26 00:00:00-04:00,3.56466176329476,3.5858801366288993,3.5575891970197824,3.571734666824341,288400,0.0,0.0
2019-09-27 00:00:00-04:00,3.5717352633543507,3.5788078308105464,3.5575897911872993,3.578807830810547,270500,0.0,0.0
2019-09-30 00:00:00-04:00,3.578807666816542,3.578807666816542,3.5434441566467285,3.5434441566467285,188200,0.0,0.0
2019-10-01 00:00:00-04:00,3.543443345335807,3.557588813615898,3.479788569448113,3.501006603240967,364500,0.0,0.0
2019-10-02 00:00:00-04:00,3.493934589606138,3.493934589606138,3.366625354976424,3.394916296005249,485200,0.0,0.0
2019-10-03 00:00:00-04:00,3.387843466966447,3.45857082110105,3.3595525253126057,3.3736979961395264,314300,0.0,0.0
2019-10-04 00:00:00-04:00,3.3807715573935657,3.430280546284894,3.3807715573935657,3.41613507270813,298100,0.0,0.0
2019-10-07 00:00:00-04:00,3.4373534517006226,3.4656443988541508,3.4090625045470944,3.41613507270813,293700,0.0,0.0
2019-10-08 00:00:00-04:00,3.401989382217587,3.4585712729169336,3.3949168145075044,3.4232077598571777,338500,0.0,0.0
2019-10-09 00:00:00-04:00,3.4232077598571773,3.4727167455917702,3.409062287182341,3.4232077598571777,320400,0.0,0.0
2019-10-10 00:00:00-04:00,3.4161348548924235,3.4514987052068506,3.409062287182341,3.4232077598571777,239400,0.0,0.0
2019-10-11 00:00:00-04:00,3.423206949572978,3.4656433575526524,3.423206949572978,3.437352418899536,242800,0.0,0.0
2019-10-14 00:00:00-04:00,3.4161349329896753,3.451498784112566,3.394916892119684,3.401989459991455,194100,0.0,0.0
2019-10-15 00:00:00-04:00,3.3949168145075044,3.444425800242097,3.3949168145075044,3.4232077598571777,255600,0.0,0.0
2019-10-16 00:00:00-04:00,3.409061766519662,3.4514981780629,3.394916296005249,3.394916296005249,353400,0.0,0.0
2019-10-17 00:00:00-04:00,3.4019888408615,3.409061744700748,3.366625333429114,3.387843370437622,351900,0.0,0.0
2019-10-18 00:00:00-04:00,3.3807711601257324,3.3949166320402897,3.366625688211175,3.3807711601257324,203800,0.0,0.0
2019-10-21 00:00:00-04:00,3.387843392120733,3.409061766519662,3.380770825490836,3.394916296005249,266300,0.0,0.0
2019-10-22 00:00:00-04:00,3.387843370437622,3.4019888408615,3.366625333429114,3.387843370437622,226900,0.0,0.0
2019-10-23 00:00:00-04:00,3.387843370437622,3.4019888408615,3.3736979000137444,3.387843370437622,227000,0.0,0.0
2019-10-24 00:00:00-04:00,3.3807711501584885,3.3807711501584885,3.2888254143576154,3.3029708862304688,578800,0.0,0.0
2019-10-25 00:00:00-04:00,3.295897819121402,3.302970723336337,3.2534614055956976,3.281752347946167,355500,0.0,0.0
2019-10-28 00:00:00-04:00,3.2817522963998753,3.3454070843159274,3.274679729550664,3.324188709259033,282400,0.0,0.0
2019-10-29 00:00:00-04:00,3.324188492764876,3.3383339627966775,3.2958975527012724,3.331261396408081,381700,0.0,0.0
2019-10-30 00:00:00-04:00,3.310043311787086,3.310043311787086,3.2746798022467196,3.288825273513794,289800,0.0,0.0
2019-10-31 00:00:00-04:00,3.2817524664313473,3.2958979381172937,3.2393160513735086,3.2746798992156982,509800,0.0,0.0
2019-11-01 00:00:00-04:00,3.2534611426058673,3.3524794328284795,3.2534611426058673,3.331261396408081,336000,0.0,0.0
2019-11-04 00:00:00-05:00,3.4302800060680005,3.5363712098133284,3.4161345347189327,3.5292983055114746,1202600,0.0,0.0
2019-11-05 00:00:00-05:00,3.5292986423310024,3.5292986423310024,3.493935129210727,3.515153169631958,494400,0.0,0.0
2019-11-06 00:00:00-05:00,3.501007696932913,3.5363715473078607,3.501007696932913,3.515153169631958,407000,0.0,0.0
2019-11-07 00:00:00-05:00,3.5010069853443517,3.5080798888836244,3.4373525397639146,3.444425106048584,373500,0.0,0.0
2019-11-08 00:00:00-05:00,3.4444253153284214,3.4939346313476562,3.43735274861403,3.4939346313476562,221500,0.0,0.0
2019-11-11 00:00:00-05:00,3.4939340377282044,3.522224974288387,3.4727156666807844,3.501006603240967,399400,0.0,0.0
2019-11-12 00:00:00-05:00,3.5080802671151927,3.543444114115182,3.5010073628133394,3.5292983055114746,434400,0.0,0.0
2019-11-13 00:00:00-05:00,3.515153169631958,3.5292986423310024,3.501007696932913,3.515153169631958,230800,0.0,0.0
2019-11-14 00:00:00-05:00,3.508079767227173,3.515152333266573,3.4797888285603884,3.508079767227173,224700,0.0,0.0
2019-11-15 00:00:00-05:00,3.5222251876229698,3.5292977535641046,3.472715877016681,3.4797887802124023,203000,0.0,0.0
2019-11-18 00:00:00-05:00,3.4939342493492584,3.501006815290393,3.4585704078798254,3.4797887802124023,347100,0.0,0.0
2019-11-19 00:00:00-05:00,3.47271714674845,3.4868626210573246,3.437353629603619,3.458571672439575,364300,0.0,0.0
2019-11-20 00:00:00-05:00,3.465643764615231,3.4797892356032674,3.4302799185178245,3.4727163314819336,268000,0.0,0.0
2019-11-21 00:00:00-05:00,3.465644057675475,3.465644057675475,3.430280208587646,3.4302802085876465,417900,0.0,0.0
2019-11-22 00:00:00-05:00,3.444425800242097,3.4514987052068506,3.409062287182341,3.4232077598571777,607500,0.0,0.0
2019-11-25 00:00:00-05:00,3.430279932849234,3.5505166053771973,3.430279932849234,3.5505166053771973,447400,0.0,0.0
2019-11-26 00:00:00-05:00,3.5292981394288607,3.5788074554480955,3.4797891606642497,3.4939346313476562,291900,0.0,0.0
2019-11-27 00:00:00-05:00,3.4939340377282044,3.5292975398011492,3.4727156666807844,3.501006603240967,150300,0.0,0.0
2019-11-29 00:00:00-05:00,3.501006603240967,3.515152071521058,3.479788569448113,3.501006603240967,173900,0.0,0.0
2019-12-02 00:00:00-05:00,3.5010071478320697,3.5363709926605225,3.479789110738693,3.5363709926605225,642900,0.0,0.0
2019-12-03 00:00:00-05:00,3.5222257807411252,3.5505167237788338,3.508080309222271,3.5434441566467285,329600,0.0,0.0
2019-12-04 00:00:00-05:00,3.550516714675409,3.6141715049743657,3.550516714675409,3.6141715049743652,422300,0.0,0.0
2019-12-05 00:00:00-05:00,3.6283168341129683,3.6283168341129683,3.5858804213300517,3.6000258922576904,244900,0.0,0.0
2019-12-06 00:00:00-05:00,3.6070988803315096,3.642462730407715,3.60002631266907,3.642462730407715,390800,0.0,0.0
2019-12-09 00:00:00-05:00,3.6353892073136724,3.6353892073136724,3.614171170679689,3.628316640853882,256100,0.0,0.0
2019-12-10 00:00:00-05:00,3.628316999263082,3.6424624708345803,3.6212440948500104,3.635389566421509,427300,0.0,0.0
2019-12-11 00:00:00-05:00,3.6353892073136724,3.642462111028075,3.628316640853882,3.628316640853882,206600,0.0,0.0
2019-12-12 00:00:00-05:00,3.628316640853882,3.677825617836251,3.62124373713948,3.628316640853882,387100,0.0,0.0
2019-12-13 00:00:00-05:00,3.628317396881061,3.6636809110578805,3.628317396881061,3.6566083431243896,508400,0.0,0.0
2019-12-16 00:00:00-05:00,3.670753413977577,3.670753413977577,3.550516736992519,3.635389566421509,1124100,0.0,0.0
2019-12-17 00:00:00-05:00,3.649931216889664,3.700826797109834,3.5990356366694947,3.642660617828369,1062300,0.14,0.0
2019-12-18 00:00:00-05:00,3.620848127248932,3.6717437074691013,3.6135771814898607,3.642660617828369,570000,0.0,0.0
2019-12-19 00:00:00-05:00,3.6208488941192627,3.642661389318433,3.606307346219099,3.6208488941192627,427600,0.0,0.0
2019-12-20 00:00:00-05:00,3.6208476074703118,3.6353891502032156,3.5481398938057924,3.5626814365386963,2674000,0.0,0.0
2019-12-23 00:00:00-05:00,3.569952806463572,3.5990358982178243,3.54086971470932,3.5844943523406982,501400,0.0,0.0
2019-12-24 00:00:00-05:00,3.562681106112644,3.606305730265326,3.562681106112644,3.5990347862243652,252600,0.0,0.0
2019-12-26 00:00:00-05:00,3.5844938830941757,3.6353894603502717,3.569952339120685,3.6281185150146484,562700,0.0,0.0
2019-12-27 00:00:00-05:00,3.6353894603502717,3.642660405685895,3.5917648284297994,3.6281185150146484,561000,0.0,0.0
2019-12-30 00:00:00-05:00,3.6208488941192627,3.642661389318433,3.5990363989200924,3.6208488941192627,670400,0.0,0.0
2019-12-31 00:00:00-05:00,3.6063062905652106,3.6353893778522086,3.5990353453945874,3.613576889038086,533600,0.0,0.0
2020-01-02 00:00:00-05:00,3.5990353453945874,3.628118432681585,3.5844938017510883,3.613576889038086,343600,0.0,0.0
2020-01-03 00:00:00-05:00,3.6135767468446223,3.6135767468446223,3.5626815194439665,3.577223062515259,443600,0.0,0.0
2020-01-06 00:00:00-05:00,3.5844943523406982,3.5990358982178243,3.5772237527510358,3.5844943523406982,241700,0.0,0.0
2020-01-07 00:00:00-05:00,3.5772237527510358,3.5990358982178243,3.569952806463572,3.5844943523406982,182700,0.0,0.0
2020-01-08 00:00:00-05:00,3.606305730265326,3.613576327608593,3.584493244840138,3.5990347862243652,228200,0.0,0.0
2020-01-09 00:00:00-05:00,3.620847916376781,3.642660405685895,3.5990354270676668,3.6281185150146484,556400,0.0,0.0
2020-01-10 00:00:00-05:00,3.642660617828369,3.649931216889664,3.628118726310227,3.642660617828369,270200,0.0,0.0
2020-01-13 00:00:00-05:00,3.642660617828369,3.649931216889664,3.628118726310227,3.642660617828369,277200,0.0,0.0
2020-01-14 00:00:00-05:00,3.635389672069298,3.6717437074691013,3.628118726310227,3.642660617828369,309100,0.0,0.0
2020-01-15 00:00:00-05:00,3.635390043847345,3.6862856292724198,3.635390043847345,3.6790146827697754,402500,0.0,0.0
2020-01-16 00:00:00-05:00,3.67174360076483,3.6862851451626057,3.635389566421509,3.635389566421509,189400,0.0,0.0
2020-01-17 00:00:00-05:00,3.635389255231443,3.671743286462852,3.628118310306067,3.6644723415374756,358600,0.0,0.0
2020-01-21 00:00:00-05:00,3.628118432681585,3.657201866666331,3.613576889038086,3.613576889038086,264400,0.0,0.0
2020-01-22 00:00:00-05:00,3.6135771814898607,3.657202162648735,3.6135771814898607,3.642660617828369,322100,0.0,0.0
2020-01-23 00:00:00-05:00,3.635389566421509,3.657202056367055,3.635389566421509,3.635389566421509,197600,0.0,0.0
2020-01-24 00:00:00-05:00,3.6353893778522086,3.657201866666331,3.6063062905652106,3.613576889038086,372200,0.0,0.0
2020-01-27 00:00:00-05:00,3.5844933515566426,3.6208473794483798,3.562681212179764,3.6063058376312256,288100,0.0,0.0
2020-01-28 00:00:00-05:00,3.620847916376781,3.6281185150146484,3.5990354270676668,3.6281185150146484,243400,0.0,0.0
2020-01-29 00:00:00-05:00,3.6353896476752814,3.6499311923980717,3.620848102952491,3.6499311923980713,258800,0.0,0.0
2020-01-30 00:00:00-05:00,3.6281185150146484,3.642660405685895,3.60630637240329,3.6281185150146484,153300,0.0,0.0
2020-01-31 00:00:00-05:00,3.62811949472042,3.62811949472042,3.5917657983189355,3.6208488941192627,209100,0.0,0.0
2020-02-03 00:00:00-05:00,3.6208472716495534,3.6208472716495534,3.5772226474968716,3.5990347862243652,210300,0.0,0.0
2020-02-04 00:00:00-05:00,3.606306844505288,3.6135774440949504,3.569952806463572,3.5844943523406982,289100,0.0,0.0
2020-02-05 00:00:00-05:00,3.5990348933737963,3.6499304630826876,3.5844933515566426,3.6063058376312256,241400,0.0,0.0
2020-02-06 00:00:00-05:00,3.5917657983189355,3.6353904420194265,3.5844948510199286,3.6208488941192627,307800,0.0,0.0
2020-02-07 00:00:00-05:00,3.6063061486578434,3.6135767468446223,3.577223062515259,3.577223062515259,205800,0.0,0.0
2020-02-10 00:00:00-05:00,3.584493981375419,3.606306471282598,3.584493981375419,3.5917649269104004,201800,0.0,0.0
2020-02-11 00:00:00-05:00,3.599035612519419,3.671743682831144,3.599035612519419,3.6499311923980713,430300,0.0,0.0
2020-02-12 00:00:00-05:00,3.671744082964943,3.7008271755798967,3.642660990349989,3.6790146827697754,341500,0.0,0.0
2020-02-13 00:00:00-05:00,3.6644723415374756,3.671743286462852,3.6426602001568194,3.6644723415374756,116600,0.0,0.0
2020-02-14 00:00:00-05:00,3.6717431545257573,3.6935552951226356,3.6572016118952635,3.671743154525757,167500,0.0,0.0
2020-02-18 00:00:00-05:00,3.6717435564528955,3.7008266448974614,3.649931066770591,3.700826644897461,241500,0.0,0.0
2020-02-19 00:00:00-05:00,3.700826777629979,3.700826777629979,3.6572021433985054,3.6935558319091797,241500,0.0,0.0
2020-02-20 00:00:00-05:00,3.6499307983844593,3.686284829615868,3.6499307983844593,3.6644723415374756,244400,0.0,0.0
2020-02-21 00:00:00-05:00,3.6499307983844593,3.671743286462852,3.6426602001568194,3.6644723415374756,253300,0.0,0.0
2020-02-24 00:00:00-05:00,3.649931197677706,3.6935558319091797,3.628118707213082,3.6935558319091797,674400,0.0,0.0
2020-02-25 00:00:00-05:00,3.6935557308591953,3.6935557308591953,3.5045156543613207,3.548140287399292,875400,0.0,0.0
2020-02-26 00:00:00-05:00,3.5335985551511078,3.577223185869301,3.5045154680056454,3.526327610015869,742600,0.0,0.0
2020-02-27 00:00:00-05:00,3.4899743043602314,3.4972449035892192,3.3445585061048475,3.3809125423431396,843800,0.0,0.0
2020-02-28 00:00:00-05:00,3.2718505859375,3.3445583073965586,3.2427674973538765,3.2718505859375,1331400,0.0,0.0
2020-03-02 00:00:00-05:00,3.2791216524225075,3.424537100706039,3.250038216068025,3.4099955558776855,623000,0.0,0.0
2020-03-03 00:00:00-05:00,3.4318080741372796,3.475433060079038,3.359100342064039,3.4027249813079834,461200,0.0,0.0
2020-03-04 00:00:00-05:00,3.424536950376739,3.5045156167706897,3.417266004932852,3.4681615829467773,209100,0.0,0.0
2020-03-05 00:00:00-05:00,3.4536201015714836,3.4536201015714836,3.3445583448138834,3.3518292903900146,368900,0.0,0.0
2020-03-06 00:00:00-05:00,3.337287549438406,3.3445581478886828,3.1991427119056848,3.2863919734954834,603700,0.0,0.0
2020-03-09 00:00:00-04:00,3.090080863336593,3.090080863336593,2.9083114007873814,2.9446654319763184,921400,0.0,0.0
2020-03-10 00:00:00-04:00,3.0537270022846825,3.155518156605859,2.944665596037037,2.9737486839294434,627300,0.0,0.0
2020-03-11 00:00:00-04:00,2.9519360686390486,3.0246437852660715,2.7992496903734305,2.806520462036133,1001200,0.0,0.0
2020-03-12 00:00:00-04:00,2.537501706675025,2.661104996804537,2.3557322439428567,2.3630030155181885,1396800,0.0,0.0
2020-03-13 00:00:00-04:00,2.486606646476119,2.61020978019851,2.3993572022643628,2.5811266899108887,1053100,0.0,0.0
2020-03-16 00:00:00-04:00,2.391894486406303,2.5205722281340104,2.3086322377637067,2.3313400745391846,958900,0.14,0.0
2020-03-17 00:00:00-04:00,2.3616173168415004,2.3616173168415004,2.051276683807373,2.051276683807373,1130000,0.0,0.0
2020-03-18 00:00:00-04:00,2.0739844097781788,2.0739844097781788,1.1126850843429565,1.1126850843429565,2223900,0.0,0.0
2020-03-19 00:00:00-04:00,1.2262243019515817,1.8771828909118453,1.1581007045562388,1.6652429103851318,1460000,0.0,0.0
2020-03-20 00:00:00-04:00,1.7560744146028404,2.0815537841019474,1.6652430633747286,1.6728123426437378,1518900,0.0,0.0
2020-03-23 00:00:00-04:00,1.6652428064899762,1.6803813626926811,1.3094863747947585,1.332194209098816,1040100,0.0,0.0
2020-03-24 00:00:00-04:00,1.4608722021521814,1.6576737270743536,1.453302923143589,1.5138572454452515,581600,0.0,0.0
2020-03-25 00:00:00-04:00,1.6198272389435155,2.020999364276134,1.5895499441832681,1.6652429103851318,1249300,0.0,0.0
2020-03-26 00:00:00-04:00,1.7030898281729756,2.308632842096855,1.7030898281729756,1.8847527503967285,1967600,0.0,0.0
2020-03-27 00:00:00-04:00,1.930167774491916,1.9982914597754031,1.695519966320823,1.899890661239624,1233300,0.0,0.0
2020-03-30 00:00:00-04:00,1.892321400988043,1.9301677929146375,1.740935652815833,1.7863513231277466,609100,0.0,0.0
2020-03-31 00:00:00-04:00,1.7939206461363788,1.8393364980438316,1.634965796090721,1.6652429103851318,504600,0.0,0.0
2020-04-01 00:00:00-04:00,1.6652432814843336,1.6728125617447493,1.4987189352893127,1.5441346168518066,785000,0.0,0.0
2020-04-02 00:00:00-04:00,1.5895499643013722,1.5895499643013722,1.3927486286639708,1.400317907333374,699500,0.0,0.0
2020-04-03 00:00:00-04:00,1.3927486319150448,1.4760107877057564,1.324625033498477,1.3549021482467651,492100,0.0,0.0
2020-04-06 00:00:00-04:00,1.4381642687095577,1.5895499289651907,1.4381642687095577,1.4457335472106934,623900,0.0,0.0
2020-04-07 00:00:00-04:00,1.6198272389435155,1.786351367562776,1.5517035513152544,1.6652429103851318,877800,0.0,0.0
2020-04-08 00:00:00-04:00,1.793920874595642,1.9301680867376716,1.703089520144862,1.793920874595642,956500,0.0,0.0
2020-04-09 00:00:00-04:00,1.8544749729223853,2.020999274620092,1.6349657235599897,1.7787820100784302,1768700,0.0,0.0
2020-04-13 00:00:00-04:00,1.7787819683377517,1.94530626612782,1.6803813535552439,1.937736988067627,1344500,0.0,0.0
2020-04-14 00:00:00-04:00,2.005861069383989,2.1572466606488594,1.9907225102575021,2.1194002628326416,879300,0.0,0.0
2020-04-15 00:00:00-04:00,2.0664150425110557,2.0891228783065157,1.8998907328785128,1.9680142402648926,424300,0.0,0.0
2020-04-16 00:00:00-04:00,1.998291529249647,2.043707200707044,1.8317672201066901,1.862044334411621,338100,0.0,0.0
2020-04-17 00:00:00-04:00,1.9225984758838486,1.9528755888165346,1.8620442500184764,1.869613528251648,323500,0.0,0.0
2020-04-20 00:00:00-04:00,1.8544749144970951,1.877182748495122,1.7182277300431106,1.7409355640411377,378100,0.0,0.0
2020-04-21 00:00:00-04:00,1.7106587525833756,1.7939208252041612,1.6728123559375638,1.7560744285583496,373900,0.0,0.0
2020-04-22 00:00:00-04:00,1.7863514945252674,1.839336628772169,1.7182279825210571,1.7182279825210571,370400,0.0,0.0
2020-04-23 00:00:00-04:00,1.7409359178326869,1.8317674527493264,1.718228079219992,1.793920874595642,471000,0.0,0.0
2020-04-24 00:00:00-04:00,1.8166285753250124,1.831767131747235,1.7560741691702935,1.8166285753250122,375100,0.0,0.0
2020-04-27 00:00:00-04:00,1.8317673739174776,2.013430255466863,1.801490257070222,1.990722417831421,656500,0.0,0.0
2020-04-28 00:00:00-04:00,2.028568736747553,2.06641513136739,1.8696136988783931,1.90746009349823,492300,0.0,0.0
2020-04-29 00:00:00-04:00,1.9528758370656845,2.3313401577662187,1.9528758370656845,2.149677276611328,1126600,0.0,0.0
2020-04-30 00:00:00-04:00,2.157246477921218,2.255647284374291,2.05884585193399,2.225370168685913,842300,0.0,0.0
2020-05-01 00:00:00-04:00,2.179954719222761,2.1875239989228734,2.013430385354422,2.0739846229553223,360300,0.0,0.0
2020-05-04 00:00:00-04:00,2.0437074412660086,2.0664152796675817,1.9225987893250946,2.0058610439300537,470900,0.0,0.0
2020-05-05 00:00:00-04:00,2.051276573519455,2.1345386416830965,1.831767304258556,1.90746009349823,945600,0.0,0.0
2020-05-06 00:00:00-04:00,1.9453066561928756,2.149677385263504,1.9150295378810582,2.066415309906006,653200,0.0,0.0
2020-05-07 00:00:00-04:00,2.1496773176804598,2.2632166882461062,1.899890918995063,1.9982917308807373,1295400,0.0,0.0
2020-05-08 00:00:00-04:00,2.013430320127301,2.0815538352213836,1.9982917612175053,2.0588459968566895,498300,0.0,0.0
2020-05-11 00:00:00-04:00,2.104261815826296,2.104261815826296,1.9755838759290256,2.0361382961273193,499700,0.0,0.0
2020-05-12 00:00:00-04:00,1.9453067251508982,2.051276823464591,1.937737445304625,1.9604452848434448,581400,0.0,0.0
2020-05-13 00:00:00-04:00,1.9377373879821909,1.9755837860939796,1.8090596344021095,1.8393367528915405,508600,0.0,0.0
2020-05-14 00:00:00-04:00,1.8166287787824955,1.9225986856063964,1.6955201333750465,1.9150294065475464,432600,0.0,0.0
2020-05-15 00:00:00-04:00,1.892321569370996,1.9453065227829465,1.8166287787824955,1.9150294065475464,267300,0.0,0.0
2020-05-18 00:00:00-04:00,2.0285686848934232,2.036137963623905,1.937737159661799,1.975583553314209,410500,0.0,0.0
2020-05-19 00:00:00-04:00,1.9604452848434448,2.013430424233224,1.9225988856120784,1.9604452848434448,557000,0.0,0.0
2020-05-20 00:00:00-04:00,2.0134305129931076,2.134538995872415,2.005861232813151,2.104261875152588,452100,0.0,0.0
2020-05-21 00:00:00-04:00,2.081553832010438,2.126969508669769,2.058845993680772,2.111830949783325,283700,0.0,0.0
2020-05-22 00:00:00-04:00,2.1193998558744704,2.1496769683137615,2.051276352886065,2.134538412094116,205000,0.0,0.0
2020-05-26 00:00:00-04:00,2.157246477921218,2.2329394476080076,2.12696936223284,2.225370168685913,583800,0.0,0.0
2020-05-27 00:00:00-04:00,2.255647318848569,2.2632165978863488,2.172385068967143,2.2329394817352295,335100,0.0,0.0
2020-05-28 00:00:00-04:00,2.2405086933235907,2.4221715652272833,2.195093020464128,2.2707858085632324,1195500,0.0,0.0
2020-05-29 00:00:00-04:00,2.1945849767107153,2.1945849767107153,2.057423370247041,2.0650434494018555,794100,0.02,0.0
2020-06-01 00:00:00-04:00,2.065043707021469,2.2098254107018542,2.034563386599712,2.186964988708496,376600,0.0,0.0
2020-06-02 00:00:00-04:00,2.186964754695511,2.301266125723487,2.1412442789551287,2.2707858085632324,966100,0.0,0.0
2020-06-03 00:00:00-04:00,2.2860262950707604,2.423187923644579,2.2250656520055285,2.400327682495117,670700,0.0,0.0
2020-06-04 00:00:00-04:00,2.362226810984068,2.5755893990609358,2.3241264137121362,2.4841482639312744,655200,0.0,0.0
2020-06-05 00:00:00-04:00,2.56034931471876,2.6517904589999883,2.484148512548605,2.575589656829834,620200,0.0,0.0
2020-06-08 00:00:00-04:00,2.606069715622886,2.705130748482181,2.590829556721456,2.6746504306793213,460000,0.0,0.0
2020-06-09 00:00:00-04:00,2.651790211432912,2.651790211432912,2.4612880421154735,2.4917683601379395,472100,0.0,0.0
2020-06-10 00:00:00-04:00,2.4917684692536834,2.499388549092987,2.3012662915940623,2.346986770629883,723700,0.0,0.0
2020-06-11 00:00:00-04:00,2.270785931591232,2.308886330105777,2.126004235558932,2.133624315261841,672700,0.0,0.0
2020-06-12 00:00:00-04:00,2.2631657793485576,2.3012661766418954,2.156484485250187,2.2936460971832275,439300,0.0,0.0
2020-06-15 00:00:00-04:00,2.2784061431884766,2.346986864484717,2.194585261604183,2.2784061431884766,374800,0.0,0.0
2020-06-16 00:00:00-04:00,2.3622269572552423,2.3622269572552423,2.156484617570039,2.2479257583618164,747800,0.0,0.0
2020-06-17 00:00:00-04:00,2.2479256924825055,2.2555457721854144,2.110764076153114,2.133624315261841,449800,0.0,0.0
2020-06-18 00:00:00-04:00,2.141244240949998,2.171724557569255,2.049803291092227,2.0650434494018555,370500,0.0,0.0
2020-06-19 00:00:00-04:00,2.1183840203591666,2.225065311053335,2.1031438619281455,2.179344654083252,653200,0.0,0.0
2020-06-22 00:00:00-04:00,2.179344988524382,2.186965068909266,2.072663863136004,2.110764265060425,270000,0.0,0.0
2020-06-23 00:00:00-04:00,2.126004235558932,2.1488644746676586,2.095523916747296,2.133624315261841,199500,0.0,0.0
2020-06-24 00:00:00-04:00,2.0955239413322437,2.0955239413322437,1.9659824031859636,2.0345633029937744,351000,0.0,0.0
2020-06-25 00:00:00-04:00,2.026943053627784,2.080283607711484,1.9888424761766952,2.0650434494018555,165600,0.0,0.0
2020-06-26 00:00:00-04:00,2.049802934003096,2.0574230118304424,1.9736019740526431,1.9888421297073364,219800,0.0,0.0
2020-06-29 00:00:00-04:00,1.9964623451232912,2.0650432319727314,1.9736021100658105,1.996462345123291,266900,0.0,0.0
2020-06-30 00:00:00-04:00,1.981222562770581,2.0650436221630093,1.981222562770581,2.0345633029937744,233200,0.0,0.0
2020-07-01 00:00:00-04:00,2.026943491423698,2.0726639762276697,2.011703329822374,2.0498037338256836,292200,0.0,0.0
2020-07-02 00:00:00-04:00,2.0879039442151854,2.110764184497314,2.057423623839014,2.0726637840270996,284900,0.0,0.0
2020-07-06 00:00:00-04:00,2.1488647842342887,2.1641049458356125,1.9736027441420076,2.0498037338256836,492800,0.0,0.0
2020-07-07 00:00:00-04:00,2.0117028893341478,2.0117028893341478,1.95074207459995,1.98122239112854,394500,0.0,0.0
2020-07-08 00:00:00-04:00,1.9812225805087205,2.0040830017673517,1.9507422610665917,1.958362340927124,370200,0.0,0.0
2020-07-09 00:00:00-04:00,1.9583620101179102,1.9736021672645863,1.8516809100911777,1.866921067237854,460000,0.0,0.0
2020-07-10 00:00:00-04:00,1.8516814085426174,1.859301489167194,1.7983406624935292,1.8212010860443115,438400,0.0,0.0
2020-07-13 00:00:00-04:00,1.8288208583565517,1.866921255056267,1.8212007790166087,1.844061017036438,300400,0.0,0.0
2020-07-14 00:00:00-04:00,1.8440609830218821,1.8593011414206566,1.7678600093509917,1.828820824623108,377300,0.0,0.0
2020-07-15 00:00:00-04:00,1.836441036040369,1.943122152512488,1.836441036040369,1.8897815942764282,195500,0.0,0.0
2020-07-16 00:00:00-04:00,1.8897814409130251,1.9050215991722417,1.8516810452649837,1.8745412826538086,222100,0.0,0.0
2020-07-17 00:00:00-04:00,1.8669211872424438,1.9278818197476613,1.836440870989835,1.9202617406845093,215200,0.0,0.0
2020-07-20 00:00:00-04:00,1.897401350612722,1.9202615859602246,1.897401350612722,1.9050214290618896,232200,0.0,0.0
2020-07-21 00:00:00-04:00,1.9126417968962728,1.9355020357025594,1.889781558089986,1.9278819561004639,141900,0.0,0.0
2020-07-22 00:00:00-04:00,1.912641507511057,1.9278816644093921,1.882161193714387,1.9050214290618896,207200,0.0,0.0
2020-07-23 00:00:00-04:00,1.9050216517559821,1.9202618104358682,1.8288208583565517,1.844061017036438,205600,0.0,0.0
2020-07-24 00:00:00-04:00,1.8440610170364378,1.87454133439621,1.8364409376964947,1.844061017036438,143300,0.0,0.0
2020-07-27 00:00:00-04:00,1.844061327918041,1.859301489167194,1.813581005419735,1.8212010860443115,209200,0.0,0.0
2020-07-28 00:00:00-04:00,1.8135805728811683,1.8593010457243047,1.7526197607466436,1.760239839553833,367000,0.0,0.0
2020-07-29 00:00:00-04:00,1.7754801678434173,1.7831002473831177,1.7602400087640167,1.7831002473831177,217600,0.0,0.0
2020-07-30 00:00:00-04:00,1.7983402120968803,1.8897813383673019,1.7754799759485267,1.882161259651184,362100,0.0,0.0
2020-07-31 00:00:00-04:00,1.8821616105588515,1.9431222516532138,1.8364411297380796,1.9355021715164185,467400,0.0,0.0
2020-08-03 00:00:00-04:00,1.9431221708593052,2.1564845874951275,1.920261931399435,2.148864507675171,873400,0.0,0.0
2020-08-04 00:00:00-04:00,2.1260045194191033,2.2174456697400937,2.1031442772581195,2.156484842300415,568500,0.0,0.0
2020-08-05 00:00:00-04:00,2.171724463115906,2.2250651965567108,2.0802835172351144,2.209825038909912,626600,0.0,0.0
2020-08-06 00:00:00-04:00,2.202205231238667,2.202205231238667,2.126004251945224,2.141244411468506,185000,0.0,0.0
2020-08-07 00:00:00-04:00,2.148864457986443,2.1717246969177104,2.1031439801239085,2.126004219055176,386100,0.0,0.0
2020-08-10 00:00:00-04:00,2.1336240351981166,2.2326852400099932,2.1336240351981166,2.194584846496582,434200,0.0,0.0
2020-08-11 00:00:00-04:00,2.217445117733311,2.263165590673707,2.1945848812631135,2.209825038909912,409500,0.0,0.0
2020-08-12 00:00:00-04:00,2.2631656084153904,2.270785687298526,2.217445135116577,2.217445135116577,299500,0.0,0.0
2020-08-13 00:00:00-04:00,2.2479257327189375,2.3546068504691866,2.2174454133617236,2.346986770629883,791200,0.0,0.0
2020-08-14 00:00:00-04:00,2.3241262087426904,2.3393663663074027,2.2555454997014865,2.3088860511779785,628800,0.0,0.0
2020-08-17 00:00:00-04:00,2.2852460219095834,2.348287229285533,2.245845079421997,2.245845079421997,309800,0.1,0.0
2020-08-18 00:00:00-04:00,2.253724854772827,2.261605004381636,2.1670432090759277,2.1670432090759277,299400,0.0,0.0
2020-08-19 00:00:00-04:00,2.1670434536827665,2.332526802024413,2.0488410083308453,2.2300846576690674,442700,0.0,0.0
2020-08-20 00:00:00-04:00,2.2300844126938135,2.2300844126938135,2.1749233652652533,2.198563814163208,140600,0.0,0.0
2020-08-21 00:00:00-04:00,2.198564352641014,2.198564352641014,2.1434032917022705,2.1434032917022705,286900,0.0,0.0
2020-08-24 00:00:00-04:00,2.1355231378875246,2.222204804985566,2.0961223801156876,2.206444501876831,384400,0.0,0.0
2020-08-25 00:00:00-04:00,2.198564110454855,2.21432441184411,2.1118824528139504,2.1749236583709717,230200,0.0,0.0
2020-08-26 00:00:00-04:00,2.1906839549703916,2.1906839549703916,2.104002297519013,2.111882448196411,240400,0.0,0.0
2020-08-27 00:00:00-04:00,2.1040023601285323,2.2143244728949982,2.1040023601285323,2.1828038692474365,292400,0.0,0.0
2020-08-28 00:00:00-04:00,2.1985637672107607,2.261604962925667,2.1906836177463975,2.2537248134613037,187700,0.0,0.0
2020-08-31 00:00:00-04:00,2.2537252223854414,2.2694857120513916,2.2143244679146084,2.2694857120513916,192600,0.0,0.0
2020-09-01 00:00:00-04:00,2.2537252891446222,2.2537252891446222,2.174923777868721,2.1906840801239014,174800,0.0,0.0
2020-09-02 00:00:00-04:00,2.1749238956593615,2.2143246534311984,2.167043744104994,2.206444501876831,214100,0.0,0.0
2020-09-03 00:00:00-04:00,2.1985642300591905,2.2222046834291405,2.127642869949341,2.127642869949341,211900,0.0,0.0
2020-09-04 00:00:00-04:00,2.1591638446922015,2.1670439971667927,2.009440759797313,2.080362319946289,293700,0.0,0.0
2020-09-08 00:00:00-04:00,2.0488414209021792,2.056721572987278,1.9936803563064867,2.0094406604766846,313400,0.0,0.0
2020-09-09 00:00:00-04:00,2.0015603876306765,2.0882422432146006,1.977919932801688,2.0567214488983154,254100,0.0,0.0
2020-09-10 00:00:00-04:00,2.0646018271194517,2.2222050644889313,2.033081217221087,2.080362319946289,279200,0.0,0.0
2020-09-11 00:00:00-04:00,2.111882514789087,2.1276428166408428,2.0330808176526896,2.064601421356201,114600,0.0,0.0
2020-09-14 00:00:00-04:00,2.1040023553962754,2.1040023553962754,1.8754777915878265,1.8912380933761597,932100,0.0,0.0
2020-09-15 00:00:00-04:00,1.9148788324033463,2.056721569709042,1.9148788324033463,2.040961265563965,932300,0.0,0.0
2020-09-16 00:00:00-04:00,2.0330809260436298,2.08824217334324,2.0015603206596397,2.072481870651245,437700,0.0,0.0
2020-09-17 00:00:00-04:00,2.048840877843167,2.048840877843167,1.9779195278754556,2.033080577850342,418300,0.0,0.0
2020-09-18 00:00:00-04:00,2.0567214973454018,2.088242292404175,2.0094405865737004,2.088242292404175,1823900,0.0,0.0
2020-09-21 00:00:00-04:00,2.080361550224424,2.1512828962552533,2.040960614551934,2.104001998901367,326800,0.0,0.0
2020-09-22 00:00:00-04:00,2.1118822656920613,2.1434028656777104,2.0252004278539295,2.033080577850342,402300,0.0,0.0
2020-09-23 00:00:00-04:00,2.0567210144169414,2.0567210144169414,1.9385187652421716,1.9542790651321411,364800,0.0,0.0
2020-09-24 00:00:00-04:00,1.9542794841789946,1.9542794841789946,1.906998574370866,1.9148787260055542,337100,0.0,0.0
2020-09-25 00:00:00-04:00,1.9227584653522023,1.954279065132141,1.906998165462233,1.9542790651321411,73500,0.0,0.0
2020-09-28 00:00:00-04:00,1.9858002042213878,2.0488414209021792,1.9858002042213878,2.0094406604766846,309100,0.0,0.0
2020-09-29 00:00:00-04:00,1.9936798227867343,2.0094401227393885,1.9621592228814255,2.0015599727630615,276000,0.0,0.0
2020-09-30 00:00:00-04:00,1.9779196321367187,2.017320384195696,1.9227585792541504,1.9227585792541504,304300,0.0,0.0
2020-10-01 00:00:00-04:00,1.962159212391093,1.9700393623252903,1.9385187625885008,1.938518762588501,139800,0.0,0.0
2020-10-02 00:00:00-04:00,1.8833578885334867,1.9700395458863365,1.8833578885334867,1.9621593952178955,189100,0.0,0.0
2020-10-05 00:00:00-04:00,1.962159747966091,2.0252009646468823,1.962159747966091,2.0094406604766846,290200,0.0,0.0
2020-10-06 00:00:00-04:00,2.001560031302684,2.0252004819230778,1.9700394304754925,1.9936798810958862,270000,0.0,0.0
2020-10-07 00:00:00-04:00,2.0094406671936436,2.0173208193050836,1.946399450302124,1.946399450302124,170600,0.0,0.0
2020-10-08 00:00:00-04:00,1.962159459319788,2.064601421356201,1.962159459319788,2.064601421356201,431900,0.0,0.0
2020-10-09 00:00:00-04:00,2.064601472500104,2.104002415983144,2.0409610191368532,2.0961222648620605,277200,0.0,0.0
2020-10-12 00:00:00-04:00,2.0882422432146006,2.0961223948242633,2.009440539240339,2.0567214488983154,207800,0.0,0.0
2020-10-13 00:00:00-04:00,2.080361911085575,2.080361911085575,2.0330808176526896,2.064601421356201,326100,0.0,0.0
2020-10-14 00:00:00-04:00,2.040961265563965,2.056721569709042,2.040961265563965,2.040961265563965,178400,0.0,0.0
2020-10-15 00:00:00-04:00,2.040961265563965,2.0488414176365035,2.0252009614188875,2.040961265563965,114900,0.0,0.0
2020-10-16 00:00:00-04:00,2.048840877843167,2.048840877843167,2.009440127861105,2.033080577850342,289800,0.0,0.0
2020-10-19 00:00:00-04:00,2.048840877843167,2.048840877843167,2.017320277857517,2.033080577850342,192600,0.0,0.0
2020-10-20 00:00:00-04:00,2.048840877843167,2.048840877843167,2.017320277857517,2.033080577850342,150900,0.0,0.0
2020-10-21 00:00:00-04:00,2.033081113491426,2.0488414176365035,2.017320809346349,2.040961265563965,310500,0.0,0.0
2020-10-22 00:00:00-04:00,2.048840877843167,2.048840877843167,2.017320277857517,2.033080577850342,275900,0.0,0.0
2020-10-23 00:00:00-04:00,2.0488405227661133,2.056720671396846,2.017319928243183,2.0488405227661133,251600,0.0,0.0
2020-10-26 00:00:00-04:00,2.0252006667268114,2.072481760159697,2.0252006667268114,2.064601421356201,220700,0.0,0.0
2020-10-27 00:00:00-04:00,2.064601731973723,2.080362224074249,1.938519298190684,1.946399450302124,631700,0.0,0.0
2020-10-28 00:00:00-04:00,1.922758696952826,1.9463991496353261,1.8912380933761597,1.8912380933761597,211800,0.0,0.0
2020-10-29 00:00:00-04:00,1.8991182442703263,1.9385189987411595,1.8754777915878265,1.8912380933761597,155600,0.0,0.0
2020-10-30 00:00:00-04:00,1.906998463837072,1.9227587661929468,1.828196764180075,1.8439570665359497,226900,0.0,0.0
2020-11-02 00:00:00-05:00,1.8675976283197908,1.9227588776402422,1.8439571734157265,1.9148787260055542,187500,0.0,0.0
2020-11-03 00:00:00-05:00,1.9385190604850626,1.9463992116302204,1.851837210010703,1.9306389093399048,230400,0.0,0.0
2020-11-04 00:00:00-05:00,1.9148783074133087,1.9385187571495726,1.8675972200631872,1.9069981575012207,131100,0.0,0.0
2020-11-05 00:00:00-05:00,1.8912381536141154,1.9463992116302204,1.8912381536141154,1.9306389093399048,315900,0.0,0.0
2020-11-06 00:00:00-05:00,1.9306389100817114,2.048841177304496,1.9227587589335258,1.9779198169708252,392100,0.0,0.0
2020-11-09 00:00:00-05:00,2.0173209122719045,2.104002777370063,2.0173209122719045,2.080362319946289,676000,0.0,0.0
2020-11-10 00:00:00-05:00,2.0803621406088912,2.1276430513805926,2.0724819888136077,2.088242292404175,893800,0.0,0.0
2020-11-11 00:00:00-05:00,2.088242292404175,2.119762899585309,2.0646016491406853,2.088242292404175,379300,0.0,0.0
2020-11-12 00:00:00-05:00,2.0330807535448185,2.119762598873809,2.0252006028674203,2.111882448196411,463200,0.0,0.0
2020-11-13 00:00:00-05:00,2.1197626571846087,2.301006315628058,2.111882506290442,2.2694857120513916,982600,0.0,0.0
2020-11-16 00:00:00-05:00,2.301006087978294,2.395567889352833,2.293125937863749,2.3640472888946533,1128900,0.0,0.0
2020-11-17 00:00:00-05:00,2.308516229817736,2.3402483804727914,2.284717116826444,2.3243823051452637,439200,0.02,0.0
2020-11-18 00:00:00-05:00,2.284717486393471,2.3640478758632852,2.276784258307922,2.3164496421813965,620300,0.0,0.0
2020-11-19 00:00:00-05:00,2.300583499921931,2.348181732272121,2.284717422471868,2.2926504611968994,339000,0.0,0.0
2020-11-20 00:00:00-05:00,2.292650035031754,2.300583072282167,2.245051622390747,2.245051622390747,387500,0.0,0.0
2020-11-23 00:00:00-05:00,2.237118701705324,2.3323153428090273,2.221252626377796,2.3243823051452637,534900,0.0,0.0
2020-11-24 00:00:00-05:00,2.340248514639988,2.4195788958256625,2.3243824384028526,2.371980667114258,647200,0.0,0.0
2020-11-25 00:00:00-05:00,2.395779878074475,2.4354450702667236,2.3402486090053274,2.4354450702667236,293500,0.0,0.0
2020-11-27 00:00:00-05:00,2.4195787223293586,2.4433778349785418,2.3799135345807203,2.395779609680176,157200,0.0,0.0
2020-11-30 00:00:00-05:00,2.4195787218089495,2.443377834453014,2.3243822712326927,2.3402483463287354,336600,0.0,0.0
2020-12-01 00:00:00-05:00,2.3402482437279324,2.403712541329712,2.30058305772682,2.33231520652771,294900,0.0,0.0
2020-12-02 00:00:00-05:00,2.3323153082546884,2.356114420893385,2.268850818746296,2.284717082977295,271300,0.0,0.0
2020-12-03 00:00:00-05:00,2.3323157200753597,2.3640478758632852,2.292650525340452,2.3164496421813965,255800,0.0,0.0
2020-12-04 00:00:00-05:00,2.3164490993591693,2.387846433151197,2.3085160622711665,2.3481812477111816,293600,0.0,0.0
2020-12-07 00:00:00-05:00,2.348181592087968,2.3719807068422787,2.2609179821836096,2.3005833625793457,459900,0.0,0.0
2020-12-08 00:00:00-05:00,2.3005832809816726,2.3243823948918703,2.173654484322072,2.260917901992798,577400,0.0,0.0
2020-12-09 00:00:00-05:00,2.2291860952576403,2.252985212852658,2.1419226640759086,2.213320016860962,514100,0.0,0.0
2020-12-10 00:00:00-05:00,2.213320117104353,2.237119235777256,2.1498558006432793,2.2212531566619873,244600,0.0,0.0
2020-12-11 00:00:00-05:00,2.2133196085969757,2.2212526463320046,2.1657213821868027,2.1815874576568604,348500,0.0,0.0
2020-12-14 00:00:00-05:00,2.189520495391889,2.2212526463320046,2.157788344451774,2.1815874576568604,189500,0.0,0.0
2020-12-15 00:00:00-05:00,2.1815878600676046,2.221253056059301,2.1339896248775694,2.213320016860962,394300,0.0,0.0
2020-12-16 00:00:00-05:00,2.197453498765762,2.2053865363767433,2.13398919787791,2.1419222354888916,230400,0.0,0.0
2020-12-17 00:00:00-05:00,2.1260563311716587,2.165721522415084,2.1101902546742886,2.1181232929229736,264200,0.0,0.0
2020-12-18 00:00:00-05:00,2.126056058456773,2.1815873190744255,2.126056058456773,2.133989095687866,284300,0.0,0.0
2020-12-21 00:00:00-05:00,2.1181232929229736,2.149855445917714,2.0863911399282333,2.1181232929229736,289000,0.0,0.0
2020-12-22 00:00:00-05:00,2.1181230212256796,2.133989095687866,2.086390872301307,2.133989095687866,320900,0.0,0.0
2020-12-23 00:00:00-05:00,2.133988992735211,2.1736541769770605,2.126055955886841,2.126055955886841,283900,0.0,0.0
2020-12-24 00:00:00-05:00,2.1260562613257186,2.1736544892541154,2.10225714736152,2.149855375289917,174000,0.0,0.0
2020-12-28 00:00:00-05:00,2.157788624119843,2.1736547016462815,2.1101903915405273,2.1101903915405273,446900,0.0,0.0
2020-12-29 00:00:00-05:00,2.1022568941540705,2.1339890422843397,2.0705245568852795,2.0784575939178467,507300,0.0,0.0
2020-12-30 00:00:00-05:00,2.149855238214441,2.1736543506612005,2.070524674253378,2.102257013320923,563500,0.0,0.0
2020-12-31 00:00:00-05:00,2.102256946763493,2.1419221329189595,2.054658534238407,2.133989095687866,540500,0.0,0.0
2021-01-04 00:00:00-05:00,2.126056125767682,2.133989163249935,2.062591636771125,2.102257013320923,349300,0.0,0.0
2021-01-05 00:00:00-05:00,2.0943239767856427,2.1657213141582035,2.0705246751895894,2.1577882766723633,350300,0.0,0.0
2021-01-06 00:00:00-05:00,2.157788413277983,2.197453603218314,2.118123223337652,2.149855375289917,258000,0.0,0.0
2021-01-07 00:00:00-05:00,2.1577882766723633,2.181587389129884,2.133989164214843,2.1577882766723633,181500,0.0,0.0
2021-01-08 00:00:00-05:00,2.1736548208692654,2.213320016860962,2.149855703274248,2.213320016860962,251200,0.0,0.0
2021-01-11 00:00:00-05:00,2.1895203590393066,2.197453396280305,2.133989098352319,2.1895203590393066,385300,0.0,0.0
2021-01-12 00:00:00-05:00,2.1815874576568604,2.189520495391889,2.141922268981716,2.1815874576568604,311600,0.0,0.0
2021-01-13 00:00:00-05:00,2.181587389129884,2.1895204266157235,2.102257014271483,2.1577882766723633,317500,0.0,0.0
2021-01-14 00:00:00-05:00,2.1577883786127683,2.18158749219463,2.141922302891527,2.1657214164733887,279000,0.0,0.0
2021-01-15 00:00:00-05:00,2.1577882766723633,2.181587389129884,2.1419222017006834,2.1577882766723633,236000,0.0,0.0
2021-01-19 00:00:00-05:00,2.1815873190744255,2.1815873190744255,2.1181230212256796,2.133989095687866,310000,0.0,0.0
2021-01-20 00:00:00-05:00,2.1260561935116584,2.1815874576568604,2.1260561935116584,2.1815874576568604,314400,0.0,0.0
2021-01-21 00:00:00-05:00,2.1895205081067926,2.3799136039916675,2.1895205081067926,2.308516263961792,829800,0.0,0.0
2021-01-22 00:00:00-05:00,2.308516400830783,2.3164494390822195,2.2767840586864834,2.3005833625793457,327200,0.0,0.0
2021-01-25 00:00:00-05:00,2.2926501542061146,2.4037126814850467,2.2847171165433338,2.379913568496704,788100,0.0,0.0
2021-01-26 00:00:00-05:00,2.403712816144099,2.4751101591088966,2.3799137018224994,2.4275119304656982,362500,0.0,0.0
2021-01-27 00:00:00-05:00,2.419578857668781,2.4751101236230224,2.419578857668781,2.44337797164917,566800,0.0,0.0
2021-01-28 00:00:00-05:00,2.419578738030868,2.5227084159851074,2.419578738030868,2.5227084159851074,519400,0.0,0.0
2021-01-29 00:00:00-05:00,2.5306414732280778,2.5306414732280778,2.379913568496704,2.379913568496704,278100,0.0,0.0
2021-02-01 00:00:00-05:00,2.379913582321293,2.5227084502193615,2.379913582321293,2.5068423748016357,476300,0.0,0.0
2021-02-02 00:00:00-05:00,2.4989094040997997,2.609971935001966,2.467177063274923,2.530641555786133,615000,0.0,0.0
2021-02-03 00:00:00-05:00,2.530641653124839,2.633771150072199,2.530641653124839,2.5941059589385986,410400,0.0,0.0
2021-02-04 00:00:00-05:00,2.6020388255251126,2.7289676179184856,2.594105787821685,2.673436164855957,643100,0.0,0.0
2021-02-05 00:00:00-05:00,2.6734360780725406,2.7289675293324414,2.657570003180721,2.6813693046569824,328700,0.0,0.0
2021-02-08 00:00:00-05:00,2.6972358834143813,2.7131019612701133,2.649637460708618,2.649637460708618,339500,0.0,0.0
2021-02-09 00:00:00-05:00,2.6655033074264582,2.6655033074264582,2.5227086191072456,2.538574695587158,495100,0.0,0.0
2021-02-10 00:00:00-05:00,2.5385748693703247,2.570307024502437,2.498909675455184,2.5147757530212402,579300,0.0,0.0
2021-02-11 00:00:00-05:00,2.5147757530212402,2.5465079081533526,2.4909766366721557,2.5147757530212402,242000,0.0,0.0
2021-02-12 00:00:00-05:00,2.5227083487924093,2.5703065731318717,2.498909236622678,2.554440498352051,334400,0.0,0.0
2021-02-16 00:00:00-05:00,2.538574525637087,2.538574525637087,2.4909762993839104,2.5068423748016357,345900,0.0,0.0
2021-02-17 00:00:00-05:00,2.498909370087949,2.5465075969696045,2.498909370087949,2.5465075969696045,166500,0.0,0.0
2021-02-18 00:00:00-05:00,2.5465074625447657,2.6337708738880132,2.5227083503602437,2.609971761703491,372300,0.0,0.0
2021-02-19 00:00:00-05:00,2.633771044580041,2.673436234124905,2.5703067413082583,2.6417040824890137,394200,0.0,0.0
2021-02-22 00:00:00-05:00,2.617904783234247,2.71310142053399,2.617904783234247,2.697235345840454,306700,0.0,0.0
2021-02-23 00:00:00-05:00,2.665503161478072,2.697235501838958,2.5703067078110347,2.6575701236724854,386100,0.0,0.0
2021-02-24 00:00:00-05:00,2.6575701236724854,2.7210346152557174,2.633771010255726,2.6575701236724854,247600,0.0,0.0
2021-02-25 00:00:00-05:00,2.673436238374632,2.673436238374632,2.5227085178645496,2.530641555786133,385800,0.0,0.0
2021-02-26 00:00:00-05:00,2.5465077295782788,2.6179050736187586,2.514775576671399,2.5941059589385986,321100,0.0,0.0
2021-03-01 00:00:00-05:00,2.641704084543572,2.6813694632578287,2.5544406674770026,2.5861728191375732,299200,0.0,0.0
2021-03-02 00:00:00-05:00,2.578240110357824,2.689302844486515,2.562374032502092,2.649637460708618,303400,0.0,0.0
2021-03-03 00:00:00-05:00,2.6813697686680995,2.697235846305545,2.6337713466172,2.66550350189209,285600,0.0,0.0
2021-03-04 00:00:00-05:00,2.6734362362041426,2.6813694632578287,2.54650762956186,2.5861728191375732,463700,0.0,0.0
2021-03-05 00:00:00-05:00,2.6179050032919333,2.625838041305542,2.498909433087804,2.625838041305542,363200,0.0,0.0
2021-03-08 00:00:00-05:00,2.6337711849638996,2.760699987411499,2.5861729549730073,2.760699987411499,570700,0.0,0.0
2021-03-09 00:00:00-05:00,2.7765657564540653,2.8400300560772567,2.6813693070192786,2.7924318313598633,674600,0.0,0.0
2021-03-10 00:00:00-05:00,2.8241642259729747,2.8400303022540605,2.697235615724287,2.736900806427002,495300,0.0,0.0
2021-03-11 00:00:00-05:00,2.7686326139671076,2.7686326139671076,2.6655029418533367,2.7289674282073975,457100,0.0,0.0
2021-03-12 00:00:00-05:00,2.736900867584821,2.832097327398563,2.7210347909491976,2.8162312507629395,381900,0.0,0.0
2021-03-15 00:00:00-04:00,2.8955615251600113,2.9590258251727675,2.784498810999154,2.919360637664795,1053600,0.0,0.0
2021-03-16 00:00:00-04:00,2.9438250168954974,2.9438250168954974,2.829660163350152,2.894897222518921,689700,0.1,0.0
2021-03-17 00:00:00-04:00,2.8133504378723573,2.8867421174193484,2.8133504378723573,2.8378143310546875,354900,0.0,0.0
2021-03-18 00:00:00-04:00,2.8378145384197913,2.8378145384197913,2.7236495008048953,2.731804132461548,333800,0.0,0.0
2021-03-19 00:00:00-04:00,2.7562682248941686,2.797041383222417,2.6665670821502667,2.7073402404785156,1020200,0.0,0.0
2021-03-22 00:00:00-04:00,2.7073402365077994,2.7562682208516924,2.6665670782393507,2.7399587631225586,277800,0.0,0.0
2021-03-23 00:00:00-04:00,2.739958770219157,2.813350649714207,2.6828763484954834,2.6828763484954834,285700,0.0,0.0
2021-03-24 00:00:00-04:00,2.715494634763439,2.813350400618721,2.6584122180938716,2.658412218093872,273300,0.0,0.0
2021-03-25 00:00:00-04:00,2.7073402404785156,2.7318041354754645,2.6502578188189676,2.7073402404785156,245300,0.0,0.0
2021-03-26 00:00:00-04:00,2.7236492645349495,2.7562679827537213,2.691030740737915,2.691030740737915,295200,0.0,0.0
2021-03-29 00:00:00-04:00,2.7073400017742855,2.7236492636676086,2.691030739880962,2.7154946327209473,184700,0.0,0.0
2021-03-30 00:00:00-04:00,2.715494872144165,2.7562682248941686,2.7073402404785156,2.7073402404785156,441400,0.0,0.0
2021-03-31 00:00:00-04:00,2.7318041324615483,2.7970413801365264,2.7073402374915894,2.731804132461548,417000,0.0,0.0
2021-04-01 00:00:00-04:00,2.7644226515076964,2.8785874863585716,2.7481131949644024,2.8378143310546875,458500,0.0,0.0
2021-04-05 00:00:00-04:00,2.813350435918826,2.9112060085801987,2.813350435918826,2.878587484359741,500900,0.0,0.0
2021-04-06 00:00:00-04:00,2.9112060085801987,2.9112060085801987,2.8704328533046266,2.878587484359741,475400,0.0,0.0
2021-04-07 00:00:00-04:00,2.894896746074753,2.9356699013447582,2.87043285291275,2.886742115020752,543300,0.0,0.0
2021-04-08 00:00:00-04:00,2.854123623259181,3.098762752082762,2.854123623259181,3.074298858642578,641900,0.0,0.0
2021-04-09 00:00:00-04:00,3.0742990937332593,3.1395361478957398,3.0579898301926387,3.0987629890441895,379400,0.0,0.0
2021-04-12 00:00:00-04:00,3.098763003975902,3.1395361630239225,2.976443526831842,2.99275279045105,625800,0.0,0.0
2021-04-13 00:00:00-04:00,3.0824537403566943,3.0824537403566943,2.984598158641446,2.99275279045105,299500,0.0,0.0
2021-04-14 00:00:00-04:00,3.0172164034869944,3.0335256655797562,2.9112060054623043,2.943824529647827,293100,0.0,0.0
2021-04-15 00:00:00-04:00,2.9438245716379194,2.9845979218731458,2.9356699404752225,2.976443290710449,238100,0.0,0.0
2021-04-16 00:00:00-04:00,3.0009071841985393,3.0009071841985393,2.9601340283850557,2.976443290710449,195100,0.0,0.0
2021-04-19 00:00:00-04:00,2.9519794369812713,3.041680581308674,2.9519794369812713,2.99275279045105,280200,0.0,0.0
2021-04-20 00:00:00-04:00,3.0090615744826104,3.0172162049925197,2.960133791423152,2.984597682952881,289300,0.0,0.0
2021-04-21 00:00:00-04:00,2.984597920376268,3.049834969645123,2.976443289217661,3.0009071826934814,157900,0.0,0.0
2021-04-22 00:00:00-04:00,3.017216446523933,3.017216446523933,2.9438245716379194,2.976443290710449,358600,0.0,0.0
2021-04-23 00:00:00-04:00,2.9845979165013694,3.0824534902776066,2.9845979165013694,3.0661442279815674,656500,0.0,0.0
2021-04-26 00:00:00-04:00,3.066144472081194,3.1069176310672955,3.0253713130950928,3.0253713130950928,265300,0.0,0.0
2021-04-27 00:00:00-04:00,3.049834966171238,3.0742988596191934,2.992752548126009,3.0579895973205566,276000,0.0,0.0
2021-04-28 00:00:00-04:00,3.090608116643854,3.155845165727078,3.0742988543730485,3.147690534591675,407900,0.0,0.0
2021-04-29 00:00:00-04:00,3.180309296824978,3.196618559317681,3.0987627899397188,3.1640000343322754,321200,0.0,0.0
2021-04-30 00:00:00-04:00,3.2210824524623667,3.2537009774417536,3.1640000337484397,3.172154664993286,762700,0.0,0.0
2021-05-03 00:00:00-04:00,3.237391940633828,3.2944743633270264,3.2210826770071996,3.2944743633270264,535900,0.0,0.0
2021-05-04 00:00:00-04:00,3.302629195410255,3.3107836328162508,3.229237314538711,3.2537012100219727,331500,0.0,0.0
2021-05-05 00:00:00-04:00,3.2537009727475357,3.2781648664467813,3.2047731853490453,3.237391710281372,305500,0.0,0.0
2021-05-06 00:00:00-04:00,3.2781645784275057,3.2781645784275057,3.049834729540514,3.1232264041900635,779100,0.0,0.0
2021-05-07 00:00:00-04:00,3.1313810792456267,3.26185536378901,3.1313810792456267,3.2455461025238037,476000,0.0,0.0
2021-05-10 00:00:00-04:00,3.245546341514454,3.2781648664467813,3.212927816582127,3.237391710281372,381800,0.0,0.0
2021-05-11 00:00:00-04:00,3.1966185587278266,3.2210824524623667,3.1395359455921548,3.172154664993286,320800,0.0,0.0
2021-05-12 00:00:00-04:00,3.15584541143636,3.1803095011690474,3.0661444619629488,3.0987629890441895,551400,0.0,0.0
2021-05-13 00:00:00-04:00,3.1150718177578223,3.204772949131779,3.098762556493781,3.1803090572357178,369800,0.0,0.0
2021-05-14 00:00:00-04:00,3.1966185587278266,3.2210824524623667,3.172154664993286,3.172154664993286,259900,0.0,0.0
2021-05-17 00:00:00-04:00,3.188463924015437,3.253700973903264,3.1558452046497796,3.2210824489593506,348600,0.0,0.0
2021-05-18 00:00:00-04:00,3.245546336467265,3.3270926486712695,3.2047731803652635,3.3107833862304688,611800,0.0,0.0
2021-05-19 00:00:00-04:00,3.2618554074390835,3.318938017052915,3.2373915152138983,3.302628755569458,585100,0.0,0.0
2021-05-20 00:00:00-04:00,3.318938210756576,3.3434019099878065,3.302628948321259,3.3270926475524902,550900,0.0,0.0
2021-05-21 00:00:00-04:00,3.3352477168153554,3.343402154206911,3.2944743633270264,3.2944743633270264,199100,0.0,0.0
2021-05-24 00:00:00-04:00,3.32709264755249,3.3352474731918926,3.294474122681857,3.3270926475524902,204200,0.0,0.0
2021-05-25 00:00:00-04:00,3.335247520668442,3.335247520668442,3.27001046999854,3.2863197326660156,257800,0.0,0.0
2021-05-26 00:00:00-04:00,3.310783191889454,3.318938017052915,3.286319494086001,3.302628755569458,142900,0.0,0.0
2021-05-27 00:00:00-04:00,3.335247278213501,3.367865801177257,3.310783191568951,3.335247278213501,484000,0.0,0.0
2021-05-28 00:00:00-04:00,3.3597111713043977,3.3597111713043977,3.3189382096514275,3.3434019088745117,557000,0.0,0.0
2021-06-01 00:00:00-04:00,3.34340213620903,3.4412577174420322,3.3352476988613704,3.4249484539031982,524500,0.0,0.0
2021-06-02 00:00:00-04:00,3.4249479770119433,3.4249479770119433,3.384175018263861,3.4086387157440186,282800,0.0,0.0
2021-06-03 00:00:00-04:00,3.4494120634974683,3.457566499710083,3.416793540960087,3.457566499710083,419800,0.0,0.0
2021-06-04 00:00:00-04:00,3.457566587343736,3.482030674288556,3.424948063979623,3.4738762378692627,276200,0.0,0.0
2021-06-07 00:00:00-04:00,3.4901854984812153,3.522804021835327,3.473876236804159,3.522804021835327,660600,0.0,0.0
2021-06-08 00:00:00-04:00,3.522803784162052,3.5635767411821244,3.5064945235853338,3.5391130447387695,457600,0.0,0.0
2021-06-09 00:00:00-04:00,3.5880410229051853,3.6206595458444037,3.5554224999659674,3.612504720687866,700500,0.0,0.0
2021-06-10 00:00:00-04:00,3.6288137834889955,3.6369686081990764,3.5146489594519705,3.5391130447387695,593200,0.0,0.0
2021-06-11 00:00:00-04:00,3.5472681499050056,3.596195940866869,3.539113712499787,3.56357741355896,994300,0.0,0.0
2021-06-14 00:00:00-04:00,3.604350089291715,3.6451230463371953,3.571731568117953,3.588040828704834,1012900,0.0,0.0
2021-06-15 00:00:00-04:00,3.6047298897536124,3.6214184374794285,3.4294999396893586,3.462877035140991,925500,0.1,0.0
2021-06-16 00:00:00-04:00,3.4378435611724854,3.471220652221825,3.3627453052546263,3.4378435611724854,591100,0.0,0.0
2021-06-17 00:00:00-04:00,3.479565184677101,3.5045978044579957,3.337712346297641,3.396122455596924,635300,0.0,0.0
2021-06-18 00:00:00-04:00,3.3460571619472734,3.3794342570087523,3.2959913204118765,3.304335594177246,689000,0.0,0.0
2021-06-21 00:00:00-04:00,3.29599094326667,3.4211550354252585,3.29599094326667,3.3794338703155518,294600,0.0,0.0
2021-06-22 00:00:00-04:00,3.3877783345126167,3.504598167320263,3.3877783345126167,3.446188449859619,466700,0.0,0.0
2021-06-23 00:00:00-04:00,3.4211553381781163,3.446188357768271,3.362745622278336,3.3710896968841553,408900,0.0,0.0
2021-06-24 00:00:00-04:00,3.3961228574528493,3.4044669324050445,3.354401289032778,3.362745761871338,176800,0.0,0.0
2021-06-25 00:00:00-04:00,3.4128112090914833,3.4128112090914833,3.2959911823272705,3.2959911823272705,576100,0.0,0.0
2021-06-28 00:00:00-04:00,3.321024041121282,3.3293683146339212,3.2375813059948872,3.3126797676086426,465700,0.0,0.0
2021-06-29 00:00:00-04:00,3.3293685812999034,3.337712855480878,3.2375815653091826,3.270958662033081,340000,0.0,0.0
2021-06-30 00:00:00-04:00,3.287647109389092,3.3043356572383216,3.2542700136906335,3.2793028354644775,356300,0.0,0.0
2021-07-01 00:00:00-04:00,3.304335494096003,3.321024041121282,3.2793026735580844,3.3126797676086426,192100,0.0,0.0
2021-07-02 00:00:00-04:00,3.337712865514653,3.337712865514653,3.2626143976601214,3.3293685913085938,324500,0.0,0.0
2021-07-06 00:00:00-04:00,3.337712865514653,3.337712865514653,3.295991494484358,3.3293685913085938,266500,0.0,0.0
2021-07-07 00:00:00-04:00,3.3377123285510644,3.3377123285510644,3.2125480366531365,3.254269599914551,403700,0.0,0.0
2021-07-08 00:00:00-04:00,3.2626140886641157,3.312679729158848,3.1875154289788465,3.2959911823272705,527700,0.0,0.0
2021-07-09 00:00:00-04:00,3.3210240177867427,3.354401111602783,3.295991197424713,3.354401111602783,287700,0.0,0.0
2021-07-12 00:00:00-04:00,3.3460569986226574,3.3460569986226574,3.2959911595310274,3.337712526321411,188000,0.0,0.0
2021-07-13 00:00:00-04:00,3.3293683146339212,3.3544011351718397,3.2959912205833635,3.3126797676086426,214000,0.0,0.0
2021-07-14 00:00:00-04:00,3.3293685812999034,3.337712855480878,3.270958662033081,3.270958662033081,157600,0.0,0.0
2021-07-15 00:00:00-04:00,3.2709583620799045,3.312679729158848,3.245925541832538,3.2959911823272705,185700,0.0,0.0
2021-07-16 00:00:00-04:00,3.3126798299045417,3.3126798299045417,3.279302735226318,3.287647008895874,133400,0.0,0.0
2021-07-19 00:00:00-04:00,3.1291056560609305,3.2459256880888714,3.1291056560609305,3.2208926677703857,454100,0.0,0.0
2021-07-20 00:00:00-04:00,3.2375815653091826,3.295991484576005,3.220892818004044,3.270958662033081,206300,0.0,0.0
2021-07-21 00:00:00-04:00,3.29599128256543,3.3126798299045417,3.2626141878872064,3.287647008895874,132100,0.0,0.0
2021-07-22 00:00:00-04:00,3.2876468933088874,3.2876468933088874,3.2292367807323994,3.237581253051758,124200,0.0,0.0
2021-07-23 00:00:00-04:00,3.245925839490157,3.321024307118929,3.220892818004044,3.270958662033081,375300,0.0,0.0
2021-07-26 00:00:00-04:00,3.2876469089114817,3.3293682759904253,3.2709583620799045,3.2959911823272705,252900,0.0,0.0
2021-07-27 00:00:00-04:00,3.2876470335625414,3.2876470335625414,3.237581391169572,3.2459256649017334,124500,0.0,0.0
2021-07-28 00:00:00-04:00,3.254270063544399,3.295991433806622,3.204204220286545,3.2125484943389893,222100,0.0,0.0
2021-07-29 00:00:00-04:00,3.2459258268605655,3.2793029234545967,3.2125485313233457,3.2292370796203613,238400,0.0,0.0
2021-07-30 00:00:00-04:00,3.2375811969214916,3.2542697433845373,3.170826812126143,3.179171085357666,234600,0.0,0.0
2021-08-02 00:00:00-04:00,3.19585998302633,3.2542701010090735,3.1791714347293145,3.2292370796203613,258600,0.0,0.0
2021-08-03 00:00:00-04:00,3.220892768391434,3.245925789491954,3.1875156721816555,3.2125484943389893,229200,0.0,0.0
2021-08-04 00:00:00-04:00,3.1958599462341,3.245925789491954,3.1875156721816555,3.2125484943389893,315400,0.0,0.0
2021-08-05 00:00:00-04:00,3.2876469089114817,3.3210240025746365,3.254269815248327,3.2959911823272705,333900,0.0,0.0
2021-08-06 00:00:00-04:00,3.321024093021198,3.412811302037827,3.321024093021198,3.3877782821655273,546300,0.0,0.0
2021-08-09 00:00:00-04:00,3.3961227926539115,3.4294998875985785,3.387778319974566,3.4044668674468994,305200,0.0,0.0
2021-08-10 00:00:00-04:00,3.4211554668832687,3.462877035140991,3.404466919157452,3.462877035140991,348500,0.0,0.0
2021-08-11 00:00:00-04:00,3.462876419879445,3.487909038077354,3.462876419879445,3.4712204933166504,203500,0.0,0.0
2021-08-12 00:00:00-04:00,3.4879095554351807,3.4879095554351807,3.46287693352421,3.4879095554351807,174700,0.0,0.0
2021-08-13 00:00:00-04:00,3.4795657552494372,3.5129428523546187,3.462877206696846,3.504598379135132,256200,0.0,0.0
2021-08-16 00:00:00-04:00,3.5129422150974285,3.546319306147916,3.471220652341164,3.5379748344421387,289100,0.0,0.0
2021-08-17 00:00:00-04:00,3.537975174315985,3.54631964682337,3.471220985802302,3.5129425525665283,329500,0.0,0.0
2021-08-18 00:00:00-04:00,3.504598379135132,3.5296314009072094,3.4795657552494372,3.504598379135132,226500,0.0,0.0
2021-08-19 00:00:00-04:00,3.4628768654480853,3.487909486866944,3.312679744332733,3.354401111602783,675300,0.0,0.0
2021-08-20 00:00:00-04:00,3.3377126403072803,3.4294998493239093,3.3377126403072803,3.3877782821655273,183700,0.0,0.0
2021-08-23 00:00:00-04:00,3.4211550753778184,3.4545321670098894,3.371089437929712,3.396122455596924,284600,0.0,0.0
2021-08-24 00:00:00-04:00,3.412811317217934,3.4461884119385595,3.3794342224973093,3.429499864578247,532800,0.0,0.0
2021-08-25 00:00:00-04:00,3.4879096433553425,3.4879096433553425,3.404466905071504,3.4211554527282715,331200,0.0,0.0
2021-08-26 00:00:00-04:00,3.4378435611724854,3.4545321066971555,3.3710893790738057,3.4378435611724854,359800,0.0,0.0
2021-08-27 00:00:00-04:00,3.4461884874151747,3.4712211100607178,3.4461884874151747,3.462877035140991,180100,0.0,0.0
2021-08-30 00:00:00-04:00,3.4628770208133717,3.4712210956985747,3.421155452728272,3.4211554527282715,204200,0.0,0.0
2021-08-31 00:00:00-04:00,3.437843619594468,3.504597802827554,3.421155073786197,3.496253728866577,461900,0.0,0.0
2021-09-01 00:00:00-04:00,3.504598205512351,3.5212867532381673,3.4461884874151747,3.462877035140991,307200,0.0,0.0
2021-09-02 00:00:00-04:00,3.4879094786094575,3.4879094786094575,3.429499763512842,3.4545323848724365,228200,0.0,0.0
2021-09-03 00:00:00-04:00,3.46287693352421,3.5045981026712782,3.4378439137268884,3.4879095554351807,215200,0.0,0.0
2021-09-07 00:00:00-04:00,3.5045980254779683,3.5045980254779683,3.4211552911354155,3.4545323848724365,327700,0.0,0.0
2021-09-08 00:00:00-04:00,3.4461884498596196,3.4795655449475182,3.4378439771444653,3.446188449859619,253400,0.0,0.0
2021-09-09 00:00:00-04:00,3.4461878751187416,3.4795649646401485,3.4461878751187416,3.4712204933166504,443300,0.0,0.0
2021-09-10 00:00:00-04:00,3.479565506659185,3.487909581396164,3.4211553919549136,3.429499864578247,384800,0.0,0.0
2021-09-13 00:00:00-04:00,3.454532448290899,3.462876920821514,3.396122732121995,3.412811279296875,515800,0.0,0.0
2021-09-14 00:00:00-04:00,3.438471495585425,3.489791916969273,3.3187238456897803,3.3529374599456787,820200,0.1,0.0
2021-09-15 00:00:00-04:00,3.370044026168984,3.4470248566710753,3.3529372202639,3.429918050765991,271000,0.0,0.0
2021-09-16 00:00:00-04:00,3.438471805114855,3.45557861378275,3.3785979747772217,3.3785979747772217,250400,0.0,0.0
2021-09-17 00:00:00-04:00,3.378597532901499,3.4128111457626025,3.335830516825119,3.3614907264709473,376200,0.0,0.0
2021-09-20 00:00:00-04:00,3.3358307260560425,3.3614909373113373,3.2588498883609263,3.301616907119751,649300,0.0,0.0
2021-09-21 00:00:00-04:00,3.3016167345491536,3.3700441649159045,3.3016167345491536,3.344383955001831,232400,0.0,0.0
2021-09-22 00:00:00-04:00,3.2845101979824225,3.3614910379830008,3.2845101979824225,3.327277421951294,406000,0.0,0.0
2021-09-23 00:00:00-04:00,3.33583082595922,3.344384229967147,3.3101704100062026,3.327277421951294,173300,0.0,0.0
2021-09-24 00:00:00-04:00,3.3101704100062026,3.3529376339750736,3.293063601990349,3.327277421951294,175100,0.0,0.0
2021-09-27 00:00:00-04:00,3.3443839550018306,3.3614907616112135,3.310170137853845,3.344383955001831,284300,0.0,0.0
2021-09-28 00:00:00-04:00,3.344384232045808,3.361491040072294,3.3101704120635986,3.3101704120635986,237400,0.0,0.0
2021-09-29 00:00:00-04:00,3.327277249253755,3.3614908635096534,3.3187238456897803,3.3529374599456787,296600,0.0,0.0
2021-09-30 00:00:00-04:00,3.3443840270387004,3.378597640994415,3.2930634021759033,3.2930634021759033,467500,0.0,0.0
2021-10-01 00:00:00-04:00,3.301616907119751,3.3358307260560425,3.284510099616221,3.301616907119751,246700,0.0,0.0
2021-10-04 00:00:00-04:00,3.3016167390281184,3.318723749589929,3.2502963191303493,3.2674031257629395,499300,0.0,0.0
2021-10-05 00:00:00-04:00,3.267403090782609,3.301616703681502,3.267403090782609,3.2845098972320557,205100,0.0,0.0
2021-10-06 00:00:00-04:00,3.2588497577026536,3.2759565645203144,3.2160827406585026,3.2502963542938232,494200,0.0,0.0
2021-10-07 00:00:00-04:00,3.2502965839708975,3.344384232045808,3.2502965839708975,3.3101704120635986,382100,0.0,0.0
2021-10-08 00:00:00-04:00,3.3272772385291858,3.4897919057208817,3.3187238349927806,3.4726850986480713,723300,0.0,0.0
2021-10-11 00:00:00-04:00,3.5068989783548403,3.549666203204655,3.4983457780999676,3.532559394836426,918900,0.0,0.0
2021-10-12 00:00:00-04:00,3.5496657916461625,3.5667725980309792,3.4983453724917126,3.541112184524536,391600,0.0,0.0
2021-10-13 00:00:00-04:00,3.5411125582811014,3.5496661663055424,3.4983457417343353,3.549666166305542,585000,0.0,0.0
2021-10-14 00:00:00-04:00,3.558219403459528,3.592433020195986,3.532559394836426,3.532559394836426,337400,0.0,0.0
2021-10-15 00:00:00-04:00,3.5496657916461625,3.592432603678986,3.541112184524536,3.541112184524536,297300,0.0,0.0
2021-10-18 00:00:00-04:00,3.5753260652830683,3.6266464882842455,3.5496660577117134,3.6009864807128906,428900,0.0,0.0
2021-10-19 00:00:00-04:00,3.60098648071289,3.6266464882842455,3.5924328729501274,3.6009864807128906,222100,0.0,0.0
2021-10-20 00:00:00-04:00,3.6180930808749436,3.6266462802886967,3.5924326669167987,3.6266462802886963,278400,0.0,0.0
2021-10-21 00:00:00-04:00,3.626646213018528,3.6351998201320646,3.6009862073947905,3.6180930137634277,226000,0.0,0.0
2021-10-22 00:00:00-04:00,3.618093355158795,3.626646555220957,3.600986547175997,3.609539747238159,135100,0.0,0.0
2021-10-25 00:00:00-04:00,3.626646544780389,3.7036273844106007,3.6180933447428503,3.686520576477051,694400,0.0,0.0
2021-10-26 00:00:00-04:00,3.712181194727175,3.712181194727175,3.6694139686320204,3.703627586364746,299100,0.0,0.0
2021-10-27 00:00:00-04:00,3.7036271128327405,3.7036271128327405,3.6523066927952907,3.660860300064087,340500,0.0,0.0
2021-10-28 00:00:00-04:00,3.6694137685435004,3.695074184373062,3.643753760572412,3.686520576477051,249000,0.0,0.0
2021-10-29 00:00:00-04:00,3.712181194727175,3.7207343952311085,3.6865207774983833,3.703627586364746,272000,0.0,0.0
2021-11-01 00:00:00-04:00,3.720734052606325,3.7292876601810927,3.695074045598937,3.7121808528900146,322100,0.0,0.0
2021-11-02 00:00:00-04:00,3.695074045598937,3.720734052606325,3.6779672383078594,3.7121808528900146,323700,0.0,0.0
2021-11-03 00:00:00-04:00,3.7207341923441506,3.729287800240162,3.6865205764770503,3.686520576477051,346700,0.0,0.0
2021-11-04 00:00:00-04:00,3.712180925200393,3.712180925200393,3.6009864717131768,3.6779673099517822,596900,0.0,0.0
2021-11-05 00:00:00-04:00,3.7121806493554512,3.7121806493554512,3.677967036649188,3.6950738430023193,349500,0.0,0.0
2021-11-08 00:00:00-05:00,3.695074045598937,3.720734052606325,3.695074045598937,3.7121808528900146,338900,0.0,0.0
2021-11-09 00:00:00-05:00,3.7207341250833124,3.7207341250833124,3.669413702210397,3.6779673099517822,391400,0.0,0.0
2021-11-10 00:00:00-05:00,3.6608602302960565,3.720733848602799,3.6608602302960565,3.6950738430023193,257900,0.0,0.0
2021-11-11 00:00:00-05:00,3.7036270744946354,3.7207338809967045,3.6950738751728207,3.720733880996704,200500,0.0,0.0
2021-11-12 00:00:00-05:00,3.7292874557085827,3.7292874557085827,3.677967036649188,3.6950738430023193,308800,0.0,0.0
2021-11-15 00:00:00-05:00,3.712180721576884,3.7207339209906367,3.6180930808749436,3.6266462802886963,446400,0.0,0.0
2021-11-16 00:00:00-05:00,3.626646209731358,3.7378406549559307,3.626646209731358,3.6950738430023193,622600,0.0,0.0
2021-11-17 00:00:00-05:00,3.677967376439512,3.712180992306612,3.660860568505962,3.686520576477051,123800,0.0,0.0
2021-11-18 00:00:00-05:00,3.6608601291597225,3.677966935040255,3.6437533232791903,3.6694133281707764,245600,0.0,0.0
2021-11-19 00:00:00-05:00,3.677967142283881,3.677967142283881,3.6266463138920684,3.6437535285949707,221500,0.0,0.0
2021-11-22 00:00:00-05:00,3.6694135349324295,3.6694135349324295,3.609539507047613,3.6437535285949707,249700,0.0,0.0
2021-11-23 00:00:00-05:00,3.652306894586092,3.6950741175760875,3.6437536947031726,3.6779673099517822,209400,0.0,0.0
2021-11-24 00:00:00-05:00,3.677967106743237,3.6865203061535907,3.6608603000640874,3.660860300064087,206200,0.0,0.0
2021-11-26 00:00:00-05:00,3.643753427245601,3.643753427245601,3.55821898754398,3.6180930137634277,293000,0.0,0.0
2021-11-29 00:00:00-05:00,3.65230655670166,3.7036269748267894,3.6351997506599503,3.65230655670166,411200,0.0,0.0
2021-11-30 00:00:00-05:00,3.643753602505616,3.6608604096970687,3.575325965881348,3.5753259658813477,314000,0.0,0.0
2021-12-01 00:00:00-05:00,3.6095394066498914,3.677967039982875,3.592432600281254,3.6180930137634277,339900,0.0,0.0
2021-12-02 00:00:00-05:00,3.6352000236511226,3.677967245896284,3.609539608732334,3.635200023651123,255900,0.0,0.0
2021-12-03 00:00:00-05:00,3.677967039982875,3.6865202392379754,3.6095394066498914,3.6180930137634277,276600,0.0,0.0
2021-12-06 00:00:00-05:00,3.635200086961787,3.6779673099517827,3.635200086961787,3.6779673099517822,391900,0.0,0.0
2021-12-07 00:00:00-05:00,3.677967376439512,3.712180992306612,3.677967376439512,3.686520576477051,288800,0.0,0.0
2021-12-08 00:00:00-05:00,3.677967036649188,3.7292874557085827,3.677967036649188,3.6950738430023193,286500,0.0,0.0
2021-12-09 00:00:00-05:00,3.677967106743237,3.6950739134223873,3.6523066927952907,3.660860300064087,297300,0.0,0.0
2021-12-10 00:00:00-05:00,3.703627586364746,3.712181194727175,3.6608607681280865,3.703627586364746,351600,0.0,0.0
2021-12-13 00:00:00-05:00,3.7292876601810927,3.737840859897403,3.6608604310167814,3.7121808528900146,532300,0.0,0.0
2021-12-14 00:00:00-05:00,3.7121806493554512,3.746394262061714,3.677967036649188,3.6950738430023193,513300,0.0,0.0
2021-12-15 00:00:00-05:00,3.712585658561853,3.738854138444094,3.5637323309735627,3.6162688732147217,788900,0.1,0.0
2021-12-16 00:00:00-05:00,3.625024867694361,3.660049230278976,3.493683508002054,3.5111958980560303,626000,0.0,0.0
2021-12-17 00:00:00-05:00,3.484927159094566,3.5111956378479885,3.3710977803685775,3.4236345291137695,764800,0.0,0.0
2021-12-20 00:00:00-05:00,3.4061225141928957,3.4411468758793355,3.3448296724799627,3.3886101245880127,647000,0.0,0.0
2021-12-21 00:00:00-05:00,3.4499029685050817,3.46741514935949,3.3710979458985806,3.4148786067962646,540900,0.0,0.0
2021-12-22 00:00:00-05:00,3.4061225586426387,3.4761712829296516,3.4061225586426387,3.4499030113220215,293300,0.0,0.0
2021-12-23 00:00:00-05:00,3.4674151395312585,3.5374638627503425,3.4674151395312585,3.528707981109619,322600,0.0,0.0
2021-12-27 00:00:00-05:00,3.528707981109619,3.5724882243598843,3.5199516819455714,3.528707981109619,240400,0.0,0.0
2021-12-28 00:00:00-05:00,3.546220008227221,3.633780908456335,3.546220008227221,3.5724880695343018,365800,0.0,0.0
2021-12-29 00:00:00-05:00,3.5724883660692526,3.5987568470800593,3.51995182157098,3.546220302581787,315600,0.0,0.0
2021-12-30 00:00:00-05:00,3.546220016494117,3.563732196580764,3.484927177429199,3.484927177429199,255500,0.0,0.0
2021-12-31 00:00:00-05:00,3.4849273181077933,3.537463860488515,3.4849273181077933,3.502439498901367,205200,0.0,0.0
2022-01-03 00:00:00-05:00,3.5024394016476506,3.546220061177571,3.4936833114939976,3.519951581954956,212700,0.0,0.0
2022-01-04 00:00:00-05:00,3.5462201049805637,3.5812444660277967,3.5374638059570964,3.554975986480713,260900,0.0,0.0
2022-01-05 00:00:00-05:00,3.5462201049805637,3.5812444660277967,3.5199516254334795,3.554975986480713,337000,0.0,0.0
2022-01-06 00:00:00-05:00,3.5812444660277967,3.5812444660277967,3.5111957439333303,3.554975986480713,298900,0.0,0.0
2022-01-07 00:00:00-05:00,3.5549760737348954,3.6775613404089738,3.5549760737348954,3.6512932777404785,491200,0.0,0.0
2022-01-10 00:00:00-05:00,3.590000435641775,3.6775613404089738,3.581244553926719,3.6512932777404785,432300,0.0,0.0
2022-01-11 00:00:00-05:00,3.651293124382045,3.721341845253679,3.651293124382045,3.695073366165161,251700,0.0,0.0
2022-01-12 00:00:00-05:00,3.686317251733592,3.730097908271786,3.686317251733592,3.721341609954834,302400,0.0,0.0
2022-01-13 00:00:00-05:00,3.7388539839174837,3.7476102826907747,3.6775611450743657,3.6863174438476562,267300,0.0,0.0
2022-01-14 00:00:00-05:00,3.6950733250976415,3.7125855051209173,3.66004896505109,3.6863174438476562,241200,0.0,0.0
2022-01-18 00:00:00-05:00,3.7038296650357703,3.721341845253679,3.6688053045999536,3.695073366165161,400500,0.0,0.0
2022-01-19 00:00:00-05:00,3.7213421430529867,3.7213421430529867,3.616269053337093,3.6425371170043945,347300,0.0,0.0
2022-01-20 00:00:00-05:00,3.6688054154558816,3.6863175962029344,3.598756692467669,3.6162688732147217,241000,0.0,0.0
2022-01-21 00:00:00-05:00,3.5812446655806354,3.5987568470800593,3.546220302581787,3.546220302581787,389100,0.0,0.0
2022-01-24 00:00:00-05:00,3.546220260640645,3.590000505109746,3.3886102114865406,3.5111958980560303,757400,0.0,0.0
2022-01-25 00:00:00-05:00,3.4586588490904164,3.6600489166974857,3.4586588490904164,3.6250245571136475,412300,0.0,0.0
2022-01-26 00:00:00-05:00,3.6512930885021575,3.6688052685479806,3.554975889488479,3.5724880695343018,253100,0.0,0.0
2022-01-27 00:00:00-05:00,3.61626892868236,3.651293290713683,3.5549760863658806,3.563732385635376,214300,0.0,0.0
2022-01-28 00:00:00-05:00,3.5549760863658806,3.572488267381542,3.502439543318897,3.563732385635376,204900,0.0,0.0
2022-01-31 00:00:00-05:00,3.572488116539809,3.633780956268311,3.554975936263567,3.6337809562683105,202400,0.0,0.0
2022-02-01 00:00:00-05:00,3.633780663683173,3.6688050214155616,3.616268484816979,3.660048723220825,226700,0.0,0.0
2022-02-02 00:00:00-05:00,3.6775609020870195,3.6775609020870195,3.633780663683173,3.660048723220825,185900,0.0,0.0
2022-02-03 00:00:00-05:00,3.6337810967870383,3.6863176396473576,3.6250247975486545,3.6512932777404785,186000,0.0,0.0
2022-02-04 00:00:00-05:00,3.6863176396473576,3.6863176396473576,3.6162689158335986,3.6512932777404785,232700,0.0,0.0
2022-02-07 00:00:00-05:00,3.642536921750382,3.6950734637921676,3.633781040171745,3.6775612831115723,185700,0.0,0.0
2022-02-08 00:00:00-05:00,3.7038296238709325,3.7038296238709325,3.66004896505109,3.6863174438476562,158600,0.0,0.0
2022-02-09 00:00:00-05:00,3.721342185557741,3.721342185557741,3.6863178219190655,3.7038300037384033,214100,0.0,0.0
2022-02-10 00:00:00-05:00,3.7038296650357703,3.7300981441242884,3.6688053045999536,3.695073366165161,241800,0.0,0.0
2022-02-11 00:00:00-05:00,3.6775612970677463,3.7038297769499877,3.607512574079534,3.6162688732147217,205800,0.0,0.0
2022-02-14 00:00:00-05:00,3.6250243729154454,3.6337806711281218,3.572487836209225,3.5987563133239746,152700,0.0,0.0
2022-02-15 00:00:00-05:00,3.625024654321581,3.6337809532139977,3.5637322321679092,3.6075124740600586,203000,0.0,0.0
2022-02-16 00:00:00-05:00,3.6075127537657634,3.66004929862371,3.6075127537657634,3.6425371170043945,143700,0.0,0.0
2022-02-17 00:00:00-05:00,3.6512932347088283,3.6512932347088283,3.5900003933324807,3.6162688732147217,191900,0.0,0.0
2022-02-18 00:00:00-05:00,3.633781053961775,3.633781053961775,3.598756692467669,3.6162688732147217,138300,0.0,0.0
2022-02-22 00:00:00-05:00,3.633780908456335,3.633780908456335,3.5637321882730437,3.5724880695343018,308300,0.0,0.0
2022-02-23 00:00:00-05:00,3.5900004483972032,3.6337811096980213,3.546220204619715,3.563732385635376,273000,0.0,0.0
2022-02-24 00:00:00-05:00,3.502439498901367,3.502439498901367,3.397366414139924,3.502439498901367,744500,0.0,0.0
2022-02-25 00:00:00-05:00,3.519951724334558,3.5812445666510375,3.519951724334558,3.563732385635376,287000,0.0,0.0
2022-02-28 00:00:00-05:00,3.5374637094426564,3.5812443683188664,3.5199515293968333,3.5724880695343018,192000,0.0,0.0
2022-03-01 00:00:00-05:00,3.5724883660692526,3.590000547568677,3.511195939582939,3.546220302581787,327400,0.0,0.0
2022-03-02 00:00:00-05:00,3.581244468688965,3.5987566492255945,3.476171176707528,3.581244468688965,748900,0.0,0.0
2022-03-03 00:00:00-05:00,3.581244690098462,3.66880559819504,3.528708145240515,3.6425371170043945,361700,0.0,0.0
2022-03-04 00:00:00-05:00,3.616268873214722,3.6512932347088283,3.5724882125854274,3.6162688732147217,254300,0.0,0.0
2022-03-07 00:00:00-05:00,3.6337810075986465,3.651293188122263,3.528707924456947,3.554975986480713,326300,0.0,0.0
2022-03-08 00:00:00-05:00,3.546220008227221,3.5900002495801244,3.5199515293968333,3.5724880695343018,302000,0.0,0.0
2022-03-09 00:00:00-05:00,3.625024657368534,3.6425368376447755,3.572488116539809,3.6337809562683105,298400,0.0,0.0
2022-03-10 00:00:00-05:00,3.5987565483646895,3.616268728410512,3.546220008227221,3.5724880695343018,255400,0.0,0.0
2022-03-11 00:00:00-05:00,3.61626882707503,3.61626882707503,3.5462201049805637,3.554975986480713,246200,0.0,0.0
2022-03-14 00:00:00-04:00,3.5724880695343018,3.616268728410512,3.5637321882730437,3.5724880695343018,267700,0.0,0.0
2022-03-15 00:00:00-04:00,3.581244468688965,3.5987566492255945,3.5462201076157056,3.581244468688965,327600,0.0,0.0
2022-03-16 00:00:00-04:00,3.6171467304229736,3.6350978127680293,3.5902198929116094,3.6171467304229736,341300,0.1,0.0
2022-03-17 00:00:00-04:00,3.6440733080921546,3.6710001468459814,3.6081711417454403,3.6350979804992676,358400,0.0,0.0
2022-03-18 00:00:00-04:00,3.6081710119839263,3.671000014824933,3.5991956847138207,3.6620242595672607,315100,0.0,0.0
2022-03-21 00:00:00-04:00,3.635097875016717,3.742804370931454,3.626122119696704,3.7158775329589844,650500,0.0,0.0
2022-03-22 00:00:00-04:00,3.724853038787842,3.7338283655191162,3.6979262026189357,3.724853038787842,208800,0.0,0.0
2022-03-23 00:00:00-04:00,3.7338286759688715,3.7338286759688715,3.671000099663434,3.706902265548706,219900,0.0,0.0
2022-03-24 00:00:00-04:00,3.724853455300384,3.751779866492656,3.697926616120523,3.7338287830352783,291300,0.0,0.0
2022-03-25 00:00:00-04:00,3.7338284743013324,3.769730638247495,3.7338284743013324,3.751779556274414,119200,0.0,0.0
2022-03-28 00:00:00-04:00,3.7248536089631674,3.769731105464165,3.6979267686724833,3.760755777359009,232900,0.0,0.0
2022-03-29 00:00:00-04:00,3.7697307355718923,3.805632900444953,3.751779653135362,3.787681818008423,282700,0.0,0.0
2022-03-30 00:00:00-04:00,3.778706453381832,3.787681780517476,3.724853206605287,3.7428042888641357,293900,0.0,0.0
2022-03-31 00:00:00-04:00,3.715877547081968,3.814608716039511,3.715877547081968,3.7787065505981445,198600,0.0,0.0
2022-04-01 00:00:00-04:00,3.8056329857377986,3.832559823989868,3.7966576583121587,3.832559823989868,216100,0.0,0.0
2022-04-04 00:00:00-04:00,3.8325598100519964,3.8325598100519964,3.7517797235771355,3.769730806350708,329700,0.0,0.0
2022-04-05 00:00:00-04:00,3.7697304091090627,3.841535160624378,3.7607550826618534,3.8235840797424316,358100,0.0,0.0
2022-04-06 00:00:00-04:00,3.81460858471125,3.8325596668139186,3.7787064205059133,3.8056328296661377,201900,0.0,0.0
2022-04-07 00:00:00-04:00,3.832559823989868,3.8594866622419373,3.769730820060089,3.832559823989868,495500,0.0,0.0
2022-04-08 00:00:00-04:00,3.850510835647583,3.8774376734018783,3.8235844258808536,3.850510835647583,417700,0.0,0.0
2022-04-11 00:00:00-04:00,3.8505111346124754,3.868462218513258,3.8325600507116926,3.841535806655884,329600,0.0,0.0
2022-04-12 00:00:00-04:00,3.841535806655884,3.868462218513258,3.8325600507116926,3.841535806655884,151700,0.0,0.0
2022-04-13 00:00:00-04:00,3.850510835647583,3.868461918154591,3.8146086706335662,3.850510835647583,209000,0.0,0.0
2022-04-14 00:00:00-04:00,3.850510487071588,3.8684615679535344,3.823584079742431,3.8235840797424316,161100,0.0,0.0
2022-04-18 00:00:00-04:00,3.8325599191546944,3.8864131690084682,3.814608835870103,3.868462085723877,268000,0.0,0.0
2022-04-19 00:00:00-04:00,3.8774378413599653,3.8774378413599653,3.8415356747907827,3.868462085723877,165700,0.0,0.0
2022-04-20 00:00:00-04:00,3.8774375214071197,3.9043639301183393,3.850510684708351,3.895388603210449,216800,0.0,0.0
2022-04-21 00:00:00-04:00,3.8953888022763703,3.9043641296429263,3.7697307952440173,3.7787065505981445,454500,0.0,0.0
2022-04-22 00:00:00-04:00,3.7876820097140773,3.805633093059164,3.6710001819648044,3.6799755096435547,290800,0.0,0.0
2022-04-25 00:00:00-04:00,3.644073096155298,3.7069020976017466,3.63509776908441,3.688951015472412,247100,0.0,0.0
2022-04-26 00:00:00-04:00,3.6799754023960896,3.7069022406227705,3.644073236752231,3.6530489921569824,285400,0.0,0.0
2022-04-27 00:00:00-04:00,3.626122189312907,3.7338286872954503,3.617146861808151,3.6979265213012695,376500,0.0,0.0
2022-04-28 00:00:00-04:00,3.7158774246726347,3.7158774246726347,3.653048851213744,3.688951015472412,247100,0.0,0.0
2022-04-29 00:00:00-04:00,3.6979264135318215,3.7069021687625736,3.6440731661100068,3.6710000038146973,255000,0.0,0.0
2022-05-02 00:00:00-04:00,3.6710000495557003,3.688951132253311,3.5543177980274465,3.599195718765259,418500,0.0,0.0
2022-05-03 00:00:00-04:00,3.581244388192259,3.688951097352711,3.545342223136703,3.6620242595672607,261000,0.0,0.0
2022-05-04 00:00:00-04:00,3.7069023718430065,3.7338287830352783,3.6440733657483895,3.7338287830352783,229800,0.0,0.0
2022-05-05 00:00:00-04:00,3.688950998999133,3.688950998999133,3.590219833734907,3.626121997833252,292900,0.0,0.0
2022-05-06 00:00:00-04:00,3.60817100116213,3.688951086288635,3.60817100116213,3.6710000038146973,219800,0.0,0.0
2022-05-09 00:00:00-04:00,3.61714667887414,3.63509776096337,3.5543176775680556,3.563293218612671,268200,0.0,0.0
2022-05-10 00:00:00-04:00,3.635097895394324,3.662024305530167,3.55431780901165,3.5902199745178223,224400,0.0,0.0
2022-05-11 00:00:00-04:00,3.6081710572709085,3.635097895394324,3.581244433141279,3.5902199745178223,200900,0.0,0.0
2022-05-12 00:00:00-04:00,3.5991954422865584,3.5991954422865584,3.464561904409027,3.4735374450683594,354400,0.0,0.0
2022-05-13 00:00:00-04:00,3.518415346678381,3.599195426246136,3.5004642654397173,3.545341968536377,492400,0.0,0.0
2022-05-16 00:00:00-04:00,3.5363667153298364,3.6081710461202783,3.5363667153298364,3.599195718765259,184100,0.0,0.0
2022-05-17 00:00:00-04:00,3.644073236752231,3.66202431957416,3.590219988286443,3.6530489921569824,197300,0.0,0.0
2022-05-18 00:00:00-04:00,3.644073222777081,3.644073222777081,3.5363667262585636,3.5902199745178223,194000,0.0,0.0
2022-05-19 00:00:00-04:00,3.545342481462556,3.599195946963622,3.5363669395446777,3.5363669395446777,212200,0.0,0.0
2022-05-20 00:00:00-04:00,3.5902201314391173,3.5902201314391173,3.464562332681478,3.4914891719818115,253100,0.0,0.0
2022-05-23 00:00:00-04:00,3.527390985061814,3.5902197711384805,3.491488821589433,3.5812442302703857,170000,0.0,0.0
2022-05-24 00:00:00-04:00,3.56329339693736,3.56329339693736,3.4825135234932025,3.518415689468384,217700,0.0,0.0
2022-05-25 00:00:00-04:00,3.536366525929909,3.5812442302703853,3.527390985061814,3.5812442302703857,198400,0.0,0.0
2022-05-26 00:00:00-04:00,3.590220058572083,3.6530490636726243,3.590220058572083,3.6350979804992676,146700,0.0,0.0
2022-05-27 00:00:00-04:00,3.6530489213407584,3.671000003814697,3.6261220836360684,3.6710000038146973,141700,0.0,0.0
2022-05-31 00:00:00-04:00,3.6530490636726243,3.6889512300193386,3.6261222249187974,3.6350979804992676,256100,0.0,0.0
2022-06-01 00:00:00-04:00,3.653048895113085,3.653048895113085,3.6081709752566646,3.6171467304229736,216500,0.0,0.0
2022-06-02 00:00:00-04:00,3.617146826513124,3.66202431957416,3.6081710711083725,3.6530489921569824,179600,0.0,0.0
2022-06-03 00:00:00-04:00,3.6620242485839447,3.688951086288635,3.60817100116213,3.6710000038146973,409400,0.0,0.0
2022-06-06 00:00:00-04:00,3.6979264246228167,3.6979264246228167,3.653048932297155,3.6620242595672607,139000,0.0,0.0
2022-06-07 00:00:00-04:00,3.6709999169499605,3.7158774080791135,3.617146670802444,3.626121997833252,457100,0.0,0.0
2022-06-08 00:00:00-04:00,3.6530490033417795,3.6710000862186707,3.6171468375879967,3.644073247909546,208900,0.0,0.0
2022-06-09 00:00:00-04:00,3.6620242942131096,3.6620242942131096,3.5902199634226677,3.599195718765259,217100,0.0,0.0
2022-06-10 00:00:00-04:00,3.590220141008577,3.626122308179655,3.536366890251959,3.608171224594116,268700,0.0,0.0
2022-06-13 00:00:00-04:00,3.554317855443565,3.554317855443565,3.464562226511823,3.518415689468384,416000,0.0,0.0
2022-06-14 00:00:00-04:00,3.5094401345802444,3.518415676039783,3.455586671829224,3.4555866718292236,501000,0.0,0.0
2022-06-15 00:00:00-04:00,3.464801593948829,3.538520706681691,3.391082481215966,3.4279420375823975,424500,0.1,0.0
2022-06-16 00:00:00-04:00,3.3634378446452082,3.3726527338209364,3.160710063078894,3.188354730606079,774300,0.0,0.0
2022-06-17 00:00:00-04:00,3.271288930004468,3.271288930004468,3.1699251429729105,3.2252144813537598,463600,0.0,0.0
2022-06-21 00:00:00-04:00,3.3726529956983597,3.483231674393238,3.252859207411937,3.3818678855895996,533100,0.0,0.0
2022-06-22 00:00:00-04:00,3.3542227851311064,3.381867451254405,3.2989332331842314,3.34500789642334,329700,0.0,0.0
2022-06-23 00:00:00-04:00,3.3818674538291797,3.400297231258744,3.2805034582663,3.32657790184021,271500,0.0,0.0
2022-06-24 00:00:00-04:00,3.3634379060734307,3.391082574105505,3.298933460964965,3.3357930183410645,381500,0.0,0.0
2022-06-27 00:00:00-04:00,3.335792992300101,3.418727215449188,3.335792992300101,3.372652769088745,197700,0.0,0.0
2022-06-28 00:00:00-04:00,3.409512337520197,3.4371570054284337,3.3450081124009787,3.3634378910064697,106700,0.0,0.0
2022-06-29 00:00:00-04:00,3.3634379520012376,3.3634379520012376,3.298933506011963,3.298933506011963,131900,0.0,0.0
2022-06-30 00:00:00-04:00,3.252859207411937,3.3818678855895996,3.252859207411937,3.3818678855895996,222000,0.0,0.0
2022-07-01 00:00:00-04:00,3.4095122814178467,3.4095122814178467,3.225214278695206,3.4095122814178467,345700,0.0,0.0
2022-07-05 00:00:00-04:00,3.363437846611113,3.4002974033355713,3.3081482918241383,3.4002974033355713,144400,0.0,0.0
2022-07-06 00:00:00-04:00,3.418727215449188,3.418727215449188,3.298933435211747,3.372652769088745,165300,0.0,0.0
2022-07-07 00:00:00-04:00,3.427942241329856,3.483231579165749,3.3818677931332783,3.4555869102478027,275100,0.0,0.0
2022-07-08 00:00:00-04:00,3.455586786743161,3.566165458462802,3.455586786743161,3.556950569152832,330700,0.0,0.0
2022-07-11 00:00:00-04:00,3.520091056823731,3.603025281371862,3.4832314991135807,3.5200910568237305,293000,0.0,0.0
2022-07-12 00:00:00-04:00,3.529305750660333,3.547735528494046,3.464801528242336,3.48323130607605,111200,0.0,0.0
2022-07-13 00:00:00-04:00,3.48323130607605,3.501661083909763,3.446371750408623,3.48323130607605,95000,0.0,0.0
2022-07-14 00:00:00-04:00,3.455586506778506,3.455586506778506,3.3818673982713188,3.391082286834717,193500,0.0,0.0
2022-07-15 00:00:00-04:00,3.391082459550542,3.4648015718124174,3.372652681485073,3.4463717937469482,246200,0.0,0.0
2022-07-18 00:00:00-04:00,3.510876178741455,3.5385208471134,3.4832315103695097,3.510876178741455,177400,0.0,0.0
2022-07-19 00:00:00-04:00,3.547735452651977,3.547735452651977,3.501661009052655,3.5477354526519775,72600,0.0,0.0
2022-07-20 00:00:00-04:00,3.5569506145338807,3.5753806130892496,3.5108761673961935,3.5200910568237305,118400,0.0,0.0
2022-07-21 00:00:00-04:00,3.529305923619834,3.5385208129882817,3.4832314767775956,3.5385208129882812,92300,0.0,0.0
2022-07-22 00:00:00-04:00,3.529305957656085,3.529305957656085,3.4832315103695097,3.510876178741455,76900,0.0,0.0
2022-07-25 00:00:00-04:00,3.501661083909763,3.501661083909763,3.4555866393254795,3.48323130607605,137500,0.0,0.0
2022-07-26 00:00:00-04:00,3.501661083909763,3.5200908617434763,3.464801528242336,3.48323130607605,85000,0.0,0.0
2022-07-27 00:00:00-04:00,3.5200908399602655,3.5293057288200984,3.4832312845209352,3.5016610622406006,135500,0.0,0.0
2022-07-28 00:00:00-04:00,3.4832314767775956,3.547735702356729,3.4832314767775956,3.5385208129882812,123600,0.0,0.0
2022-07-29 00:00:00-04:00,3.474016609686043,3.5477357251063433,3.474016609686043,3.5200910568237305,208400,0.0,0.0
2022-08-01 00:00:00-04:00,3.520091011912952,3.584595456783034,3.5016612332930115,3.556950569152832,160200,0.0,0.0
2022-08-02 00:00:00-04:00,3.5753805901623648,3.5753805901623648,3.520091034251386,3.5385208129882812,108000,0.0,0.0
2022-08-03 00:00:00-04:00,3.5293056752122483,3.5661652300917064,3.5293056752122483,3.5477354526519775,145100,0.0,0.0
2022-08-04 00:00:00-04:00,3.566165458462802,3.584595456783034,3.538520790532892,3.556950569152832,149300,0.0,0.0
2022-08-05 00:00:00-04:00,3.566165458462802,3.621455014022914,3.520091011912952,3.556950569152832,293700,0.0,0.0
2022-08-08 00:00:00-04:00,3.575380530339989,3.6122400871970544,3.5661654214254335,3.603025197982788,144700,0.0,0.0
2022-08-09 00:00:00-04:00,3.6306698881757384,3.6306698881757384,3.575380552546737,3.5845954418182373,101700,0.0,0.0
2022-08-10 00:00:00-04:00,3.6214549211730316,3.667529366541587,3.593810253951898,3.649099588394165,140600,0.0,0.0
2022-08-11 00:00:00-04:00,3.6490996216201843,3.6767442890930297,3.621454954147339,3.621454954147339,103500,0.0,0.0
2022-08-12 00:00:00-04:00,3.6398846775032823,3.6767442335771934,3.6398846775032823,3.667529344558716,151300,0.0,0.0
2022-08-15 00:00:00-04:00,3.6675293445587154,3.6767442335771934,3.64909956652176,3.667529344558716,90300,0.0,0.0
2022-08-16 00:00:00-04:00,3.6675293012491776,3.713603965497759,3.6583144123395175,3.7043888568878174,153400,0.0,0.0
2022-08-17 00:00:00-04:00,3.6859591225956714,3.7136040093513887,3.6675293445587154,3.667529344558716,201800,0.0,0.0
2022-08-18 00:00:00-04:00,3.6859590790684975,3.713603965497759,3.6859590790684975,3.7043888568878174,83300,0.0,0.0
2022-08-19 00:00:00-04:00,3.7043888896141977,3.7043888896141977,3.6675293336499224,3.676744222640991,107500,0.0,0.0
2022-08-22 00:00:00-04:00,3.6675291373871506,3.676744025885097,3.621454694897417,3.6398844718933105,147000,0.0,0.0
2022-08-23 00:00:00-04:00,3.6398846883843907,3.685959133614515,3.621454910292341,3.6583144664764404,198900,0.0,0.0
2022-08-24 00:00:00-04:00,3.6675291373871506,3.685958914383044,3.63988447189331,3.6398844718933105,111900,0.0,0.0
2022-08-25 00:00:00-04:00,3.639884732462569,3.6675293999354146,3.603025175832109,3.621454954147339,139700,0.0,0.0
2022-08-26 00:00:00-04:00,3.6306695833953633,3.6583142488892038,3.6030249179015232,3.6398844718933105,119700,0.0,0.0
2022-08-29 00:00:00-04:00,3.6122400871970544,3.64909964405412,3.603025197982788,3.603025197982788,127400,0.0,0.0
2022-08-30 00:00:00-04:00,3.6398847548398536,3.6398847548398536,3.5938103087685214,3.603025197982788,94800,0.0,0.0
2022-08-31 00:00:00-04:00,3.603025197982788,3.64909964405412,3.603025197982788,3.603025197982788,106000,0.0,0.0
2022-09-01 00:00:00-04:00,3.5938100945114737,3.621454760506144,3.5200907654920788,3.5661652088165283,184600,0.0,0.0
2022-09-02 00:00:00-04:00,3.5661652088165283,3.621454760506144,3.5661652088165283,3.5661652088165283,88900,0.0,0.0
2022-09-06 00:00:00-04:00,3.6122401247129443,3.6122401247129443,3.5477356798428623,3.556950569152832,93000,0.0,0.0
2022-09-07 00:00:00-04:00,3.5753806015958767,3.603025269789623,3.5108761561101756,3.529305934906006,245800,0.0,0.0
2022-09-08 00:00:00-04:00,3.54773586622479,3.6122403144836426,3.54773586622479,3.6122403144836426,76500,0.0,0.0
2022-09-09 00:00:00-04:00,3.61223980639947,3.6583142488892038,3.5938100294035764,3.6398844718933105,157200,0.0,0.0
2022-09-12 00:00:00-04:00,3.6767442335771934,3.695174231314433,3.64909956652176,3.667529344558716,252800,0.0,0.0
2022-09-13 00:00:00-04:00,3.667529653248114,3.6767445430421923,3.593810534895485,3.6122403144836426,431200,0.0,0.0
2022-09-14 00:00:00-04:00,3.6406081030739363,3.668976677003192,3.5649591738001694,3.593327522277832,182600,0.1,0.0
2022-09-15 00:00:00-04:00,3.593327522277832,3.6595203353923784,3.5555030576409483,3.593327522277832,154300,0.0,0.0
2022-09-16 00:00:00-04:00,3.5460470547210483,3.5744154041046245,3.527134821798664,3.5649592876434326,159200,0.0,0.0
2022-09-19 00:00:00-04:00,3.5176787376403813,3.583871553476576,3.5082226210923535,3.517678737640381,135400,0.0,0.0
2022-09-20 00:00:00-04:00,3.517678696393203,3.5460470457046487,3.4987664635189066,3.5082225799560547,139300,0.0,0.0
2022-09-21 00:00:00-04:00,3.498766422271729,3.612239818179765,3.498766422271729,3.4987664222717285,247300,0.0,0.0
2022-09-22 00:00:00-04:00,3.498766412377929,3.536590877573648,3.4231172565348955,3.4420297145843506,180600,0.0,0.0
2022-09-23 00:00:00-04:00,3.4042049591509733,3.432573532959471,3.281275449604382,3.3758366107940674,550000,0.0,0.0
2022-09-26 00:00:00-04:00,3.3569244738200377,3.38529282298199,3.215082728010277,3.233994960784912,525200,0.0,0.0
2022-09-27 00:00:00-04:00,3.271819467992388,3.356924516561838,3.243451118469238,3.2434511184692383,168500,0.0,0.0
2022-09-28 00:00:00-04:00,3.262363408137128,3.375836808200247,3.2434511747932753,3.3663806915283203,112100,0.0,0.0
2022-09-29 00:00:00-04:00,3.3285562009218443,3.33801231752582,3.1678019932026564,3.1961705684661865,256000,0.0,0.0
2022-09-30 00:00:00-04:00,3.2056267261505127,3.2907317766769206,3.1867142672485937,3.2056267261505127,243700,0.0,0.0
2022-10-03 00:00:00-04:00,3.2245388443975944,3.290731659108816,3.1299774550728228,3.233994960784912,414400,0.0,0.0
2022-10-04 00:00:00-04:00,3.2623631484073936,3.45148569224073,3.2623631484073936,3.413661003112793,375500,0.0,0.0
2022-10-05 00:00:00-04:00,3.41366115886378,3.41366115886378,3.328556111709008,3.3947489261627197,131000,0.0,0.0
2022-10-06 00:00:00-04:00,3.4231173167777382,3.4514858916253774,3.3947489673816995,3.404205083847046,154100,0.0,0.0
2022-10-07 00:00:00-04:00,3.3758367958134285,3.4987665375490176,3.3758367958134285,3.470398187637329,351700,0.0,0.0
2022-10-10 00:00:00-04:00,3.4798541797800695,3.498766412377929,3.4231172565348955,3.4420297145843506,285400,0.0,0.0
2022-10-11 00:00:00-04:00,3.41366115886378,3.4609419660680287,3.3380122280595383,3.3947489261627197,159800,0.0,0.0
2022-10-12 00:00:00-04:00,3.4136610990785896,3.4420296730849445,3.356924401969067,3.4325735569000244,104900,0.0,0.0
2022-10-13 00:00:00-04:00,3.3663806791761988,3.4798543042745584,3.3096439793528214,3.470398187637329,240300,0.0,0.0
2022-10-14 00:00:00-04:00,3.470398021639706,3.517678602564308,3.432573556900024,3.4325735569000244,99700,0.0,0.0
2022-10-17 00:00:00-04:00,3.460942227752771,3.508222813080347,3.413661416973581,3.451486110687256,184800,0.0,0.0
2022-10-18 00:00:00-04:00,3.4420297969028444,3.5082226125783986,3.4420297969028444,3.460942029953003,133000,0.0,0.0
2022-10-19 00:00:00-04:00,3.4514858916253774,3.4798542410214157,3.404205083847046,3.404205083847046,114100,0.0,0.0
2022-10-20 00:00:00-04:00,3.3947489261627197,3.432573617016438,3.366380577111129,3.3947489261627197,215000,0.0,0.0
2022-10-21 00:00:00-04:00,3.37583668376886,3.4042050327389983,3.3190999858285823,3.338012218475342,254900,0.0,0.0
2022-10-24 00:00:00-04:00,3.3380121463181935,3.385292726913036,3.3190999140802564,3.3758366107940674,342700,0.0,0.0
2022-10-25 00:00:00-04:00,3.385292750523828,3.451485789269865,3.3474682857841467,3.4325735569000244,146900,0.0,0.0
2022-10-26 00:00:00-04:00,3.4325737210884104,3.4798543042745584,3.413661262362347,3.470398187637329,181300,0.0,0.0
2022-10-27 00:00:00-04:00,3.4893102960789992,3.5082225286768587,3.4325735982854213,3.4420297145843506,137200,0.0,0.0
2022-10-28 00:00:00-04:00,3.4609418747012874,3.498766339104866,3.4514857586003926,3.479854106903076,56300,0.0,0.0
2022-10-31 00:00:00-04:00,3.479854324825755,3.517678791598056,3.4231173992156982,3.4231173992156982,157300,0.0,0.0
2022-11-01 00:00:00-04:00,3.4420296730849445,3.489310254009547,3.42311721526351,3.4325735569000244,92100,0.0,0.0
2022-11-02 00:00:00-04:00,3.451485789269865,3.489310254009547,3.404204982893669,3.4325735569000244,95800,0.0,0.0
2022-11-03 00:00:00-04:00,3.3947489261627197,3.432573617016438,3.356924460760599,3.3947489261627197,86800,0.0,0.0
2022-11-04 00:00:00-04:00,3.489310233937826,3.54604693072098,3.4609418855462493,3.536590814590454,166000,0.0,0.0
2022-11-07 00:00:00-05:00,3.583871510391714,3.687889016621136,3.555503161088671,3.6689767837524414,283100,0.0,0.0
2022-11-08 00:00:00-05:00,3.6784329824752082,3.7351696823505227,3.6595205237318327,3.6878890991210938,267100,0.0,0.0
2022-11-09 00:00:00-05:00,3.687889060956484,3.7162574106005675,3.489310387996298,3.517678737640381,495900,0.0,0.0
2022-11-10 00:00:00-05:00,3.612240001165036,3.678433044249462,3.5649594171415946,3.650064468383789,390500,0.0,0.0
2022-11-11 00:00:00-05:00,3.6784328355594385,3.6784328355594385,3.593327563693948,3.602783679962158,190300,0.0,0.0
2022-11-14 00:00:00-05:00,3.6216958707554947,3.6595203353923784,3.593327522277832,3.593327522277832,188500,0.0,0.0
2022-11-15 00:00:00-05:00,3.640608228299776,3.6689768032048238,3.6027837623618457,3.6216959953308105,151000,0.0,0.0
2022-11-16 00:00:00-05:00,3.640608155061032,3.6689767293953843,3.6216959224725276,3.659520387649536,122800,0.0,0.0
2022-11-17 00:00:00-05:00,3.659520387649536,3.659520387649536,3.6216959224725276,3.659520387649536,81000,0.0,0.0
2022-11-18 00:00:00-05:00,3.668977003521245,3.668977003521245,3.5933278420635406,3.6122400760650635,106800,0.0,0.0
2022-11-21 00:00:00-05:00,3.6027838363695417,3.6027838363695417,3.5649593696546287,3.583871603012085,274300,0.0,0.0
2022-11-22 00:00:00-05:00,3.5933278420635406,3.6216961930658247,3.583871725062779,3.6122400760650635,370500,0.0,0.0
2022-11-23 00:00:00-05:00,3.5933278420635406,3.6216961930658247,3.564959491061256,3.6122400760650635,193100,0.0,0.0
2022-11-25 00:00:00-05:00,3.6027838032398156,3.6406082696069104,3.5933276866480424,3.6311521530151367,92100,0.0,0.0
2022-11-28 00:00:00-05:00,3.63115197589571,3.63115197589571,3.536590814590454,3.536590814590454,250400,0.0,0.0
2022-11-29 00:00:00-05:00,3.574415486333357,3.6027838363695417,3.5176787862609875,3.583871603012085,231300,0.0,0.0
2022-11-30 00:00:00-05:00,3.593327719690813,3.621696069726998,3.546047136297172,3.583871603012085,208200,0.0,0.0
2022-12-01 00:00:00-05:00,3.602783959064302,3.6406084270673476,3.5744156080620177,3.6122400760650635,178800,0.0,0.0
2022-12-02 00:00:00-05:00,3.564959214889316,3.6406081450350007,3.564959214889316,3.602783679962158,144000,0.0,0.0
2022-12-05 00:00:00-05:00,3.5649592785789457,3.6311520936389843,3.489310347081758,3.5082225799560547,358600,0.0,0.0
2022-12-06 00:00:00-05:00,3.489310420911788,3.5271348874607065,3.4703981876373287,3.470398187637329,208900,0.0,0.0
2022-12-07 00:00:00-05:00,3.4798541069030766,3.517678571306655,3.4798541069030766,3.479854106903076,129200,0.0,0.0
2022-12-08 00:00:00-05:00,3.498766350068352,3.54604693072098,3.498766350068352,3.536590814590454,150500,0.0,0.0
2022-12-09 00:00:00-05:00,3.517678778666394,3.555503245299645,3.5082226620080816,3.527134895324707,62400,0.0,0.0
2022-12-12 00:00:00-05:00,3.536590970736437,3.5460470872844647,3.5082226210923535,3.517678737640381,159400,0.0,0.0
2022-12-13 00:00:00-05:00,3.5649593619579574,3.5744154786162703,3.4987665453497687,3.527134895324707,221700,0.0,0.0
2022-12-14 00:00:00-05:00,3.564959162982031,3.5744152791125563,3.5082224661988772,3.536590814590454,263500,0.0,0.0
2022-12-15 00:00:00-05:00,3.5365910920524195,3.5365910920524195,3.3908523596911913,3.488011360168457,640300,0.1,0.0
2022-12-16 00:00:00-05:00,3.4394319915861824,3.497727394104004,3.429716091166546,3.497727394104004,254000,0.0,0.0
2022-12-19 00:00:00-05:00,3.517158969995014,3.517158969995014,3.4102840722144467,3.429715871810913,214400,0.0,0.0
2022-12-20 00:00:00-05:00,3.4394318013810925,3.4491477012634273,3.4005682018517533,3.4491477012634277,135200,0.0,0.0
2022-12-21 00:00:00-05:00,3.429715930853966,3.4977272306124245,3.420000030888472,3.4685795307159424,235400,0.0,0.0
2022-12-22 00:00:00-05:00,3.4297158718109135,3.44914767140738,3.371420473021513,3.429715871810913,290900,0.0,0.0
2022-12-23 00:00:00-05:00,3.4491476862574872,3.5171589851379395,3.429715886577358,3.5171589851379395,244500,0.0,0.0
2022-12-27 00:00:00-05:00,3.5171590305434126,3.5268751621542336,3.4394318308194602,3.4685795307159424,301900,0.0,0.0
2022-12-28 00:00:00-05:00,3.43943190574646,3.507443206986524,3.429716005569308,3.43943190574646,233700,0.0,0.0
2022-12-29 00:00:00-05:00,3.4394317864174226,3.5171589851379395,3.4394317864174226,3.5171589851379395,246400,0.0,0.0
2022-12-30 00:00:00-05:00,3.4977271854578103,3.594886415503781,3.478295385777681,3.5171589851379395,363900,0.0,0.0
2023-01-03 00:00:00-05:00,3.5657387077955223,3.594886407248784,3.5268751085245067,3.5851705074310303,198200,0.0,0.0
2023-01-04 00:00:00-05:00,3.5948864369854214,3.624034136679791,3.5851705370872984,3.604602336883545,189200,0.0,0.0
2023-01-05 00:00:00-05:00,3.6046024887900243,3.6143183890975985,3.5171591543765217,3.54630708694458,216100,0.0,0.0
2023-01-06 00:00:00-05:00,3.59488658848245,3.6240342894051727,3.5268752863294317,3.54630708694458,256000,0.0,0.0
2023-01-09 00:00:00-05:00,3.56573892601296,3.672613830548823,3.56573892601296,3.653182029724121,356400,0.0,0.0
2023-01-10 00:00:00-05:00,3.6240343284870673,3.672613830548823,3.6046025276623648,3.653182029724121,263700,0.0,0.0
2023-01-11 00:00:00-05:00,3.672613725375203,3.672613725375203,3.6240342247046313,3.662897825241089,123300,0.0,0.0
2023-01-12 00:00:00-05:00,3.672613754482486,3.711477355326957,3.6628978542713684,3.6823296546936035,71800,0.0,0.0
2023-01-13 00:00:00-05:00,3.633750021328658,3.6920454204727564,3.604602321756609,3.6726136207580566,131500,0.0,0.0
2023-01-17 00:00:00-05:00,3.6823296255093174,3.7017614257775464,3.662897825241089,3.662897825241089,114400,0.0,0.0
2023-01-18 00:00:00-05:00,3.662897736272283,3.6920454359666524,3.604602336883545,3.604602336883545,156800,0.0,0.0
2023-01-19 00:00:00-05:00,3.6046024122176012,3.6240342124199603,3.5657388118128828,3.5754547119140625,158100,0.0,0.0
2023-01-20 00:00:00-05:00,3.5851707268376627,3.662897930136472,3.5851707268376627,3.653182029724121,98600,0.0,0.0
2023-01-23 00:00:00-05:00,3.64346602497286,3.6920455256434317,3.6240342247046313,3.662897825241089,102500,0.0,0.0
2023-01-24 00:00:00-05:00,3.64346612931177,3.701761531785877,3.64346612931177,3.653182029724121,98600,0.0,0.0
2023-01-25 00:00:00-05:00,3.643465906337553,3.653181806155307,3.5754546076132763,3.5851705074310303,303300,0.0,0.0
2023-01-26 00:00:00-05:00,3.6143183708190914,3.6726137723697216,3.5948865703022146,3.614318370819092,176800,0.0,0.0
2023-01-27 00:00:00-05:00,3.633750021328658,3.7114772201874557,3.633750021328658,3.6726136207580566,192800,0.0,0.0
2023-01-30 00:00:00-05:00,3.633750171335968,3.6726137723697216,3.604602470560653,3.614318370819092,112600,0.0,0.0
2023-01-31 00:00:00-05:00,3.64346612931177,3.672613830548823,3.6240343284870673,3.653182029724121,82900,0.0,0.0
2023-02-01 00:00:00-05:00,3.6434659505325357,3.701761350146178,3.6434659505325357,3.6920454502105713,242100,0.0,0.0
2023-02-02 00:00:00-05:00,3.692045450210571,3.721193150017392,3.653181850468143,3.6920454502105713,152700,0.0,0.0
2023-02-03 00:00:00-05:00,3.6823296255093174,3.721193226045775,3.662897825241089,3.662897825241089,212000,0.0,0.0
2023-02-06 00:00:00-05:00,3.672613830548823,3.672613830548823,3.64346612931177,3.653182029724121,109100,0.0,0.0
2023-02-07 00:00:00-05:00,3.653181866268951,3.6628977662465814,3.6143182663584295,3.6240341663360596,77400,0.0,0.0
2023-02-08 00:00:00-05:00,3.6337501420875133,3.6531819424479814,3.594886541366577,3.594886541366577,77100,0.0,0.0
2023-02-09 00:00:00-05:00,3.6337500065197994,3.6823295056085685,3.5754546076132763,3.5851705074310303,157400,0.0,0.0
2023-02-10 00:00:00-05:00,3.604602336883545,3.614318236781668,3.5754546371891753,3.604602336883545,95800,0.0,0.0
2023-02-13 00:00:00-05:00,3.5948865703022146,3.633750171335968,3.5948865703022146,3.614318370819092,123600,0.0,0.0
2023-02-14 00:00:00-05:00,3.594886407248784,3.6240341067020454,3.58517050743103,3.5851705074310303,100300,0.0,0.0
2023-02-15 00:00:00-05:00,3.614318236781668,3.624034136679791,3.5851705370872984,3.604602336883545,95700,0.0,0.0
2023-02-16 00:00:00-05:00,3.594886407248784,3.6240341067020454,3.5754546076132763,3.5851705074310303,69600,0.0,0.0
2023-02-17 00:00:00-05:00,3.5463070690100227,3.6434660715944065,3.5463070690100227,3.614318370819092,130300,0.0,0.0
2023-02-21 00:00:00-05:00,3.624034136679791,3.633750036577914,3.5851705370872984,3.604602336883545,152800,0.0,0.0
2023-02-22 00:00:00-05:00,3.5754546371891753,3.633750036577914,3.5754546371891753,3.604602336883545,84300,0.0,0.0
2023-02-23 00:00:00-05:00,3.624034136679791,3.65318183637416,3.5851705370872984,3.604602336883545,286400,0.0,0.0
2023-02-24 00:00:00-05:00,3.6143182216139587,3.6920454204727564,3.6143182216139587,3.6726136207580566,126600,0.0,0.0
2023-02-27 00:00:00-05:00,3.692045583858805,3.721193284720743,3.6726137832841803,3.701761484146118,151600,0.0,0.0
2023-02-28 00:00:00-05:00,3.6920455431689176,3.7114773435293857,3.594886541366577,3.594886541366577,486700,0.0,0.0
2023-03-01 00:00:00-05:00,3.5948864664031683,3.6434659662913207,3.5948864664031683,3.6240341663360596,95800,0.0,0.0
2023-03-02 00:00:00-05:00,3.730909143889854,3.730909143889854,3.5851706411863433,3.594886541366577,159600,0.0,0.0
2023-03-03 00:00:00-05:00,3.653181866268951,3.6628977662465814,3.604602366380799,3.6240341663360596,336500,0.0,0.0
2023-03-06 00:00:00-05:00,3.64346602497286,3.662897825241089,3.594886524302288,3.662897825241089,415000,0.0,0.0
2023-03-07 00:00:00-05:00,3.6628978721112833,3.6726137723697216,3.5657388695268994,3.614318370819092,304800,0.0,0.0
2023-03-08 00:00:00-05:00,3.614318295619705,3.643465995788574,3.5657387953382567,3.643465995788574,303800,0.0,0.0
2023-03-09 00:00:00-05:00,3.643466102071924,3.643466102071924,3.4685796643117777,3.4782955646514893,456100,0.0,0.0
2023-03-10 00:00:00-05:00,3.507443255047893,3.507443255047893,3.361704750393605,3.390852451324463,638200,0.0,0.0
2023-03-13 00:00:00-04:00,3.351988792419433,3.3908523929920107,3.313125191846856,3.3519887924194336,472300,0.0,0.0
2023-03-14 00:00:00-04:00,3.439431876482919,3.5171590772388126,3.400568276104972,3.4200000762939453,470000,0.0,0.0
2023-03-15 00:00:00-04:00,3.369999885559082,3.4200000762939453,3.3299999237060547,3.359999895095825,335000,0.1,0.0
2023-03-16 00:00:00-04:00,3.319999933242798,3.490000009536743,3.319999933242798,3.4800000190734863,226000,0.0,0.0
2023-03-17 00:00:00-04:00,3.4200000762939453,3.4600000381469727,3.359999895095825,3.390000104904175,262300,0.0,0.0
2023-03-20 00:00:00-04:00,3.380000114440918,3.440000057220459,3.3399999141693115,3.3399999141693115,164200,0.0,0.0
2023-03-21 00:00:00-04:00,3.390000104904175,3.440000057220459,3.390000104904175,3.4200000762939453,198200,0.0,0.0
2023-03-22 00:00:00-04:00,3.4200000762939453,3.4700000286102295,3.3399999141693115,3.3499999046325684,151100,0.0,0.0
2023-03-23 00:00:00-04:00,3.3499999046325684,3.380000114440918,3.2899999618530273,3.299999952316284,243200,0.0,0.0
2023-03-24 00:00:00-04:00,3.299999952316284,3.3399999141693115,3.259999990463257,3.3399999141693115,134400,0.0,0.0
2023-03-27 00:00:00-04:00,3.3399999141693115,3.3499999046325684,3.259999990463257,3.3399999141693115,261500,0.0,0.0
2023-03-28 00:00:00-04:00,3.319999933242798,3.359999895095825,3.2899999618530273,3.3299999237060547,131000,0.0,0.0
2023-03-29 00:00:00-04:00,3.3499999046325684,3.4100000858306885,3.3499999046325684,3.4000000953674316,97700,0.0,0.0
2023-03-30 00:00:00-04:00,3.4200000762939453,3.450000047683716,3.4000000953674316,3.4000000953674316,105100,0.0,0.0
2023-03-31 00:00:00-04:00,3.4200000762939453,3.4800000190734863,3.4200000762939453,3.450000047683716,90700,0.0,0.0
2023-04-03 00:00:00-04:00,3.440000057220459,3.4700000286102295,3.390000104904175,3.4000000953674316,203200,0.0,0.0
2023-04-04 00:00:00-04:00,3.4200000762939453,3.450000047683716,3.369999885559082,3.369999885559082,95400,0.0,0.0
2023-04-05 00:00:00-04:00,3.369999885559082,3.430000066757202,3.3499999046325684,3.369999885559082,126600,0.0,0.0
2023-04-06 00:00:00-04:00,3.4000000953674316,3.4600000381469727,3.390000104904175,3.4000000953674316,369700,0.0,0.0
2023-04-10 00:00:00-04:00,3.4000000953674316,3.549999952316284,3.4000000953674316,3.5199999809265137,387200,0.0,0.0
2023-04-11 00:00:00-04:00,3.5299999713897705,3.630000114440918,3.5299999713897705,3.5899999141693115,305700,0.0,0.0
2023-04-12 00:00:00-04:00,3.640000104904175,3.640000104904175,3.490000009536743,3.5199999809265137,174800,0.0,0.0
2023-04-13 00:00:00-04:00,3.569999933242798,3.5899999141693115,3.5,3.5199999809265137,122000,0.0,0.0
2023-04-14 00:00:00-04:00,3.549999952316284,3.559999942779541,3.509999990463257,3.5199999809265137,101500,0.0,0.0
2023-04-17 00:00:00-04:00,3.5,3.5399999618530273,3.4600000381469727,3.4800000190734863,160000,0.0,0.0
2023-04-18 00:00:00-04:00,3.440000057220459,3.4700000286102295,3.380000114440918,3.4100000858306885,208900,0.0,0.0
2023-04-19 00:00:00-04:00,3.4100000858306885,3.4800000190734863,3.4000000953674316,3.440000057220459,132300,0.0,0.0
2023-04-20 00:00:00-04:00,3.4200000762939453,3.450000047683716,3.380000114440918,3.380000114440918,144600,0.0,0.0
2023-04-21 00:00:00-04:00,3.369999885559082,3.4100000858306885,3.359999895095825,3.369999885559082,123600,0.0,0.0
2023-04-24 00:00:00-04:00,3.369999885559082,3.430000066757202,3.359999895095825,3.380000114440918,205600,0.0,0.0
2023-04-25 00:00:00-04:00,3.359999895095825,3.390000104904175,3.3399999141693115,3.3399999141693115,104400,0.0,0.0
2023-04-26 00:00:00-04:00,3.3299999237060547,3.4000000953674316,3.1700000762939453,3.2100000381469727,419200,0.0,0.0
2023-04-27 00:00:00-04:00,3.240000009536743,3.259999990463257,3.0299999713897705,3.069999933242798,658500,0.0,0.0
2023-04-28 00:00:00-04:00,3.059999942779541,3.2799999713897705,3.059999942779541,3.200000047683716,202800,0.0,0.0
2023-05-01 00:00:00-04:00,3.200000047683716,3.2699999809265137,3.140000104904175,3.190000057220459,315600,0.0,0.0
2023-05-02 00:00:00-04:00,3.25,3.259999990463257,3.059999942779541,3.1600000858306885,305500,0.0,0.0
2023-05-03 00:00:00-04:00,3.130000114440918,3.25,3.130000114440918,3.140000104904175,225500,0.0,0.0
2023-05-04 00:00:00-04:00,3.140000104904175,3.1500000953674316,3.0399999618530273,3.049999952316284,237200,0.0,0.0
2023-05-05 00:00:00-04:00,3.0799999237060547,3.190000057220459,3.0799999237060547,3.0999999046325684,157700,0.0,0.0
2023-05-08 00:00:00-04:00,3.140000104904175,3.1600000858306885,3.0899999141693115,3.130000114440918,135600,0.0,0.0
2023-05-09 00:00:00-04:00,3.1500000953674316,3.190000057220459,3.130000114440918,3.1600000858306885,198700,0.0,0.0
2023-05-10 00:00:00-04:00,3.190000057220459,3.190000057220459,3.130000114440918,3.1700000762939453,151100,0.0,0.0
2023-05-11 00:00:00-04:00,3.1600000858306885,3.2100000381469727,3.130000114440918,3.1600000858306885,164300,0.0,0.0
2023-05-12 00:00:00-04:00,3.1600000858306885,3.1700000762939453,3.109999895095825,3.130000114440918,220100,0.0,0.0
2023-05-15 00:00:00-04:00,3.130000114440918,3.1500000953674316,3.0999999046325684,3.130000114440918,199300,0.0,0.0
2023-05-16 00:00:00-04:00,3.1500000953674316,3.1600000858306885,3.119999885559082,3.140000104904175,89800,0.0,0.0
2023-05-17 00:00:00-04:00,3.1700000762939453,3.200000047683716,3.140000104904175,3.200000047683716,93300,0.0,0.0
2023-05-18 00:00:00-04:00,3.200000047683716,3.240000009536743,3.190000057220459,3.2300000190734863,86600,0.0,0.0
2023-05-19 00:00:00-04:00,3.2200000286102295,3.259999990463257,3.2200000286102295,3.259999990463257,73300,0.0,0.0
2023-05-22 00:00:00-04:00,3.240000009536743,3.359999895095825,3.2300000190734863,3.299999952316284,211800,0.0,0.0
2023-05-23 00:00:00-04:00,3.319999933242798,3.309999942779541,3.2592999935150146,3.2699999809265137,101578,0.0,0.0
