Date,Open,High,Low,Close,Volume,Dividends,Stock Splits
1996-03-29 00:00:00-05:00,11.712904413905711,12.50127298022629,11.712904413905711,12.27602481842041,2670700,0.0,0.0
1996-04-01 00:00:00-05:00,12.27602269716352,12.613894881489122,12.050774574279785,12.050774574279785,776900,0.0,0.0
1996-04-02 00:00:00-05:00,11.938152660023082,12.388648986816404,11.71290449662642,12.388648986816406,841500,0.0,0.0
1996-04-03 00:00:00-05:00,12.050776741721412,12.388648986816404,12.050776741721412,12.388648986816406,259800,0.0,0.0
1996-04-04 00:00:00-05:00,12.163400823419742,12.726521231911399,12.163400823419742,12.388648986816406,139800,0.0,0.0
1996-04-08 00:00:00-04:00,12.276024053762624,12.726520349313546,12.163399979874894,12.501272201538086,122800,0.0,0.0
1996-04-09 00:00:00-04:00,12.501271741143588,13.177016159583783,12.276023601663523,13.06439208984375,144300,0.0,0.0
1996-04-10 00:00:00-04:00,13.177016258239746,13.402264399406237,12.83914404649001,13.177016258239746,320200,0.0,0.0
1996-04-11 00:00:00-04:00,13.28964032882299,13.402264399406237,13.177016258239746,13.177016258239746,69000,0.0,0.0
1996-04-12 00:00:00-04:00,13.177016258239746,13.402264399406237,13.177016258239746,13.177016258239746,128500,0.0,0.0
1996-04-15 00:00:00-04:00,12.951768020103717,13.289640229323814,12.839143950363685,13.06439208984375,84000,0.0,0.0
1996-04-16 00:00:00-04:00,12.839145743328592,13.177017999731977,12.839145743328592,12.951769828796387,75300,0.0,0.0
1996-04-17 00:00:00-04:00,12.72651882891385,12.951766949779582,11.825526345450923,11.938150405883789,124700,0.0,0.0
1996-04-18 00:00:00-04:00,11.825527482562595,12.3886478388751,11.825527482562595,12.163399696350098,33800,0.0,0.0
1996-04-19 00:00:00-04:00,12.163399696350098,12.276023767612598,12.163399696350098,12.163399696350098,73300,0.0,0.0
1996-04-22 00:00:00-04:00,12.27602269716352,12.27602269716352,12.050774574279785,12.050774574279785,42900,0.0,0.0
1996-04-23 00:00:00-04:00,12.276021361351013,12.72651755809784,12.163397312164307,12.613893508911133,389700,0.0,0.0
1996-04-24 00:00:00-04:00,12.613897572393002,13.402266170667565,12.613897572393002,12.951769828796387,149400,0.0,0.0
1996-04-25 00:00:00-04:00,13.064391889070208,13.064391889070208,12.613895617033306,12.839143753051758,131200,0.0,0.0
1996-04-26 00:00:00-04:00,12.613896316724786,13.177016688007141,12.613896316724786,13.120704650878906,180000,0.0,0.0
1996-04-29 00:00:00-04:00,12.951769647718985,13.627514151078236,12.951769647718985,13.345953941345215,289000,0.0,0.0
1996-04-30 00:00:00-04:00,13.514887599621789,13.514887599621789,13.177015409631244,13.289639472961426,5600,0.0,0.0
1996-05-01 00:00:00-04:00,13.289639472961426,13.514887599621789,13.289639472961426,13.289639472961426,95900,0.0,0.0
1996-05-02 00:00:00-04:00,13.51488780975342,13.852760004997254,13.40226374467214,13.514887809753418,524100,0.0,0.0
1996-05-03 00:00:00-04:00,13.740135939915977,13.740135939915977,13.51488780975342,13.514887809753418,15000,0.0,0.0
1996-05-06 00:00:00-04:00,13.627512278095368,14.078008551751413,13.514888209681358,13.965384483337402,212100,0.0,0.0
1996-05-07 00:00:00-04:00,13.965387266825854,14.41588363027185,13.852763175964355,13.852763175964355,470000,0.0,0.0
1996-05-08 00:00:00-04:00,14.19063220024109,14.19063220024109,13.51488780975342,13.514887809753418,182000,0.0,0.0
1996-05-09 00:00:00-04:00,13.740136811713212,13.740136811713212,13.402264595031738,13.402264595031738,30500,0.0,0.0
1996-05-10 00:00:00-04:00,13.514888951035797,14.078009323995621,13.514888951035797,13.740137100219727,76000,0.0,0.0
1996-05-13 00:00:00-04:00,13.740135939915977,13.740135939915977,13.51488780975342,13.514887809753418,61500,0.0,0.0
1996-05-14 00:00:00-04:00,13.514888209681358,13.965384483337402,13.514888209681358,13.965384483337402,10600,0.0,0.0
1996-05-15 00:00:00-04:00,13.965384483337402,14.64112889382147,13.965384483337402,13.965384483337402,82600,0.0,0.0
1996-05-16 00:00:00-04:00,13.740137100219727,14.190633398587586,13.740137100219727,13.740137100219727,21600,0.0,0.0
1996-05-17 00:00:00-04:00,13.965384483337402,13.965384483337402,13.74013634650938,13.965384483337402,29400,0.0,0.0
1996-05-20 00:00:00-04:00,14.19063220024109,14.19063220024109,13.51488780975342,13.514887809753418,695700,0.0,0.0
1996-05-21 00:00:00-04:00,13.51488780975342,13.740135939915977,13.51488780975342,13.514887809753418,122600,0.0,0.0
1996-05-22 00:00:00-04:00,13.514888951035797,13.740137100219727,13.514888951035797,13.740137100219727,120800,0.0,0.0
1996-05-23 00:00:00-04:00,13.852760004997254,13.852760004997254,13.51488780975342,13.514887809753418,71500,0.0,0.0
1996-05-24 00:00:00-04:00,13.740135939915977,13.740135939915977,13.51488780975342,13.514887809753418,12700,0.0,0.0
1996-05-28 00:00:00-04:00,13.514890749592425,13.7401389287523,13.514890749592425,13.627514839172363,12800,0.0,0.0
1996-05-29 00:00:00-04:00,13.402263536291606,13.740135726282151,13.289639472961426,13.289639472961426,34200,0.0,0.0
1996-05-30 00:00:00-04:00,13.289639472961426,13.289639472961426,13.289639472961426,13.289639472961426,4900,0.0,0.0
1996-05-31 00:00:00-04:00,13.514890749592425,13.627514839172363,13.289642570432552,13.627514839172363,18000,0.0,0.0
1996-06-03 00:00:00-04:00,13.62751166295197,13.62751166295197,13.289639472961426,13.289639472961426,13900,0.0,0.0
1996-06-04 00:00:00-04:00,13.289640522804582,13.514888667258896,13.177016450577424,13.402264595031738,111400,0.0,0.0
1996-06-05 00:00:00-04:00,13.74013634650938,14.078008551751413,13.514888209681358,13.965384483337402,274100,0.0,0.0
1996-06-06 00:00:00-04:00,14.078011357687354,14.078011357687354,13.627514994241357,13.852763175964355,137100,0.0,0.0
1996-06-07 00:00:00-04:00,13.627514839172363,13.7401389287523,13.514890749592425,13.627514839172363,79300,0.0,0.0
1996-06-10 00:00:00-04:00,13.740139085102857,13.965387266825854,13.51489090337986,13.852763175964355,95900,0.0,0.0
1996-06-11 00:00:00-04:00,13.852759072946949,14.52850341796875,13.62751095793968,14.52850341796875,424800,0.0,0.0
1996-06-12 00:00:00-04:00,14.641129299998283,14.641129299998283,14.303257085382938,14.415881156921387,87100,0.0,0.0
1996-06-13 00:00:00-04:00,14.641129924523783,14.753754000866275,14.303257695496312,14.584817886352539,52700,0.0,0.0
1996-06-14 00:00:00-04:00,14.641127475472384,14.641127475472384,14.303255302961484,14.52850341796875,44700,0.0,0.0
1996-06-17 00:00:00-04:00,14.52850513007697,14.52850513007697,14.30325698852539,14.30325698852539,49300,0.0,0.0
1996-06-18 00:00:00-04:00,14.303257085382938,14.528505228459835,14.303257085382938,14.415881156921387,17200,0.0,0.0
1996-06-19 00:00:00-04:00,14.415880756993447,14.415880756993447,13.965384483337402,13.965384483337402,44900,0.0,0.0
1996-06-20 00:00:00-04:00,14.303257759094238,14.303257759094238,13.965385528564452,14.078009605407715,54000,0.0,0.0
1996-06-21 00:00:00-04:00,14.30325698852539,14.30325698852539,13.965384776198018,14.30325698852539,18900,0.0,0.0
1996-06-24 00:00:00-04:00,14.30325698852539,14.41588105930118,14.1906329177496,14.30325698852539,116000,0.0,0.0
1996-06-25 00:00:00-04:00,14.190632820129395,14.528505030132475,14.190632820129395,14.190632820129395,7600,0.0,0.0
1996-06-26 00:00:00-04:00,14.1906329177496,14.52850513007697,14.078008846973809,14.30325698852539,68900,0.0,0.0
1996-06-27 00:00:00-04:00,14.078009605407715,14.190633682250976,14.078009605407715,14.078009605407715,51900,0.0,0.0
1996-06-28 00:00:00-04:00,14.078008750128367,14.190632820129395,13.965384680127341,14.190632820129395,97800,0.0,0.0
1996-07-01 00:00:00-04:00,14.303256890130422,14.415880960131448,13.965384680127341,14.190632820129395,28500,0.0,0.0
1996-07-02 00:00:00-04:00,14.190635448548852,14.41588363027185,13.51489090337986,13.852763175964355,60400,0.0,0.0
1996-07-03 00:00:00-04:00,13.852761174811691,13.852761174811691,13.627513025627762,13.740137100219727,53200,0.0,0.0
1996-07-05 00:00:00-04:00,13.571200703372476,13.852760883940368,13.402264595031738,13.402264595031738,107100,0.0,0.0
1996-07-08 00:00:00-04:00,13.627512278095368,13.965384483337402,13.402264141267347,13.965384483337402,60600,0.0,0.0
1996-07-09 00:00:00-04:00,13.627514839172363,13.965387107912173,13.514890749592425,13.627514839172363,72000,0.0,0.0
1996-07-10 00:00:00-04:00,13.571202794382394,13.7401389287523,13.402266660012488,13.627514839172363,19000,0.0,0.0
1996-07-11 00:00:00-04:00,13.740137100219727,13.740137100219727,13.402264876443832,13.740137100219727,29900,0.0,0.0
1996-07-12 00:00:00-04:00,13.40226374467214,13.683823907375336,13.289639679590863,13.514887809753418,224800,0.0,0.0
1996-07-15 00:00:00-04:00,13.514888667258896,13.514888667258896,13.402264595031738,13.402264595031738,74500,0.0,0.0
1996-07-16 00:00:00-04:00,13.514887599621789,13.514887599621789,13.008079314635971,13.289639472961426,83300,0.0,0.0
1996-07-17 00:00:00-04:00,13.402263536291606,13.402263536291606,13.064391346301061,13.289639472961426,1100,0.0,0.0
1996-07-18 00:00:00-04:00,13.402264595031738,13.402264595031738,13.289640522804582,13.402264595031738,4200,0.0,0.0
1996-07-19 00:00:00-04:00,13.402264093097887,13.402264093097887,12.613895617033306,12.839143753051758,85900,0.0,0.0
1996-07-22 00:00:00-04:00,12.613897408004355,12.726521492004395,12.501273324004318,12.726521492004395,133900,0.0,0.0
1996-07-23 00:00:00-04:00,12.726521492004395,12.951769660004473,12.501273324004318,12.726521492004395,215000,0.0,0.0
1996-07-24 00:00:00-04:00,12.501272201538086,12.613896275425816,12.388648127650354,12.501272201538086,142200,0.0,0.0
1996-07-25 00:00:00-04:00,12.613893508911133,12.613893508911133,12.501269459724426,12.613893508911133,18500,0.0,0.0
1996-07-26 00:00:00-04:00,12.726521492004395,12.726521492004395,12.726521492004395,12.726521492004395,1800,0.0,0.0
1996-07-29 00:00:00-04:00,12.839143753051758,12.839143753051758,12.501271549024079,12.839143753051758,6800,0.0,0.0
1996-07-30 00:00:00-04:00,12.613897572393002,13.064393914264182,12.613897572393002,12.951769828796387,17100,0.0,0.0
1996-07-31 00:00:00-04:00,12.83914404649001,13.177016258239746,12.83914404649001,13.177016258239746,27500,0.0,0.0
1996-08-01 00:00:00-04:00,13.289640522804582,13.627512739486054,13.177016450577424,13.402264595031738,78600,0.0,0.0
1996-08-02 00:00:00-04:00,13.627512278095368,13.965384483337402,13.627512278095368,13.965384483337402,82600,0.0,0.0
1996-08-05 00:00:00-04:00,14.078009605407715,14.078009605407715,13.852761451721191,14.078009605407715,62300,0.0,0.0
1996-08-06 00:00:00-04:00,14.078011357687354,14.078011357687354,13.852763175964355,13.852763175964355,46000,0.0,0.0
1996-08-07 00:00:00-04:00,13.852759072946949,14.52850341796875,13.852759072946949,14.52850341796875,79500,0.0,0.0
1996-08-08 00:00:00-04:00,14.190632820129395,14.190632820129395,14.190632820129395,14.190632820129395,27600,0.0,0.0
1996-08-09 00:00:00-04:00,14.190635448548852,14.30325953941035,13.852763175964355,13.852763175964355,55800,0.0,0.0
1996-08-12 00:00:00-04:00,13.62751166295197,13.62751166295197,13.177015409631244,13.289639472961426,83300,0.0,0.0
1996-08-13 00:00:00-04:00,13.28964002508866,13.28964002508866,12.839143753051758,12.839143753051758,160500,0.0,0.0
1996-08-14 00:00:00-04:00,12.839145576004434,13.064393744004512,12.613897408004355,12.726521492004395,715900,0.0,0.0
1996-08-15 00:00:00-04:00,12.72651755809784,13.064389705657959,12.613893508911133,12.613893508911133,60800,0.0,0.0
1996-08-16 00:00:00-04:00,12.613893508911133,12.72651755809784,12.613893508911133,12.613893508911133,300,0.0,0.0
1996-08-19 00:00:00-04:00,12.613893508911133,13.064389705657959,12.613893508911133,12.613893508911133,222200,0.0,0.0
1996-08-20 00:00:00-04:00,13.064393914264182,13.064393914264182,12.613897572393002,12.951769828796387,73500,0.0,0.0
1996-08-21 00:00:00-04:00,13.06439208984375,13.06439208984375,12.951768020103717,13.06439208984375,2800,0.0,0.0
1996-08-22 00:00:00-04:00,12.951768020103717,13.289640229323814,12.951768020103717,13.06439208984375,3200,0.0,0.0
1996-08-23 00:00:00-04:00,13.402263536291606,13.402263536291606,13.289639472961426,13.289639472961426,5600,0.0,0.0
1996-08-26 00:00:00-04:00,13.51488780975342,13.51488780975342,13.177015614509584,13.514887809753418,4800,0.0,0.0
1996-08-27 00:00:00-04:00,13.177016258239746,13.514888469989483,13.177016258239746,13.177016258239746,40400,0.0,0.0
1996-08-28 00:00:00-04:00,13.289641067504883,14.078009605407715,13.289641067504883,14.078009605407715,64200,0.0,0.0
1996-08-29 00:00:00-04:00,13.7401389287523,14.07801119749211,13.627514839172363,13.627514839172363,7600,0.0,0.0
1996-08-30 00:00:00-04:00,13.79644876345992,14.528505228459835,13.627512656152248,14.415881156921387,40800,0.0,0.0
1996-09-03 00:00:00-04:00,14.415881347656251,14.753753566741944,14.303257274627686,14.641129493713379,79800,0.0,0.0
1996-09-04 00:00:00-04:00,14.641129200852761,14.641129200852761,14.30325698852539,14.30325698852539,65000,0.0,0.0
1996-09-05 00:00:00-04:00,14.303256688579436,14.303256688579436,13.74013634650938,13.965384483337402,31700,0.0,0.0
1996-09-06 00:00:00-04:00,14.078008551751413,14.078008551751413,13.74013634650938,13.965384483337402,14800,0.0,0.0
1996-09-09 00:00:00-04:00,14.078008750128367,14.190632820129395,13.852760610126314,14.190632820129395,24500,0.0,0.0
1996-09-10 00:00:00-04:00,13.965383852942514,13.965383852942514,13.289639472961426,13.289639472961426,26200,0.0,0.0
1996-09-11 00:00:00-04:00,13.514887599621789,13.514887599621789,13.064391346301061,13.289639472961426,5600,0.0,0.0
1996-09-12 00:00:00-04:00,13.289640522804582,13.514888667258896,13.289640522804582,13.402264595031738,6800,0.0,0.0
1996-09-13 00:00:00-04:00,13.514888667258896,13.740136811713212,13.402264595031738,13.402264595031738,13000,0.0,0.0
1996-09-16 00:00:00-04:00,13.729974892179845,13.786476846468652,13.221457303580593,13.334461212158203,62000,0.05,0.0
1996-09-17 00:00:00-04:00,13.334462927169158,13.673474696503966,13.334462927169158,13.447466850280762,24300,0.0,0.0
1996-09-18 00:00:00-04:00,13.786478611730761,14.577506073059574,13.560470765636813,14.012486457824707,266000,0.0,0.0
1996-09-19 00:00:00-04:00,14.181993284715494,14.46450311110425,14.125491319437744,14.294997215270996,36600,0.0,0.0
1996-09-20 00:00:00-04:00,14.464500552318134,14.464500552318134,13.56046926779825,13.786477088928223,107700,0.0,0.0
1996-09-23 00:00:00-04:00,13.560470773392364,13.560470773392364,13.334462927169158,13.447466850280762,181900,0.0,0.0
1996-09-24 00:00:00-04:00,13.560470773392364,13.560470773392364,13.44746685028076,13.447466850280762,4900,0.0,0.0
1996-09-25 00:00:00-04:00,13.334461212158203,13.447465120735815,13.334461212158203,13.334461212158203,4300,0.0,0.0
1996-09-26 00:00:00-04:00,13.334460862477622,13.72997453212738,13.334460862477622,13.560468673706055,446200,0.0,0.0
1996-09-27 00:00:00-04:00,13.447465357233266,13.786477088928223,13.447465357233266,13.786477088928223,11600,0.0,0.0
1996-09-30 00:00:00-04:00,13.67347293789104,13.786476846468652,13.334461212158203,13.334461212158203,28700,0.0,0.0
1996-10-01 00:00:00-04:00,13.108453797899987,13.673473358154297,12.995449885849125,13.673473358154297,36800,0.0,0.0
1996-10-02 00:00:00-04:00,13.560469446103435,14.125489006357745,13.560469446103435,13.673473358154297,81700,0.0,0.0
1996-10-03 00:00:00-04:00,13.673473178363237,14.012484910058193,13.56046926779825,13.786477088928223,229800,0.0,0.0
1996-10-04 00:00:00-04:00,13.899480755046262,13.899480755046262,13.221457303580593,13.334461212158203,429300,0.0,0.0
1996-10-07 00:00:00-04:00,13.221459012282523,13.221459012282523,12.882447242736816,12.882447242736816,39600,0.0,0.0
1996-10-08 00:00:00-04:00,12.99544862338475,13.10845252445766,12.543433019093106,12.656436920166016,839900,0.0,0.0
1996-10-09 00:00:00-04:00,12.65643940496882,12.65643940496882,12.20442371193422,12.317427635192871,150000,0.0,0.0
1996-10-10 00:00:00-04:00,12.43043155845152,12.43043155845152,12.31742763519287,12.317427635192871,9700,0.0,0.0
1996-10-11 00:00:00-04:00,12.20442371193422,12.43043155845152,12.20442371193422,12.317427635192871,11400,0.0,0.0
1996-10-14 00:00:00-04:00,12.543434699376425,12.543434699376425,12.204422950744629,12.204422950744629,18500,0.0,0.0
1996-10-15 00:00:00-04:00,12.543433170318602,12.543433170318602,11.300390243530273,11.300390243530273,39700,0.0,0.0
1996-10-16 00:00:00-04:00,11.300390243530273,11.300390243530273,11.187386341094971,11.300390243530273,242800,0.0,0.0
1996-10-17 00:00:00-04:00,11.526400566101074,11.75240842033835,11.526400566101074,11.526400566101074,79000,0.0,0.0
1996-10-18 00:00:00-04:00,11.413397951823908,11.752409772175115,11.413397951823908,11.582903861999512,16100,0.0,0.0
1996-10-21 00:00:00-04:00,11.413395881652832,11.526399801273158,11.413395881652832,11.413395881652832,23200,0.0,0.0
1996-10-22 00:00:00-04:00,11.413396638982436,11.639404493219711,11.413396638982436,11.526400566101074,14900,0.0,0.0
1996-10-23 00:00:00-04:00,11.75240842033835,11.75240842033835,11.526400566101074,11.526400566101074,10700,0.0,0.0
1996-10-24 00:00:00-04:00,11.752407466139749,12.204423137914354,11.752407466139749,12.091419219970703,184100,0.0,0.0
1996-10-25 00:00:00-04:00,12.204424282372822,12.317428210913311,11.978416425291844,12.260926246643066,51500,0.0,0.0
1996-10-28 00:00:00-05:00,12.430431365966797,12.430431365966797,12.430431365966797,12.430431365966797,1000,0.0,0.0
1996-10-29 00:00:00-05:00,12.260925483703613,12.430431365966797,12.260925483703613,12.430431365966797,2200,0.0,0.0
1996-10-30 00:00:00-05:00,12.09141978867557,12.31742763519287,12.09141978867557,12.317427635192871,13000,0.0,0.0
1996-10-31 00:00:00-05:00,12.430430783165827,12.430430783165827,12.204422950744629,12.204422950744629,5300,0.0,0.0
1996-11-01 00:00:00-05:00,12.317426866955227,12.430430783165827,12.204422950744629,12.204422950744629,29600,0.0,0.0
1996-11-04 00:00:00-05:00,12.204423703645405,12.995451165918718,12.204423703645405,12.882447242736816,46400,0.0,0.0
1996-11-05 00:00:00-05:00,12.882446487228593,13.560469986556413,12.882446487228593,13.051952362060547,35000,0.0,0.0
1996-11-06 00:00:00-05:00,13.108454320337867,13.108454320337867,12.995450403783229,13.051952362060547,33500,0.0,0.0
1996-11-07 00:00:00-05:00,13.10845362553831,14.012484910058193,13.10845362553831,13.786477088928223,32500,0.0,0.0
1996-11-08 00:00:00-05:00,13.560470773392364,13.673474696503966,13.108455080945951,13.447466850280762,25700,0.0,0.0
1996-11-11 00:00:00-05:00,13.22145938873291,13.22145938873291,13.22145938873291,13.22145938873291,500,0.0,0.0
1996-11-12 00:00:00-05:00,13.560469446103435,13.673473358154297,13.447465534052572,13.673473358154297,78900,0.0,0.0
1996-11-13 00:00:00-05:00,13.560468673706055,13.673472579320272,13.560468673706055,13.560468673706055,2600,0.0,0.0
1996-11-14 00:00:00-05:00,13.560469446103435,13.673473358154297,13.560469446103435,13.673473358154297,14100,0.0,0.0
1996-11-15 00:00:00-05:00,13.560468673706055,13.560468673706055,13.334460862477622,13.560468673706055,6600,0.0,0.0
1996-11-18 00:00:00-05:00,13.56047116793119,13.56047116793119,13.22145938873291,13.22145938873291,133700,0.0,0.0
1996-11-19 00:00:00-05:00,13.22145938873291,13.334463315132338,13.22145938873291,13.22145938873291,44900,0.0,0.0
1996-11-20 00:00:00-05:00,13.22145938873291,13.56047116793119,13.108455462333483,13.22145938873291,21600,0.0,0.0
1996-11-21 00:00:00-05:00,13.334461212158203,13.334461212158203,13.334461212158203,13.334461212158203,3300,0.0,0.0
1996-11-22 00:00:00-05:00,13.334460862477622,13.560468673706055,13.334460862477622,13.560468673706055,6000,0.0,0.0
1996-11-25 00:00:00-05:00,13.334462944520721,13.447466867779372,12.09141978867557,12.317427635192871,44300,0.0,0.0
1996-11-26 00:00:00-05:00,12.09141960144043,12.430431365966797,12.09141960144043,12.430431365966797,19200,0.0,0.0
1996-11-27 00:00:00-05:00,12.204422501493092,13.673473358154297,12.204422501493092,13.673473358154297,56800,0.0,0.0
1996-11-29 00:00:00-05:00,13.334462919542867,14.012486457824707,13.334462919542867,14.012486457824707,18400,0.0,0.0
1996-12-02 00:00:00-05:00,13.786479696631433,14.577507220208647,13.786479696631433,14.464503288269043,153100,0.0,0.0
1996-12-03 00:00:00-05:00,14.577507220208647,14.80351508408785,14.464503288269045,14.464503288269043,14200,0.0,0.0
1996-12-04 00:00:00-05:00,14.803513904116045,15.368533518776964,14.464502135319496,15.142525672912598,28100,0.0,0.0
1996-12-05 00:00:00-05:00,15.142526394980294,15.820549964904785,15.029522466659545,15.820549964904785,103700,0.0,0.0
1996-12-06 00:00:00-05:00,15.029520062942785,15.368531793685856,15.029520062942785,15.312029838562012,134700,0.0,0.0
1996-12-09 00:00:00-05:00,15.594539218478731,15.594539218478731,15.029519681577328,15.25552749633789,54700,0.0,0.0
1996-12-10 00:00:00-05:00,14.803513339071563,15.142525094928162,14.690509420452695,14.91651725769043,84700,0.0,0.0
1996-12-11 00:00:00-05:00,14.690510553258067,14.916518407923576,14.690510553258067,14.80351448059082,26300,0.0,0.0
1996-12-12 00:00:00-05:00,14.84885025024414,14.84885025024414,14.84885025024414,14.84885025024414,400,0.05,0.0
1996-12-13 00:00:00-05:00,14.735504268675813,14.962204334347748,14.508804203003876,14.622154235839844,78800,0.0,0.0
1996-12-16 00:00:00-05:00,14.50880432128906,14.735504388809202,14.50880432128906,14.508804321289062,24000,0.0,0.0
1996-12-17 00:00:00-05:00,14.508804203003876,14.735504268675813,14.508804203003876,14.622154235839844,18500,0.0,0.0
1996-12-18 00:00:00-05:00,14.508804813508066,14.508804813508066,14.055404663085938,14.055404663085938,22200,0.0,0.0
1996-12-19 00:00:00-05:00,14.16875470069147,14.16875470069147,13.942054625480406,14.055404663085938,28700,0.0,0.0
1996-12-20 00:00:00-05:00,14.39545154571533,14.735501582228292,14.282101533544344,14.395451545715332,168200,0.0,0.0
1996-12-23 00:00:00-05:00,14.508804203003876,14.962204334347748,14.508804203003876,14.622154235839844,62700,0.0,0.0
1996-12-24 00:00:00-05:00,14.622154235839846,14.622154235839846,14.622154235839846,14.622154235839844,0,0.0,0.0
1996-12-26 00:00:00-05:00,14.622152225787824,14.96220227755033,14.622152225787824,14.735502243041992,5900,0.0,0.0
1996-12-27 00:00:00-05:00,14.962202812308695,15.188902854919434,14.962202812308695,15.188902854919434,1800,0.0,0.0
1996-12-30 00:00:00-05:00,15.188902001631886,15.188902001631886,14.962201971756784,15.075551986694336,14500,0.0,0.0
1996-12-31 00:00:00-05:00,15.188900588215262,15.642300605773928,15.188900588215262,15.642300605773926,82700,0.0,0.0
1997-01-02 00:00:00-05:00,15.528950691223145,15.642300696268569,15.188900676086872,15.528950691223145,132900,0.0,0.0
1997-01-03 00:00:00-05:00,15.642299175262451,16.322399139404297,15.642299175262451,16.322399139404297,36500,0.0,0.0
1997-01-06 00:00:00-05:00,16.322400774274556,17.002500806535995,16.322400774274556,16.662450790405273,251400,0.0,0.0
1997-01-07 00:00:00-05:00,16.549110570447198,16.775810715247843,16.435760498046875,16.435760498046875,16900,0.0,0.0
1997-01-08 00:00:00-05:00,16.435754658424692,16.662454722678824,16.435754658424692,16.549104690551758,5800,0.0,0.0
1997-01-09 00:00:00-05:00,16.54910078502837,16.662450790405273,16.43575077965146,16.662450790405273,12800,0.0,0.0
1997-01-10 00:00:00-05:00,16.662453931920666,17.342554092407227,16.20905382492963,17.342554092407227,37600,0.0,0.0
1997-01-13 00:00:00-05:00,17.229205837497464,18.13600614473417,17.229205837497464,17.45590591430664,225200,0.0,0.0
1997-01-14 00:00:00-05:00,17.342554092407227,17.569254145902747,17.002504012163946,17.342554092407227,20400,0.0,0.0
1997-01-15 00:00:00-05:00,17.342554092407227,17.342554092407227,17.002504012163946,17.342554092407227,1700,0.0,0.0
1997-01-16 00:00:00-05:00,17.002504348754883,17.17252939224243,17.002504348754883,17.002504348754883,4200,0.0,0.0
1997-01-17 00:00:00-05:00,17.00250446396386,17.00250446396386,16.549104344924825,16.8891544342041,25900,0.0,0.0
1997-01-20 00:00:00-05:00,16.775804754805893,16.775804754805893,16.549104690551758,16.549104690551758,110000,0.0,0.0
1997-01-21 00:00:00-05:00,16.322399139404297,16.322399139404297,16.209049145380657,16.322399139404297,11500,0.0,0.0
1997-01-22 00:00:00-05:00,16.20905113220215,16.43575114803714,16.20905113220215,16.20905113220215,4900,0.0,0.0
1997-01-23 00:00:00-05:00,16.322400774274556,16.77580079578218,16.322400774274556,16.662450790405273,44100,0.0,0.0
1997-01-24 00:00:00-05:00,16.549104690551758,16.775804754805893,16.435754658424692,16.549104690551758,34100,0.0,0.0
1997-01-27 00:00:00-05:00,16.775802981894735,16.775802981894735,16.322402901302986,16.379077911376953,23000,0.0,0.0
1997-01-28 00:00:00-05:00,16.322399139404297,16.66244912147522,16.322399139404297,16.322399139404297,89900,0.0,0.0
1997-01-29 00:00:00-05:00,16.662454722678824,16.775804754805893,16.435754658424692,16.549104690551758,14200,0.0,0.0
1997-01-30 00:00:00-05:00,16.43575816541105,16.775808334350586,16.43575816541105,16.775808334350586,8000,0.0,0.0
1997-01-31 00:00:00-05:00,16.775804290771482,17.22920440673828,16.662454261779786,17.002504348754883,26200,0.0,0.0
1997-02-03 00:00:00-05:00,17.002508446976947,17.115858503290124,16.775808334350586,16.775808334350586,22300,0.0,0.0
1997-02-04 00:00:00-05:00,16.77580079578218,16.889150801159087,16.662450790405273,16.662450790405273,84000,0.0,0.0
1997-02-05 00:00:00-05:00,16.54910134930983,16.775801367793523,15.75565128461689,15.982351303100586,23800,0.0,0.0
1997-02-06 00:00:00-05:00,15.98235878474276,16.20905890934904,15.98235878474276,16.0957088470459,22900,0.0,0.0
1997-02-07 00:00:00-05:00,16.37907964236116,16.775804754805893,16.322404626297626,16.549104690551758,133200,0.0,0.0
1997-02-10 00:00:00-05:00,16.889150801159087,16.889150801159087,16.662450790405273,16.662450790405273,2600,0.0,0.0
1997-02-11 00:00:00-05:00,16.832483362507176,17.002508446976947,16.775808334350586,16.775808334350586,28300,0.0,0.0
1997-02-12 00:00:00-05:00,16.775810715247843,17.00251086004849,16.209060353246226,16.435760498046875,59400,0.0,0.0
1997-02-13 00:00:00-05:00,16.54910154822919,16.54910154822919,15.755651473999023,15.755651473999023,14100,0.0,0.0
1997-02-14 00:00:00-05:00,15.98235878474276,16.0957088470459,15.75565866013648,16.0957088470459,74400,0.0,0.0
1997-02-18 00:00:00-05:00,16.095701312342435,16.095701312342435,15.982351303100588,15.982351303100586,7000,0.0,0.0
1997-02-19 00:00:00-05:00,15.755655166081018,16.20905531474522,15.755655166081018,15.86900520324707,45300,0.0,0.0
1997-02-20 00:00:00-05:00,16.039024154345196,16.605774124463398,16.039024154345196,16.322399139404297,27500,0.0,0.0
1997-02-21 00:00:00-05:00,16.32240152702057,16.32240152702057,15.642301463394713,15.755651473999023,78800,0.0,0.0
1997-02-24 00:00:00-05:00,15.755650610163594,15.982350618942926,15.642300605773928,15.642300605773926,11300,0.0,0.0
1997-02-25 00:00:00-05:00,15.982354822194006,15.982354822194006,15.302254616994261,15.358929634094238,9300,0.0,0.0
1997-02-26 00:00:00-05:00,15.302250592604928,15.982350618942926,15.302250592604928,15.642300605773926,92800,0.0,0.0
1997-02-27 00:00:00-05:00,15.755651473999023,15.755651473999023,15.528951452790404,15.755651473999023,400,0.0,0.0
1997-02-28 00:00:00-05:00,15.415602134935783,15.52895215063384,14.962202072143555,14.962202072143555,17600,0.0,0.0
1997-03-03 00:00:00-05:00,14.962200665996022,15.642300696268569,14.962200665996022,15.528950691223145,30800,0.0,0.0
1997-03-04 00:00:00-05:00,15.302250592604928,15.755650610163594,15.302250592604928,15.642300605773926,85900,0.0,0.0
1997-03-05 00:00:00-05:00,15.415603637695312,15.64230369119083,15.188903584199792,15.415603637695312,85500,0.0,0.0
1997-03-06 00:00:00-05:00,15.415601442186095,15.755651473999023,15.415601442186095,15.755651473999023,364900,0.0,0.0
1997-03-07 00:00:00-05:00,15.528951452790404,15.755651473999023,15.415601442186095,15.755651473999023,67200,0.0,0.0
1997-03-10 00:00:00-05:00,15.75565866013648,16.20905890934904,15.415608473227058,16.0957088470459,23800,0.0,0.0
1997-03-11 00:00:00-05:00,16.20905414581299,17.115854377746583,16.20905414581299,17.002504348754883,68800,0.0,0.0
1997-03-12 00:00:00-05:00,17.00250446396386,17.39922956812302,16.8891544342041,16.8891544342041,37200,0.0,0.0
1997-03-13 00:00:00-05:00,17.002504348754883,17.45590446472168,16.889154319763183,17.002504348754883,55500,0.0,0.0
1997-03-14 00:00:00-05:00,17.002508446976947,17.229208559603304,16.775808334350586,16.775808334350586,2700,0.0,0.0
1997-03-17 00:00:00-05:00,16.775808334350586,16.889158390663766,16.775808334350586,16.775808334350586,25800,0.0,0.0
1997-03-18 00:00:00-05:00,17.002508446976947,17.002508446976947,16.43575816541105,16.775808334350586,20900,0.0,0.0
1997-03-19 00:00:00-05:00,16.775808334350586,16.775808334350586,16.775808334350586,16.775808334350586,2000,0.0,0.0
1997-03-20 00:00:00-05:00,16.32240152702057,16.32240152702057,15.642301463394713,15.755651473999023,33000,0.0,0.0
1997-03-21 00:00:00-05:00,15.302252876224802,15.41560289753017,15.075552833614065,15.188902854919434,44000,0.0,0.0
1997-03-24 00:00:00-05:00,15.188902854919434,15.188902854919434,15.188902854919434,15.188902854919434,5200,0.0,0.0
1997-03-25 00:00:00-05:00,15.302251431581784,15.755651473999023,15.302251431581784,15.755651473999023,5300,0.0,0.0
1997-03-26 00:00:00-05:00,15.801127433776855,15.801127433776855,15.801127433776855,15.801127433776855,500,0.05,0.0
1997-03-27 00:00:00-05:00,15.232741355895996,15.232741355895996,15.119064181598265,15.232741355895996,8000,0.0,0.0
1997-03-31 00:00:00-05:00,15.232738367716472,15.346415519714357,15.232738367716472,15.346415519714355,9000,0.0,0.0
1997-04-01 00:00:00-05:00,15.34641620886587,15.573770523071289,15.23273905176316,15.573770523071289,106300,0.0,0.0
1997-04-02 00:00:00-05:00,15.573773082211721,16.02848178534199,15.460095906429155,15.801127433776855,35600,0.0,0.0
1997-04-03 00:00:00-05:00,15.801127433776855,15.801127433776855,15.801127433776855,15.801127433776855,2000,0.0,0.0
1997-04-04 00:00:00-05:00,15.801127433776855,15.801127433776855,15.68745025799429,15.801127433776855,700,0.0,0.0
1997-04-07 00:00:00-04:00,15.687445878982544,15.801123023033142,15.460091590881348,15.460091590881348,28400,0.0,0.0
1997-04-08 00:00:00-04:00,15.23273905176316,15.573770523071289,15.23273905176316,15.573770523071289,1500,0.0,0.0
1997-04-09 00:00:00-04:00,15.232738623941751,15.346415777851764,15.005384316121724,15.119061470031738,4900,0.0,0.0
1997-04-10 00:00:00-04:00,15.346415519714357,15.346415519714357,15.005384063720705,15.346415519714355,66900,0.0,0.0
1997-04-11 00:00:00-04:00,15.232740691213895,15.232740691213895,15.00538635253906,15.005386352539062,300,0.0,0.0
1997-04-14 00:00:00-04:00,15.346417860551313,15.346417860551313,15.00538635253906,15.005386352539062,3900,0.0,0.0
1997-04-15 00:00:00-04:00,15.346415777851764,15.346415777851764,14.550675700481673,15.119061470031738,1049300,0.0,0.0
1997-04-16 00:00:00-04:00,15.119064181598265,15.232741355895996,15.119064181598265,15.232741355895996,8200,0.0,0.0
1997-04-17 00:00:00-04:00,15.119060763875948,15.119060763875948,14.778029318074234,14.891706466674805,9200,0.0,0.0
1997-04-18 00:00:00-04:00,14.834868431091309,15.005384160184311,14.778029854726974,14.834868431091309,84700,0.0,0.0
1997-04-21 00:00:00-04:00,15.119061866173379,15.119061866173379,14.664353238619292,14.778030395507812,83000,0.0,0.0
1997-04-22 00:00:00-04:00,14.664353370666504,15.005384844402935,14.55067621275436,14.664353370666504,17500,0.0,0.0
1997-04-23 00:00:00-04:00,15.005383998155592,15.005383998155592,14.550675392150877,14.550675392150879,3200,0.0,0.0
1997-04-24 00:00:00-04:00,14.550677675189393,15.00538635253906,14.550677675189393,15.005386352539062,148500,0.0,0.0
1997-04-25 00:00:00-04:00,15.005383998155592,15.005383998155592,14.550675392150877,14.550675392150879,68600,0.0,0.0
1997-04-28 00:00:00-04:00,14.55067621275436,14.89170768649079,14.55067621275436,14.664353370666504,15200,0.0,0.0
1997-04-29 00:00:00-04:00,15.005384709284856,15.005384709284856,14.778030395507812,14.778030395507812,3100,0.0,0.0
1997-04-30 00:00:00-04:00,14.891709183201645,15.232740691213895,14.778032013864227,15.005386352539062,46300,0.0,0.0
1997-05-01 00:00:00-04:00,15.00538635253906,15.573772199226147,15.00538635253906,15.005386352539062,151000,0.0,0.0
1997-05-02 00:00:00-04:00,15.17590276874713,15.232741355895996,15.119064181598265,15.232741355895996,50300,0.0,0.0
1997-05-05 00:00:00-04:00,15.119060807068553,15.346415104919208,15.119060807068553,15.289576530456543,47600,0.0,0.0
1997-05-06 00:00:00-04:00,15.460091590881348,15.687445878982544,15.232737302780151,15.460091590881348,83800,0.0,0.0
1997-05-07 00:00:00-04:00,15.460091590881348,15.460091590881348,15.460091590881348,15.460091590881348,16200,0.0,0.0
1997-05-08 00:00:00-04:00,15.232737302780151,15.460091590881348,15.232737302780151,15.460091590881348,1300,0.0,0.0
1997-05-09 00:00:00-04:00,15.46009570449146,15.46009570449146,15.005387007300534,15.232741355895996,73000,0.0,0.0
1997-05-12 00:00:00-04:00,14.891709183201645,15.232740691213895,14.891709183201645,15.005386352539062,183300,0.0,0.0
1997-05-13 00:00:00-04:00,15.00538635253906,15.232740691213895,14.891709183201645,15.005386352539062,97300,0.0,0.0
1997-05-14 00:00:00-04:00,14.891709833002803,15.46009570449146,14.891709833002803,15.232741355895996,21400,0.0,0.0
1997-05-15 00:00:00-04:00,15.346415777851764,15.346415777851764,15.119061470031737,15.119061470031738,10900,0.0,0.0
1997-05-16 00:00:00-04:00,15.119064181598265,15.232741355895996,15.005387007300534,15.232741355895996,189600,0.0,0.0
1997-05-19 00:00:00-04:00,15.232738367716472,15.46009267171224,15.119061215718588,15.346415519714355,109700,0.0,0.0
1997-05-20 00:00:00-04:00,15.232737302780151,15.460091590881348,15.119060158729553,15.460091590881348,14300,0.0,0.0
1997-05-21 00:00:00-04:00,15.460091590881348,15.460091590881348,15.460091590881348,15.460091590881348,500,0.0,0.0
1997-05-22 00:00:00-04:00,15.34641444683075,15.460091590881348,15.34641444683075,15.460091590881348,4600,0.0,0.0
1997-05-23 00:00:00-04:00,15.232738367716472,15.46009267171224,15.232738367716472,15.346415519714355,600,0.0,0.0
1997-05-27 00:00:00-04:00,15.46009112766811,15.914799690246584,15.46009112766811,15.914799690246582,3200,0.0,0.0
1997-05-28 00:00:00-04:00,16.255830764770508,16.369507902985685,16.142153626555327,16.255830764770508,24200,0.0,0.0
1997-05-29 00:00:00-04:00,16.369508743286133,16.369508743286133,16.142154455184937,16.369508743286133,5400,0.0,0.0
1997-05-30 00:00:00-04:00,16.255830764770508,16.255830764770508,16.02847648834015,16.255830764770508,9900,0.0,0.0
1997-06-02 00:00:00-04:00,16.028479441790513,16.14215660095215,15.68744796430561,16.14215660095215,18800,0.0,0.0
1997-06-03 00:00:00-04:00,15.914799925209818,15.914799925209818,15.687445640563965,15.687445640563965,3400,0.0,0.0
1997-06-04 00:00:00-04:00,16.14215397153582,16.14215397153582,15.687445408957347,15.914799690246582,10100,0.0,0.0
1997-06-05 00:00:00-04:00,16.14215660095215,16.14215660095215,15.91480228262888,16.14215660095215,1200,0.0,0.0
1997-06-06 00:00:00-04:00,15.68745025799429,15.914804609559424,15.68745025799429,15.801127433776855,24300,0.0,0.0
1997-06-09 00:00:00-04:00,15.687450053086922,16.142158750277847,15.232741355895996,15.232741355895996,30800,0.0,0.0
1997-06-10 00:00:00-04:00,15.573770633963651,15.573770633963651,14.55067621275436,14.664353370666504,192800,0.0,0.0
1997-06-11 00:00:00-04:00,14.664352169473663,14.891706466674805,14.664352169473663,14.891706466674805,8300,0.0,0.0
1997-06-12 00:00:00-04:00,14.70926570892334,14.70926570892334,14.70926570892334,14.70926570892334,10200,0.05,0.0
1997-06-13 00:00:00-04:00,15.16537021145676,15.16537021145676,14.937319531585231,15.051344871520996,71800,0.0,0.0
1997-06-16 00:00:00-04:00,14.823294191649467,15.051344871520996,14.823294191649467,15.051344871520996,24500,0.0,0.0
1997-06-17 00:00:00-04:00,15.05134145296537,15.05134145296537,14.823290824890137,14.823290824890137,6400,0.0,0.0
1997-06-18 00:00:00-04:00,14.709265510852521,15.05134145296537,14.709265510852521,14.823290824890137,4200,0.0,0.0
1997-06-19 00:00:00-04:00,14.823294191649467,15.051344871520996,14.7092688517137,15.051344871520996,12500,0.0,0.0
1997-06-20 00:00:00-04:00,14.70926558971405,15.108354190985363,13.683037757873535,13.683037757873535,34600,0.0,0.0
1997-06-23 00:00:00-04:00,13.68303816197282,14.139139434038581,13.454987525939941,13.454987525939941,32900,0.0,0.0
1997-06-24 00:00:00-04:00,13.79706390150662,13.79706390150662,12.998886651006238,13.226937294006348,116300,0.0,0.0
1997-06-25 00:00:00-04:00,13.226937712284556,13.56901368760226,12.998887062072752,12.998887062072754,67300,0.0,0.0
1997-06-26 00:00:00-04:00,13.454986793654305,13.569012105464935,12.656809610979897,12.770834922790527,70500,0.0,0.0
1997-06-27 00:00:00-04:00,12.94187399025621,13.226937294006348,12.94187399025621,13.226937294006348,88800,0.0,0.0
1997-06-30 00:00:00-04:00,13.226938035753038,13.340963363647461,12.770836724175348,13.340963363647461,197600,0.0,0.0
1997-07-01 00:00:00-04:00,13.56901244322459,13.797063072522482,13.226936499277752,13.683037757873535,136800,0.0,0.0
1997-07-02 00:00:00-04:00,13.56901244322459,14.025113701820374,13.56901244322459,13.683037757873535,180600,0.0,0.0
1997-07-03 00:00:00-04:00,13.911091579654352,14.025116920471191,13.797066238837512,14.025116920471191,7400,0.0,0.0
1997-07-07 00:00:00-04:00,13.911088186847278,14.025113499854223,13.683037560833387,13.797062873840332,67900,0.0,0.0
1997-07-08 00:00:00-04:00,13.79706362427258,14.139139581899174,13.79706362427258,13.911088943481445,104900,0.0,0.0
1997-07-09 00:00:00-04:00,13.911089481845979,14.139140129089355,13.911089481845979,14.139140129089355,20100,0.0,0.0
1997-07-10 00:00:00-04:00,14.139140129089355,14.139140129089355,14.025114805467668,14.139140129089355,3000,0.0,0.0
1997-07-11 00:00:00-04:00,13.911088943481445,14.253164901108038,13.911088943481445,13.911088943481445,3400,0.0,0.0
1997-07-14 00:00:00-04:00,14.025114601135254,14.367190567016602,13.911089279174805,14.253165245056152,140000,0.0,0.0
1997-07-15 00:00:00-04:00,14.253167602104869,14.253167602104869,14.025116920471191,14.025116920471191,7700,0.0,0.0
1997-07-16 00:00:00-04:00,14.253165452711045,14.253165452711045,13.911089481845979,14.139140129089355,17200,0.0,0.0
1997-07-17 00:00:00-04:00,14.025114601135254,14.367190567016602,14.025114601135254,14.253165245056152,7900,0.0,0.0
1997-07-18 00:00:00-04:00,14.481215476989746,14.5952407957062,14.13913952084038,14.481215476989746,38900,0.0,0.0
1997-07-21 00:00:00-04:00,14.481215476989746,14.481215476989746,13.911088883407473,14.481215476989746,38900,0.0,0.0
1997-07-22 00:00:00-04:00,14.367191314697266,14.59524197048611,14.253165986802843,14.367191314697266,42700,0.0,0.0
1997-07-23 00:00:00-04:00,14.481216642591688,14.481216642591688,14.367191314697266,14.367191314697266,28700,0.0,0.0
1997-07-24 00:00:00-04:00,14.823290258646013,14.937315568327906,14.367189019918444,14.595239639282227,238500,0.0,0.0
1997-07-25 00:00:00-04:00,14.709267298380535,14.709267298380535,14.253165986802843,14.367191314697266,52900,0.0,0.0
1997-07-28 00:00:00-04:00,14.5952407957062,14.5952407957062,14.36719015827329,14.481215476989746,97100,0.0,0.0
1997-07-29 00:00:00-04:00,14.253165452711045,14.595241423576109,14.025114805467668,14.139140129089355,300700,0.0,0.0
1997-07-30 00:00:00-04:00,14.139138400554659,14.70926494896412,14.139138400554659,14.595239639282227,113500,0.0,0.0
1997-07-31 00:00:00-04:00,14.937315568327906,15.16536618769169,14.595239639282228,14.595239639282227,51100,0.0,0.0
1997-08-01 00:00:00-04:00,14.59524039335029,14.823291024496388,14.59524039335029,14.70926570892334,1600,0.0,0.0
1997-08-04 00:00:00-04:00,14.709265510852521,14.823290824890137,14.709265510852521,14.823290824890137,35500,0.0,0.0
1997-08-05 00:00:00-04:00,14.709266254920085,14.93731689453125,14.709266254920085,14.93731689453125,27500,0.0,0.0
1997-08-06 00:00:00-04:00,14.823290824890137,14.937316138927754,14.709265510852521,14.823290824890137,13400,0.0,0.0
1997-08-07 00:00:00-04:00,14.823292626274958,16.419647216796875,14.709267298380535,16.419647216796875,60700,0.0,0.0
1997-08-08 00:00:00-04:00,16.41964571240922,16.41964571240922,15.735493807725502,16.19159507751465,13900,0.0,0.0
1997-08-11 00:00:00-04:00,15.735489058668596,16.191590190803918,15.621463775634766,15.621463775634766,5800,0.0,0.0
1997-08-12 00:00:00-04:00,15.621471684319632,15.963547706604004,15.507446343558174,15.963547706604004,11400,0.0,0.0
1997-08-13 00:00:00-04:00,15.507442087366961,15.735492706298828,15.393416777901027,15.735492706298828,10800,0.0,0.0
1997-08-14 00:00:00-04:00,15.393416404724121,15.735492324829101,15.393416404724121,15.393416404724121,201200,0.0,0.0
1997-08-15 00:00:00-04:00,15.393413209567106,15.735489058668596,15.393413209567106,15.621463775634766,18500,0.0,0.0
1997-08-18 00:00:00-04:00,15.735489058668596,15.735489058668596,15.621463775634766,15.621463775634766,10700,0.0,0.0
1997-08-19 00:00:00-04:00,15.735492706298828,15.735492706298828,15.735492706298828,15.735492706298828,5900,0.0,0.0
1997-08-20 00:00:00-04:00,16.077573047365462,16.077573047365462,15.73549702508109,15.963547706604004,18300,0.0,0.0
1997-08-21 00:00:00-04:00,16.305622533703527,16.305622533703527,15.963546536492963,16.077571868896484,3600,0.0,0.0
1997-08-22 00:00:00-04:00,16.305621888902454,16.419647216796875,16.305621888902454,16.419647216796875,14300,0.0,0.0
1997-08-25 00:00:00-04:00,16.362637615889955,16.362637615889955,15.849523544311525,15.849523544311523,40500,0.0,0.0
1997-08-26 00:00:00-04:00,15.165368609958225,15.165368609958225,14.880305290222168,14.880305290222168,23300,0.0,0.0
1997-08-27 00:00:00-04:00,14.880304234628458,15.165367534142414,14.880304234628458,14.93731689453125,22800,0.0,0.0
1997-08-28 00:00:00-04:00,14.93731689453125,15.165367534142414,14.823291574725667,14.93731689453125,23100,0.0,0.0
1997-08-29 00:00:00-04:00,15.16537021145676,15.16537021145676,14.937319531585231,15.051344871520996,46500,0.0,0.0
1997-09-02 00:00:00-04:00,14.7092688517137,15.051344871520996,14.7092688517137,15.051344871520996,1100,0.0,0.0
1997-09-03 00:00:00-04:00,15.05134145296537,15.05134145296537,14.709265510852521,14.823290824890137,21900,0.0,0.0
1997-09-04 00:00:00-04:00,15.051344871520996,15.051344871520996,14.823294191649467,15.051344871520996,9000,0.0,0.0
1997-09-05 00:00:00-04:00,14.823294191649467,15.051344871520996,14.7092688517137,15.051344871520996,177400,0.0,0.0
1997-09-08 00:00:00-04:00,14.823291574725667,15.051342214336831,14.709266254920085,14.93731689453125,81800,0.0,0.0
1997-09-09 00:00:00-04:00,15.051344871520996,15.279395551392525,15.051344871520996,15.051344871520996,19900,0.0,0.0
1997-09-10 00:00:00-04:00,15.051344430268701,15.279395103454592,15.051344430268701,15.27939510345459,700,0.0,0.0
1997-09-11 00:00:00-04:00,15.051341655642487,15.051341655642487,14.59524039335029,14.70926570892334,56900,0.0,0.0
1997-09-12 00:00:00-04:00,14.869397068751677,15.09815702365555,14.755017091299742,14.983777046203613,15600,0.05,0.0
1997-09-15 00:00:00-04:00,15.098161697387695,15.098161697387695,14.8694016716697,15.098161697387695,17100,0.0,0.0
1997-09-16 00:00:00-04:00,15.012374564782897,15.326919555664064,14.983779565611883,15.326919555664062,26800,0.0,0.0
1997-09-17 00:00:00-04:00,15.155349731445312,15.441299726378242,15.098159732458726,15.155349731445312,4400,0.0,0.0
1997-09-18 00:00:00-04:00,15.098155721028645,15.441295623779295,15.098155721028645,15.441295623779297,8300,0.0,0.0
1997-09-19 00:00:00-04:00,15.098158744073682,15.21253873455909,13.49683887727799,14.18311882019043,181800,0.0,0.0
1997-09-22 00:00:00-04:00,14.183119890166491,14.411879888394983,13.954359891938001,14.068739891052246,91500,0.0,0.0
1997-09-23 00:00:00-04:00,13.954357535152111,13.954357535152111,13.039317696781481,13.496837615966797,33100,0.0,0.0
1997-09-24 00:00:00-04:00,13.496837813278724,13.496837813278724,13.153697868873333,13.268077850341797,138400,0.0,0.0
1997-09-25 00:00:00-04:00,13.611218452453613,13.611218452453613,13.268078491467389,13.611218452453613,25200,0.0,0.0
1997-09-26 00:00:00-04:00,13.496839637430305,13.496839637430305,13.268079643575556,13.38245964050293,31200,0.0,0.0
1997-09-29 00:00:00-04:00,13.382457354837213,13.839977264404295,13.26807737744544,13.839977264404297,132000,0.0,0.0
1997-09-30 00:00:00-04:00,13.83997891473432,16.127578735351562,13.725598923703458,16.127578735351562,49200,0.0,0.0
1997-10-01 00:00:00-04:00,15.555676460266113,16.241956304101382,15.555676460266113,15.555676460266113,68300,0.0,0.0
1997-10-02 00:00:00-04:00,15.555676460266113,15.898816382183748,15.555676460266113,15.555676460266113,10300,0.0,0.0
1997-10-03 00:00:00-04:00,15.55567258291871,15.898812419306623,15.55567258291871,15.670052528381348,13200,0.0,0.0
1997-10-06 00:00:00-04:00,16.01320088338509,16.928240933864235,15.555680858145514,15.898820877075195,58600,0.0,0.0
1997-10-07 00:00:00-04:00,15.55567258291871,15.784432473843985,15.55567258291871,15.670052528381348,42100,0.0,0.0
1997-10-08 00:00:00-04:00,15.555676933463292,15.727246899641198,14.869397068751677,14.983777046203613,20800,0.0,0.0
1997-10-09 00:00:00-04:00,14.640637113847806,15.09815702365555,14.411877158943934,14.983777046203613,3800,0.0,0.0
1997-10-10 00:00:00-04:00,14.983777141571046,14.983777141571046,14.64063720703125,14.869397163391113,275800,0.0,0.0
1997-10-13 00:00:00-04:00,14.640641645951705,15.098161697387695,14.640641645951705,15.098161697387695,19400,0.0,0.0
1997-10-14 00:00:00-04:00,15.098158630371094,15.098158630371094,14.29749870300293,14.29749870300293,317400,0.0,0.0
1997-10-15 00:00:00-04:00,14.640638782132056,14.640638782132056,14.068738829705023,14.18311882019043,220500,0.0,0.0
1997-10-16 00:00:00-04:00,14.183118608262806,14.640638563368057,14.183118608262806,14.41187858581543,13800,0.0,0.0
1997-10-17 00:00:00-04:00,14.183118713378907,14.640638671875,13.95435873413086,14.29749870300293,31000,0.0,0.0
1997-10-20 00:00:00-04:00,14.411878801161242,14.411878801161242,14.18311882019043,14.18311882019043,2500,0.0,0.0
1997-10-21 00:00:00-04:00,14.64063720703125,14.983777141571046,14.64063720703125,14.869397163391113,47500,0.0,0.0
1997-10-22 00:00:00-04:00,14.640637544775197,14.755017525593754,14.183117621500973,14.469067573547363,7100,0.0,0.0
1997-10-23 00:00:00-04:00,13.954357519745828,14.640637397766115,13.897167529910805,14.640637397766113,41000,0.0,0.0
1997-10-24 00:00:00-04:00,14.526257322740184,14.755017280578612,14.526257322740184,14.755017280578613,1100,0.0,0.0
1997-10-27 00:00:00-05:00,14.183119039066503,14.183119039066503,13.725599070064357,13.95435905456543,12700,0.0,0.0
1997-10-28 00:00:00-05:00,13.697004072001722,13.95435905456543,13.61121907781382,13.95435905456543,33000,0.0,0.0
1997-10-29 00:00:00-05:00,13.95435905456543,14.183119039066503,13.839979062314892,13.95435905456543,116600,0.0,0.0
1997-10-30 00:00:00-05:00,13.954358630710178,14.411878585815431,13.954358630710178,14.41187858581543,9600,0.0,0.0
1997-10-31 00:00:00-05:00,13.954358630710178,14.411878585815431,13.954358630710178,14.41187858581543,9800,0.0,0.0
1997-11-03 00:00:00-05:00,14.526260689326696,16.013200759887695,14.526260689326696,16.013200759887695,33200,0.0,0.0
1997-11-04 00:00:00-05:00,16.127576330128836,16.127576330128836,15.098156564375932,15.555676460266113,109500,0.0,0.0
1997-11-05 00:00:00-05:00,15.098157316446306,15.098157316446306,14.640637397766115,14.640637397766113,5200,0.0,0.0
1997-11-06 00:00:00-05:00,14.640638782132056,14.640638782132056,14.18311882019043,14.18311882019043,46500,0.0,0.0
1997-11-07 00:00:00-05:00,13.611218349138895,13.83997832139333,13.268078390757243,13.725598335266113,23900,0.0,0.0
1997-11-10 00:00:00-05:00,13.725598439449023,13.782788432946727,13.611218452453613,13.611218452453613,10100,0.0,0.0
1997-11-11 00:00:00-05:00,13.954357241796068,13.954357241796068,13.611217309620754,13.839977264404297,185700,0.0,0.0
1997-11-12 00:00:00-05:00,13.496837615966797,13.496837615966797,13.496837615966797,13.496837615966797,1600,0.0,0.0
1997-11-13 00:00:00-05:00,13.38245842746112,13.954358360258604,13.38245842746112,13.668408393859863,85800,0.0,0.0
1997-11-14 00:00:00-05:00,13.954358360258604,13.954358360258604,13.668408393859863,13.668408393859863,3500,0.0,0.0
1997-11-17 00:00:00-05:00,13.496839637430305,13.496839637430305,13.382459640502931,13.38245964050293,10000,0.0,0.0
1997-11-18 00:00:00-05:00,13.382459640502931,13.66840963282137,13.382459640502931,13.38245964050293,9500,0.0,0.0
1997-11-19 00:00:00-05:00,13.38245837688446,13.725598335266113,13.38245837688446,13.725598335266113,1100,0.0,0.0
1997-11-20 00:00:00-05:00,13.725599070064357,13.95435905456543,13.725599070064357,13.95435905456543,2700,0.0,0.0
1997-11-21 00:00:00-05:00,13.725598335266113,13.954358307520549,13.725598335266113,13.725598335266113,10100,0.0,0.0
1997-11-24 00:00:00-05:00,13.954357241796068,13.954357241796068,13.725597287012524,13.839977264404297,41200,0.0,0.0
1997-11-25 00:00:00-05:00,13.725598335266113,13.725598335266113,13.725598335266113,13.725598335266113,3000,0.0,0.0
1997-11-26 00:00:00-05:00,13.839979062314892,13.95435905456543,13.496839085563284,13.95435905456543,500,0.0,0.0
1997-11-28 00:00:00-05:00,13.954359625139809,13.954359625139809,13.382459640502931,13.38245964050293,1500,0.0,0.0
1997-12-01 00:00:00-05:00,13.811382270056352,13.839977264404295,13.811382270056352,13.839977264404297,10700,0.0,0.0
1997-12-02 00:00:00-05:00,13.725598335266113,13.725598335266113,13.268078390757243,13.725598335266113,4500,0.0,0.0
1997-12-03 00:00:00-05:00,13.839977264404295,13.839977264404295,13.26807737744544,13.839977264404297,199400,0.0,0.0
1997-12-04 00:00:00-05:00,13.268077656374139,13.839977555355782,13.268077656374139,13.496837615966797,20800,0.0,0.0
1997-12-05 00:00:00-05:00,13.611219378137488,13.725599372911752,13.382459388588957,13.639814376831055,4200,0.0,0.0
1997-12-08 00:00:00-05:00,13.66840778548142,13.839977757684116,13.268077850341797,13.268077850341797,10000,0.0,0.0
1997-12-09 00:00:00-05:00,13.839977757684116,13.839977757684116,13.268077850341797,13.268077850341797,8300,0.0,0.0
1997-12-10 00:00:00-05:00,13.268078491467389,13.83997842644443,13.268078491467389,13.611218452453613,13600,0.0,0.0
1997-12-11 00:00:00-05:00,13.268078645746758,13.439648628234863,13.153698657421355,13.439648628234863,9100,0.0,0.0
1997-12-12 00:00:00-05:00,13.198630522037375,13.313401222229006,13.198630522037375,13.313401222229004,17000,0.05,0.0
1997-12-15 00:00:00-05:00,13.887254133062847,13.887254133062847,13.54294204711914,13.54294204711914,1300,0.0,0.0
1997-12-16 00:00:00-05:00,12.739548501101408,13.198631329969928,12.510007086667148,12.624777793884277,410600,0.0,0.0
1997-12-17 00:00:00-05:00,12.854318524689951,12.969089225803254,12.739547823576649,12.7969331741333,45100,0.0,0.0
1997-12-18 00:00:00-05:00,12.739546166525946,12.854316852710864,12.395234107971191,12.395234107971191,8800,0.0,0.0
1997-12-19 00:00:00-05:00,12.395238006169896,12.510008728449247,12.395238006169896,12.45262336730957,20000,0.0,0.0
1997-12-22 00:00:00-05:00,12.395234107971191,12.624775480341027,12.050922049416435,12.395234107971191,15100,0.0,0.0
1997-12-23 00:00:00-05:00,12.510005357130519,12.510005357130519,11.936151900381411,12.165693283081055,11100,0.0,0.0
1997-12-24 00:00:00-05:00,12.050923347473143,12.050923347473143,12.050923347473143,12.050923347473145,500,0.0,0.0
1997-12-26 00:00:00-05:00,11.93615264892578,12.62477684020996,11.93615264892578,12.050923347473145,21300,0.0,0.0
1997-12-29 00:00:00-05:00,12.624776638471165,12.624776638471165,11.936152458190918,11.936152458190918,24900,0.0,0.0
1997-12-30 00:00:00-05:00,11.993537246056322,12.165693283081055,11.82138120903159,12.165693283081055,9700,0.0,0.0
1997-12-31 00:00:00-05:00,11.70660999086168,12.452619451063649,11.70660999086168,12.395234107971191,140800,0.0,0.0
1998-01-02 00:00:00-05:00,12.624777793884277,12.624777793884277,12.28046567223289,12.624777793884277,4100,0.0,0.0
1998-01-05 00:00:00-05:00,11.936152458190918,11.936152458190918,11.936152458190918,11.936152458190918,300,0.0,0.0
1998-01-06 00:00:00-05:00,11.936152458190918,12.395235245044416,11.70661106476417,11.936152458190918,16500,0.0,0.0
1998-01-07 00:00:00-05:00,11.936152458190918,11.936152458190918,11.70661106476417,11.936152458190918,7700,0.0,0.0
1998-01-08 00:00:00-05:00,11.70661240757102,11.70661240757102,11.24752956805843,11.591841697692871,39600,0.0,0.0
1998-01-09 00:00:00-05:00,11.247527224158272,11.362297910119072,11.247527224158272,11.304912567138672,40400,0.0,0.0
1998-01-12 00:00:00-05:00,11.936151446718158,11.936151446718158,11.24752732479211,11.362298011779785,26100,0.0,0.0
1998-01-13 00:00:00-05:00,11.419684505462646,12.395235443115233,11.333606481552122,12.050923347473145,75400,0.0,0.0
1998-01-14 00:00:00-05:00,11.82138154944595,11.82138154944595,11.247528076171875,11.247528076171875,382000,0.0,0.0
1998-01-15 00:00:00-05:00,11.93615264892578,11.93615264892578,11.017987060546874,11.477069854736328,58200,0.0,0.0
1998-01-16 00:00:00-05:00,11.936152065501492,11.936152065501492,11.36229860081392,11.706610679626465,34100,0.0,0.0
1998-01-20 00:00:00-05:00,11.477070019162936,13.313401222229006,11.477070019162936,13.313401222229004,14900,0.0,0.0
1998-01-21 00:00:00-05:00,13.141245171941561,13.428171922420635,12.624777021079229,13.313401222229004,70500,0.0,0.0
1998-01-22 00:00:00-05:00,13.08385944366455,13.08385944366455,13.026474095227424,13.08385944366455,207000,0.0,0.0
1998-01-23 00:00:00-05:00,12.624777793884277,12.624777793884277,12.624777793884277,12.624777793884277,7300,0.0,0.0
1998-01-26 00:00:00-05:00,12.395233052117483,12.854315757751463,12.395233052117483,12.854315757751465,19800,0.0,0.0
1998-01-27 00:00:00-05:00,12.796932454011879,12.796932454011879,11.247528076171875,11.247528076171875,116200,0.0,0.0
1998-01-28 00:00:00-05:00,11.70661134862188,12.395235545599638,11.362299250133,11.534455299377441,69600,0.0,0.0
1998-01-29 00:00:00-05:00,11.534454480657038,12.165693283081055,11.477069134982127,12.165693283081055,52800,0.0,0.0
1998-01-30 00:00:00-05:00,11.821381602667076,12.969088554382326,11.821381602667076,12.969088554382324,46500,0.0,0.0
1998-02-02 00:00:00-05:00,12.395234316587448,14.690648078918457,12.395234316587448,14.690648078918457,43400,0.0,0.0
1998-02-03 00:00:00-05:00,14.231565326452255,14.690648078918457,14.116794638335705,14.690648078918457,37200,0.0,0.0
1998-02-04 00:00:00-05:00,14.231565326452255,14.690648078918457,14.231565326452255,14.690648078918457,5400,0.0,0.0
1998-02-05 00:00:00-05:00,14.690648078918457,14.977574799209833,14.575877390801907,14.690648078918457,35500,0.0,0.0
1998-02-06 00:00:00-05:00,14.461107830668604,15.034961316012595,14.461107830668604,14.805419921875,1500,0.0,0.0
1998-02-09 00:00:00-05:00,14.805423281409524,15.149735450744629,14.46111111207442,15.149735450744629,17900,0.0,0.0
1998-02-10 00:00:00-05:00,15.03495965886999,15.49404239654541,14.920188974451134,15.49404239654541,16700,0.0,0.0
1998-02-11 00:00:00-05:00,15.149730018947434,16.06789547464122,15.149730018947434,15.838354110717773,148600,0.0,0.0
1998-02-12 00:00:00-05:00,16.06789853837755,16.526981353759766,16.06789853837755,16.526981353759766,30800,0.0,0.0
1998-02-13 00:00:00-05:00,16.297439946068657,16.526981353759766,16.06789853837755,16.526981353759766,8700,0.0,0.0
1998-02-17 00:00:00-05:00,16.526980785613365,16.92867823526369,16.182668685913086,16.182668685913086,16800,0.0,0.0
1998-02-18 00:00:00-05:00,16.555675046907055,16.92867985732264,15.953128814697267,15.953128814697266,20000,0.0,0.0
1998-02-19 00:00:00-05:00,15.953128814697267,15.953128814697267,15.953128814697267,15.953128814697266,800,0.0,0.0
1998-02-20 00:00:00-05:00,15.953124792679494,16.412207520526387,15.723583428756049,15.838354110717773,74500,0.0,0.0
1998-02-23 00:00:00-05:00,15.72357940673828,16.067891364550068,15.72357940673828,15.723579406738281,38800,0.0,0.0
1998-02-24 00:00:00-05:00,15.838352313540904,15.895737648010256,15.723581644602202,15.895737648010254,50300,0.0,0.0
1998-02-25 00:00:00-05:00,16.067891364550068,16.067891364550068,15.264496796322563,15.723579406738281,2400,0.0,0.0
1998-02-26 00:00:00-05:00,15.264500700909156,15.838354110717772,15.264500700909156,15.838354110717773,4400,0.0,0.0
1998-02-27 00:00:00-05:00,16.06789839895148,16.06789839895148,15.264503479003906,15.264503479003906,20600,0.0,0.0
1998-03-02 00:00:00-05:00,15.608813080964264,15.95312513422083,15.2645010277077,15.49404239654541,23200,0.0,0.0
1998-03-03 00:00:00-05:00,15.2645010277077,15.608813080964264,15.2645010277077,15.49404239654541,11100,0.0,0.0
1998-03-04 00:00:00-05:00,15.95312513422083,15.95312513422083,15.379271712126554,15.49404239654541,29600,0.0,0.0
1998-03-05 00:00:00-05:00,15.264503571871067,15.436659627192922,15.264503571871067,15.32188892364502,15700,0.0,0.0
1998-03-06 00:00:00-05:00,15.264504718780517,16.067899703979492,15.264504718780517,16.067899703979492,12100,0.0,0.0
1998-03-09 00:00:00-05:00,16.067899703979492,16.067899703979492,16.067899703979492,16.067899703979492,1000,0.0,0.0
1998-03-10 00:00:00-05:00,15.264503479003906,16.06789839895148,15.264503479003906,15.264503479003906,2700,0.0,0.0
1998-03-11 00:00:00-05:00,16.067899703979492,16.067899703979492,15.264504718780517,16.067899703979492,4100,0.0,0.0
1998-03-12 00:00:00-05:00,15.666200938977692,15.666200938977692,15.264503479003906,15.264503479003906,2100,0.0,0.0
1998-03-13 00:00:00-05:00,15.655904078829115,16.1163718458535,15.310553253560826,15.886137962341309,3700,0.05,0.0
1998-03-16 00:00:00-05:00,15.310550785064699,16.116369247436523,15.310550785064699,16.116369247436523,300,0.0,0.0
1998-03-17 00:00:00-05:00,16.116369247436523,16.116369247436523,16.116369247436523,16.116369247436523,0,0.0,0.0
1998-03-18 00:00:00-05:00,16.116369147049753,16.116369147049753,15.310550689697266,15.310550689697266,2500,0.0,0.0
1998-03-19 00:00:00-05:00,15.713460071762997,15.886135457166985,15.425667762756348,15.425667762756348,12600,0.0,0.0
1998-03-20 00:00:00-05:00,15.31055103499314,15.31055103499314,13.35356330871582,13.35356330871582,63500,0.0,0.0
1998-03-23 00:00:00-05:00,14.04426516516734,14.04426516516734,13.583797454833984,13.583797454833984,30200,0.0,0.0
1998-03-24 00:00:00-05:00,13.929147166335236,13.929147166335236,13.814030247605192,13.871588706970215,11300,0.0,0.0
1998-03-25 00:00:00-05:00,14.504732875500695,14.504732875500695,13.583797454833984,13.583797454833984,5200,0.0,0.0
1998-03-26 00:00:00-05:00,13.929145691886779,14.504730224609373,13.641353425525482,14.504730224609375,2500,0.0,0.0
1998-03-27 00:00:00-05:00,14.504731491208075,14.734965324401854,14.044263824820517,14.734965324401855,4300,0.0,0.0
1998-03-30 00:00:00-05:00,14.04426383972168,14.15938075644071,14.04426383972168,14.04426383972168,6600,0.0,0.0
1998-03-31 00:00:00-05:00,14.73496297200521,14.73496297200521,13.814027786254885,13.814027786254883,6700,0.0,0.0
1998-04-01 00:00:00-05:00,14.159378480911256,14.159378480911256,13.814027786254885,13.814027786254883,1600,0.0,0.0
1998-04-02 00:00:00-05:00,14.04426383972168,14.04426383972168,13.929146923002648,14.04426383972168,5000,0.0,0.0
1998-04-03 00:00:00-05:00,13.814031310000662,13.814031310000662,13.583797454833984,13.583797454833984,11000,0.0,0.0
1998-04-06 00:00:00-04:00,13.583797454833984,13.583797454833984,13.583797454833984,13.583797454833984,9700,0.0,0.0
1998-04-07 00:00:00-04:00,13.35356330871582,13.641355621403662,13.35356330871582,13.35356330871582,42700,0.0,0.0
1998-04-08 00:00:00-04:00,13.353563107726396,13.382342338562013,13.353563107726396,13.382342338562012,8100,0.0,0.0
1998-04-09 00:00:00-04:00,14.044264859166638,14.044264859166638,13.35356330871582,13.35356330871582,5600,0.0,0.0
1998-04-13 00:00:00-04:00,13.468678871449484,13.468678871449484,13.411120414733887,13.411120414733887,1100,0.0,0.0
1998-04-14 00:00:00-04:00,14.04426383972168,14.04426383972168,13.986705381362164,14.04426383972168,3300,0.0,0.0
1998-04-15 00:00:00-04:00,13.814030006283618,14.04426383972168,13.756471547924104,14.04426383972168,3500,0.0,0.0
1998-04-16 00:00:00-04:00,13.84281039237976,14.044265013474684,13.468680381774902,13.468680381774902,6000,0.0,0.0
1998-04-17 00:00:00-04:00,13.814030797028344,13.929147720336914,13.814030797028344,13.929147720336914,18800,0.0,0.0
1998-04-20 00:00:00-04:00,14.159382065137226,16.922188321749367,14.159382065137226,16.57683753967285,45500,0.0,0.0
1998-04-21 00:00:00-04:00,17.037301479241787,19.109405713203625,17.037301479241787,17.958236694335938,209700,0.0,0.0
1998-04-22 00:00:00-04:00,17.95824066797892,18.648942232131958,16.57683753967285,16.57683753967285,36800,0.0,0.0
1998-04-23 00:00:00-04:00,16.80707349639008,16.80707349639008,15.886137962341309,15.886137962341309,25700,0.0,0.0
1998-04-24 00:00:00-04:00,16.116368280698175,16.807069778442383,16.116368280698175,16.807069778442383,30400,0.0,0.0
1998-04-27 00:00:00-04:00,16.001252902878655,16.57683753967285,16.001252902878655,16.57683753967285,6100,0.0,0.0
1998-04-28 00:00:00-04:00,16.576833821029116,16.576833821029116,16.001249313354492,16.001249313354492,3600,0.0,0.0
1998-04-29 00:00:00-04:00,16.00124896529817,16.00124896529817,15.080313773050793,15.771015167236328,12900,0.0,0.0
1998-04-30 00:00:00-04:00,15.771015167236326,15.771015167236326,15.771015167236326,15.771015167236328,0,0.0,0.0
1998-05-01 00:00:00-04:00,15.655901301990857,15.655901301990857,15.195433616638185,15.195433616638184,800,0.0,0.0
1998-05-04 00:00:00-04:00,15.195433616638185,15.655901301990857,15.195433616638185,15.195433616638184,1400,0.0,0.0
1998-05-05 00:00:00-04:00,15.310550090754145,15.483225467717537,15.310550090754145,15.39688777923584,8100,0.0,0.0
1998-05-06 00:00:00-04:00,15.080314467503474,15.19543137183556,14.274496137178861,14.965197563171387,24300,0.0,0.0
1998-05-07 00:00:00-04:00,15.080318102629288,15.080318102629288,12.893096393087635,13.238447189331055,135900,0.0,0.0
1998-05-08 00:00:00-04:00,13.583795530455454,13.583795530455454,12.77797715153013,12.893094062805176,148700,0.0,0.0
1998-05-11 00:00:00-04:00,13.008213325168775,13.353564121412195,13.008213325168775,13.238447189331055,25500,0.0,0.0
1998-05-12 00:00:00-04:00,13.468680233790957,13.468680233790957,13.238446383640683,13.35356330871582,37700,0.0,0.0
1998-05-13 00:00:00-04:00,13.468680381774902,13.468680381774902,13.468680381774902,13.468680381774902,500,0.0,0.0
1998-05-14 00:00:00-04:00,13.583793989817302,13.814027786254885,13.526235540707907,13.814027786254883,3300,0.0,0.0
1998-05-15 00:00:00-04:00,13.238447189331055,13.468681053493334,13.238447189331055,13.238447189331055,7900,0.0,0.0
1998-05-18 00:00:00-04:00,13.296004846178253,13.35356330871582,13.238446383640683,13.35356330871582,8800,0.0,0.0
1998-05-19 00:00:00-04:00,13.814031160794771,13.814031160794771,13.468680381774902,13.468680381774902,300,0.0,0.0
1998-05-20 00:00:00-04:00,14.159382645980171,14.159382645980171,13.238447189331055,13.238447189331055,1700,0.0,0.0
1998-05-21 00:00:00-04:00,13.353562339407498,14.04426383972168,13.353562339407498,14.04426383972168,2400,0.0,0.0
1998-05-22 00:00:00-04:00,13.929146923002648,14.04426383972168,13.468679256126528,14.04426383972168,4600,0.0,0.0
1998-05-26 00:00:00-04:00,14.04426383972168,14.04426383972168,14.04426383972168,14.04426383972168,0,0.0,0.0
1998-05-27 00:00:00-04:00,13.468680381774902,13.814031160794771,13.468680381774902,13.468680381774902,2700,0.0,0.0
1998-05-28 00:00:00-04:00,13.698912620544435,13.698912620544435,13.698912620544435,13.698912620544434,200,0.0,0.0
1998-05-29 00:00:00-04:00,13.814027786254885,13.814027786254885,13.75646933714549,13.814027786254883,2600,0.0,0.0
1998-06-01 00:00:00-04:00,13.468679404840236,14.159380912780762,13.468679404840236,14.159380912780762,27700,0.0,0.0
1998-06-02 00:00:00-04:00,13.468680381774902,14.044265013474684,13.468680381774902,13.468680381774902,2100,0.0,0.0
1998-06-03 00:00:00-04:00,13.468680381774902,13.468680381774902,13.468680381774902,13.468680381774902,0,0.0,0.0
1998-06-04 00:00:00-04:00,13.814031160794771,13.814031160794771,13.468680381774902,13.468680381774902,1000,0.0,0.0
1998-06-05 00:00:00-04:00,13.4686804509932,14.27449893951416,13.4686804509932,14.27449893951416,8600,0.0,0.0
1998-06-08 00:00:00-04:00,14.27449767315974,14.27449767315974,14.04426383972168,14.04426383972168,9400,0.0,0.0
1998-06-09 00:00:00-04:00,14.101821051703558,14.504730224609373,14.101821051703558,14.504730224609375,1600,0.0,0.0
1998-06-10 00:00:00-04:00,14.504730224609373,14.504730224609373,14.504730224609373,14.504730224609375,700,0.0,0.0
1998-06-11 00:00:00-04:00,13.814030247605192,13.871588706970215,13.698913328875149,13.871588706970215,42300,0.0,0.0
1998-06-12 00:00:00-04:00,14.101822298081194,14.101822298081194,13.698913089564588,14.04426383972168,8400,0.0,0.0
1998-06-15 00:00:00-04:00,13.526237714486044,14.04426383972168,13.526237714486044,14.04426383972168,5000,0.0,0.0
1998-06-16 00:00:00-04:00,13.64135521564287,14.27449828472334,13.64135521564287,13.957926750183105,2000,0.0,0.0
1998-06-17 00:00:00-04:00,13.641352438926699,13.814027786254885,13.468677091598511,13.814027786254883,43900,0.0,0.0
1998-06-18 00:00:00-04:00,13.468678065708705,14.504730224609373,13.468678065708705,14.504730224609375,26500,0.0,0.0
1998-06-19 00:00:00-04:00,13.81402913496584,14.274496772798036,13.756470680236816,13.756470680236816,6500,0.0,0.0
1998-06-22 00:00:00-04:00,14.274497192382812,14.38961410522461,14.274497192382812,14.38961410522461,2100,0.0,0.0
1998-06-23 00:00:00-04:00,14.332056951916908,14.332056951916908,13.929147720336914,13.929147720336914,3100,0.0,0.0
1998-06-24 00:00:00-04:00,13.698910888036094,14.274495379130046,13.698910888036094,13.814027786254883,58500,0.0,0.0
1998-06-25 00:00:00-04:00,14.245718443979982,14.245718443979982,13.871588464643134,14.04426383972168,10300,0.0,0.0
1998-06-26 00:00:00-04:00,14.436947087110099,14.436947087110099,13.628478050231932,13.628478050231934,30600,0.05,0.0
1998-06-29 00:00:00-04:00,13.859468460083008,13.859468460083008,13.628477319081624,13.859468460083008,33300,0.0,0.0
1998-06-30 00:00:00-04:00,13.628478050231932,13.859469203625695,13.628478050231932,13.628478050231934,108800,0.0,0.0
1998-07-01 00:00:00-04:00,13.686225838580373,13.686225838580373,13.628478050231932,13.628478050231934,41900,0.0,0.0
1998-07-02 00:00:00-04:00,13.628478050231932,13.628478050231932,13.628478050231932,13.628478050231934,900,0.0,0.0
1998-07-06 00:00:00-04:00,13.68622510433197,13.974964030583699,13.628477319081624,13.859468460083008,337600,0.0,0.0
1998-07-07 00:00:00-04:00,13.743973626928813,13.801721415277253,13.628478050231932,13.628478050231934,6600,0.0,0.0
1998-07-08 00:00:00-04:00,13.743976552778156,13.743976552778156,13.657354851815269,13.68622875213623,1300,0.0,0.0
1998-07-09 00:00:00-04:00,13.397486408551535,13.397486408551535,11.08757495880127,11.08757495880127,54100,0.0,0.0
1998-07-10 00:00:00-04:00,11.780551984472181,12.242534415235797,11.549560769090373,11.896047592163086,48900,0.0,0.0
1998-07-13 00:00:00-04:00,12.242532730102539,12.242532730102539,12.242532730102539,12.242532730102539,4100,0.0,0.0
1998-07-14 00:00:00-04:00,11.665056376781278,11.896047592163086,11.665056376781278,11.896047592163086,200,0.0,0.0
1998-07-15 00:00:00-04:00,11.66505560193743,12.358029202052526,11.66505560193743,12.12703800201416,18400,0.0,0.0
1998-07-16 00:00:00-04:00,12.358027555324414,12.473523139953613,12.011540801436814,12.473523139953613,3300,0.0,0.0
1998-07-17 00:00:00-04:00,12.473523139953613,12.473523139953613,11.665054047549212,12.473523139953613,10100,0.0,0.0
1998-07-20 00:00:00-04:00,11.780549632178413,12.531270932268214,11.780549632178413,12.473523139953613,16700,0.0,0.0
1998-07-21 00:00:00-04:00,12.704512871636284,13.686225229899089,12.704512871636284,12.99325180053711,19700,0.0,0.0
1998-07-22 00:00:00-04:00,12.935504757980416,13.166495914372923,12.704513601587909,12.762261390686035,7700,0.0,0.0
1998-07-23 00:00:00-04:00,12.704514209355148,12.704514209355148,12.358027458190918,12.358027458190918,3900,0.0,0.0
1998-07-24 00:00:00-04:00,12.473523863430682,13.397488594055178,12.242532680774557,13.397488594055176,19900,0.0,0.0
1998-07-27 00:00:00-04:00,12.820009127530186,12.935504705255683,12.58901797207919,12.704513549804688,3800,0.0,0.0
1998-07-28 00:00:00-04:00,12.73338794708252,12.73338794708252,12.73338794708252,12.73338794708252,2300,0.0,0.0
1998-07-29 00:00:00-04:00,12.877757785517142,12.93550557827731,12.58901882171631,12.589018821716309,8100,0.0,0.0
1998-07-30 00:00:00-04:00,12.99325402440696,13.397488594055178,12.99325402440696,13.397488594055176,6000,0.0,0.0
1998-07-31 00:00:00-04:00,12.589017401138943,12.820008546113968,11.08757495880127,11.08757495880127,40100,0.0,0.0
1998-08-03 00:00:00-04:00,11.087576541385136,11.318567719330659,10.625594185494089,10.683341979980469,8200,0.0,0.0
1998-08-04 00:00:00-04:00,11.318565389845107,11.318565389845107,10.394600868225098,10.394600868225098,182600,0.0,0.0
1998-08-05 00:00:00-04:00,10.856585592972605,10.972081184387207,10.6255944101434,10.972081184387207,10600,0.0,0.0
1998-08-06 00:00:00-04:00,11.54955789154651,11.78054904937744,11.08757557588465,11.780549049377441,11600,0.0,0.0
1998-08-07 00:00:00-04:00,11.549559179342019,12.47352391368938,11.318567995755178,12.242532730102539,15700,0.0,0.0
1998-08-10 00:00:00-04:00,11.896045123305276,12.93550537679797,11.549558372141044,12.358027458190918,17300,0.0,0.0
1998-08-11 00:00:00-04:00,12.011540259384528,12.473522577053163,11.78054910055021,11.838296890258789,21300,0.0,0.0
1998-08-12 00:00:00-04:00,11.549558089329645,12.01154041290283,11.549558089329645,12.011540412902832,4500,0.0,0.0
1998-08-13 00:00:00-04:00,11.896044139372997,12.127035287710337,11.203070694360978,11.260818481445312,6800,0.0,0.0
1998-08-14 00:00:00-04:00,10.972081184387207,10.972081184387207,10.972081184387207,10.972081184387207,2100,0.0,0.0
1998-08-17 00:00:00-04:00,11.20307236721641,11.20307236721641,10.972081184387207,10.972081184387207,2200,0.0,0.0
1998-08-18 00:00:00-04:00,11.203072081441466,11.203072081441466,10.625594139099123,10.625594139099121,200,0.0,0.0
1998-08-19 00:00:00-04:00,11.549558344575546,11.549558344575546,10.625593677009503,11.203071594238281,30600,0.0,0.0
1998-08-20 00:00:00-04:00,11.203071289874137,11.203071289874137,10.856584548950194,10.856584548950195,1600,0.0,0.0
1998-08-21 00:00:00-04:00,12.242531158111907,12.242531158111907,10.510097503662108,10.51009750366211,1500,0.0,0.0
1998-08-24 00:00:00-04:00,10.625593080625428,10.625593080625428,10.510097503662108,10.51009750366211,300,0.0,0.0
1998-08-25 00:00:00-04:00,10.567844216028849,10.567844216028849,10.394600868225098,10.394600868225098,5900,0.0,0.0
1998-08-26 00:00:00-04:00,9.701631183865704,9.759378988531571,9.12415313720703,9.124153137207031,4600,0.0,0.0
1998-08-27 00:00:00-04:00,9.00865606700673,9.00865606700673,6.698744254953722,7.853700160980225,18300,0.0,0.0
1998-08-28 00:00:00-04:00,7.507213982202674,11.896046771798083,7.507213982202674,10.741090774536133,30400,0.0,0.0
1998-08-31 00:00:00-04:00,10.1636137008667,10.741091752052307,9.239648818969728,9.239648818969727,20000,0.0,0.0
1998-09-01 00:00:00-04:00,10.62559320840491,10.62559320840491,9.239646268178182,9.586133003234863,2000,0.0,0.0
1998-09-02 00:00:00-04:00,9.586135649681092,10.625596141815187,9.239648818969728,9.239648818969727,6600,0.0,0.0
1998-09-03 00:00:00-04:00,10.74109020122903,10.74109020122903,9.990368843078613,9.990368843078613,10700,0.0,0.0
1998-09-04 00:00:00-04:00,10.741090774536133,10.741090774536133,10.163612775905158,10.741090774536133,3500,0.0,0.0
1998-09-08 00:00:00-04:00,10.972080904504528,10.972080904504528,10.625594139099123,10.625594139099121,50900,0.0,0.0
1998-09-09 00:00:00-04:00,11.029829233542257,11.029829233542257,9.297395322514676,10.048116683959961,4700,0.0,0.0
1998-09-10 00:00:00-04:00,9.239647443904433,10.04811659524607,9.239647443904433,9.932621002197266,4500,0.0,0.0
1998-09-11 00:00:00-04:00,9.932619618845509,10.510097503662108,9.701628464918869,10.51009750366211,134000,0.0,0.0
1998-09-14 00:00:00-04:00,10.382492573364923,10.672506332397463,9.512451296267303,10.672506332397461,900,0.05,0.0
1998-09-15 00:00:00-04:00,9.512448939410122,10.904514637860384,9.512448939410122,10.208481788635254,27900,0.0,0.0
1998-09-16 00:00:00-04:00,10.266486763954164,10.266486763954164,9.74446201324463,9.744462013244629,17700,0.0,0.0
1998-09-17 00:00:00-04:00,9.976473310719367,10.672506332397463,9.976473310719367,10.672506332397461,1300,0.0,0.0
1998-09-18 00:00:00-04:00,10.67250497000558,10.67250497000558,9.918469292776924,9.947470664978027,3600,0.0,0.0
1998-09-21 00:00:00-04:00,9.744462405934053,10.324489930096796,9.744462405934053,9.860467910766602,9700,0.0,0.0
1998-09-22 00:00:00-04:00,10.208481788635254,10.208481788635254,9.860465364022687,10.208481788635254,21700,0.0,0.0
1998-09-23 00:00:00-04:00,9.744462405934053,10.208484425264247,9.744462405934053,9.860467910766602,34100,0.0,0.0
1998-09-24 00:00:00-04:00,9.74446092085405,9.918469151583585,9.570452690124512,9.570452690124512,33500,0.0,0.0
1998-09-25 00:00:00-04:00,9.86046829888987,10.09247931768728,9.86046829888987,9.976473808288574,41200,0.0,0.0
1998-09-28 00:00:00-04:00,9.512451171875,10.20848418445122,9.512451171875,9.512451171875,400,0.0,0.0
1998-09-29 00:00:00-04:00,9.512451012929281,9.74446201324463,9.512451012929281,9.744462013244629,20100,0.0,0.0
1998-09-30 00:00:00-04:00,9.976473808288574,9.976473808288574,9.976473808288574,9.976473808288574,500,0.0,0.0
1998-10-01 00:00:00-04:00,9.860467513402304,9.860467513402304,9.512451012929281,9.744462013244629,83300,0.0,0.0
1998-10-02 00:00:00-04:00,9.512450212623639,10.208483155010736,9.512450212623639,9.918469429016113,37100,0.0,0.0
1998-10-05 00:00:00-04:00,10.20848418445122,10.20848418445122,9.512451171875,9.512451171875,37300,0.0,0.0
1998-10-06 00:00:00-04:00,9.512451012929281,10.092478513717653,8.7584152619044,9.744462013244629,18500,0.0,0.0
1998-10-07 00:00:00-04:00,8.816418647766113,8.816418647766113,8.816418647766113,8.816418647766113,600,0.0,0.0
1998-10-08 00:00:00-04:00,9.164433615548269,9.802463803972516,5.33625248500279,5.684268951416016,63800,0.0,0.0
1998-10-09 00:00:00-04:00,6.7283189403477,7.772368431091309,5.56826395063258,7.772368431091309,55100,0.0,0.0
1998-10-12 00:00:00-04:00,8.35239653153853,8.35239653153853,7.656363487243652,7.656363487243652,3500,0.0,0.0
1998-10-13 00:00:00-04:00,8.236391216516495,8.352396726608276,7.424352645874023,7.424352645874023,68400,0.0,0.0
1998-10-14 00:00:00-04:00,7.772368431091309,8.120384928005844,7.656362932119796,7.772368431091309,60300,0.0,0.0
1998-10-15 00:00:00-04:00,8.120384083853828,8.352395057678223,8.120384083853828,8.352395057678223,19100,0.0,0.0
1998-10-16 00:00:00-04:00,8.352395057678223,8.352395057678223,8.352395057678223,8.352395057678223,14800,0.0,0.0
1998-10-19 00:00:00-04:00,8.004379785060882,9.396445834636689,8.004379785060882,9.280440330505371,202900,0.0,0.0
1998-10-20 00:00:00-04:00,9.976475003399427,9.976475003399427,9.164436340332031,9.164436340332031,55900,0.0,0.0
1998-10-21 00:00:00-04:00,9.222437578439713,9.454448586702346,9.164434826374054,9.280440330505371,13300,0.0,0.0
1998-10-22 00:00:00-04:00,9.396446055676565,9.744462576257177,9.396446055676565,9.628457069396973,19600,0.0,0.0
1998-10-23 00:00:00-04:00,9.048429012298586,9.74446201324463,9.048429012298586,9.744462013244629,17400,0.0,0.0
1998-10-26 00:00:00-05:00,9.744462319470328,9.744462319470328,8.584407281438146,9.483449935913086,88200,0.0,0.0
1998-10-27 00:00:00-05:00,8.932422637939451,8.932422637939451,8.932422637939451,8.932422637939453,300,0.0,0.0
1998-10-28 00:00:00-05:00,8.70041087934166,9.106430053710938,8.70041087934166,9.106430053710938,1000,0.0,0.0
1998-10-29 00:00:00-05:00,9.106430053710938,9.106430053710938,9.106430053710938,9.106430053710938,0,0.0,0.0
1998-10-30 00:00:00-05:00,9.10643357868436,9.744463956808742,9.10643357868436,9.164436340332031,138300,0.0,0.0
1998-11-02 00:00:00-05:00,9.454448761084143,9.454448761084143,8.932423982864773,9.048429489135742,12200,0.0,0.0
1998-11-03 00:00:00-05:00,9.164434737413636,9.164434737413636,8.816418228397929,8.903422355651855,11000,0.0,0.0
1998-11-04 00:00:00-05:00,9.512452910218059,9.512452910218059,9.164436340332031,9.164436340332031,56000,0.0,0.0
1998-11-05 00:00:00-05:00,9.2224370432953,9.2224370432953,8.932423299795447,9.193435668945312,900,0.0,0.0
1998-11-06 00:00:00-05:00,9.352943227870233,9.512450786795151,9.193435668945312,9.193435668945312,52000,0.0,0.0
1998-11-09 00:00:00-05:00,9.744464091117809,9.744464091117809,8.700414367069472,8.758417129516602,39500,0.0,0.0
1998-11-10 00:00:00-05:00,8.700411384170119,8.816416869292388,8.584405899047852,8.584405899047852,38300,0.0,0.0
1998-11-11 00:00:00-05:00,8.46840054459042,8.46840054459042,8.352395057678223,8.352395057678223,3000,0.0,0.0
1998-11-12 00:00:00-05:00,8.70041328927745,8.70041328927745,8.004380226135254,8.004380226135254,144100,0.0,0.0
1998-11-13 00:00:00-05:00,8.06238099248241,8.352394697247965,7.946375510576189,8.018878936767578,26900,0.0,0.0
1998-11-16 00:00:00-05:00,8.352396291452687,8.352396291452687,8.120385283356779,8.294393539428711,23900,0.0,0.0
1998-11-17 00:00:00-05:00,8.004380226135254,8.120385736658953,7.80137058271878,8.004380226135254,185100,0.0,0.0
1998-11-18 00:00:00-05:00,8.004380226135254,8.004380226135254,8.004380226135254,8.004380226135254,3600,0.0,0.0
1998-11-19 00:00:00-05:00,8.236390113830566,8.236390113830566,8.236390113830566,8.236390113830566,12200,0.0,0.0
1998-11-20 00:00:00-05:00,8.236390672411238,8.236390672411238,8.004379667554582,8.12038516998291,6400,0.0,0.0
1998-11-23 00:00:00-05:00,8.120384619269572,8.236390113830566,7.946376377428082,8.236390113830566,9600,0.0,0.0
1998-11-24 00:00:00-05:00,7.888373630147585,8.236390113830566,7.772368135586591,8.236390113830566,19900,0.0,0.0
1998-11-25 00:00:00-05:00,8.236390672411238,8.236390672411238,7.772368662697929,8.12038516998291,4100,0.0,0.0
1998-11-27 00:00:00-05:00,7.888374715611555,8.004380226135254,7.888374715611555,8.004380226135254,2500,0.0,0.0
1998-11-30 00:00:00-05:00,8.00437983344583,8.236390843110927,7.540357814115636,7.888374328613281,28800,0.0,0.0
1998-12-01 00:00:00-05:00,7.975377835633553,8.062381957476829,7.917375087738037,7.917375087738037,6800,0.0,0.0
1998-12-02 00:00:00-05:00,7.772368994626132,7.888374502008611,7.540357979861173,7.656363487243652,47200,0.0,0.0
1998-12-03 00:00:00-05:00,8.23639024250091,8.23639024250091,7.308346271514893,7.308346271514893,4100,0.0,0.0
1998-12-04 00:00:00-05:00,6.960330442948775,8.23639102415605,6.612313920801336,7.656363487243652,48800,0.0,0.0
1998-12-07 00:00:00-05:00,7.656363694564156,8.004380226135254,7.656363694564156,8.004380226135254,2500,0.0,0.0
1998-12-08 00:00:00-05:00,8.236390843110927,8.236390843110927,7.772368823780734,7.888374328613281,5400,0.0,0.0
1998-12-09 00:00:00-05:00,8.236391138147425,8.236391138147425,7.772369102195458,7.830371856689453,5900,0.0,0.0
1998-12-10 00:00:00-05:00,7.772368823780734,7.888374328613281,7.772368823780734,7.888374328613281,8600,0.0,0.0
1998-12-11 00:00:00-05:00,8.236390672411238,8.236390672411238,7.772368662697929,8.12038516998291,16600,0.0,0.0
1998-12-14 00:00:00-05:00,8.283725887981813,8.283725887981813,7.817037105560303,7.817037105560303,800,0.05,0.0
1998-12-15 00:00:00-05:00,7.817036964523961,8.28372573852539,7.817036964523961,8.28372573852539,10900,0.0,0.0
1998-12-16 00:00:00-05:00,7.8170381905376045,8.16705482593481,7.8170381905376045,8.050382614135742,163100,0.0,0.0
1998-12-17 00:00:00-05:00,8.05038230559405,8.4003989275764,7.875373994602876,7.933710098266602,245200,0.0,0.0
1998-12-18 00:00:00-05:00,7.992045398968369,8.050381496771058,7.700364909954924,7.817037105560303,145300,0.0,0.0
1998-12-21 00:00:00-05:00,7.933710098266601,8.167054512921501,7.933710098266601,7.933710098266602,71000,0.0,0.0
1998-12-22 00:00:00-05:00,7.933710098266601,8.167054512921501,7.933710098266601,7.933710098266602,7500,0.0,0.0
1998-12-23 00:00:00-05:00,7.933708561791315,8.51706948545244,7.81703637705909,8.400397300720215,14500,0.0,0.0
1998-12-24 00:00:00-05:00,8.750414688315166,8.750414688315166,7.817037121561549,8.692078590393066,5600,0.0,0.0
1998-12-28 00:00:00-05:00,8.750414670403323,8.750414670403323,7.817037105560303,7.817037105560303,43100,0.0,0.0
1998-12-29 00:00:00-05:00,7.817036680979272,8.517069816589355,7.817036680979272,8.517069816589355,7900,0.0,0.0
1998-12-30 00:00:00-05:00,8.517070296626763,8.750414688315166,8.517070296626763,8.692078590393066,8700,0.0,0.0
1998-12-31 00:00:00-05:00,8.575408562919161,8.80875301361084,8.400400224900404,8.80875301361084,115000,0.0,0.0
1999-01-04 00:00:00-05:00,9.100431282289566,9.100431282289566,8.867086890435987,9.042095184326172,8100,0.0,0.0
1999-01-05 00:00:00-05:00,8.517072450246241,8.983761351629598,8.517072450246241,8.80875301361084,3500,0.0,0.0
1999-01-06 00:00:00-05:00,8.750414195126051,8.867086384394398,8.517069816589355,8.517069816589355,6700,0.0,0.0
1999-01-07 00:00:00-05:00,8.283726378849574,8.867087391444615,8.167054176330566,8.167054176330566,76900,0.0,0.0
1999-01-08 00:00:00-05:00,8.22539027759007,8.575406885147094,8.108718075071062,8.167054176330566,87900,0.0,0.0
1999-01-11 00:00:00-05:00,8.400397932025749,8.575406222276285,8.28372573852539,8.28372573852539,33100,0.0,0.0
1999-01-12 00:00:00-05:00,8.283725898582619,8.517070290091988,8.167053702827934,8.342061996459961,22000,0.0,0.0
1999-01-13 00:00:00-05:00,7.933708580172791,8.458733412684225,5.483592695119429,5.716937065124512,67100,0.0,0.0
1999-01-14 00:00:00-05:00,6.533643610337201,8.283726720248952,6.4753075066734755,7.933710098266602,183900,0.0,0.0
1999-01-15 00:00:00-05:00,8.51706926666037,8.51706926666037,7.875372267117465,7.992044448852539,46600,0.0,0.0
1999-01-19 00:00:00-05:00,7.875373994602876,8.517071134903851,7.817037890939151,7.933710098266602,127500,0.0,0.0
1999-01-20 00:00:00-05:00,7.933708294017895,9.217102282756084,7.933708294017895,8.63374137878418,48900,0.0,0.0
1999-01-21 00:00:00-05:00,8.633742005857703,8.633742005857703,7.583692302442578,8.517069816589355,125100,0.0,0.0
1999-01-22 00:00:00-05:00,8.400397300720215,8.633741670184666,7.933708561791315,8.400397300720215,7700,0.0,0.0
1999-01-25 00:00:00-05:00,7.817037890939151,7.992046201930326,7.817037890939151,7.933710098266602,9000,0.0,0.0
1999-01-26 00:00:00-05:00,8.400397300720215,8.400397300720215,8.400397300720215,8.400397300720215,2600,0.0,0.0
1999-01-27 00:00:00-05:00,8.05038074652354,8.400397300720215,8.05038074652354,8.400397300720215,1900,0.0,0.0
1999-01-28 00:00:00-05:00,8.51706965216275,8.51706965216275,7.81703653006718,8.458733558654785,2200,0.0,0.0
1999-01-29 00:00:00-05:00,8.13788564347509,8.458734181389879,7.817037105560303,7.817037105560303,6600,0.0,0.0
1999-02-01 00:00:00-05:00,7.933708717083109,8.458733558654785,7.933708717083109,8.458733558654785,20800,0.0,0.0
1999-02-02 00:00:00-05:00,8.050381351524676,8.400397932025749,8.050381351524676,8.28372573852539,2900,0.0,0.0
1999-02-03 00:00:00-05:00,8.05038074652354,8.400397300720215,8.05038074652354,8.400397300720215,3700,0.0,0.0
1999-02-04 00:00:00-05:00,8.633742474797947,8.633742474797947,7.292012225336103,7.817037105560303,375100,0.0,0.0
1999-02-05 00:00:00-05:00,8.050381496771058,8.400398083587191,7.817037105560303,7.817037105560303,4200,0.0,0.0
1999-02-08 00:00:00-05:00,7.817037105560303,8.167053692376435,7.817037105560303,7.817037105560303,1900,0.0,0.0
1999-02-09 00:00:00-05:00,8.28372573852539,8.28372573852539,7.817036964523961,8.28372573852539,4000,0.0,0.0
1999-02-10 00:00:00-05:00,8.167054223232583,8.167054223232583,5.891946261046363,7.11700439453125,67500,0.0,0.0
1999-02-11 00:00:00-05:00,6.53364293328647,7.583692690421795,6.53364293328647,6.766987323760986,7100,0.0,0.0
1999-02-12 00:00:00-05:00,7.700364514401084,7.700364514401084,6.533642618279708,6.650314807891846,14300,0.0,0.0
1999-02-16 00:00:00-05:00,6.5919796347618105,7.233676767349243,6.5919796347618105,7.000332355499268,3500,0.0,0.0
1999-02-17 00:00:00-05:00,6.5336424394087365,7.000331185080789,6.30029806657271,6.416970252990723,24700,0.0,0.0
1999-02-18 00:00:00-05:00,7.000331185080789,7.000331185080789,6.30029806657271,6.416970252990723,23300,0.0,0.0
1999-02-19 00:00:00-05:00,6.300297617912293,6.300297617912293,4.725223213434219,5.600264549255371,178600,0.0,0.0
1999-02-22 00:00:00-05:00,5.454424648868794,5.716937065124512,5.366920510116888,5.716937065124512,51400,0.0,0.0
1999-02-23 00:00:00-05:00,5.658601087994046,5.716937181684706,5.133576244778103,5.250248432159424,51400,0.0,0.0
1999-02-24 00:00:00-05:00,5.133576082379631,5.600264817141415,5.133576082379631,5.1919121742248535,89800,0.0,0.0
1999-02-25 00:00:00-05:00,5.133575916290282,5.483592456037347,4.958567646416751,5.133575916290283,143600,0.0,0.0
1999-02-26 00:00:00-05:00,4.900231556458906,5.250248096205971,4.783559376543218,5.133575916290283,33900,0.0,0.0
1999-03-01 00:00:00-05:00,5.133577369241153,5.250249582178452,4.9002329433665555,4.958569049835205,145700,0.0,0.0
1999-03-02 00:00:00-05:00,4.900232625562091,5.133577036303143,4.900232625562091,5.016904830932617,40600,0.0,0.0
1999-03-03 00:00:00-05:00,5.016905232479698,5.016905232479698,4.433544158935547,4.433544158935547,86800,0.0,0.0
1999-03-04 00:00:00-05:00,4.783560803062038,4.783560803062038,4.316871944226717,4.433544158935547,110900,0.0,0.0
1999-03-05 00:00:00-05:00,4.900232148170471,4.900232148170471,4.433543372154236,4.6668877601623535,67200,0.0,0.0
1999-03-08 00:00:00-05:00,4.900232828580417,4.900232828580417,4.316871777558938,4.550216197967529,179400,0.0,0.0
1999-03-09 00:00:00-05:00,4.433543192197199,4.550215381465547,4.0835266243921575,4.258534908294678,118500,0.0,0.0
1999-03-10 00:00:00-05:00,4.258535139596284,4.316871237398973,3.9085185527801514,3.9085185527801514,75000,0.0,0.0
1999-03-11 00:00:00-05:00,4.014792621135712,5.667942523956299,3.9557515531778336,5.667942523956299,127100,0.05,0.0
1999-03-12 00:00:00-05:00,6.78972241970209,7.084927742297833,5.2546547422042265,6.140270709991455,131400,0.0,0.0
1999-03-15 00:00:00-05:00,5.963147863745689,5.963147863745689,5.31369611620903,5.667942523956299,10100,0.0,0.0
1999-03-16 00:00:00-05:00,5.136572882186535,5.667942490688589,4.959449679352516,5.077531814575195,53500,0.0,0.0
1999-03-17 00:00:00-05:00,5.313694832172799,5.667941154317653,5.25465377848199,5.549859046936035,51500,0.0,0.0
1999-03-18 00:00:00-05:00,5.549860180014431,6.258352968952443,5.431778048524762,5.9631476402282715,85300,0.0,0.0
1999-03-19 00:00:00-05:00,6.376434125398334,6.730680465698241,6.140269898531729,6.730680465698242,126200,0.0,0.0
1999-03-22 00:00:00-05:00,6.199312148950039,7.557256714910523,6.199312148950039,6.9078049659729,126800,0.0,0.0
1999-03-23 00:00:00-05:00,6.966846221316176,6.966846221316176,6.612599803283151,6.671640872955322,37100,0.0,0.0
1999-03-24 00:00:00-05:00,6.907803705760411,7.084926877702985,6.612598419189453,6.612598419189453,13300,0.0,0.0
1999-03-25 00:00:00-05:00,6.730681098591197,7.970543406226418,6.022188351371072,6.494516849517822,57100,0.0,0.0
1999-03-26 00:00:00-05:00,6.612599611282349,6.612599611282349,5.667942523956299,5.667942523956299,67100,0.0,0.0
1999-03-29 00:00:00-05:00,6.140270837462775,6.61259936342145,5.6679423115041,5.9631476402282715,133700,0.0,0.0
1999-03-30 00:00:00-05:00,6.140270972738461,6.140270972738461,5.667942436373964,5.786024570465088,104100,0.0,0.0
1999-03-31 00:00:00-05:00,7.203009951245653,7.321092081593942,5.077531604976444,5.372736930847168,181700,0.0,0.0
1999-04-01 00:00:00-05:00,5.667942523956299,5.667942523956299,5.195613980293274,5.667942523956299,24700,0.0,0.0
1999-04-05 00:00:00-04:00,5.667942523956299,5.667942523956299,5.431778252124786,5.667942523956299,22700,0.0,0.0
1999-04-06 00:00:00-04:00,5.904106140136719,6.022188262939453,5.66794189453125,5.904106140136719,92000,0.0,0.0
1999-04-07 00:00:00-04:00,5.726983927717113,5.9631482133961695,5.726983927717113,5.845066070556641,26600,0.0,0.0
1999-04-08 00:00:00-04:00,5.7269835582999296,5.7269835582999296,4.841367544129837,5.077531814575195,92200,0.0,0.0
1999-04-09 00:00:00-04:00,5.431778127496893,5.549860260703347,5.136572794480757,5.195613861083984,71700,0.0,0.0
1999-04-12 00:00:00-04:00,5.195613422613034,5.431777669095445,5.018490237751226,5.136572360992432,61400,0.0,0.0
1999-04-13 00:00:00-04:00,5.313695994290438,5.313695994290438,5.136572794480757,5.195613861083984,87300,0.0,0.0
1999-04-14 00:00:00-04:00,5.31369595045454,5.7860244793838325,5.254654884338379,5.254654884338379,76900,0.0,0.0
1999-04-15 00:00:00-04:00,5.904105857566551,6.376434326171875,5.667941623263888,6.376434326171875,109900,0.0,0.0
1999-04-16 00:00:00-04:00,6.169790489333017,6.612598419189453,6.169790489333017,6.612598419189453,56000,0.0,0.0
1999-04-19 00:00:00-04:00,6.376435353205754,7.557256714910523,6.376435353205754,6.9078049659729,71600,0.0,0.0
1999-04-20 00:00:00-04:00,6.90780556971027,7.3210930824279785,6.671641276728723,7.3210930824279785,103100,0.0,0.0
1999-04-21 00:00:00-04:00,7.1439680876555265,7.1439680876555265,6.022187974717881,6.376434326171875,63700,0.0,0.0
1999-04-22 00:00:00-04:00,6.5535593152046205,7.203011139233907,6.317395015557607,7.0849289894104,55300,0.0,0.0
1999-04-23 00:00:00-04:00,6.612599092371323,7.439173978917739,6.612599092371323,7.025886535644531,161900,0.0,0.0
1999-04-26 00:00:00-04:00,6.966844763074603,7.143967935017177,6.612598419189453,6.612598419189453,10300,0.0,0.0
1999-04-27 00:00:00-04:00,6.701160612185139,7.14396858215332,6.701160612185139,7.14396858215332,52700,0.0,0.0
1999-04-28 00:00:00-04:00,7.143969488925621,7.970544471115362,6.73068199783075,7.203010559082031,84300,0.0,0.0
1999-04-29 00:00:00-04:00,7.2620518170297155,7.793421462178231,7.2620518170297155,7.557257175445557,28900,0.0,0.0
1999-04-30 00:00:00-04:00,7.734380390495063,8.029585748910904,7.5572571754455575,7.557257175445557,97000,0.0,0.0
1999-05-03 00:00:00-04:00,7.73438098695543,7.970545291900634,7.439175605773925,7.970545291900635,25100,0.0,0.0
1999-05-04 00:00:00-04:00,7.734380190489722,8.029585541271771,6.73068199783075,7.203010559082031,21200,0.0,0.0
1999-05-05 00:00:00-04:00,7.203009852047625,7.203009852047625,6.612599208437164,6.848763465881348,9100,0.0,0.0
1999-05-06 00:00:00-04:00,7.498215077473567,8.147666777097262,7.321091886667105,7.675338268280029,28500,0.0,0.0
1999-05-07 00:00:00-04:00,7.586776672876798,7.734379331882184,7.321091886667105,7.675338268280029,4900,0.0,0.0
1999-05-10 00:00:00-04:00,7.321091231177835,8.38383028086494,7.321091231177835,8.029583930969238,68100,0.0,0.0
1999-05-11 00:00:00-04:00,8.501913319463315,8.501913319463315,7.793420542841371,8.147666931152344,13900,0.0,0.0
1999-05-12 00:00:00-04:00,8.029584801715352,8.265749060589334,8.029584801715352,8.147666931152344,31800,0.0,0.0
1999-05-13 00:00:00-04:00,8.029584801715352,8.265749060589334,8.029584801715352,8.147666931152344,9000,0.0,0.0
1999-05-14 00:00:00-04:00,7.675338883833452,8.147667430530895,7.675338883833452,8.118146896362305,31700,0.0,0.0
1999-05-17 00:00:00-04:00,8.265749880375752,8.265749880375752,7.675339174634628,7.73438024520874,17400,0.0,0.0
1999-05-18 00:00:00-04:00,8.265750201451295,8.265750201451295,7.616298399908694,7.660579204559326,20300,0.0,0.0
1999-05-19 00:00:00-04:00,7.911502522688646,7.911502522688646,7.557256141075721,7.675338268280029,48700,0.0,0.0
1999-05-20 00:00:00-04:00,7.9115026943267335,7.9115026943267335,7.143968850847274,7.439174175262451,8900,0.0,0.0
1999-05-21 00:00:00-04:00,7.557257033486403,7.793421315782853,7.557257033486403,7.73438024520874,12100,0.0,0.0
1999-05-24 00:00:00-04:00,7.675339174634628,8.029585598079302,7.439174892338178,7.73438024520874,64600,0.0,0.0
1999-05-25 00:00:00-04:00,7.793421315782853,7.793421315782853,7.557257033486403,7.73438024520874,80800,0.0,0.0
1999-05-26 00:00:00-04:00,7.5572571835275415,7.6753393270201595,6.966846466064452,6.966846466064453,75800,0.0,0.0
1999-05-27 00:00:00-04:00,7.025886658964486,7.025886658964486,6.8487634658813485,6.848763465881348,2900,0.0,0.0
1999-05-28 00:00:00-04:00,6.730681928616126,6.730681928616126,5.667942676729369,6.081230163574219,166800,0.0,0.0
1999-06-01 00:00:00-04:00,6.287873457459843,6.61259931676528,6.022188663482666,6.022188663482666,66300,0.0,0.0
1999-06-02 00:00:00-04:00,6.6125996427715945,6.6125996427715945,6.169791630978854,6.258353233337402,87200,0.0,0.0
1999-06-03 00:00:00-04:00,6.199311653030254,6.494516969841218,6.199311653030254,6.317393779754639,16100,0.0,0.0
1999-06-04 00:00:00-04:00,6.376434326171875,6.494516443323206,6.022187974717881,6.376434326171875,10400,0.0,0.0
1999-06-07 00:00:00-04:00,6.258353233337402,6.258353233337402,6.081230028620306,6.258353233337402,6400,0.0,0.0
1999-06-08 00:00:00-04:00,6.4945163045610705,6.966844763074603,6.435475247246878,6.612598419189453,11400,0.0,0.0
1999-06-09 00:00:00-04:00,6.612598974054509,6.907804285396229,6.376434724981134,6.494516849517822,99400,0.0,0.0
1999-06-10 00:00:00-04:00,6.494516849517822,6.553557911786166,5.904106226834384,6.494516849517822,91500,0.0,0.0
1999-06-11 00:00:00-04:00,6.304202263171856,6.5420966881972085,6.18525505065918,6.18525505065918,70500,0.05,0.0
1999-06-14 00:00:00-04:00,6.185254238269947,6.4231486320495605,6.125780639825043,6.4231486320495605,14500,0.0,0.0
1999-06-15 00:00:00-04:00,6.244728656915518,6.304202263171856,6.18525505065918,6.18525505065918,46500,0.0,0.0
1999-06-16 00:00:00-04:00,5.887887001037598,5.991965811661999,5.828413394966511,5.887887001037598,10900,0.0,0.0
1999-06-17 00:00:00-04:00,6.066307510297323,6.185254716381584,5.649992289002408,5.76893949508667,27400,0.0,0.0
1999-06-18 00:00:00-04:00,6.006833972217881,6.7799908201271135,6.006833972217881,6.363675594329834,45300,0.0,0.0
1999-06-21 00:00:00-04:00,6.6313070975817165,6.6313070975817165,5.947360625633826,6.18525505065918,44000,0.0,0.0
1999-06-22 00:00:00-04:00,6.185254936218262,6.289333745241165,5.947360515594482,5.947360515594482,37500,0.0,0.0
1999-06-23 00:00:00-04:00,6.006834231890164,6.18525505065918,6.006834231890164,6.18525505065918,15700,0.0,0.0
1999-06-24 00:00:00-04:00,6.0663078381465025,6.423149475684532,6.0663078381465025,6.18525505065918,21100,0.0,0.0
1999-06-25 00:00:00-04:00,5.947360822132655,6.7205177290099005,5.887887213911329,6.661044120788574,115300,0.0,0.0
1999-06-28 00:00:00-04:00,6.542096904345921,6.779991337231227,6.542096904345921,6.661044120788574,47500,0.0,0.0
1999-06-29 00:00:00-04:00,6.750254533120564,6.750254533120564,6.096044842685972,6.661044120788574,22800,0.0,0.0
1999-06-30 00:00:00-04:00,6.661043879961727,6.750254289068357,5.858150198002054,5.887887001037598,339500,0.0,0.0
1999-07-01 00:00:00-04:00,6.185253860926864,6.185253860926864,5.947359481660446,6.006833076477051,140200,0.0,0.0
1999-07-02 00:00:00-04:00,6.125780929218639,6.720516941764138,6.096044128591363,6.542096138000488,76100,0.0,0.0
1999-07-06 00:00:00-04:00,6.720517023404439,7.2557794411977135,6.6313066204388935,7.136832237243652,180800,0.0,0.0
1999-07-07 00:00:00-04:00,7.107095820844666,7.49367425461446,7.107095820844666,7.196306228637695,78700,0.0,0.0
1999-07-08 00:00:00-04:00,7.374727249145509,7.374727249145509,7.0178856080578225,7.374727249145508,74900,0.0,0.0
1999-07-09 00:00:00-04:00,7.434199644824651,7.612620436300443,7.255778853348859,7.553146839141846,180500,0.0,0.0
1999-07-12 00:00:00-04:00,7.553147615388382,7.731568425200707,7.493674012117608,7.672094821929932,56500,0.0,0.0
1999-07-13 00:00:00-04:00,7.553147194990471,7.9694623947143555,7.553147194990471,7.9694623947143555,107000,0.0,0.0
1999-07-14 00:00:00-04:00,8.207356452941895,8.564198037852412,7.850514868031377,8.207356452941895,110300,0.0,0.0
1999-07-15 00:00:00-04:00,8.028936771785512,8.2073575889363,8.028936771785512,8.088410377502441,113500,0.0,0.0
1999-07-16 00:00:00-04:00,8.504724893305037,9.099460899829865,8.326304091347588,8.56419849395752,123400,0.0,0.0
1999-07-19 00:00:00-04:00,8.802093862629624,8.921041076989484,8.266831398010254,8.266831398010254,50400,0.0,0.0
1999-07-20 00:00:00-04:00,8.445250842882238,8.445250842882238,8.207356452941895,8.207356452941895,86000,0.0,0.0
1999-07-21 00:00:00-04:00,8.207356452941895,8.385777245397152,7.96946206300155,8.207356452941895,15800,0.0,0.0
1999-07-22 00:00:00-04:00,8.445251194398795,8.445251194398795,7.9694623947143555,7.9694623947143555,67600,0.0,0.0
1999-07-23 00:00:00-04:00,7.96946206300155,8.207356452941895,7.909988465516463,8.207356452941895,19300,0.0,0.0
1999-07-26 00:00:00-04:00,8.326303482055664,8.68314505985805,8.088409096854074,8.326303482055664,25900,0.0,0.0
1999-07-27 00:00:00-04:00,10.824195795280989,10.883669398551763,9.515776523323947,10.229459762573242,458700,0.0,0.0
1999-07-28 00:00:00-04:00,10.705246925354004,11.240509271621704,9.57524863878886,9.99156379699707,182200,0.0,0.0
1999-07-29 00:00:00-04:00,8.445250352223715,10.11051098505656,8.445250352223715,9.99156379699707,111000,0.0,0.0
1999-07-30 00:00:00-04:00,9.515775044759115,10.021300594011944,9.158933480580648,9.99156379699707,96500,0.0,0.0
1999-08-02 00:00:00-04:00,9.783407532957177,10.110512344089484,9.158934711704593,10.05103874206543,37600,0.0,0.0
1999-08-03 00:00:00-04:00,9.991564356638285,10.11051155136017,9.396828383028863,9.932090759277344,51500,0.0,0.0
1999-08-04 00:00:00-04:00,9.991565888186535,9.991565888186535,9.515777036368128,9.872618675231934,59400,0.0,0.0
1999-08-05 00:00:00-04:00,9.694198417663575,9.694198417663575,9.158935928344727,9.515777587890625,94400,0.0,0.0
1999-08-06 00:00:00-04:00,9.396829605102537,9.575250420389295,9.396829605102537,9.396829605102539,4000,0.0,0.0
1999-08-09 00:00:00-04:00,9.158934422028372,9.396828822600536,9.039987221742289,9.277881622314453,40000,0.0,0.0
1999-08-10 00:00:00-04:00,9.158933970133464,9.218407567342123,8.802092386881512,8.921039581298828,37600,0.0,0.0
1999-08-11 00:00:00-04:00,9.158935381018596,9.932092263831855,8.921040955537594,9.575250625610352,475800,0.0,0.0
1999-08-12 00:00:00-04:00,9.753672947603114,10.169988256342272,9.753672947603114,10.110514640808105,623000,0.0,0.0
1999-08-13 00:00:00-04:00,10.34840738103631,11.299985071246544,10.288933775398169,10.586301803588867,639700,0.0,0.0
1999-08-16 00:00:00-04:00,10.58630138219789,10.70524858873944,9.515776523323947,10.229459762573242,295700,0.0,0.0
1999-08-17 00:00:00-04:00,10.40788098667445,10.705249014865148,10.110512958483751,10.586301803588867,63900,0.0,0.0
1999-08-18 00:00:00-04:00,10.467353820800781,10.70524822581898,10.348406618291682,10.467353820800781,67300,0.0,0.0
1999-08-19 00:00:00-04:00,10.467354971603307,10.645775794982908,10.229460540430505,10.64577579498291,43300,0.0,0.0
1999-08-20 00:00:00-04:00,10.586300626482283,10.705247824532647,10.407879829406738,10.407879829406738,24900,0.0,0.0
1999-08-23 00:00:00-04:00,10.467354960825253,10.467354960825253,10.229460529897406,10.348407745361328,31800,0.0,0.0
1999-08-24 00:00:00-04:00,10.140250691606955,10.229461108248659,9.5752513862095,9.694198608398438,139400,0.0,0.0
1999-08-25 00:00:00-04:00,9.813143334737637,9.991564122641957,9.694196142801424,9.753669738769531,30900,0.0,0.0
1999-08-26 00:00:00-04:00,9.753669967194517,9.991564356638285,9.753669967194517,9.932090759277344,105500,0.0,0.0
1999-08-27 00:00:00-04:00,9.783409025040141,9.783409025040141,9.515777775115032,9.694198608398438,51400,0.0,0.0
1999-08-30 00:00:00-04:00,9.753670423458784,9.872617623744867,9.277881622314453,9.277881622314453,55300,0.0,0.0
1999-08-31 00:00:00-04:00,9.158934422028372,9.753670423458784,8.921040021456205,9.277881622314453,158200,0.0,0.0
1999-09-01 00:00:00-04:00,9.456303977966309,9.515777587890625,9.277883148193359,9.515777587890625,18100,0.0,0.0
1999-09-02 00:00:00-04:00,9.396830368041993,9.634724807739257,9.396830368041993,9.515777587890625,1500,0.0,0.0
1999-09-03 00:00:00-04:00,9.30761798698745,9.932090759277344,9.27788118830698,9.932090759277344,24900,0.0,0.0
1999-09-07 00:00:00-04:00,9.753669967194517,10.467353135525823,9.515775577750748,9.932090759277344,29500,0.0,0.0
1999-09-08 00:00:00-04:00,9.634722935069691,10.110511721986713,9.515775738340436,9.813143730163574,8300,0.0,0.0
1999-09-09 00:00:00-04:00,9.634722546833316,9.75366973876953,9.039986587152248,9.753669738769531,42200,0.0,0.0
1999-09-10 00:00:00-04:00,9.515775577750748,9.991564356638285,9.515775577750748,9.932090759277344,17600,0.0,0.0
1999-09-13 00:00:00-04:00,9.442061841487886,9.561581611633303,9.442061841487886,9.5615816116333,8300,0.05,0.0
1999-09-14 00:00:00-04:00,9.442061841487886,9.561581611633303,9.203022301197054,9.5615816116333,5400,0.0,0.0
1999-09-15 00:00:00-04:00,9.352421808542696,9.501821517944336,9.203022099141055,9.501821517944336,2900,0.0,0.0
1999-09-16 00:00:00-04:00,9.262781066649607,9.740860089444427,9.262781066649607,9.307600975036621,9700,0.0,0.0
1999-09-17 00:00:00-04:00,9.740861052986961,9.740861052986961,9.26278198290171,9.501821517944336,6000,0.0,0.0
1999-09-20 00:00:00-04:00,9.6213390680007,9.92013841793861,9.442059458037955,9.681098937988281,1200,0.0,0.0
1999-09-21 00:00:00-04:00,10.039658157913774,10.039658157913774,9.442059458037955,9.681098937988281,13800,0.0,0.0
1999-09-22 00:00:00-04:00,9.442061841487886,9.62134149670601,9.442061841487886,9.5615816116333,17800,0.0,0.0
1999-09-23 00:00:00-04:00,9.442061841487886,9.740861266851427,9.442061841487886,9.5615816116333,8300,0.0,0.0
1999-09-24 00:00:00-04:00,9.203021687307176,9.561580973825636,9.203021687307176,9.382301330566406,25000,0.0,0.0
1999-09-27 00:00:00-04:00,9.203021049499512,9.561580311168324,9.203021049499512,9.203021049499512,53100,0.0,0.0
1999-09-28 00:00:00-04:00,9.262782304714888,9.561581733899239,9.203022418878017,9.322542190551758,31300,0.0,0.0
1999-09-29 00:00:00-04:00,9.561581733899239,9.561581733899239,9.322542190551758,9.322542190551758,2300,0.0,0.0
1999-09-30 00:00:00-04:00,9.44206151296926,10.398219640864882,9.322541746982308,10.27869987487793,38600,0.0,0.0
1999-10-01 00:00:00-04:00,10.398217424665178,10.577497035435266,9.920138462611606,10.457977294921875,165300,0.0,0.0
1999-10-04 00:00:00-04:00,10.278699662950302,10.756778717041014,10.278699662950302,10.756778717041016,66000,0.0,0.0
1999-10-05 00:00:00-04:00,10.876298047183603,10.876298047183603,10.278699253382307,10.637258529663086,77400,0.0,0.0
1999-10-06 00:00:00-04:00,10.517739189995659,10.756778717041014,10.39821942647298,10.756778717041016,36700,0.0,0.0
1999-10-07 00:00:00-04:00,10.398218588395553,10.517738342285156,10.27869883450595,10.517738342285156,24000,0.0,0.0
1999-10-08 00:00:00-04:00,10.0994202258975,10.75677893882574,10.0994202258975,10.27869987487793,13100,0.0,0.0
1999-10-11 00:00:00-04:00,10.159179080616344,10.517738342285156,10.159179080616344,10.517738342285156,9100,0.0,0.0
1999-10-12 00:00:00-04:00,10.159180641174316,10.278700413423428,9.681101552177878,10.159180641174316,42100,0.0,0.0
1999-10-13 00:00:00-04:00,9.681101552177878,10.159180641174316,9.681101552177878,10.159180641174316,3700,0.0,0.0
1999-10-14 00:00:00-04:00,10.039660028664462,10.278699553156473,9.920140266418457,9.920140266418457,24000,0.0,0.0
1999-10-15 00:00:00-04:00,10.039660028664462,10.039660028664462,9.681100741926446,9.920140266418457,41900,0.0,0.0
1999-10-18 00:00:00-04:00,9.800619818947531,9.800619818947531,8.8444617878307,9.203021049499512,22200,0.0,0.0
1999-10-19 00:00:00-04:00,9.322540964399064,10.039659500122069,9.262781086422148,10.03965950012207,106400,0.0,0.0
1999-10-20 00:00:00-04:00,9.382300016356679,10.039658616228802,9.382300016356679,9.800619125366211,22500,0.0,0.0
1999-10-21 00:00:00-04:00,9.681100232260567,10.039659500122069,9.681100232260567,10.03965950012207,12600,0.0,0.0
1999-10-22 00:00:00-04:00,9.621341619736109,9.80062127724672,9.322542190551758,9.322542190551758,51000,0.0,0.0
1999-10-25 00:00:00-04:00,9.382301541823376,9.681100953983355,9.262781776959384,9.442061424255371,10900,0.0,0.0
1999-10-26 00:00:00-04:00,9.382302076388628,9.681101505572979,9.203022418878017,9.322542190551758,111300,0.0,0.0
1999-10-27 00:00:00-04:00,9.20302068864977,9.20302068864977,8.665181817235172,8.844461441040039,40600,0.0,0.0
1999-10-28 00:00:00-04:00,8.8444615205129,8.8444615205129,8.605422019958496,8.605422019958496,67000,0.0,0.0
1999-10-29 00:00:00-04:00,8.724941770235699,8.9639812707901,8.545662144819897,8.605422019958496,43300,0.0,0.0
1999-11-01 00:00:00-05:00,8.724943281899037,8.784703167391495,8.366383968944282,8.4859037399292,25300,0.0,0.0
1999-11-02 00:00:00-05:00,8.605423510914118,8.605423510914118,8.366383968944282,8.4859037399292,5500,0.0,0.0
1999-11-03 00:00:00-05:00,8.605421942633551,8.963981190243283,8.605421942633551,8.844461441040039,92300,0.0,0.0
1999-11-04 00:00:00-05:00,9.02374193542882,9.083501815795898,8.724942533593428,9.083501815795898,8300,0.0,0.0
1999-11-05 00:00:00-05:00,9.083501295609908,9.322540803389115,8.963981541720303,9.203021049499512,15100,0.0,0.0
1999-11-08 00:00:00-05:00,8.963980498137298,9.681098937988281,8.963980498137298,9.681098937988281,14000,0.0,0.0
1999-11-09 00:00:00-05:00,9.32254207134247,9.561581611633303,9.32254207134247,9.5615816116333,11200,0.0,0.0
1999-11-10 00:00:00-05:00,9.561579634503621,9.800619125366211,9.442059889072326,9.800619125366211,17900,0.0,0.0
1999-11-11 00:00:00-05:00,9.8006199882144,10.039659500122069,9.561580476306732,10.03965950012207,11200,0.0,0.0
1999-11-12 00:00:00-05:00,9.979899622145153,10.159179256075904,9.322540964399064,10.03965950012207,12400,0.0,0.0
1999-11-15 00:00:00-05:00,9.62134149670601,9.920140922069551,9.32254207134247,9.5615816116333,2000,0.0,0.0
1999-11-16 00:00:00-05:00,9.322540782322394,9.591460227966309,9.322540782322394,9.591460227966309,1600,0.0,0.0
1999-11-17 00:00:00-05:00,9.442061841487886,9.561581611633303,9.442061841487886,9.5615816116333,2500,0.0,0.0
1999-11-18 00:00:00-05:00,9.800620718847348,9.800620718847348,9.442061424255371,9.442061424255371,8600,0.0,0.0
1999-11-19 00:00:00-05:00,9.442060174408907,9.621339797973633,9.442060174408907,9.621339797973633,4500,0.0,0.0
1999-11-22 00:00:00-05:00,9.262781143188478,9.262781143188478,9.262781143188478,9.262781143188477,100,0.0,0.0
1999-11-23 00:00:00-05:00,9.203021894527387,9.442061424255371,9.083502129663396,9.442061424255371,3700,0.0,0.0
1999-11-24 00:00:00-05:00,9.32254207134247,9.561581611633303,9.083502531051638,9.5615816116333,36100,0.0,0.0
1999-11-26 00:00:00-05:00,9.20302083133872,9.20302083133872,8.844461578169678,9.143260955810547,25400,0.0,0.0
1999-11-29 00:00:00-05:00,9.531700918548985,9.561580858732524,9.083501815795898,9.083501815795898,43500,0.0,0.0
1999-11-30 00:00:00-05:00,9.382301956415178,9.561581611633303,9.32254207134247,9.5615816116333,29100,0.0,0.0
1999-12-01 00:00:00-05:00,9.382302076388628,9.561581733899239,9.322542190551758,9.322542190551758,20400,0.0,0.0
1999-12-02 00:00:00-05:00,9.44206055727872,10.517738342285156,9.322540803389115,10.517738342285156,87800,0.0,0.0
1999-12-03 00:00:00-05:00,10.398219640864882,10.398219640864882,9.800620810930118,10.27869987487793,61000,0.0,0.0
1999-12-06 00:00:00-05:00,10.517739406851835,10.517739406851835,9.979900459910548,10.27869987487793,15100,0.0,0.0
1999-12-07 00:00:00-05:00,9.920139159279309,10.398218154907227,9.80061941037233,10.398218154907227,9200,0.0,0.0
1999-12-08 00:00:00-05:00,10.159178361660098,10.159178361660098,9.681099379934917,9.800619125366211,33300,0.0,0.0
1999-12-09 00:00:00-05:00,9.800621151924135,10.2787002325058,9.561581611633303,9.5615816116333,56300,0.0,0.0
1999-12-10 00:00:00-05:00,9.800618677963445,9.800618677963445,9.442059458037955,9.681098937988281,36800,0.0,0.0
1999-12-13 00:00:00-05:00,9.740860110237485,10.099419378098986,9.681100232260567,10.03965950012207,231700,0.0,0.0
1999-12-14 00:00:00-05:00,10.159178657093268,10.517737903814208,10.039658908186288,10.398218154907227,104700,0.0,0.0
1999-12-15 00:00:00-05:00,10.278698065846235,11.593415260314941,10.278698065846235,11.593415260314941,76000,0.0,0.0
1999-12-16 00:00:00-05:00,11.71293579705871,12.54957406827719,11.473896290996286,12.071495056152344,98500,0.0,0.0
1999-12-17 00:00:00-05:00,12.430051840987861,12.54957157022813,12.071492653267057,12.191012382507324,51200,0.0,0.0
1999-12-20 00:00:00-05:00,12.370294976234435,12.549574613571167,11.234857273101806,11.95197582244873,121400,0.0,0.0
1999-12-21 00:00:00-05:00,12.479974336030951,12.599974089262018,12.239974829568817,12.539974212646484,66100,0.05,0.0
1999-12-22 00:00:00-05:00,12.539973527482413,12.719973147494121,12.23997416079623,12.359973907470703,129800,0.0,0.0
1999-12-23 00:00:00-05:00,12.359974179949079,13.919970921107701,12.239974430629186,13.439971923828125,130500,0.0,0.0
1999-12-27 00:00:00-05:00,13.739972822401258,13.919972466362847,12.959974365234375,13.49997329711914,35500,0.0,0.0
1999-12-28 00:00:00-05:00,13.91997289657593,14.519971728324892,13.799973130226137,14.399971961975098,33000,0.0,0.0
1999-12-29 00:00:00-05:00,14.339970312827875,14.519969940185547,14.039970933898422,14.519969940185547,41100,0.0,0.0
1999-12-30 00:00:00-05:00,14.459971845149996,14.459971845149996,14.039972662925722,14.399971961975098,79400,0.0,0.0
1999-12-31 00:00:00-05:00,14.279972195625307,14.3999719619751,14.039972662925722,14.399971961975098,19600,0.0,0.0
2000-01-03 00:00:00-05:00,14.039972181977898,14.39997146869528,13.679972895260516,13.91997241973877,89500,0.0,0.0
2000-01-04 00:00:00-05:00,13.439972321883493,13.919971333379332,13.439972321883493,13.799971580505371,56400,0.0,0.0
2000-01-05 00:00:00-05:00,13.799972572946936,15.299969591745516,13.799972572946936,14.759970664978027,86000,0.0,0.0
2000-01-06 00:00:00-05:00,15.299966160394971,15.599965496873304,14.879967089325305,15.539965629577637,73400,0.0,0.0
2000-01-07 00:00:00-05:00,15.359969979745369,16.199968338012695,15.359969979745369,16.199968338012695,25500,0.0,0.0
2000-01-10 00:00:00-05:00,16.19996422215512,16.319963957134046,15.83996501721834,15.959964752197266,42400,0.0,0.0
2000-01-11 00:00:00-05:00,15.959966518535689,16.199966015055022,15.359967777237355,15.419967651367188,62600,0.0,0.0
2000-01-12 00:00:00-05:00,15.359969264777131,15.479969024658203,14.879970225252846,15.479969024658203,225700,0.0,0.0
2000-01-13 00:00:00-05:00,14.759969970703123,14.999969482421873,14.399970703125,14.999969482421875,29000,0.0,0.0
2000-01-14 00:00:00-05:00,15.119969367980959,15.119969367980959,15.119969367980959,15.119969367980957,3700,0.0,0.0
2000-01-18 00:00:00-05:00,14.759971261024477,15.059970676898958,14.3999719619751,14.399971961975098,8500,0.0,0.0
2000-01-19 00:00:00-05:00,14.159971237182617,14.399970749677237,14.159971237182617,14.159971237182617,18100,0.0,0.0
2000-01-20 00:00:00-05:00,14.27997272102921,14.399972491794161,12.719975701084842,12.959975242614746,72100,0.0,0.0
2000-01-21 00:00:00-05:00,12.959974321825753,13.919972419738771,12.479975272869243,13.91997241973877,17100,0.0,0.0
2000-01-24 00:00:00-05:00,13.919970248607878,14.399969222697806,13.439971274517951,14.099969863891602,22800,0.0,0.0
2000-01-25 00:00:00-05:00,14.339971542358397,14.399971423288767,13.919972375845807,14.339971542358398,82500,0.0,0.0
2000-01-26 00:00:00-05:00,14.159971237182617,14.159971237182617,13.919971724687997,14.159971237182617,12300,0.0,0.0
2000-01-27 00:00:00-05:00,13.9199706509582,14.039970397949219,13.79997090396718,14.039970397949219,15200,0.0,0.0
2000-01-28 00:00:00-05:00,13.799971446656345,14.039970950076455,13.679971694946289,13.679971694946289,14500,0.0,0.0
2000-01-31 00:00:00-05:00,13.43997432567455,13.739973752586929,12.959975242614744,12.959975242614746,16700,0.0,0.0
2000-02-01 00:00:00-05:00,13.43997341579861,13.49997329711914,12.959974365234375,13.49997329711914,20000,0.0,0.0
2000-02-02 00:00:00-05:00,13.079974127875433,13.49997329711914,13.019974246554904,13.49997329711914,6400,0.0,0.0
2000-02-03 00:00:00-05:00,13.409972563739073,13.439972502360412,12.599974220962887,12.659974098205566,181700,0.0,0.0
2000-02-04 00:00:00-05:00,13.31997262369288,13.31997262369288,11.999975336660253,12.119975090026855,68900,0.0,0.0
2000-02-07 00:00:00-05:00,11.879976312527482,12.239975594725284,10.919978226666675,11.459977149963379,43500,0.0,0.0
2000-02-08 00:00:00-05:00,12.239976618025038,12.959975242614744,11.759977534965232,12.959975242614746,268600,0.0,0.0
2000-02-09 00:00:00-05:00,12.47997549226244,12.719975020959795,12.119976199216408,12.50997543334961,130900,0.0,0.0
2000-02-10 00:00:00-05:00,12.479973654145176,12.659973274156885,12.359973907470703,12.359973907470703,69500,0.0,0.0
2000-02-11 00:00:00-05:00,12.839972496032713,12.899972367509502,12.23997378126483,12.839972496032715,189200,0.0,0.0
2000-02-14 00:00:00-05:00,12.599975577497904,13.55997371673584,12.239976275283679,13.55997371673584,220200,0.0,0.0
2000-02-15 00:00:00-05:00,13.439971026252296,14.279969215393065,13.439971026252296,14.279969215393066,31100,0.0,0.0
2000-02-16 00:00:00-05:00,14.3999719619751,14.999970793724062,14.159972429275514,14.399971961975098,120100,0.0,0.0
2000-02-17 00:00:00-05:00,14.399971260322822,15.239969583841654,14.219971619568787,14.984970092773438,353500,0.0,0.0
2000-02-18 00:00:00-05:00,15.119970499262637,15.119970499262637,14.699971318727563,14.819971084594727,44400,0.0,0.0
2000-02-22 00:00:00-05:00,14.639971025528448,14.87997055053711,14.639971025528448,14.87997055053711,50300,0.0,0.0
2000-02-23 00:00:00-05:00,14.639969684033987,14.939969062805176,14.639969684033987,14.939969062805176,43600,0.0,0.0
2000-02-24 00:00:00-05:00,14.939969070686782,14.999968946472672,14.519969940185547,14.519969940185547,312500,0.0,0.0
2000-02-25 00:00:00-05:00,14.609971681527332,14.639971623378518,12.719975344902647,13.55997371673584,114200,0.0,0.0
2000-02-28 00:00:00-05:00,14.219970715564232,14.219970715564232,13.019973186824634,13.799971580505371,13200,0.0,0.0
2000-02-29 00:00:00-05:00,13.79997375908248,13.79997375908248,13.079975128173828,13.079975128173828,87900,0.0,0.0
2000-03-01 00:00:00-05:00,13.439971923828125,13.439971923828125,13.079972675868444,13.439971923828125,9800,0.0,0.0
2000-03-02 00:00:00-05:00,13.079972675868444,13.499971798488072,13.079972675868444,13.439971923828125,31000,0.0,0.0
2000-03-03 00:00:00-05:00,13.079974127875433,14.039972229003906,13.079974127875433,13.49997329711914,95200,0.0,0.0
2000-03-06 00:00:00-05:00,13.649973924513215,13.649973924513215,12.89997535723227,12.959975242614746,19200,0.0,0.0
2000-03-07 00:00:00-05:00,13.109973311983921,13.109973311983921,12.779973983764647,12.779973983764648,3900,0.0,0.0
2000-03-08 00:00:00-05:00,12.719974261063797,12.839974018243643,12.479974746704102,12.479974746704102,24000,0.0,0.0
2000-03-09 00:00:00-05:00,12.359973244439988,12.629972659973872,12.059973893846784,12.59997272491455,31400,0.0,0.0
2000-03-10 00:00:00-05:00,12.479974746704102,12.479974746704102,11.999975717984713,12.479974746704102,500,0.0,0.0
2000-03-13 00:00:00-05:00,11.999975204467773,12.179974832534791,11.519976196289063,11.999975204467773,7500,0.0,0.0
2000-03-14 00:00:00-05:00,11.999975641568502,11.999975641568502,11.519976615905762,11.519976615905762,11100,0.0,0.0
2000-03-15 00:00:00-05:00,11.609975490755248,12.41997378080794,11.609975490755248,12.359973907470703,11900,0.0,0.0
2000-03-16 00:00:00-05:00,12.257576982551647,12.890031814575195,12.167226292262567,12.890031814575195,7300,0.05,0.0
2000-03-17 00:00:00-05:00,12.950265932891329,14.697045988955741,12.890032137854625,14.21517562866211,26600,0.0,0.0
2000-03-20 00:00:00-05:00,13.733304461696118,14.034473419189455,13.49236929570145,14.034473419189453,9300,0.0,0.0
2000-03-21 00:00:00-05:00,13.612838335204541,14.215176314638372,13.612838335204541,13.733305931091309,52700,0.0,0.0
2000-03-22 00:00:00-05:00,13.914006619840054,14.0947080045133,13.37190246582031,13.371902465820312,18300,0.0,0.0
2000-03-23 00:00:00-05:00,13.371902317082116,13.371902317082116,13.010499551755572,13.130967140197754,42500,0.0,0.0
2000-03-24 00:00:00-05:00,12.890031417210897,13.371901750564577,12.769563833872478,13.010499000549316,22800,0.0,0.0
2000-03-27 00:00:00-05:00,12.890031090149511,12.890031090149511,12.408160769022428,12.5286283493042,180000,0.0,0.0
2000-03-28 00:00:00-05:00,12.468395233154297,12.528629026551178,12.468395233154297,12.468395233154297,42100,0.0,0.0
2000-03-29 00:00:00-05:00,12.829798702760177,13.733305653658782,12.52862971912731,13.251435279846191,94500,0.0,0.0
2000-03-30 00:00:00-05:00,12.769564499965933,13.251434858455214,12.528629320721294,12.950265884399414,44900,0.0,0.0
2000-03-31 00:00:00-05:00,12.52862971912731,13.251435279846193,12.52862971912731,13.251435279846191,18700,0.0,0.0
2000-04-03 00:00:00-04:00,12.920149004137192,13.432136260711394,12.920149004137192,13.371902465820312,30400,0.0,0.0
2000-04-04 00:00:00-04:00,13.371902873299339,13.492370466752487,12.950266296213325,13.251435279846191,2600,0.0,0.0
2000-04-05 00:00:00-04:00,14.215175894032354,14.335643486354662,13.733305524743123,13.85377311706543,52300,0.0,0.0
2000-04-06 00:00:00-04:00,14.305525917966825,14.456110401313845,13.974240054603383,14.33564281463623,128200,0.0,0.0
2000-04-07 00:00:00-04:00,14.154942652274821,14.21517645079514,13.85377365967323,13.974241256713867,21200,0.0,0.0
2000-04-10 00:00:00-04:00,14.215176694306285,14.877748489379885,13.853773896993413,14.877748489379883,16200,0.0,0.0
2000-04-11 00:00:00-04:00,14.335644293410576,14.998216088484174,14.335644293410576,14.877748489379883,47900,0.0,0.0
2000-04-12 00:00:00-04:00,14.69704600518623,15.901721907250675,14.636812210083008,14.636812210083008,50900,0.0,0.0
2000-04-13 00:00:00-04:00,14.817513034551471,14.817513034551471,14.456110277611192,14.51634407043457,126200,0.0,0.0
2000-04-14 00:00:00-04:00,14.335644047835777,14.335644047835777,13.492370868551319,13.974241256713867,108000,0.0,0.0
2000-04-17 00:00:00-04:00,13.492370055602477,13.61283764538464,13.13096728625598,13.371902465820312,6200,0.0,0.0
2000-04-18 00:00:00-04:00,13.251435674470047,14.094708853754504,13.251435674470047,13.974241256713867,27700,0.0,0.0
2000-04-19 00:00:00-04:00,14.094708718751605,14.154942516694987,13.733305931091307,13.733305931091309,4500,0.0,0.0
2000-04-20 00:00:00-04:00,13.49237060546875,14.094708578927175,13.49237060546875,13.49237060546875,3100,0.0,0.0
2000-04-24 00:00:00-04:00,13.914007186889648,14.094708578927175,13.311669213431221,13.49237060546875,47700,0.0,0.0
2000-04-25 00:00:00-04:00,14.03447369632558,14.275408867077951,13.612837147508932,14.094707489013672,18900,0.0,0.0
2000-04-26 00:00:00-04:00,13.883889871360982,14.154941951279092,13.612837791442871,13.612837791442871,3600,0.0,0.0
2000-04-27 00:00:00-04:00,13.853773247111928,13.853773247111928,13.251435279846193,13.251435279846191,23800,0.0,0.0
2000-04-28 00:00:00-04:00,13.371903010777064,13.49237060546875,13.251435416085378,13.49237060546875,44700,0.0,0.0
2000-05-01 00:00:00-04:00,13.37190246582031,13.61283764538464,13.070733491364898,13.371902465820312,133800,0.0,0.0
2000-05-02 00:00:00-04:00,13.281551773483688,13.37190246582031,13.191201081147064,13.371902465820312,126500,0.0,0.0
2000-05-03 00:00:00-04:00,13.492370200368157,13.612837791442871,13.492370200368157,13.612837791442871,13400,0.0,0.0
2000-05-04 00:00:00-04:00,13.718246933633248,13.718246933633248,13.492370200368157,13.612837791442871,9400,0.0,0.0
2000-05-05 00:00:00-04:00,13.73330579485212,13.73330579485212,13.49237060546875,13.49237060546875,21500,0.0,0.0
2000-05-08 00:00:00-04:00,13.612838200160434,13.73330579485212,13.49237060546875,13.49237060546875,6900,0.0,0.0
2000-05-09 00:00:00-04:00,13.73330579485212,13.73330579485212,13.371903010777064,13.49237060546875,14300,0.0,0.0
2000-05-10 00:00:00-04:00,13.552604127892463,13.733305516264362,13.43213653564453,13.432136535644531,46600,0.0,0.0
2000-05-11 00:00:00-04:00,13.733305382517587,13.793539178054946,13.612837791442871,13.612837791442871,26500,0.0,0.0
2000-05-12 00:00:00-04:00,13.853773389543806,13.974240984235491,13.673071997506277,13.914007186889648,44600,0.0,0.0
2000-05-15 00:00:00-04:00,13.61283764538464,13.85377282494897,13.311668670929228,13.371902465820312,34300,0.0,0.0
2000-05-16 00:00:00-04:00,13.311668813756082,13.612837791442871,13.251435018218725,13.612837791442871,64200,0.0,0.0
2000-05-17 00:00:00-04:00,13.61283764538464,13.733305235166807,13.37190246582031,13.371902465820312,59200,0.0,0.0
2000-05-18 00:00:00-04:00,13.34178541997157,13.371902317082116,13.130967140197752,13.130967140197754,41900,0.0,0.0
2000-05-19 00:00:00-04:00,13.191200211363018,13.251434002282483,12.408160929409963,12.769563674926758,42000,0.0,0.0
2000-05-22 00:00:00-04:00,12.588863792814738,12.890032783073464,11.2034864376246,11.625123023986816,44000,0.0,0.0
2000-05-23 00:00:00-04:00,11.564888679544339,11.564888679544339,11.143252113102617,11.504654884338379,56000,0.0,0.0
2000-05-24 00:00:00-04:00,11.444422058437182,11.444422058437182,11.083019256591797,11.083019256591797,96300,0.0,0.0
2000-05-25 00:00:00-04:00,11.083017999475652,11.083017999475652,10.601147651672363,10.601147651672363,11900,0.0,0.0
2000-05-26 00:00:00-04:00,10.601148332868304,10.601148332868304,10.05904415675572,10.119277954101562,28800,0.0,0.0
2000-05-30 00:00:00-04:00,10.36021260167822,10.54091398426563,10.17951121909081,10.420446395874023,35900,0.0,0.0
2000-05-31 00:00:00-04:00,10.601147891553634,10.661381686392007,9.276004405109429,9.818108558654785,35400,0.0,0.0
2000-06-01 00:00:00-04:00,9.57717307921379,11.203485488891602,9.57717307921379,11.203485488891602,16000,0.0,0.0
2000-06-02 00:00:00-04:00,11.203486036747059,11.444421220333018,10.962550853161101,11.323953628540039,10200,0.0,0.0
2000-06-05 00:00:00-04:00,11.444421209683075,11.444421209683075,10.90231704711914,10.90231704711914,3600,0.0,0.0
2000-06-06 00:00:00-04:00,11.444421220333018,11.866057791608444,10.962550853161101,11.323953628540039,69600,0.0,0.0
2000-06-07 00:00:00-04:00,11.685355934229765,11.685355934229765,10.601147651672363,10.601147651672363,15800,0.0,0.0
2000-06-08 00:00:00-04:00,10.36021247777072,10.96255041252483,10.36021247777072,10.601147651672363,72500,0.0,0.0
2000-06-09 00:00:00-04:00,10.601148740428027,11.323954336366302,10.601148740428027,10.631265640258789,86700,0.0,0.0
2000-06-12 00:00:00-04:00,11.263719960544885,11.263719960544885,10.480680604998984,10.7216157913208,54200,0.0,0.0
2000-06-13 00:00:00-04:00,11.133054744052348,11.133054744052348,10.588503153310656,10.709514617919922,19200,0.05,0.0
2000-06-14 00:00:00-04:00,11.133055020976999,11.133055020976999,10.770020618119052,10.830526351928711,11200,0.0,0.0
2000-06-15 00:00:00-04:00,11.012043279443082,11.012043279443082,10.64900888561529,10.709514617919922,56200,0.0,0.0
2000-06-16 00:00:00-04:00,10.770021008921194,11.133055424952246,10.588503800905668,11.012043952941895,194000,0.0,0.0
2000-06-19 00:00:00-04:00,11.072548473004215,12.222157330857112,11.072548473004215,11.73811149597168,24300,0.0,0.0
2000-06-20 00:00:00-04:00,11.738112297058107,12.101146697998049,11.496089363098145,12.101146697998047,33700,0.0,0.0
2000-06-21 00:00:00-04:00,12.101145464964587,12.101145464964587,11.375076737066712,11.980134010314941,36300,0.0,0.0
2000-06-22 00:00:00-04:00,11.677607048998823,11.980135729024699,10.891032480931544,11.012043952941895,35600,0.0,0.0
2000-06-23 00:00:00-04:00,11.617100715637209,11.617100715637209,11.133054852485659,11.617100715637207,74100,0.0,0.0
2000-06-26 00:00:00-04:00,11.496089381875152,11.677606582641602,11.254066447519884,11.677606582641602,56600,0.0,0.0
2000-06-27 00:00:00-04:00,11.677606846736028,11.79861831665039,11.37507817195012,11.79861831665039,70400,0.0,0.0
2000-06-28 00:00:00-04:00,11.859123229980469,13.795306614467075,11.859123229980469,13.129743576049805,34700,0.0,0.0
2000-06-29 00:00:00-04:00,13.37176649911063,13.674295152936661,12.34316907610212,13.129743576049805,69000,0.0,0.0
2000-06-30 00:00:00-04:00,12.706203296266754,13.190249136124535,10.527997016906738,10.527997016906738,306800,0.0,0.0
2000-07-03 00:00:00-04:00,11.012043373069572,12.282663762269907,10.527997510517062,12.040640830993652,34400,0.0,0.0
2000-07-05 00:00:00-04:00,11.798618160076996,12.161652565002443,11.556595223460032,12.161652565002441,10200,0.0,0.0
2000-07-06 00:00:00-04:00,12.4036740126768,12.88771982780565,11.859122470656843,12.766708374023438,13200,0.0,0.0
2000-07-07 00:00:00-04:00,13.129743271267293,13.553283376792043,11.738111495971681,11.73811149597168,37400,0.0,0.0
2000-07-10 00:00:00-04:00,12.070894353529987,12.887721790986904,11.375078388288909,12.343170166015625,51300,0.0,0.0
2000-07-11 00:00:00-04:00,12.222156832003481,13.06923700847897,12.222156832003481,12.766708374023438,30100,0.0,0.0
2000-07-12 00:00:00-04:00,12.948226112543152,13.069237571538881,12.887720383045286,13.008731842041016,5400,0.0,0.0
2000-07-13 00:00:00-04:00,13.129743161602555,13.129743161602555,12.887720246181308,12.948225975036621,107400,0.0,0.0
2000-07-14 00:00:00-04:00,12.948226383754184,13.19024930681501,12.70620346069336,13.129743576049805,46900,0.0,0.0
2000-07-17 00:00:00-04:00,12.917973651798494,13.190249443054201,12.585192129152631,13.1902494430542,4600,0.0,0.0
2000-07-18 00:00:00-04:00,13.069237980273886,13.190249443054201,12.827215054713259,13.1902494430542,6000,0.0,0.0
2000-07-19 00:00:00-04:00,12.827213672491219,12.827213672491219,12.585190773010252,12.585190773010254,140400,0.0,0.0
2000-07-20 00:00:00-04:00,13.069236864362445,13.069236864362445,12.403673875899543,12.706202507019043,24800,0.0,0.0
2000-07-21 00:00:00-04:00,12.827213816665576,12.827213816665576,12.645696640014648,12.645696640014648,4700,0.0,0.0
2000-07-24 00:00:00-04:00,12.585193110447305,12.645698846555224,12.343170166015625,12.343170166015625,2800,0.0,0.0
2000-07-25 00:00:00-04:00,12.766708774843078,12.766708774843078,12.161651486935824,12.524685859680176,18100,0.0,0.0
2000-07-26 00:00:00-04:00,12.343168149675643,12.706202507019045,12.343168149675643,12.706202507019043,25000,0.0,0.0
2000-07-27 00:00:00-04:00,12.46417932326977,12.585190773010252,12.222156423788803,12.585190773010254,47600,0.0,0.0
2000-07-28 00:00:00-04:00,12.464179906952246,12.58519136235955,12.101145540730338,12.11627197265625,4500,0.0,0.0
2000-07-31 00:00:00-04:00,12.101145244780042,12.706202507019045,12.101145244780042,12.706202507019043,13700,0.0,0.0
2000-08-01 00:00:00-04:00,12.706202647132331,12.766708374023438,12.585191193350118,12.766708374023438,244800,0.0,0.0
2000-08-02 00:00:00-04:00,12.827214100914544,13.190248462261183,12.766708374023438,12.766708374023438,45700,0.0,0.0
2000-08-03 00:00:00-04:00,12.524685603267743,12.887719968579852,12.524685603267743,12.827214241027832,27700,0.0,0.0
2000-08-04 00:00:00-04:00,12.94822569613187,13.008731423683887,12.766708513475816,12.827214241027832,12100,0.0,0.0
2000-08-07 00:00:00-04:00,13.008731423683887,13.008731423683887,12.827214241027834,12.827214241027832,31100,0.0,0.0
2000-08-08 00:00:00-04:00,12.706202365564959,12.827213816665576,12.58519091446434,12.645696640014648,37600,0.0,0.0
2000-08-09 00:00:00-04:00,12.585190773010252,12.706202222750736,12.403673598399529,12.585190773010254,73300,0.0,0.0
2000-08-10 00:00:00-04:00,12.101144974048319,12.706202222750736,12.101144974048319,12.585190773010254,76200,0.0,0.0
2000-08-11 00:00:00-04:00,12.46417932326977,12.645696497880493,12.101144974048319,12.585190773010254,7300,0.0,0.0
2000-08-14 00:00:00-04:00,12.161651352076854,12.645697177035137,12.161651352076854,12.464179992675781,8400,0.0,0.0
2000-08-15 00:00:00-04:00,12.403675501619407,12.585192704082129,12.161652565002443,12.161652565002441,29500,0.0,0.0
2000-08-16 00:00:00-04:00,12.524687240863669,12.524687240863669,12.22215856354812,12.28266429901123,13400,0.0,0.0
2000-08-17 00:00:00-04:00,12.524685556238348,12.524685556238348,11.919628282990118,11.980134010314941,17100,0.0,0.0
2000-08-18 00:00:00-04:00,12.343168778852982,12.645697425393497,11.314571380615234,11.314571380615234,56400,0.0,0.0
2000-08-21 00:00:00-04:00,11.193560967078577,12.101146991436298,11.133055232121395,11.79861831665039,29900,0.0,0.0
2000-08-22 00:00:00-04:00,12.0406409841745,12.0406409841745,11.375077914697519,11.677606582641602,28700,0.0,0.0
2000-08-23 00:00:00-04:00,12.161651019046182,12.161651019046182,11.496088027954103,11.496088027954102,6300,0.0,0.0
2000-08-24 00:00:00-04:00,11.70785944943601,11.85912378340805,10.709514845220536,11.677606582641602,25300,0.0,0.0
2000-08-25 00:00:00-04:00,11.980134973975376,11.980134973975376,11.435583384249224,11.556594848632812,19800,0.0,0.0
2000-08-28 00:00:00-04:00,11.375077896118166,12.101146697998049,11.375077896118166,12.101146697998047,16000,0.0,0.0
2000-08-29 00:00:00-04:00,12.101145464964587,12.16165119228941,11.798616828340473,11.980134010314941,6500,0.0,0.0
2000-08-30 00:00:00-04:00,11.980134010314941,12.055766169470969,11.73811110101565,11.980134010314941,104500,0.0,0.0
2000-08-31 00:00:00-04:00,12.403673737813412,12.645696640014648,12.161650835612175,12.645696640014648,57400,0.0,0.0
2000-09-01 00:00:00-04:00,12.706202507019045,12.706202507019045,12.585191054571244,12.706202507019043,202000,0.0,0.0
2000-09-05 00:00:00-04:00,12.46417946336372,12.766708091115268,12.403673737813412,12.645696640014648,68400,0.0,0.0
2000-09-06 00:00:00-04:00,12.766708091115268,12.948225267766196,12.645696640014648,12.645696640014648,287400,0.0,0.0
2000-09-07 00:00:00-04:00,12.645696780795143,12.706202507019045,12.524685328347344,12.706202507019043,99200,0.0,0.0
2000-09-08 00:00:00-04:00,12.706202507019045,12.887719685690746,12.585191054571244,12.706202507019043,124200,0.0,0.0
2000-09-11 00:00:00-04:00,12.706202365564959,12.706202365564959,12.58519091446434,12.645696640014648,234100,0.0,0.0
2000-09-12 00:00:00-04:00,12.645696640014648,12.706202365564959,12.58519091446434,12.645696640014648,106000,0.0,0.0
2000-09-13 00:00:00-04:00,12.922056583696573,12.922056583696573,12.633550032474206,12.69428825378418,31900,0.05,0.0
2000-09-14 00:00:00-04:00,12.694288594382149,12.876503263201032,12.694288594382149,12.755026817321777,53800,0.0,0.0
2000-09-15 00:00:00-04:00,12.755026129575878,12.755026129575878,12.52725780583345,12.633549690246582,45100,0.0,0.0
2000-09-18 00:00:00-04:00,12.755026129575878,12.755026129575878,12.390596811587995,12.633549690246582,107800,0.0,0.0
2000-09-19 00:00:00-04:00,12.451335565716612,12.5120737879884,12.269120898901248,12.390597343444824,3800,0.0,0.0
2000-09-20 00:00:00-04:00,12.390597958870122,12.451336184158702,12.208383283004386,12.329859733581543,41200,0.0,0.0
2000-09-21 00:00:00-04:00,12.329859050352184,12.3905972722751,12.208382606506348,12.208382606506348,3400,0.0,0.0
2000-09-22 00:00:00-04:00,12.026167493600113,12.633549690246584,12.026167493600113,12.633549690246582,84400,0.0,0.0
2000-09-25 00:00:00-04:00,12.572811310834222,12.572811310834222,12.14764377858379,12.269120216369629,37600,0.0,0.0
2000-09-26 00:00:00-04:00,12.269120216369629,12.269120216369629,11.783214465226276,12.269120216369629,28300,0.0,0.0
2000-09-27 00:00:00-04:00,12.02616665840149,12.26911952018738,12.02616665840149,12.147643089294434,8800,0.0,0.0
2000-09-28 00:00:00-04:00,12.208382606506348,12.208382606506348,12.026167940737597,12.208382606506348,20400,0.0,0.0
2000-09-29 00:00:00-04:00,12.02616665840149,12.147643089294435,11.904690227508546,12.147643089294434,31700,0.0,0.0
2000-10-02 00:00:00-04:00,12.147643089294435,12.208381304740907,11.904690227508546,12.147643089294434,24800,0.0,0.0
2000-10-03 00:00:00-04:00,12.010983654003047,12.208382879669342,11.965429986541594,12.086906433105469,11300,0.0,0.0
2000-10-04 00:00:00-04:00,12.026167940737597,12.208382606506348,12.026167940737597,12.208382606506348,6300,0.0,0.0
2000-10-05 00:00:00-04:00,12.147643089294435,12.208381304740907,12.02616665840149,12.147643089294434,27900,0.0,0.0
2000-10-06 00:00:00-04:00,12.026168209823531,12.147644656387405,12.026168209823531,12.086906433105469,20100,0.0,0.0
2000-10-09 00:00:00-04:00,12.086906162660513,12.208382606506348,12.026167940737597,12.208382606506348,15400,0.0,0.0
2000-10-10 00:00:00-04:00,12.086906091131345,12.147644312694819,12.026167869567871,12.026167869567871,9000,0.0,0.0
2000-10-11 00:00:00-04:00,11.661738609200095,12.208382606506348,11.661738609200095,12.208382606506348,12800,0.0,0.0
2000-10-12 00:00:00-04:00,12.086904873847962,12.147643089294435,11.783213796615602,12.147643089294434,14900,0.0,0.0
2000-10-13 00:00:00-04:00,11.783215018442101,12.20838257065393,11.783215018442101,12.11727523803711,21700,0.0,0.0
2000-10-16 00:00:00-04:00,11.904692649841309,11.904692649841309,11.904692649841309,11.904692649841309,1200,0.0,0.0
2000-10-17 00:00:00-04:00,11.78321476083584,11.904691201669198,10.568450352502248,11.479523658752441,26100,0.0,0.0
2000-10-18 00:00:00-04:00,10.568450855564425,11.661738875105573,10.568450855564425,11.236571311950684,8500,0.0,0.0
2000-10-19 00:00:00-04:00,11.783214963000754,11.904691405918289,11.175832748413088,11.175832748413086,64500,0.0,0.0
2000-10-20 00:00:00-04:00,11.661738655783912,11.661738655783912,10.689927101135252,10.689927101135254,27700,0.0,0.0
2000-10-23 00:00:00-04:00,10.659557301422645,10.87214106526868,10.568449974060057,10.568449974060059,15900,0.0,0.0
2000-10-24 00:00:00-04:00,10.583635761294254,11.05435700749242,10.446974754333496,10.446974754333496,18700,0.0,0.0
2000-10-25 00:00:00-04:00,10.32549845118101,10.446974903547845,8.898150135870694,8.928519248962402,137300,0.0,0.0
2000-10-26 00:00:00-04:00,8.867780343417463,9.47516255872003,8.38187457117541,8.807042121887207,61000,0.0,0.0
2000-10-27 00:00:00-04:00,8.837412135701785,8.837412135701785,8.381875427675919,8.624828338623047,8600,0.0,0.0
2000-10-30 00:00:00-05:00,8.746303670546588,8.746303670546588,8.078183251268724,8.260397911071777,187400,0.0,0.0
2000-10-31 00:00:00-05:00,8.503350257873535,8.68556490625654,8.260397393362863,8.503350257873535,67800,0.0,0.0
2000-11-01 00:00:00-05:00,8.41224454154431,8.624828338623047,8.260398972202355,8.624828338623047,16300,0.0,0.0
2000-11-02 00:00:00-05:00,8.609641199762171,8.624825752142703,8.017443656921387,8.017443656921387,14400,0.0,0.0
2000-11-03 00:00:00-05:00,8.032629082884107,8.655195798192706,7.895968096596854,8.503350257873535,55200,0.0,0.0
2000-11-06 00:00:00-05:00,8.503350681728786,9.110732873280844,8.260397805107965,8.74630355834961,57700,0.0,0.0
2000-11-07 00:00:00-05:00,9.049994120726716,9.049994120726716,8.807041258425327,8.989255905151367,56600,0.0,0.0
2000-11-08 00:00:00-05:00,8.98925770504374,9.04999593278052,8.503351883149483,8.624828338623047,102600,0.0,0.0
2000-11-09 00:00:00-05:00,8.503350790809183,8.624827230677885,7.531539271859562,8.260397911071777,19200,0.0,0.0
2000-11-10 00:00:00-05:00,8.199659530933086,8.199659530933086,7.774491999699519,7.895968437194824,26100,0.0,0.0
2000-11-13 00:00:00-05:00,7.531538956253618,8.321135782312465,7.531538956253618,8.19965934753418,23800,0.0,0.0
2000-11-14 00:00:00-05:00,8.321135602256124,8.50335025048071,7.288585928983466,7.835229873657227,275400,0.0,0.0
2000-11-15 00:00:00-05:00,7.592277867453439,8.01744542803083,7.592277867453439,7.653016090393066,64400,0.0,0.0
2000-11-16 00:00:00-05:00,7.65301616074609,7.65301616074609,7.288586819758181,7.41006326675415,112000,0.0,0.0
2000-11-17 00:00:00-05:00,7.77449239095052,7.77449239095052,7.288586616516112,7.288586616516113,86500,0.0,0.0
2000-11-20 00:00:00-05:00,7.37969373646429,7.37969373646429,7.0456335261716685,7.167109966278076,58500,0.0,0.0
2000-11-21 00:00:00-05:00,7.167110237581977,7.288586682286756,6.80268090346764,7.045633792877197,66400,0.0,0.0
2000-11-22 00:00:00-05:00,6.924157285690307,7.410063060124715,6.802680842081705,7.288586616516113,15100,0.0,0.0
2000-11-24 00:00:00-05:00,7.531537980744333,8.017443656921387,7.531537980744333,8.017443656921387,8600,0.0,0.0
2000-11-27 00:00:00-05:00,7.653016367266255,8.078183943225492,7.531539916992187,7.5315399169921875,86400,0.0,0.0
2000-11-28 00:00:00-05:00,7.501170392831166,7.592277725537618,7.167110172907511,7.288586616516113,8900,0.0,0.0
2000-11-29 00:00:00-05:00,7.106372015229588,7.106372015229588,6.80268090346764,7.045633792877197,163800,0.0,0.0
2000-11-30 00:00:00-05:00,7.394878210192141,7.394878210192141,6.802680571182914,6.9848952293396,77500,0.0,0.0
2000-12-01 00:00:00-05:00,7.410063126991536,7.410063126991536,7.045633792877198,7.045633792877197,87200,0.0,0.0
2000-12-04 00:00:00-05:00,7.167110237581977,7.167110237581977,6.80268090346764,7.045633792877197,242300,0.0,0.0
2000-12-05 00:00:00-05:00,6.802680701540228,6.924157142639161,6.802680701540228,6.92415714263916,107800,0.0,0.0
2000-12-06 00:00:00-05:00,6.893787994384765,6.908972549438476,6.8026806640625,6.833049774169922,46700,0.0,0.0
2000-12-07 00:00:00-05:00,6.924157415117536,6.924157415117536,6.620466300419399,6.802680969238281,103000,0.0,0.0
2000-12-08 00:00:00-05:00,6.620465965958329,7.04563350505657,6.559727746087152,6.741942405700684,108000,0.0,0.0
2000-12-11 00:00:00-05:00,6.863419484488571,9.596639633178711,6.802681258962124,9.596639633178711,332500,0.0,0.0
2000-12-12 00:00:00-05:00,9.596638246016068,9.596638246016068,8.381873911077326,8.685564994812012,53200,0.0,0.0
2000-12-13 00:00:00-05:00,8.795508516751804,8.978748277517466,7.757149872413049,7.940389633178711,87800,0.05,0.0
2000-12-14 00:00:00-05:00,7.818230879934211,8.12363052368164,7.818230879934211,8.12363052368164,30300,0.0,0.0
2000-12-15 00:00:00-05:00,7.696071843154558,8.367951131049004,7.604451940259861,8.001471519470215,19300,0.0,0.0
2000-12-18 00:00:00-05:00,8.30687074258294,8.67335033416748,8.30687074258294,8.67335033416748,13600,0.0,0.0
2000-12-19 00:00:00-05:00,8.795510292053223,9.589549415641361,8.429030696551004,8.795510292053223,24900,0.0,0.0
2000-12-20 00:00:00-05:00,8.856589722989211,8.856589722989211,8.184710502624512,8.184710502624512,38900,0.0,0.0
2000-12-21 00:00:00-05:00,8.184710479551747,8.245790408503625,7.573911190032959,7.573911190032959,42200,0.0,0.0
2000-12-22 00:00:00-05:00,7.573911190032959,8.00147069269611,7.451751332129202,7.573911190032959,113700,0.0,0.0
2000-12-26 00:00:00-05:00,7.757150702178479,7.9403904825449,7.757150702178479,7.818230628967285,112000,0.0,0.0
2000-12-27 00:00:00-05:00,7.848770892442163,8.184710502624512,7.818230927880131,8.184710502624512,16500,0.0,0.0
2000-12-28 00:00:00-05:00,8.169440557430317,9.406309127807617,8.062550680977957,9.406309127807617,46800,0.0,0.0
2000-12-29 00:00:00-05:00,9.391038706014445,11.483026190118476,9.100909054934325,11.116546630859375,104500,0.0,0.0
2001-01-02 00:00:00-05:00,11.177627014559368,11.177627014559368,10.20034814989844,10.50574779510498,47100,0.0,0.0
2001-01-03 00:00:00-05:00,10.261428451538086,10.99438762664795,10.261428451538086,10.99438762664795,80400,0.0,0.0
2001-01-04 00:00:00-05:00,10.566827241887045,11.055466651916504,10.505747315633363,11.055466651916504,81000,0.0,0.0
2001-01-05 00:00:00-05:00,11.02492697749819,11.02492697749819,10.017108167920792,10.261427879333496,18400,0.0,0.0
2001-01-08 00:00:00-05:00,10.5057491109341,10.5057491109341,9.65062999725342,9.650629997253418,52400,0.0,0.0
2001-01-09 00:00:00-05:00,9.89494789838791,9.89494789838791,9.772788047790527,9.772788047790527,25000,0.0,0.0
2001-01-10 00:00:00-05:00,9.742247422536215,10.078186988830566,9.711707461964,10.078186988830566,21200,0.0,0.0
2001-01-11 00:00:00-05:00,10.32250738679693,10.87222671508789,10.261427461431268,10.87222671508789,18000,0.0,0.0
2001-01-12 00:00:00-05:00,10.75006775936838,10.872227620270293,10.75006775936838,10.811147689819336,5900,0.0,0.0
2001-01-16 00:00:00-05:00,10.856957387092502,10.872227369352828,10.50574779510498,10.50574779510498,31500,0.0,0.0
2001-01-17 00:00:00-05:00,10.872228491646904,10.872228491646904,10.68898868560791,10.68898868560791,34200,0.0,0.0
2001-01-18 00:00:00-05:00,10.84168675240506,10.933306640453553,10.750066864356565,10.87222671508789,27400,0.0,0.0
2001-01-19 00:00:00-05:00,10.750067612220501,10.87222747145028,10.383588034531167,10.627907752990723,30300,0.0,0.0
2001-01-22 00:00:00-05:00,10.750067612220501,10.750067612220501,10.13926831607161,10.627907752990723,48000,0.0,0.0
2001-01-23 00:00:00-05:00,10.139268454858811,10.811147689819336,10.139268454858811,10.811147689819336,23500,0.0,0.0
2001-01-24 00:00:00-05:00,10.811147689819336,10.872227620270293,10.139268454858811,10.811147689819336,35500,0.0,0.0
2001-01-25 00:00:00-05:00,10.261428078939748,10.81114744031152,10.261428078939748,10.50574779510498,22400,0.0,0.0
2001-01-26 00:00:00-05:00,10.200348245686499,10.87222747145028,10.200348245686499,10.627907752990723,72000,0.0,0.0
2001-01-29 00:00:00-05:00,10.56682881491525,10.750068620954242,10.56682881491525,10.68898868560791,13400,0.0,0.0
2001-01-30 00:00:00-05:00,10.627907602410568,10.87222731740851,10.44466781616211,10.44466781616211,28500,0.0,0.0
2001-01-31 00:00:00-05:00,10.505747990174727,11.055467361753637,10.322508199648423,10.750067710876465,223300,0.0,0.0
2001-02-01 00:00:00-05:00,10.750067977217942,13.559744834899904,10.750067977217942,13.559744834899902,558100,0.0,0.0
2001-02-02 00:00:00-05:00,13.620823673903944,15.8807809650898,13.193264186382295,15.63646125793457,242400,0.0,0.0
2001-02-05 00:00:00-05:00,15.086741607666015,15.269981384277342,14.292702575683593,15.269981384277344,110500,0.0,0.0
2001-02-06 00:00:00-05:00,14.445403403990259,15.025662737342932,13.437584561851404,14.231623649597168,46000,0.0,0.0
2001-02-07 00:00:00-05:00,13.956763719257555,14.414863184878701,13.681904039884868,13.926223754882812,60000,0.0,0.0
2001-02-08 00:00:00-05:00,13.681903990354833,13.865143775939941,13.681903990354833,13.865143775939941,25300,0.0,0.0
2001-02-09 00:00:00-05:00,13.300154485200581,13.926223754882812,13.269614520825838,13.926223754882812,36200,0.0,0.0
2001-02-12 00:00:00-05:00,13.804063897383841,14.598102971127158,13.804063897383841,13.926223754882812,104300,0.0,0.0
2001-02-13 00:00:00-05:00,14.109462547302247,14.964581489562988,14.048382622855051,14.964581489562988,45100,0.0,0.0
2001-02-14 00:00:00-05:00,14.90350332338948,14.90350332338948,14.292704006857123,14.781343460083008,66700,0.0,0.0
2001-02-15 00:00:00-05:00,14.65918270158179,14.90350241327482,14.41486298988876,14.842422485351562,79500,0.0,0.0
2001-02-16 00:00:00-05:00,14.842423149302036,14.842423149302036,14.475943565368652,14.475943565368652,19400,0.0,0.0
2001-02-20 00:00:00-05:00,14.44540238174899,14.598102195509549,14.109462791475757,14.17054271697998,48100,0.0,0.0
2001-02-21 00:00:00-05:00,14.170542935712623,14.170542935712623,13.315423965454103,13.315423965454102,15200,0.0,0.0
2001-02-22 00:00:00-05:00,13.19326339114187,13.208533371918655,12.826783852499041,13.040563583374023,35000,0.0,0.0
2001-02-23 00:00:00-05:00,12.887863835084787,12.887863835084787,12.582464218139648,12.582464218139648,63600,0.0,0.0
2001-02-26 00:00:00-05:00,12.704624504878604,14.17054271697998,12.704624504878604,14.17054271697998,32500,0.0,0.0
2001-02-27 00:00:00-05:00,14.170543469880757,14.170543469880757,13.437584324886924,13.926223754882812,6700,0.0,0.0
2001-02-28 00:00:00-05:00,14.109463064637902,14.109463064637902,12.826784604216273,13.376503944396973,140900,0.0,0.0
2001-03-01 00:00:00-05:00,13.43758371141222,13.43758371141222,12.582464747958714,13.19326400756836,32900,0.0,0.0
2001-03-02 00:00:00-05:00,13.193266130680412,13.68190561700191,13.193266130680412,13.498665809631348,100400,0.0,0.0
2001-03-05 00:00:00-05:00,13.559745047856303,14.170544374336318,13.498665115208302,14.155274391174316,51700,0.0,0.0
2001-03-06 00:00:00-05:00,14.17054271697998,14.231622642484204,13.987302940467309,14.17054271697998,157100,0.0,0.0
2001-03-07 00:00:00-05:00,14.140003946763052,14.964583010613165,13.987304120124142,14.475943565368652,368900,0.0,0.0
2001-03-08 00:00:00-05:00,14.842423391736244,14.90350332338948,14.35378393851036,14.781343460083008,45800,0.0,0.0
2001-03-09 00:00:00-05:00,14.750802491215747,15.02566216496511,14.414862889966528,14.72026252746582,35800,0.0,0.0
2001-03-12 00:00:00-05:00,14.720262306811764,15.575381278991701,14.720262306811764,15.5753812789917,223900,0.0,0.0
2001-03-13 00:00:00-05:00,15.636460995585502,16.430500030517578,15.269981441001466,16.430500030517578,301100,0.0,0.0
2001-03-14 00:00:00-05:00,16.41824606513235,16.41824606513235,15.131741709282426,15.744362831115723,389900,0.05,0.0
2001-03-15 00:00:00-05:00,15.560579358166411,16.050676345825195,15.560579358166411,16.050676345825195,44800,0.0,0.0
2001-03-16 00:00:00-05:00,15.928150992239676,16.05067523064152,14.886694965824004,15.193005561828613,127800,0.0,0.0
2001-03-19 00:00:00-05:00,15.866888786252604,15.866888786252604,14.457860052338281,14.76417064666748,63800,0.0,0.0
2001-03-20 00:00:00-05:00,14.886694999330073,15.805626789412177,14.886694999330073,15.376791954040527,34500,0.0,0.0
2001-03-21 00:00:00-05:00,15.805625855453371,15.805625855453371,15.193004698265256,15.560577392578125,7300,0.0,0.0
2001-03-22 00:00:00-05:00,15.667787869097824,15.683103399761654,14.212812456034,14.457860946655273,49500,0.0,0.0
2001-03-23 00:00:00-05:00,14.473175422141427,14.702908365350021,13.96776294708252,13.96776294708252,186900,0.0,0.0
2001-03-26 00:00:00-05:00,14.335335576856458,14.335335576856458,13.600190162658691,13.600190162658691,153300,0.0,0.0
2001-03-27 00:00:00-05:00,13.538928985595703,13.722715351916007,12.74252139820772,13.538928985595703,158700,0.0,0.0
2001-03-28 00:00:00-05:00,13.538928985595703,13.538928985595703,13.171356252955094,13.538928985595703,188100,0.0,0.0
2001-03-29 00:00:00-05:00,13.661452528871134,14.886694908142088,13.110093458199206,14.88669490814209,44200,0.0,0.0
2001-03-30 00:00:00-05:00,14.641647465527058,15.744365684688091,14.580385342240334,15.683103561401367,19900,0.0,0.0
2001-04-02 00:00:00-04:00,15.683102515435989,15.989413111440598,15.193005561828613,15.193005561828613,35100,0.0,0.0
2001-04-03 00:00:00-04:00,15.376792786485058,15.438054909140378,14.457860946655275,14.457860946655273,39000,0.0,0.0
2001-04-04 00:00:00-04:00,14.457860075397255,14.886694908142088,14.457860075397255,14.88669490814209,43700,0.0,0.0
2001-04-05 00:00:00-04:00,14.886694999330073,15.376791954040527,14.825432879991267,15.376791954040527,94800,0.0,0.0
2001-04-06 00:00:00-04:00,13.967761626610388,15.928149223327635,13.906499514212975,15.928149223327637,63400,0.0,0.0
2001-04-09 00:00:00-04:00,15.790923022314464,18.123783488917407,15.790923022314464,17.55527114868164,493400,0.0,0.0
2001-04-10 00:00:00-04:00,17.87873780445362,18.22180606817501,17.76111557490846,17.89834213256836,792000,0.0,0.0
2001-04-11 00:00:00-04:00,18.31002325435097,18.31002325435097,17.584679956918915,17.84933090209961,706700,0.0,0.0
2001-04-12 00:00:00-04:00,17.64348916682967,18.182595032432026,17.34943176187773,18.035566329956055,316800,0.0,0.0
2001-04-16 00:00:00-04:00,18.192398822901453,18.57467572702739,18.113983383260255,18.476655960083008,474100,0.0,0.0
2001-04-17 00:00:00-04:00,18.623683978984882,19.025563325807784,18.38843766886207,18.868732452392578,785900,0.0,0.0
2001-04-18 00:00:00-04:00,19.456849682141286,19.75090711025565,19.12358359984019,19.65288734436035,1244700,0.0,0.0
2001-04-19 00:00:00-04:00,19.839128193620127,19.84893035888672,19.211804573133122,19.35883331298828,166200,0.0,0.0
2001-04-20 00:00:00-04:00,19.30982358377178,19.358832538572365,19.103981860551404,19.260812759399414,129200,0.0,0.0
2001-04-23 00:00:00-04:00,19.182392901833587,19.58427222147563,19.172590739211667,19.466650009155273,85000,0.0,0.0
2001-04-24 00:00:00-04:00,19.60387877262749,20.584072711258866,19.525463332319845,20.564468383789062,725200,0.0,0.0
2001-04-25 00:00:00-04:00,20.731101428139258,20.87813014501965,20.270410950028275,20.564468383789062,430900,0.0,0.0
2001-04-26 00:00:00-04:00,20.56446878366961,21.613276019268014,20.486053341837156,21.289812088012695,526200,0.0,0.0
2001-04-27 00:00:00-04:00,21.50545509320992,21.63287947999065,21.270208777142134,21.564266204833984,68300,0.0,0.0
2001-04-30 00:00:00-04:00,21.84852338199153,22.054363207870654,21.534859757039502,21.809314727783203,743200,0.0,0.0
2001-05-01 00:00:00-04:00,21.995551477658296,22.279806734389844,21.799511951271963,22.260202407836914,1120100,0.0,0.0
2001-05-02 00:00:00-04:00,22.60326988521701,22.60326988521701,20.750704088317793,20.927139282226562,87600,0.0,0.0
2001-05-03 00:00:00-04:00,19.790116674931056,20.191996050976766,18.045370744352695,19.378435134887695,267100,0.0,0.0
2001-05-04 00:00:00-04:00,19.231406303466603,19.652888135512065,18.976555649708107,19.319622039794922,30800,0.0,0.0
2001-05-07 00:00:00-04:00,19.162789212710308,20.995752553286323,18.731505260457123,20.927139282226562,248000,0.0,0.0
2001-05-08 00:00:00-04:00,21.07417029420854,21.172190064840112,20.48605353999072,20.544864654541016,241700,0.0,0.0
2001-05-09 00:00:00-04:00,20.584072446238903,20.68209221275435,20.250806361829312,20.388032913208008,133600,0.0,0.0
2001-05-10 00:00:00-04:00,20.290015123931806,20.87812998700219,19.358830141451104,20.015560150146484,190100,0.0,0.0
2001-05-11 00:00:00-04:00,19.86853234992481,19.897936972690367,18.19239967813733,19.30982208251953,538000,0.0,0.0
2001-05-14 00:00:00-04:00,19.309823174059805,20.084175486995317,19.06477466611271,19.643089294433594,94300,0.0,0.0
2001-05-15 00:00:00-04:00,19.6430874275671,20.789912540977102,19.60387877262749,20.564468383789062,129900,0.0,0.0
2001-05-16 00:00:00-04:00,20.78011333842999,20.82912229010746,20.48605401965018,20.652687072753906,168700,0.0,0.0
2001-05-17 00:00:00-04:00,20.691893642607777,21.662285370599392,20.53506276957306,21.58386993408203,131700,0.0,0.0
2001-05-18 00:00:00-04:00,21.652482790912885,21.760304715139902,21.34862321394845,21.53485870361328,49800,0.0,0.0
2001-05-21 00:00:00-04:00,21.50545538675898,21.51525755042538,20.397835196886184,21.123178482055664,124100,0.0,0.0
2001-05-22 00:00:00-04:00,20.584072403884942,20.927140651197334,19.75090719457529,20.14298439025879,265300,0.0,0.0
2001-05-23 00:00:00-04:00,20.427240655033163,20.58407152662267,19.211800465428784,19.554868698120117,123500,0.0,0.0
2001-05-24 00:00:00-04:00,19.67249162787066,19.701898118445563,19.221603323151346,19.407838821411133,177400,0.0,0.0
2001-05-25 00:00:00-04:00,19.30982174542525,19.603879185377263,18.721704995949608,19.319622039794922,255600,0.0,0.0
2001-05-29 00:00:00-04:00,19.113779962493705,19.505857126271607,18.966751259773417,19.084373474121094,233400,0.0,0.0
2001-05-30 00:00:00-04:00,19.01576347777881,19.211803028202265,19.01576347777881,19.162792205810547,99900,0.0,0.0
2001-05-31 00:00:00-04:00,19.192196832576442,19.505858587089275,19.1235835574732,19.407838821411133,78300,0.0,0.0
2001-06-01 00:00:00-04:00,19.358831560888955,21.642683513289445,19.309822608563483,21.07417106628418,229100,0.0,0.0
2001-06-04 00:00:00-04:00,21.093773186912895,21.436841425993343,20.84872471179422,21.08397102355957,325900,0.0,0.0
2001-06-05 00:00:00-04:00,21.211395663513308,21.211395663513308,20.829120635986328,20.829120635986328,136000,0.0,0.0
2001-06-06 00:00:00-04:00,21.083972142066706,21.56426695443043,21.074169978193375,21.417238235473633,514300,0.0,0.0
2001-06-07 00:00:00-04:00,21.505456854603707,21.505456854603707,20.68209374614354,20.77031135559082,63100,0.0,0.0
2001-06-08 00:00:00-04:00,20.682091549494192,20.78011131286621,20.5350628392219,20.78011131286621,35600,0.0,0.0
2001-06-11 00:00:00-04:00,20.780112598777084,20.780112598777084,19.015762357613973,19.692096710205078,321500,0.0,0.0
2001-06-12 00:00:00-04:00,19.113781722238194,19.358830205856634,18.623684755001317,18.966753005981445,83500,0.0,0.0
2001-06-13 00:00:00-04:00,19.2222616047502,19.2222616047502,18.681759073776256,18.721067428588867,164500,0.05,0.0
2001-06-14 00:00:00-04:00,18.71124376992412,18.71124376992412,17.846437377511105,18.01350212097168,117300,0.0,0.0
2001-06-15 00:00:00-04:00,17.905399064021992,17.964364408349834,16.65732926638795,17.13886833190918,295300,0.0,0.0
2001-06-18 00:00:00-04:00,16.961976254698083,17.00128461031464,15.930105209350586,15.930105209350586,317900,0.0,0.0
2001-06-19 00:00:00-04:00,16.80473935010582,17.345241900712498,16.018551606732963,17.05042266845703,64600,0.0,0.0
2001-06-20 00:00:00-04:00,16.765427501933445,18.13142789477757,16.765427501933445,17.98401641845703,257400,0.0,0.0
2001-06-21 00:00:00-04:00,17.699028790617774,18.573660918370827,16.70646782991089,17.29610824584961,319400,0.0,0.0
2001-06-22 00:00:00-04:00,17.22731633865664,17.22731633865664,16.0185528909091,16.0382080078125,22900,0.0,0.0
2001-06-25 00:00:00-04:00,16.03820730736288,16.647502783852246,15.713905390280729,15.723732948303223,380100,0.0,0.0
2001-06-26 00:00:00-04:00,15.566496767536728,15.763044191767229,14.495317241752327,15.733561515808105,353200,0.0,0.0
2001-06-27 00:00:00-04:00,15.546840895308415,15.772869110107422,15.2815033850136,15.772869110107422,114600,0.0,0.0
2001-06-28 00:00:00-04:00,15.713904773799753,15.812178475754225,14.88840867644613,15.428912162780762,101400,0.0,0.0
2001-06-29 00:00:00-04:00,15.478048903750247,15.822005920938798,15.173401179622605,15.763042449951172,143200,0.0,0.0
2001-07-02 00:00:00-04:00,15.586149246237255,15.635286096931058,14.986682291953795,15.232365608215332,111600,0.0,0.0
2001-07-03 00:00:00-04:00,16.71629303346251,17.423860308240652,16.40181868911667,17.197832107543945,415000,0.0,0.0
2001-07-05 00:00:00-04:00,17.531962972064,17.934883492349886,17.335415553888648,17.640064239501953,344200,0.0,0.0
2001-07-06 00:00:00-04:00,18.101946761484296,18.62279606514713,17.856263445977948,18.445903778076172,1802600,0.0,0.0
2001-07-09 00:00:00-04:00,18.426248726255174,18.426248726255174,17.718681449956357,18.278839111328125,239200,0.0,0.0
2001-07-10 00:00:00-04:00,18.180565665719946,18.219875896608258,17.807127844355854,18.15108299255371,45300,0.0,0.0
2001-07-11 00:00:00-04:00,17.60075404150526,18.15108418932212,17.60075404150526,18.01350212097168,28600,0.0,0.0
2001-07-12 00:00:00-04:00,18.259183821914682,18.426248550415043,17.944709479893987,18.42624855041504,104900,0.0,0.0
2001-07-13 00:00:00-04:00,18.082293847483044,19.998624691467256,18.082293847483044,19.97896957397461,308800,0.0,0.0
2001-07-16 00:00:00-04:00,19.65466382587616,19.65466382587616,18.976577399047287,19.084678649902344,358500,0.0,0.0
2001-07-17 00:00:00-04:00,19.055197976491243,19.163299238676064,18.229701859333538,18.563831329345703,51900,0.0,0.0
2001-07-18 00:00:00-04:00,18.20022153592426,18.671933079655957,18.20022153592426,18.475385665893555,44400,0.0,0.0
2001-07-19 00:00:00-04:00,18.770205793986033,18.770205793986033,18.377112861662678,18.465559005737305,49400,0.0,0.0
2001-07-20 00:00:00-04:00,18.426250379428296,18.60314268297723,18.38694014556626,18.59331512451172,112400,0.0,0.0
2001-07-23 00:00:00-04:00,18.416420628397333,18.662103937539904,18.28866613238575,18.53434944152832,77200,0.0,0.0
2001-07-24 00:00:00-04:00,18.39676433084677,18.563829045297624,18.259182286386583,18.318145751953125,84000,0.0,0.0
2001-07-25 00:00:00-04:00,18.2395283922522,18.288666178854502,16.912838144628417,17.472997665405273,57900,0.0,0.0
2001-07-26 00:00:00-04:00,17.305934041877013,18.22970199584961,17.296106483930707,18.22970199584961,34800,0.0,0.0
2001-07-27 00:00:00-04:00,18.337802582415954,18.337802582415954,17.934882093555036,18.278839111328125,32100,0.0,0.0
2001-07-30 00:00:00-04:00,18.170740912526636,18.170740912526636,17.20766260009818,17.39438247680664,48900,0.0,0.0
2001-07-31 00:00:00-04:00,17.561443008690492,17.561443008690492,16.65732839486487,17.14869499206543,75600,0.0,0.0
2001-08-01 00:00:00-04:00,17.1781776803962,17.974193005118448,17.011112943969742,17.689199447631836,134000,0.0,0.0
2001-08-02 00:00:00-04:00,17.463170901171534,17.463170901171534,16.559056205192853,16.903013229370117,76300,0.0,0.0
2001-08-03 00:00:00-04:00,17.197831348825986,17.73833387002314,16.755600650090226,17.414031982421875,51100,0.0,0.0
2001-08-06 00:00:00-04:00,17.394380758239148,17.541790383427937,16.706466674804688,16.706466674804688,26600,0.0,0.0
2001-08-07 00:00:00-04:00,16.706465616973947,16.7556015307873,16.37233615468127,16.509918212890625,84800,0.0,0.0
2001-08-08 00:00:00-04:00,16.411645493647367,16.922665342554247,16.136479517762996,16.519744873046875,92200,0.0,0.0
2001-08-09 00:00:00-04:00,16.46078257768679,16.647502427284806,15.045647055021133,15.301156997680664,228000,0.0,0.0
2001-08-10 00:00:00-04:00,15.42891229871566,15.497704265572867,12.48071246059646,13.836884498596191,621300,0.0,0.0
2001-08-13 00:00:00-04:00,13.85653875743661,14.180840644604887,13.748437503575563,14.033430099487305,75800,0.0,0.0
2001-08-14 00:00:00-04:00,14.347906199545461,14.682034726016191,14.10222288063001,14.544452667236328,65700,0.0,0.0
2001-08-15 00:00:00-04:00,14.603416816222866,14.79996423023677,14.514971604565643,14.672208786010742,65300,0.0,0.0
2001-08-16 00:00:00-04:00,14.8392729248301,15.134092159500144,14.5542803106969,14.740999221801758,44800,0.0,0.0
2001-08-17 00:00:00-04:00,14.642725255691898,15.035819123535171,14.642725255691898,14.691862106323242,36700,0.0,0.0
2001-08-20 00:00:00-04:00,14.996510179141712,14.996510179141712,14.18084162620246,14.397042274475098,65400,0.0,0.0
2001-08-21 00:00:00-04:00,14.397041816754848,14.613243395361357,14.200495353115961,14.30859661102295,22200,0.0,0.0
2001-08-22 00:00:00-04:00,14.54445301253212,14.93754595724616,14.377388276726775,14.790136337280273,39700,0.0,0.0
2001-08-23 00:00:00-04:00,14.888408685519757,15.06530097426262,14.682034661055578,14.711517333984375,27000,0.0,0.0
2001-08-24 00:00:00-04:00,15.330639484239931,15.822006122360346,15.163574752302392,15.625458717346191,38600,0.0,0.0
2001-08-27 00:00:00-04:00,15.841661982453276,16.352681885565918,15.723733159018016,16.12665367126465,89300,0.0,0.0
2001-08-28 00:00:00-04:00,16.087345800071002,17.05042403535626,15.920281055222326,16.0382080078125,139300,0.0,0.0
2001-08-29 00:00:00-04:00,16.794910766988956,16.794910766988956,16.21509802112874,16.500091552734375,35100,0.0,0.0
2001-08-30 00:00:00-04:00,16.43129896066299,16.43129896066299,16.205270767211914,16.205270767211914,61300,0.0,0.0
2001-08-31 00:00:00-04:00,16.1168270656564,16.509920042981644,16.1168270656564,16.490266799926758,28900,0.0,0.0
2001-09-04 00:00:00-04:00,16.490264356768993,16.99145853150865,16.17578814708566,16.74577522277832,32300,0.0,0.0
2001-09-05 00:00:00-04:00,16.90301367295476,16.90301367295476,16.460782933919273,16.62784767150879,38900,0.0,0.0
2001-09-06 00:00:00-04:00,16.706464823544763,16.706464823544763,16.17578798237185,16.18561553955078,14700,0.0,0.0
2001-09-07 00:00:00-04:00,16.126652729454133,16.126652729454133,15.134091906827727,15.232365608215332,32800,0.0,0.0
2001-09-10 00:00:00-04:00,15.232366134380472,15.252021250219922,14.151359130605952,14.249632835388184,88900,0.0,0.0
2001-09-17 00:00:00-04:00,14.013776365142803,14.495315432548523,13.758265495300293,13.758265495300293,21900,0.0,0.0
2001-09-18 00:00:00-04:00,13.709129250091792,14.04325871966946,13.414309074746349,13.512582778930664,34700,0.0,0.0
2001-09-19 00:00:00-04:00,13.807403507274971,13.807403507274971,12.185892946535843,13.070353507995605,33900,0.0,0.0
2001-09-20 00:00:00-04:00,12.72639545902681,12.72639545902681,10.819893357564233,10.908339500427246,79200,0.0,0.0
2001-09-21 00:00:00-04:00,11.14419584022226,11.340742313984796,7.272226558270224,7.586700916290283,554100,0.0,0.0
2001-09-24 00:00:00-04:00,7.861866205423584,8.64805301340744,7.7144561203511435,7.901175498962402,389100,0.0,0.0
2001-09-25 00:00:00-04:00,7.911003016695584,7.911003016695584,7.370499530360951,7.714456081390381,201500,0.0,0.0
2001-09-26 00:00:00-04:00,7.960139964367085,8.048585172551505,7.5867007358905445,7.911003112792969,158300,0.0,0.0
2001-09-27 00:00:00-04:00,7.861866314361575,8.087894521039871,7.517909756829006,7.83238410949707,224000,0.0,0.0
2001-09-28 00:00:00-04:00,7.881521168641872,8.500642295624095,7.812729203371373,7.8716936111450195,360500,0.0,0.0
2001-10-01 00:00:00-04:00,8.441678367863595,8.579260416538329,8.304095381981444,8.323750495910645,47700,0.0,0.0
2001-10-02 00:00:00-04:00,8.6873620999124,9.552167474364186,8.598915957256002,9.473548889160156,43200,0.0,0.0
2001-10-03 00:00:00-04:00,9.434239166854493,10.102497110651429,9.434239166854493,9.748713493347168,43800,0.0,0.0
2001-10-04 00:00:00-04:00,9.630785921224426,10.122152540294984,9.532512222527334,9.984569549560547,145600,0.0,0.0
2001-10-05 00:00:00-04:00,10.023879728738542,10.61352009869097,9.82733325115691,10.515246391296387,45400,0.0,0.0
2001-10-08 00:00:00-04:00,10.515245834843157,12.097447004364197,10.416973069856574,11.488151550292969,63100,0.0,0.0
2001-10-09 00:00:00-04:00,10.908339724730086,11.399706362110583,8.982182468710226,9.335966110229492,212900,0.0,0.0
2001-10-10 00:00:00-04:00,9.827332286653434,9.886296692744628,9.679922677236608,9.788022994995117,66300,0.0,0.0
2001-10-11 00:00:00-04:00,9.689750041918987,11.193332672119142,9.630786568503792,11.19333267211914,511200,0.0,0.0
2001-10-12 00:00:00-04:00,10.800238487885242,11.792799322455002,9.837160326411011,10.957475662231445,68900,0.0,0.0
2001-10-15 00:00:00-04:00,10.318699267212834,10.810065898984874,9.827332635440793,10.210598945617676,55000,0.0,0.0
2001-10-16 00:00:00-04:00,10.810065393354074,10.810065393354074,9.84698728998755,10.122152328491211,94900,0.0,0.0
2001-10-17 00:00:00-04:00,10.574210043925849,11.743662204473273,10.161462002036766,10.908339500427246,47200,0.0,0.0
2001-10-18 00:00:00-04:00,10.800238895114953,11.301433110146926,10.711792746908426,11.036094665527344,27900,0.0,0.0
2001-10-19 00:00:00-04:00,10.85920256166346,11.527460532006819,10.534900665283201,10.534900665283203,33900,0.0,0.0
2001-10-22 00:00:00-04:00,10.662656604075561,11.193332544814357,10.397318165102412,10.810066223144531,37700,0.0,0.0
2001-10-23 00:00:00-04:00,10.544728106850977,11.055749884715206,9.97474285443782,10.328527450561523,197000,0.0,0.0
2001-10-24 00:00:00-04:00,10.073016022583465,10.466108955898852,9.43423977164409,9.866641998291016,140800,0.0,0.0
2001-10-25 00:00:00-04:00,9.827332175776432,10.819892950459634,9.679922568022757,10.122152328491211,43700,0.0,0.0
2001-10-26 00:00:00-04:00,9.97474228893121,10.220425605773924,9.53251250605582,10.220425605773926,241700,0.0,0.0
2001-10-29 00:00:00-05:00,9.434240670206421,9.876470496608192,9.434240670206421,9.679924011230469,145400,0.0,0.0
2001-10-30 00:00:00-05:00,9.434240173856029,9.80767800782276,8.992009433513154,9.404757499694824,144200,0.0,0.0
2001-10-31 00:00:00-05:00,9.679923486236172,9.679923486236172,9.296657157630527,9.581649780273438,52400,0.0,0.0
2001-11-01 00:00:00-05:00,9.345792770327137,9.827331803782714,9.286828367133188,9.699576377868652,42600,0.0,0.0
2001-11-02 00:00:00-05:00,9.630786840170307,9.67992369420737,9.483376278059119,9.620959281921387,15500,0.0,0.0
2001-11-05 00:00:00-05:00,9.23769276935928,9.797851395194234,9.23769276935928,9.7683687210083,85900,0.0,0.0
2001-11-06 00:00:00-05:00,9.699578272862064,9.729060011615148,9.385103893608951,9.512859344482422,399700,0.0,0.0
2001-11-07 00:00:00-05:00,9.365446938266695,9.581648500175914,9.168900489807129,9.168900489807129,85000,0.0,0.0
2001-11-08 00:00:00-05:00,9.581649353138896,9.581649353138896,8.648052936941218,8.785634994506836,167000,0.0,0.0
2001-11-09 00:00:00-05:00,8.933045873163953,8.942873431122592,7.960140128239121,8.304096221923828,233000,0.0,0.0
2001-11-12 00:00:00-05:00,8.343404974751262,8.7954623022105,8.107549222304907,8.736498832702637,81700,0.0,0.0
2001-11-13 00:00:00-05:00,8.746325989145774,9.748714404321035,8.205823424280787,9.561994552612305,101000,0.0,0.0
2001-11-14 00:00:00-05:00,9.630786207675897,10.593864359839747,9.630786207675897,10.220425605773926,76800,0.0,0.0
2001-11-15 00:00:00-05:00,10.348180518674502,10.505417683533736,10.073015480170842,10.122152328491211,20500,0.0,0.0
2001-11-16 00:00:00-05:00,10.082843811244608,10.810066223144531,10.082843811244608,10.810066223144531,58100,0.0,0.0
2001-11-19 00:00:00-05:00,10.66265601876997,11.05574893951416,10.171289399236008,11.05574893951416,29200,0.0,0.0
2001-11-20 00:00:00-05:00,10.613519751983404,11.036094430677952,10.613519751983404,10.810066223144531,25200,0.0,0.0
2001-11-21 00:00:00-05:00,10.662657139464324,10.908340475053755,10.662657139464324,10.73144817352295,26900,0.0,0.0
2001-11-23 00:00:00-05:00,10.613519230043437,10.937821125813011,10.59386411529015,10.7117919921875,28200,0.0,0.0
2001-11-26 00:00:00-05:00,10.61351907731282,11.0066119946473,10.584037342814595,10.85920238494873,84100,0.0,0.0
2001-11-27 00:00:00-05:00,10.957475924484049,11.54711627960205,10.957475924484049,11.54711627960205,53200,0.0,0.0
2001-11-28 00:00:00-05:00,11.566771042424714,11.940208860432746,11.11471370055409,11.301432609558105,117200,0.0,0.0
2001-11-29 00:00:00-05:00,11.212987061840158,11.596253395080566,11.203159503683537,11.596253395080566,42300,0.0,0.0
2001-11-30 00:00:00-05:00,11.507806167706804,12.372611523091617,11.468496875971468,12.284165382385254,72500,0.0,0.0
2001-12-03 00:00:00-05:00,12.352956892027596,12.775532497624651,12.166237983279757,12.195719718933105,63100,0.0,0.0
2001-12-04 00:00:00-05:00,12.185892375783695,12.775532722473145,12.185892375783695,12.775532722473145,13300,0.0,0.0
2001-12-05 00:00:00-05:00,12.637950078084183,13.758266393211857,12.549504867096426,13.748438835144043,74400,0.0,0.0
2001-12-06 00:00:00-05:00,13.758266710189512,13.836885302128277,13.050698445533081,13.807403564453125,56100,0.0,0.0
2001-12-07 00:00:00-05:00,13.7091294695671,13.91550350189209,13.640338437861276,13.91550350189209,155500,0.0,0.0
2001-12-10 00:00:00-05:00,13.90567570899214,13.974467676743506,13.610856471114145,13.689475059509277,72300,0.0,0.0
2001-12-11 00:00:00-05:00,13.758266710189512,14.003950044300039,13.335691075612992,13.807403564453125,33800,0.0,0.0
2001-12-12 00:00:00-05:00,13.817264760450493,13.817264760450493,13.590428379642958,13.70877742767334,93400,0.05,0.0
2001-12-13 00:00:00-05:00,13.511529509579761,13.856714951071094,13.511529509579761,13.807402610778809,21900,0.0,0.0
2001-12-14 00:00:00-05:00,13.610153691258668,13.846851787319432,13.610153691258668,13.70877742767334,46300,0.0,0.0
2001-12-17 00:00:00-05:00,13.767952574287651,14.349836105624004,13.738365547091377,14.339973449707031,163600,0.0,0.0
2001-12-18 00:00:00-05:00,14.389286260613908,15.898238805427491,14.359699232447367,15.493878364562988,152000,0.0,0.0
2001-12-19 00:00:00-05:00,14.754195691829063,14.793645375207431,13.698915956041752,13.718640327453613,264000,0.0,0.0
2001-12-20 00:00:00-05:00,13.708777300797875,14.201898799971246,13.708777300797875,14.132862091064453,229900,0.0,0.0
2001-12-21 00:00:00-05:00,14.241348414219217,14.251211069888656,13.215655738462885,13.856714248657227,189900,0.0,0.0
2001-12-24 00:00:00-05:00,14.093413146398762,14.65557138390216,13.836989727674357,14.28079891204834,18700,0.0,0.0
2001-12-26 00:00:00-05:00,14.300522804260254,14.448458870841117,14.004649730543955,14.300522804260254,15600,0.0,0.0
2001-12-27 00:00:00-05:00,14.458322039879022,14.468184695482774,13.856714156369243,14.399147987365723,46300,0.0,0.0
2001-12-28 00:00:00-05:00,13.915888761277639,14.399148558943951,13.432629904165971,13.797539710998535,79700,0.0,0.0
2001-12-31 00:00:00-05:00,13.669328105487061,13.92575151992599,13.176206588745115,13.176206588745117,53300,0.0,0.0
2002-01-02 00:00:00-05:00,13.205794801025876,13.215656516721449,12.71267327516978,13.18606948852539,74500,0.0,0.0
2002-01-03 00:00:00-05:00,13.19593181053661,14.88240742386999,13.176206498535747,14.85282039642334,113000,0.0,0.0
2002-01-04 00:00:00-05:00,14.941580977919392,15.079655335633229,14.448459481083047,14.793644905090332,61500,0.0,0.0
2002-01-07 00:00:00-05:00,14.783783372734694,14.793646029153923,14.448460578918457,14.448460578918457,42500,0.0,0.0
2002-01-08 00:00:00-05:00,14.448459481083047,14.813370216430002,14.034237348496148,14.793644905090332,47500,0.0,0.0
2002-01-09 00:00:00-05:00,14.793645354242654,14.842957693534391,14.69502067565918,14.69502067565918,33700,0.0,0.0
2002-01-10 00:00:00-05:00,14.695019936629924,14.842956947065215,13.067719405723881,13.72850227355957,41100,0.0,0.0
2002-01-11 00:00:00-05:00,13.807401910864643,13.906026586449807,13.610153500248929,13.856714248657227,31400,0.0,0.0
2002-01-14 00:00:00-05:00,13.620017195643594,13.80740296489453,12.860609581108147,13.117033004760742,52100,0.0,0.0
2002-01-15 00:00:00-05:00,13.314280255601737,13.590428027177447,13.117031847333372,13.264967918395996,32200,0.0,0.0
2002-01-16 00:00:00-05:00,13.264968162442749,13.334005812022772,12.821159000535149,13.27483081817627,73900,0.0,0.0
2002-01-17 00:00:00-05:00,12.969095668846137,14.04410073865991,12.969095668846137,13.925751686096191,44200,0.0,0.0
2002-01-18 00:00:00-05:00,14.034238205218964,14.044100861490865,13.324143883626101,13.343868255615234,26100,0.0,0.0
2002-01-22 00:00:00-05:00,13.235382255675184,13.679191455134577,12.890196800231934,12.890196800231934,101500,0.0,0.0
2002-01-23 00:00:00-05:00,12.82115900404193,14.744332666537295,12.82115900404193,14.251211166381836,72400,0.0,0.0
2002-01-24 00:00:00-05:00,14.448459408642535,14.547084083737174,13.51152875746191,13.58056640625,21700,0.0,0.0
2002-01-25 00:00:00-05:00,13.708777688150546,13.955338444704006,13.580566922430833,13.797539710998535,47300,0.0,0.0
2002-01-28 00:00:00-05:00,13.422766805285635,14.793644905090334,13.422766805285635,14.793644905090332,84700,0.0,0.0
2002-01-29 00:00:00-05:00,14.793645654405868,14.793645654405868,13.62001684633372,13.807402610778809,27400,0.0,0.0
2002-01-30 00:00:00-05:00,12.377350049389765,12.535148781594618,11.65739215801183,12.229413032531738,281700,0.0,0.0
2002-01-31 00:00:00-05:00,12.209688774486107,13.610153946620605,12.130789407652161,12.702810287475586,104600,0.0,0.0
2002-02-01 00:00:00-05:00,12.594323730805174,12.742259806572424,11.775741164488544,12.032164573669434,39500,0.0,0.0
2002-02-04 00:00:00-05:00,12.032164219172781,12.19982560173176,11.588355064392092,11.58835506439209,60300,0.0,0.0
2002-02-05 00:00:00-05:00,11.58835560908091,12.209688831200317,11.58835560908091,11.884228706359863,35700,0.0,0.0
2002-02-06 00:00:00-05:00,11.805329530680115,12.475974162763837,11.588355797081581,11.696842193603516,82600,0.0,0.0
2002-02-07 00:00:00-05:00,11.736291509952512,11.736291509952512,11.124820953119228,11.134683609008789,45600,0.0,0.0
2002-02-08 00:00:00-05:00,11.243170325207238,12.002577920541931,11.075508932485413,11.539043426513672,84800,0.0,0.0
2002-02-11 00:00:00-05:00,11.193859647376517,11.884229634579073,11.174134333758435,11.686981201171875,56700,0.0,0.0
2002-02-12 00:00:00-05:00,11.686980408106098,11.73629180769564,11.341794967651369,11.341794967651367,45800,0.0,0.0
2002-02-13 00:00:00-05:00,11.48973038974989,11.884228147764086,11.440418992983394,11.58835506439209,75200,0.0,0.0
2002-02-14 00:00:00-05:00,11.588355504824353,12.02230202052267,11.351657405352542,11.450281143188477,70600,0.0,0.0
2002-02-15 00:00:00-05:00,11.53904346404829,11.933541247258328,11.53904346404829,11.736291885375977,54300,0.0,0.0
2002-02-19 00:00:00-05:00,11.686979895314883,11.834915968701809,11.28261947631836,11.28261947631836,114800,0.0,0.0
2002-02-20 00:00:00-05:00,11.341795005827603,11.88422886813029,11.341795005827603,11.539043426513672,79500,0.0,0.0
2002-02-21 00:00:00-05:00,11.588355759129673,11.834916519962219,11.312207970352526,11.499593734741211,307900,0.0,0.0
2002-02-22 00:00:00-05:00,11.509456789115934,11.509456789115934,10.848673851978333,11.04592227935791,90000,0.0,0.0
2002-02-25 00:00:00-05:00,11.045921136029275,11.341794216751092,10.888122410458864,11.19385814666748,59900,0.0,0.0
2002-02-26 00:00:00-05:00,11.391107218561508,11.489730957522662,10.897985702091786,10.907848358154297,50000,0.0,0.0
2002-02-27 00:00:00-05:00,11.430557158746456,11.430557158746456,10.848673605766592,10.996609687805176,251400,0.0,0.0
2002-02-28 00:00:00-05:00,11.095234136882393,11.223445844219594,10.85853603436202,10.986747741699219,231200,0.0,0.0
2002-03-01 00:00:00-05:00,10.986748392701516,12.328038660347644,10.858536677767335,12.150514602661133,91100,0.0,0.0
2002-03-04 00:00:00-05:00,11.864503473247966,12.485836699502725,11.864503473247966,12.278725624084473,215300,0.0,0.0
2002-03-05 00:00:00-05:00,12.485836245050981,12.82115901595706,12.160376129890288,12.377349853515625,130800,0.0,0.0
2002-03-06 00:00:00-05:00,12.62391035638516,13.264967918395994,12.62391035638516,13.264967918395996,59200,0.0,0.0
2002-03-07 00:00:00-05:00,12.929645271501625,13.698915481567383,12.929645271501625,13.698915481567383,30200,0.0,0.0
2002-03-08 00:00:00-05:00,13.728503000141053,13.994788128130375,13.501666615023455,13.797539710998535,174300,0.0,0.0
2002-03-11 00:00:00-05:00,13.807402571976668,13.93561428015444,13.403043075714669,13.610154151916504,85200,0.0,0.0
2002-03-12 00:00:00-05:00,13.51152871464937,13.659465726822575,13.36359264303077,13.4622163772583,70400,0.0,0.0
2002-03-13 00:00:00-05:00,13.699785207737627,13.699785207737627,13.214749691686405,13.571102142333984,38400,0.05,0.0
2002-03-14 00:00:00-05:00,13.571103532751248,13.660191890543752,13.56120461654928,13.590900421142578,22100,0.0,0.0
2002-03-15 00:00:00-05:00,13.640393619074162,14.254112243652346,13.452318937353661,14.254112243652344,53000,0.0,0.0
2002-03-18 00:00:00-05:00,14.26401089494284,14.452086517187176,13.88786059446673,14.412491798400879,69400,0.0,0.0
2002-03-19 00:00:00-05:00,14.264010938117226,14.798540115356444,14.105632062492651,14.798540115356445,46300,0.0,0.0
2002-03-20 00:00:00-05:00,14.689655674986936,14.689655674986936,13.214751135331774,13.808671951293945,184800,0.0,0.0
2002-03-21 00:00:00-05:00,13.561203956604004,13.907658454712115,13.521609237735582,13.561203956604004,71700,0.0,0.0
2002-03-22 00:00:00-05:00,13.462217638398435,13.462217638398435,12.917789545666778,13.006877899169922,113000,0.0,0.0
2002-03-25 00:00:00-05:00,13.006877492992103,14.254111571049881,12.967282775339674,13.670089721679688,33700,0.0,0.0
2002-03-26 00:00:00-05:00,13.897760169861776,14.699554443359377,13.561204572196427,14.699554443359375,56600,0.0,0.0
2002-03-27 00:00:00-05:00,14.105632045413946,14.996513691729803,14.095733129696255,14.669857025146484,88400,0.0,0.0
2002-03-28 00:00:00-05:00,14.72924887379833,16.332836327185998,14.27390915661325,16.085369110107422,132600,0.0,0.0
2002-04-01 00:00:00-05:00,16.184357258175538,16.184357258175538,15.125196869322805,15.44195556640625,148200,0.0,0.0
2002-04-02 00:00:00-05:00,15.402360624085008,15.788408894042975,15.392461708441841,15.432056427001953,44100,0.0,0.0
2002-04-03 00:00:00-05:00,15.580537160843543,15.887396008949729,15.372664642056648,15.808207511901855,251500,0.0,0.0
2002-04-04 00:00:00-05:00,15.639929286000145,15.77851033206043,15.135095905033912,15.23408317565918,40500,0.0,0.0
2002-04-05 00:00:00-05:00,15.531043640177469,15.531043640177469,15.046008074056232,15.471652030944824,365900,0.0,0.0
2002-04-08 00:00:00-04:00,15.273677336712023,15.540941447209141,14.848033410202213,14.996513366699219,46000,0.0,0.0
2002-04-09 00:00:00-04:00,15.13509534046215,15.521144548685136,14.640160893823085,14.867831230163574,32900,0.0,0.0
2002-04-10 00:00:00-04:00,14.848033825695243,15.996281623840332,14.551072960378825,15.996281623840332,288400,0.0,0.0
2002-04-11 00:00:00-04:00,15.837901722301137,16.332836151123047,15.54094087620549,16.332836151123047,101900,0.0,0.0
2002-04-12 00:00:00-04:00,16.17445907807478,17.124732380510032,16.065572887494614,16.926759719848633,51800,0.0,0.0
2002-04-15 00:00:00-04:00,16.788175893120687,17.332604929217304,16.62979701775352,16.887163162231445,140100,0.0,0.0
2002-04-16 00:00:00-04:00,16.827772809363147,17.01584844587957,16.728785532879485,16.85746955871582,111800,0.0,0.0
2002-04-17 00:00:00-04:00,16.728785352989952,16.877265322106158,16.3724338047161,16.421926498413086,118600,0.0,0.0
2002-04-18 00:00:00-04:00,16.53081160093982,16.708986419323953,16.085369834916698,16.629796981811523,33100,0.0,0.0
2002-04-19 00:00:00-04:00,16.69908828454469,16.77827771680704,16.580303192138672,16.580303192138672,18100,0.0,0.0
2002-04-22 00:00:00-04:00,16.738683499250524,16.778279162806662,16.14476176208455,16.30314064025879,11500,0.0,0.0
2002-04-23 00:00:00-04:00,16.26354694902607,16.778279249772915,16.085370238150222,16.392229080200195,34700,0.0,0.0
2002-04-24 00:00:00-04:00,16.04577344354946,16.708985660610686,15.144993868750843,15.659725189208984,133300,0.0,0.0
2002-04-25 00:00:00-04:00,15.649828350031184,15.649828350031184,15.046007692722963,15.283576011657715,63600,0.0,0.0
2002-04-26 00:00:00-04:00,15.34296867151259,15.580536992121377,13.957152523948748,14.818338394165039,77100,0.0,0.0
2002-04-29 00:00:00-04:00,14.818337914309907,15.09550094604492,14.610465404505508,15.095500946044922,112500,0.0,0.0
2002-04-30 00:00:00-04:00,14.907426181632779,15.095500858935965,14.659958954437109,15.006412506103516,100800,0.0,0.0
2002-05-01 00:00:00-04:00,15.095500622491526,15.194487889424355,14.749046132239163,14.867831230163574,50800,0.0,0.0
2002-05-02 00:00:00-04:00,14.84803429791392,15.214285697314285,14.669857584254922,15.16479206085205,189100,0.0,0.0
2002-05-03 00:00:00-04:00,15.253879365219298,16.48131655592845,15.253879365219298,15.926990509033203,146700,0.0,0.0
2002-05-06 00:00:00-04:00,15.847801490975252,16.22395084640764,15.491448078862906,15.81810474395752,112100,0.0,0.0
2002-05-07 00:00:00-04:00,15.501347823919785,15.95668852909535,15.20438694594175,15.342968940734863,96700,0.0,0.0
2002-05-08 00:00:00-04:00,15.303373325985662,15.837902497516337,15.303373325985662,15.72901725769043,35700,0.0,0.0
2002-05-09 00:00:00-04:00,15.56073979338126,15.837902828557494,15.342968365165072,15.402360916137695,73200,0.0,0.0
2002-05-10 00:00:00-04:00,15.342967433209989,15.600333565104256,14.610464698445547,15.105399131774902,66500,0.0,0.0
2002-05-13 00:00:00-04:00,15.05590617740687,15.689422620431777,15.05590617740687,15.263778686523438,59500,0.0,0.0
2002-05-14 00:00:00-04:00,15.35286560729437,16.60999946038998,15.35286560729437,16.13486099243164,75100,0.0,0.0
2002-05-15 00:00:00-04:00,16.085369693986596,16.332836920047928,15.719118312697331,16.025978088378906,38900,0.0,0.0
2002-05-16 00:00:00-04:00,16.085369311598388,16.332836531776824,15.540941238403322,15.54094123840332,45600,0.0,0.0
2002-05-17 00:00:00-04:00,15.719118410410315,15.897294172353515,15.58053642311,15.689422607421875,31000,0.0,0.0
2002-05-20 00:00:00-04:00,15.441955892761557,15.8181052604766,15.342968620828595,15.798308372497559,14000,0.0,0.0
2002-05-21 00:00:00-04:00,15.92699098526252,15.92699098526252,15.09550094604492,15.095500946044922,22900,0.0,0.0
2002-05-22 00:00:00-04:00,14.848033477440614,15.095500702064625,13.600798438772593,14.956918716430664,116300,0.0,0.0
2002-05-23 00:00:00-04:00,14.976717095431088,15.323170656171747,14.74904674956144,15.194488525390625,37800,0.0,0.0
2002-05-24 00:00:00-04:00,14.96681753196024,15.34296782415655,14.739148139953613,14.739148139953613,21900,0.0,0.0
2002-05-28 00:00:00-04:00,14.739147982988712,15.125196242543073,14.511477649394125,15.1152982711792,53300,0.0,0.0
2002-05-29 00:00:00-04:00,14.699554042994556,15.808207135452864,14.699554042994556,15.065805435180664,38800,0.0,0.0
2002-05-30 00:00:00-04:00,15.19448810823257,15.62013109654311,14.362998074863059,14.877729415893555,51800,0.0,0.0
2002-05-31 00:00:00-04:00,15.481549224403752,16.085368885811242,14.937121165619947,16.075469970703125,132500,0.0,0.0
2002-06-03 00:00:00-04:00,15.976483214137692,16.07547048033196,14.580768236071206,14.650059700012207,69100,0.0,0.0
2002-06-04 00:00:00-04:00,14.590667638413363,14.90742633439838,14.353099324434021,14.501579284667969,69600,0.0,0.0
2002-06-05 00:00:00-04:00,14.412492028383694,15.135095893767497,14.402593112526022,14.55107307434082,53300,0.0,0.0
2002-06-06 00:00:00-04:00,14.551072868571874,15.036108410588005,14.551072868571874,14.669857025146484,60900,0.0,0.0
2002-06-07 00:00:00-04:00,14.650060038786268,15.085601943285125,14.155125584394925,15.006412506103516,50700,0.0,0.0
2002-06-10 00:00:00-04:00,15.095501254314678,15.768612432000932,15.065805450596926,15.194488525390625,61200,0.0,0.0
2002-06-11 00:00:00-04:00,15.234082849000774,15.907193065176607,14.333301348861145,14.452086448669434,50500,0.0,0.0
2002-06-12 00:00:00-04:00,14.650740342371641,14.849394259257565,14.501750141521347,14.839461326599121,21800,0.05,0.0
2002-06-13 00:00:00-04:00,14.650739669799806,14.84939357756612,14.501749475789207,14.650739669799805,42000,0.0,0.0
2002-06-14 00:00:00-04:00,14.51168219495171,14.928855895996094,14.462019425939864,14.928855895996094,42800,0.0,0.0
2002-06-17 00:00:00-04:00,14.710336651667658,15.226836823654327,14.710336651667658,14.938788414001465,33100,0.0,0.0
2002-06-18 00:00:00-04:00,14.750068014658632,15.117578003696911,14.253432740727455,14.879192352294922,11800,0.0,0.0
2002-06-19 00:00:00-04:00,14.700403479246232,16.041318075839808,14.700403479246232,14.899057388305664,152300,0.0,0.0
2002-06-20 00:00:00-04:00,15.137442537662603,15.38576016832212,14.66067314147949,14.660673141479492,92200,0.0,0.0
2002-06-21 00:00:00-04:00,14.670605600817614,15.127509117126465,14.571278172855179,15.127509117126465,72900,0.0,0.0
2002-06-24 00:00:00-04:00,14.8493936009322,15.425490407989297,14.8493936009322,15.197038650512695,39200,0.0,0.0
2002-06-25 00:00:00-04:00,15.10764434533952,15.306298255920412,15.02818278110716,15.30629825592041,40000,0.0,0.0
2002-06-26 00:00:00-04:00,15.028182852190273,15.395692825317383,14.730201511281203,15.395692825317383,36000,0.0,0.0
2002-06-27 00:00:00-04:00,15.355961886408185,15.485087164393805,13.657469302530494,14.28322982788086,64500,0.0,0.0
2002-06-28 00:00:00-04:00,14.601076802807263,14.899058155365903,12.614535715425143,14.789798736572266,260300,0.0,0.0
2002-07-01 00:00:00-04:00,14.750067362563412,14.948721273902141,12.962180266001699,14.849393844604492,92900,0.0,0.0
2002-07-02 00:00:00-04:00,14.799730291034907,14.799730291034907,13.488613514672613,13.707133293151855,43800,0.0,0.0
2002-07-03 00:00:00-04:00,14.144171808464494,14.144171808464494,12.564871548972848,13.458815574645996,87500,0.0,0.0
2002-07-05 00:00:00-04:00,14.839461456750275,15.087779091849725,14.253432633611117,14.313028335571289,30000,0.0,0.0
2002-07-08 00:00:00-04:00,14.640806948970797,14.640806948970797,13.597872734069822,13.597872734069824,24100,0.0,0.0
2002-07-09 00:00:00-04:00,14.144171828581994,14.144171828581994,13.250228748893948,13.617738723754883,47800,0.0,0.0
2002-07-10 00:00:00-04:00,13.806459657814981,13.806459657814981,12.366217613220213,12.366217613220215,14000,0.0,0.0
2002-07-11 00:00:00-04:00,12.455612340594934,12.882718969295082,12.316554126138548,12.79332447052002,32500,0.0,0.0
2002-07-12 00:00:00-04:00,12.793324876650939,12.793324876650939,11.72059275180891,11.919246673583984,22300,0.0,0.0
2002-07-15 00:00:00-04:00,12.107967018055481,12.107967018055481,10.538599698671081,10.72732162475586,65100,0.0,0.0
2002-07-16 00:00:00-04:00,10.757119298283301,11.214023760187356,10.727321448905542,11.164360046386719,81500,0.0,0.0
2002-07-17 00:00:00-04:00,11.323283491696596,11.561669135203159,10.896177814396186,11.293485641479492,94000,0.0,0.0
2002-07-18 00:00:00-04:00,11.124629270241133,11.33321611050063,9.455935495421723,10.389609336853027,55400,0.0,0.0
2002-07-19 00:00:00-04:00,10.64786006027487,11.015370032813589,10.28035008773615,10.72732162475586,105200,0.0,0.0
2002-07-22 00:00:00-04:00,10.429340809006613,10.856447450021381,9.902907681021942,10.03203296661377,73800,0.0,0.0
2002-07-23 00:00:00-04:00,10.22075405281292,10.49886954515122,9.585060551640181,9.734051704406738,37300,0.0,0.0
2002-07-24 00:00:00-04:00,9.495666478180707,10.369743692086688,8.889770861743346,9.336742401123047,92300,0.0,0.0
2002-07-25 00:00:00-04:00,9.426136736189251,9.585059863254644,7.946163931322086,8.224279403686523,40800,0.0,0.0
2002-07-26 00:00:00-04:00,8.472597692337006,8.641453764927233,7.757443090715929,8.095154762268066,63500,0.0,0.0
2002-07-29 00:00:00-04:00,8.234212543029003,8.234212543029003,7.6978465020656595,7.946164131164551,261900,0.0,0.0
2002-07-30 00:00:00-04:00,7.737577207150991,9.575128022937616,7.737577207150991,9.17781925201416,103100,0.0,0.0
2002-07-31 00:00:00-04:00,9.27714697118063,9.27714697118063,8.393135851853325,8.44279956817627,97600,0.0,0.0
2002-08-01 00:00:00-04:00,8.691116851269173,8.840107046959735,8.144817888309513,8.542126655578613,45300,0.0,0.0
2002-08-02 00:00:00-04:00,8.591789220767584,8.631520001835336,8.2441451232389,8.432866096496582,14000,0.0,0.0
2002-08-05 00:00:00-04:00,8.462665722933622,8.462665722933622,8.095154777933153,8.25407886505127,56600,0.0,0.0
2002-08-06 00:00:00-04:00,8.303740938492878,8.939434391811858,8.194481525827536,8.840106964111328,34100,0.0,0.0
2002-08-07 00:00:00-04:00,8.979165620499558,8.979165620499558,8.34347213553038,8.44279956817627,48200,0.0,0.0
2002-08-08 00:00:00-04:00,8.482530433911494,8.770578854665551,8.442799649919783,8.691117286682129,27500,0.0,0.0
2002-08-09 00:00:00-04:00,8.70105004717842,8.959300611638445,8.661319263973537,8.7407808303833,32500,0.0,0.0
2002-08-12 00:00:00-04:00,8.740780534817503,8.88977072998362,8.740780534817503,8.770578384399414,12000,0.0,0.0
2002-08-13 00:00:00-04:00,8.87983757578125,9.078492427380084,8.840106794912792,8.8897705078125,30300,0.0,0.0
2002-08-14 00:00:00-04:00,8.949367419067642,9.19768504369933,8.949367419067642,9.088424682617188,19800,0.0,0.0
2002-08-15 00:00:00-04:00,9.177819413359506,10.061830520629883,9.088424914648765,10.061830520629883,26200,0.0,0.0
2002-08-16 00:00:00-04:00,9.912839692510707,9.922772625410605,9.416204414595182,9.644657135009766,48900,0.0,0.0
2002-08-19 00:00:00-04:00,9.773782089964792,9.932705221955018,9.644656808408586,9.902907371520996,66700,0.0,0.0
2002-08-20 00:00:00-04:00,9.853243883142584,9.8929746670562,9.70425368028068,9.78371524810791,82800,0.0,0.0
2002-08-21 00:00:00-04:00,9.783715404626054,10.310148536717389,9.783715404626054,10.280350685119629,61700,0.0,0.0
2002-08-22 00:00:00-04:00,10.270417672049476,10.330013374780094,9.843311031034707,10.03203296661377,49700,0.0,0.0
2002-08-23 00:00:00-04:00,10.220753954936216,10.230686887810192,9.932705532387251,10.03203296661377,122600,0.0,0.0
2002-08-26 00:00:00-04:00,10.08169538496012,10.230686531105146,9.863176552891284,10.131359100341797,29100,0.0,0.0
2002-08-27 00:00:00-04:00,9.82344605501755,9.982369191044038,9.396339416503906,9.396339416503906,78600,0.0,0.0
2002-08-28 00:00:00-04:00,9.39633958017608,9.664522140078024,9.098358221307658,9.187752723693848,25500,0.0,0.0
2002-08-29 00:00:00-04:00,9.187752516617087,9.495666801534458,8.919569015502931,8.91956901550293,99300,0.0,0.0
2002-08-30 00:00:00-04:00,8.989098789931667,9.028829574584961,8.939435072300892,9.028829574584961,9100,0.0,0.0
2002-09-03 00:00:00-04:00,8.889770684416915,8.89970361664549,8.45273208618164,8.45273208618164,63600,0.0,0.0
2002-09-04 00:00:00-04:00,8.452732414092514,8.462665346706425,8.045491649488131,8.19448184967041,91100,0.0,0.0
2002-09-05 00:00:00-04:00,8.085222210019646,8.095154195103436,7.7077793063952,7.846837043762207,52900,0.0,0.0
2002-09-06 00:00:00-04:00,7.946164131164552,8.363337823831216,7.946164131164552,7.946164131164551,40600,0.0,0.0
2002-09-09 00:00:00-04:00,8.184549224711068,8.393136081160927,8.065356870633524,8.323607444763184,57300,0.0,0.0
2002-09-10 00:00:00-04:00,8.184548917056501,8.422933616250786,8.095154418044496,8.19448184967041,135400,0.0,0.0
2002-09-11 00:00:00-04:00,8.204415131153878,8.29380963396713,8.095154762268066,8.095154762268066,38700,0.0,0.0
2002-09-12 00:00:00-04:00,8.095154471918454,8.124953269958496,7.44952900382309,8.124953269958496,42700,0.0,0.0
2002-09-13 00:00:00-04:00,7.956097285341978,7.9660302181242635,7.707779649324488,7.7475104331970215,75900,0.0,0.0
2002-09-16 00:00:00-04:00,7.797173378390592,7.966029913841411,7.668048098922974,7.777307987213135,73000,0.0,0.0
2002-09-17 00:00:00-04:00,7.946163992581364,7.946163992581364,7.091951230762948,7.37999963760376,105400,0.0,0.0
2002-09-18 00:00:00-04:00,7.5,7.630000114440918,7.449999809265137,7.590000152587891,120800,0.05,0.0
2002-09-19 00:00:00-04:00,7.590000152587891,7.590000152587891,7.309999942779541,7.400000095367432,57000,0.0,0.0
2002-09-20 00:00:00-04:00,7.639999866485596,7.670000076293945,6.909999847412109,7.119999885559082,141600,0.0,0.0
2002-09-23 00:00:00-04:00,7.190000057220459,7.21999979019165,7.019999980926514,7.150000095367432,32900,0.0,0.0
2002-09-24 00:00:00-04:00,7.190000057220459,7.489999771118164,7.03000020980835,7.190000057220459,47200,0.0,0.0
2002-09-25 00:00:00-04:00,7.199999809265137,7.300000190734863,7.090000152587891,7.150000095367432,93100,0.0,0.0
2002-09-26 00:00:00-04:00,7.139999866485596,7.230000019073486,7.139999866485596,7.179999828338623,26200,0.0,0.0
2002-09-27 00:00:00-04:00,7.170000076293945,7.380000114440918,7.050000190734863,7.119999885559082,34400,0.0,0.0
2002-09-30 00:00:00-04:00,7.170000076293945,7.239999771118164,6.710000038146973,6.960000038146973,34600,0.0,0.0
2002-10-01 00:00:00-04:00,6.949999809265137,7.429999828338623,6.949999809265137,7.300000190734863,88100,0.0,0.0
2002-10-02 00:00:00-04:00,7.300000190734863,8.180000305175781,7.28000020980835,8.170000076293945,36300,0.0,0.0
2002-10-03 00:00:00-04:00,8.140000343322754,8.399999618530273,7.78000020980835,7.78000020980835,25300,0.0,0.0
2002-10-04 00:00:00-04:00,7.769999980926514,7.78000020980835,7.269999980926514,7.329999923706055,16400,0.0,0.0
2002-10-07 00:00:00-04:00,7.369999885559082,7.480000019073486,7.070000171661377,7.130000114440918,19900,0.0,0.0
2002-10-08 00:00:00-04:00,7.130000114440918,7.230000019073486,6.889999866485596,7.03000020980835,57900,0.0,0.0
2002-10-09 00:00:00-04:00,6.920000076293945,7.019999980926514,5.820000171661377,6.099999904632568,47600,0.0,0.0
2002-10-10 00:00:00-04:00,6.110000133514404,6.75,6.099999904632568,6.53000020980835,31700,0.0,0.0
2002-10-11 00:00:00-04:00,6.300000190734863,7.269999980926514,6.300000190734863,7.190000057220459,28500,0.0,0.0
2002-10-14 00:00:00-04:00,7.090000152587891,7.150000095367432,7.0,7.079999923706055,12900,0.0,0.0
2002-10-15 00:00:00-04:00,7.059999942779541,7.429999828338623,7.010000228881836,7.170000076293945,16000,0.0,0.0
2002-10-16 00:00:00-04:00,7.260000228881836,7.440000057220459,6.699999809265137,6.869999885559082,24400,0.0,0.0
2002-10-17 00:00:00-04:00,6.829999923706055,7.150000095367432,6.710000038146973,7.099999904632568,22700,0.0,0.0
2002-10-18 00:00:00-04:00,7.190000057220459,7.400000095367432,6.980000019073486,7.150000095367432,46400,0.0,0.0
2002-10-21 00:00:00-04:00,7.010000228881836,7.170000076293945,6.880000114440918,6.880000114440918,362100,0.0,0.0
2002-10-22 00:00:00-04:00,6.880000114440918,7.059999942779541,6.800000190734863,6.800000190734863,25700,0.0,0.0
2002-10-23 00:00:00-04:00,6.980000019073486,6.980000019073486,6.050000190734863,6.400000095367432,60500,0.0,0.0
2002-10-24 00:00:00-04:00,6.489999771118164,6.489999771118164,5.849999904632568,6.039999961853027,54400,0.0,0.0
2002-10-25 00:00:00-04:00,6.150000095367432,6.199999809265137,5.880000114440918,5.960000038146973,58300,0.0,0.0
2002-10-28 00:00:00-05:00,5.900000095367432,6.119999885559082,5.699999809265137,6.019999980926514,873300,0.0,0.0
2002-10-29 00:00:00-05:00,6.199999809265137,6.21999979019165,5.809999942779541,5.989999771118164,64500,0.0,0.0
2002-10-30 00:00:00-05:00,5.900000095367432,6.119999885559082,5.849999904632568,6.0,28200,0.0,0.0
2002-10-31 00:00:00-05:00,5.920000076293945,6.690000057220459,5.920000076293945,6.349999904632568,68900,0.0,0.0
2002-11-01 00:00:00-05:00,6.400000095367432,6.550000190734863,6.199999809265137,6.550000190734863,75500,0.0,0.0
2002-11-04 00:00:00-05:00,6.599999904632568,6.840000152587891,6.300000190734863,6.53000020980835,32900,0.0,0.0
2002-11-05 00:00:00-05:00,6.71999979019165,6.900000095367432,6.670000076293945,6.900000095367432,117800,0.0,0.0
2002-11-06 00:00:00-05:00,6.929999828338623,7.289999961853027,6.900000095367432,6.980000019073486,79100,0.0,0.0
2002-11-07 00:00:00-05:00,6.949999809265137,7.309999942779541,6.760000228881836,6.960000038146973,54000,0.0,0.0
2002-11-08 00:00:00-05:00,6.800000190734863,7.03000020980835,6.449999809265137,6.809999942779541,61500,0.0,0.0
2002-11-11 00:00:00-05:00,6.820000171661377,7.079999923706055,6.300000190734863,6.929999828338623,85800,0.0,0.0
2002-11-12 00:00:00-05:00,7.0,7.309999942779541,6.550000190734863,7.199999809265137,54800,0.0,0.0
2002-11-13 00:00:00-05:00,7.170000076293945,7.269999980926514,6.699999809265137,6.869999885559082,72000,0.0,0.0
2002-11-14 00:00:00-05:00,6.900000095367432,7.25,6.889999866485596,7.199999809265137,115800,0.0,0.0
2002-11-15 00:00:00-05:00,7.25,7.550000190734863,7.070000171661377,7.320000171661377,55800,0.0,0.0
2002-11-18 00:00:00-05:00,7.320000171661377,7.5,7.300000190734863,7.460000038146973,20500,0.0,0.0
2002-11-19 00:00:00-05:00,7.460000038146973,7.699999809265137,7.449999809265137,7.449999809265137,41300,0.0,0.0
2002-11-20 00:00:00-05:00,7.5,7.769999980926514,7.389999866485596,7.769999980926514,26100,0.0,0.0
2002-11-21 00:00:00-05:00,7.670000076293945,7.789999961853027,7.309999942779541,7.489999771118164,27300,0.0,0.0
2002-11-22 00:00:00-05:00,7.710000038146973,8.020000457763672,7.5,7.599999904632568,93600,0.0,0.0
2002-11-25 00:00:00-05:00,7.420000076293945,8.0,7.420000076293945,7.96999979019165,33800,0.0,0.0
2002-11-26 00:00:00-05:00,7.949999809265137,7.960000038146973,7.170000076293945,7.699999809265137,29700,0.0,0.0
2002-11-27 00:00:00-05:00,7.699999809265137,8.239999771118164,7.699999809265137,8.0,44200,0.0,0.0
2002-11-29 00:00:00-05:00,7.989999771118164,8.0,7.639999866485596,7.659999847412109,32900,0.0,0.0
2002-12-02 00:00:00-05:00,7.650000095367432,8.140000343322754,7.360000133514404,7.920000076293945,27900,0.0,0.0
2002-12-03 00:00:00-05:00,7.900000095367432,8.0,7.760000228881836,7.800000190734863,32600,0.0,0.0
2002-12-04 00:00:00-05:00,7.960000038146973,8.0,7.400000095367432,7.53000020980835,35900,0.0,0.0
2002-12-05 00:00:00-05:00,7.480000019073486,8.0,7.150000095367432,8.0,46800,0.0,0.0
2002-12-06 00:00:00-05:00,7.760000228881836,8.0,7.730000019073486,8.0,58000,0.0,0.0
2002-12-09 00:00:00-05:00,7.989999771118164,8.0,7.949999809265137,7.949999809265137,64500,0.0,0.0
2002-12-10 00:00:00-05:00,7.960000038146973,8.0,7.900000095367432,8.0,149600,0.0,0.0
2002-12-11 00:00:00-05:00,8.0,8.010000228881836,7.949999809265137,8.0,25000,0.0,0.0
2002-12-12 00:00:00-05:00,7.989999771118164,8.0,7.949999809265137,7.980000019073486,29100,0.0,0.0
2002-12-13 00:00:00-05:00,7.960000038146973,8.0,7.889999866485596,7.949999809265137,23500,0.0,0.0
2002-12-16 00:00:00-05:00,8.0,8.0600004196167,7.949999809265137,8.0,69600,0.0,0.0
2002-12-17 00:00:00-05:00,8.100000381469727,8.239999771118164,7.929999828338623,7.949999809265137,25800,0.0,0.0
2002-12-18 00:00:00-05:00,8.050000190734863,8.119999885559082,7.349999904632568,7.800000190734863,127100,0.0,0.0
2002-12-19 00:00:00-05:00,7.849999904632568,8.239999771118164,7.849999904632568,8.1899995803833,131500,0.0,0.0
2002-12-20 00:00:00-05:00,7.989999771118164,8.220000267028809,7.900000095367432,8.079999923706055,47400,0.0,0.0
2002-12-23 00:00:00-05:00,8.1899995803833,8.630000114440918,8.1899995803833,8.399999618530273,38500,0.0,0.0
2002-12-24 00:00:00-05:00,8.460000038146973,8.510000228881836,8.079999923706055,8.109999656677246,11000,0.0,0.0
2002-12-26 00:00:00-05:00,8.069999694824219,8.170000076293945,7.699999809265137,8.0,66000,0.0,0.0
2002-12-27 00:00:00-05:00,7.940000057220459,8.050000190734863,7.5,7.769999980926514,20400,0.0,0.0
2002-12-30 00:00:00-05:00,7.639999866485596,7.639999866485596,7.0,7.510000228881836,58600,0.0,0.0
2002-12-31 00:00:00-05:00,7.510000228881836,7.659999847412109,7.309999942779541,7.409999847412109,42100,0.0,0.0
2003-01-02 00:00:00-05:00,7.639999866485596,7.639999866485596,7.260000228881836,7.400000095367432,21500,0.0,0.0
2003-01-03 00:00:00-05:00,7.480000019073486,7.480000019073486,7.210000038146973,7.329999923706055,56900,0.0,0.0
2003-01-06 00:00:00-05:00,7.340000152587891,7.650000095367432,7.25,7.46999979019165,35800,0.0,0.0
2003-01-07 00:00:00-05:00,7.5,7.550000190734863,7.300000190734863,7.360000133514404,66400,0.0,0.0
2003-01-08 00:00:00-05:00,7.599999904632568,7.599999904632568,7.159999847412109,7.159999847412109,32500,0.0,0.0
2003-01-09 00:00:00-05:00,7.139999866485596,7.159999847412109,6.489999771118164,6.909999847412109,150000,0.0,0.0
2003-01-10 00:00:00-05:00,6.880000114440918,7.099999904632568,6.880000114440918,7.050000190734863,28200,0.0,0.0
2003-01-13 00:00:00-05:00,7.059999942779541,7.130000114440918,6.75,7.019999980926514,65400,0.0,0.0
2003-01-14 00:00:00-05:00,6.96999979019165,7.099999904632568,6.789999961853027,7.0,28700,0.0,0.0
2003-01-15 00:00:00-05:00,7.090000152587891,7.090000152587891,6.449999809265137,6.900000095367432,35200,0.0,0.0
2003-01-16 00:00:00-05:00,6.699999809265137,7.0,6.570000171661377,6.800000190734863,20300,0.0,0.0
2003-01-17 00:00:00-05:00,6.659999847412109,6.929999828338623,6.5,6.559999942779541,19400,0.0,0.0
2003-01-21 00:00:00-05:00,6.510000228881836,6.610000133514404,6.199999809265137,6.289999961853027,35300,0.0,0.0
2003-01-22 00:00:00-05:00,6.409999847412109,7.099999904632568,6.409999847412109,6.460000038146973,50500,0.0,0.0
2003-01-23 00:00:00-05:00,6.559999942779541,6.840000152587891,6.349999904632568,6.800000190734863,108200,0.0,0.0
2003-01-24 00:00:00-05:00,6.78000020980835,6.840000152587891,6.510000228881836,6.510000228881836,48000,0.0,0.0
2003-01-27 00:00:00-05:00,6.5,6.739999771118164,6.239999771118164,6.340000152587891,121000,0.0,0.0
2003-01-28 00:00:00-05:00,6.519999980926514,6.639999866485596,6.010000228881836,6.289999961853027,76000,0.0,0.0
2003-01-29 00:00:00-05:00,6.5,6.5,6.150000095367432,6.300000190734863,53600,0.0,0.0
2003-01-30 00:00:00-05:00,6.320000171661377,6.360000133514404,6.199999809265137,6.300000190734863,40800,0.0,0.0
2003-01-31 00:00:00-05:00,6.300000190734863,6.800000190734863,6.210000038146973,6.440000057220459,527900,0.0,0.0
2003-02-03 00:00:00-05:00,6.619999885559082,6.800000190734863,6.070000171661377,6.440000057220459,26100,0.0,0.0
2003-02-04 00:00:00-05:00,6.210000038146973,6.389999866485596,5.900000095367432,6.0,81200,0.0,0.0
2003-02-05 00:00:00-05:00,6.130000114440918,6.21999979019165,5.900000095367432,5.920000076293945,79600,0.0,0.0
2003-02-06 00:00:00-05:00,6.090000152587891,6.090000152587891,5.699999809265137,5.800000190734863,62500,0.0,0.0
2003-02-07 00:00:00-05:00,5.710000038146973,5.980000019073486,5.610000133514404,5.699999809265137,74200,0.0,0.0
2003-02-10 00:00:00-05:00,5.699999809265137,6.0,5.690000057220459,6.0,84200,0.0,0.0
2003-02-11 00:00:00-05:00,6.0,6.25,5.800000190734863,5.809999942779541,28700,0.0,0.0
2003-02-12 00:00:00-05:00,5.949999809265137,6.300000190734863,5.849999904632568,5.869999885559082,91200,0.0,0.0
2003-02-13 00:00:00-05:00,5.920000076293945,5.989999771118164,5.699999809265137,5.809999942779541,172300,0.0,0.0
2003-02-14 00:00:00-05:00,5.869999885559082,5.920000076293945,5.75,5.75,27200,0.0,0.0
2003-02-18 00:00:00-05:00,5.900000095367432,6.050000190734863,5.829999923706055,6.050000190734863,25500,0.0,0.0
2003-02-19 00:00:00-05:00,6.050000190734863,6.21999979019165,5.900000095367432,5.980000019073486,19100,0.0,0.0
2003-02-20 00:00:00-05:00,5.940000057220459,6.010000228881836,5.909999847412109,5.909999847412109,3700,0.0,0.0
2003-02-21 00:00:00-05:00,6.0,6.150000095367432,6.0,6.150000095367432,29000,0.0,0.0
2003-02-24 00:00:00-05:00,6.010000228881836,6.139999866485596,5.960000038146973,5.989999771118164,75700,0.0,0.0
2003-02-25 00:00:00-05:00,6.0,6.050000190734863,5.949999809265137,6.019999980926514,19400,0.0,0.0
2003-02-26 00:00:00-05:00,6.059999942779541,6.170000076293945,5.960000038146973,5.96999979019165,27500,0.0,0.0
2003-02-27 00:00:00-05:00,6.050000190734863,6.300000190734863,6.010000228881836,6.300000190734863,29500,0.0,0.0
2003-02-28 00:00:00-05:00,6.179999828338623,6.510000228881836,6.110000133514404,6.5,46800,0.0,0.0
2003-03-03 00:00:00-05:00,6.489999771118164,6.699999809265137,6.389999866485596,6.559999942779541,32400,0.0,0.0
2003-03-04 00:00:00-05:00,6.550000190734863,6.550000190734863,6.25,6.440000057220459,16600,0.0,0.0
2003-03-05 00:00:00-05:00,6.699999809265137,6.699999809265137,6.400000095367432,6.440000057220459,16800,0.0,0.0
2003-03-06 00:00:00-05:00,6.269999980926514,6.449999809265137,6.199999809265137,6.449999809265137,13000,0.0,0.0
2003-03-07 00:00:00-05:00,6.050000190734863,6.630000114440918,6.050000190734863,6.630000114440918,80500,0.0,0.0
2003-03-10 00:00:00-05:00,6.690000057220459,6.690000057220459,6.28000020980835,6.389999866485596,30500,0.0,0.0
2003-03-11 00:00:00-05:00,6.269999980926514,6.670000076293945,6.190000057220459,6.400000095367432,66100,0.0,0.0
2003-03-12 00:00:00-05:00,6.230000019073486,6.230000019073486,5.900000095367432,5.900000095367432,26500,0.0,0.0
2003-03-13 00:00:00-05:00,6.010000228881836,6.099999904632568,5.900000095367432,6.039999961853027,30900,0.0,0.0
2003-03-14 00:00:00-05:00,5.949999809265137,6.21999979019165,5.949999809265137,6.150000095367432,14700,0.0,0.0
2003-03-17 00:00:00-05:00,5.900000095367432,6.25,5.900000095367432,6.210000038146973,36800,0.0,0.0
2003-03-18 00:00:00-05:00,6.340000152587891,6.46999979019165,6.059999942779541,6.369999885559082,13800,0.0,0.0
2003-03-19 00:00:00-05:00,6.440000057220459,6.599999904632568,6.380000114440918,6.599999904632568,21200,0.0,0.0
2003-03-20 00:00:00-05:00,6.5,6.5,6.170000076293945,6.369999885559082,60700,0.0,0.0
2003-03-21 00:00:00-05:00,6.650000095367432,6.75,6.239999771118164,6.449999809265137,42500,0.0,0.0
2003-03-24 00:00:00-05:00,6.289999961853027,6.519999980926514,6.0,6.079999923706055,12000,0.0,0.0
2003-03-25 00:00:00-05:00,6.059999942779541,6.300000190734863,6.0,6.28000020980835,18100,0.0,0.0
2003-03-26 00:00:00-05:00,6.269999980926514,6.269999980926514,6.039999961853027,6.050000190734863,19200,0.0,0.0
2003-03-27 00:00:00-05:00,6.03000020980835,6.380000114440918,5.980000019073486,6.380000114440918,20100,0.0,0.0
2003-03-28 00:00:00-05:00,6.449999809265137,6.800000190734863,6.360000133514404,6.769999980926514,23600,0.0,0.0
2003-03-31 00:00:00-05:00,6.510000228881836,6.71999979019165,6.309999942779541,6.309999942779541,41300,0.0,0.0
2003-04-01 00:00:00-05:00,6.159999847412109,6.380000114440918,6.159999847412109,6.309999942779541,26300,0.0,0.0
2003-04-02 00:00:00-05:00,6.340000152587891,6.400000095367432,6.25,6.260000228881836,23300,0.0,0.0
2003-04-03 00:00:00-05:00,6.380000114440918,6.380000114440918,6.159999847412109,6.210000038146973,15300,0.0,0.0
2003-04-04 00:00:00-05:00,6.28000020980835,6.300000190734863,6.019999980926514,6.050000190734863,27300,0.0,0.0
2003-04-07 00:00:00-04:00,6.199999809265137,6.460000038146973,6.010000228881836,6.190000057220459,38500,0.0,0.0
2003-04-08 00:00:00-04:00,6.150000095367432,6.349999904632568,5.909999847412109,6.309999942779541,28700,0.0,0.0
2003-04-09 00:00:00-04:00,6.199999809265137,6.309999942779541,6.019999980926514,6.190000057220459,24100,0.0,0.0
2003-04-10 00:00:00-04:00,6.170000076293945,6.190000057220459,6.03000020980835,6.079999923706055,10200,0.0,0.0
2003-04-11 00:00:00-04:00,6.079999923706055,6.28000020980835,5.949999809265137,5.980000019073486,15700,0.0,0.0
2003-04-14 00:00:00-04:00,5.980000019073486,6.199999809265137,5.820000171661377,6.179999828338623,25000,0.0,0.0
2003-04-15 00:00:00-04:00,6.25,6.510000228881836,6.0,6.46999979019165,45900,0.0,0.0
2003-04-16 00:00:00-04:00,6.539999961853027,6.619999885559082,6.389999866485596,6.5,45000,0.0,0.0
2003-04-17 00:00:00-04:00,6.679999828338623,6.679999828338623,6.210000038146973,6.489999771118164,17100,0.0,0.0
2003-04-21 00:00:00-04:00,6.599999904632568,6.599999904632568,6.230000019073486,6.389999866485596,10200,0.0,0.0
2003-04-22 00:00:00-04:00,6.21999979019165,6.590000152587891,6.21999979019165,6.269999980926514,22800,0.0,0.0
2003-04-23 00:00:00-04:00,6.420000076293945,6.78000020980835,6.400000095367432,6.559999942779541,47100,0.0,0.0
2003-04-24 00:00:00-04:00,6.46999979019165,6.739999771118164,6.46999979019165,6.599999904632568,14100,0.0,0.0
2003-04-25 00:00:00-04:00,6.5,6.78000020980835,6.5,6.519999980926514,13300,0.0,0.0
2003-04-28 00:00:00-04:00,6.659999847412109,6.900000095367432,6.369999885559082,6.440000057220459,21000,0.0,0.0
2003-04-29 00:00:00-04:00,6.670000076293945,6.900000095367432,6.400000095367432,6.630000114440918,12200,0.0,0.0
2003-04-30 00:00:00-04:00,6.630000114440918,6.929999828338623,6.510000228881836,6.639999866485596,68100,0.0,0.0
2003-05-01 00:00:00-04:00,6.730000019073486,6.769999980926514,6.380000114440918,6.53000020980835,38700,0.0,0.0
2003-05-02 00:00:00-04:00,6.53000020980835,6.53000020980835,6.150000095367432,6.460000038146973,46500,0.0,0.0
2003-05-05 00:00:00-04:00,6.539999961853027,6.800000190734863,6.309999942779541,6.730000019073486,33100,0.0,0.0
2003-05-06 00:00:00-04:00,6.730000019073486,7.010000228881836,6.550000190734863,6.869999885559082,74500,0.0,0.0
2003-05-07 00:00:00-04:00,6.989999771118164,6.989999771118164,6.809999942779541,6.840000152587891,17100,0.0,0.0
2003-05-08 00:00:00-04:00,6.840000152587891,7.0,6.800000190734863,6.869999885559082,21000,0.0,0.0
2003-05-09 00:00:00-04:00,7.0,7.099999904632568,6.599999904632568,7.0,67300,0.0,0.0
2003-05-12 00:00:00-04:00,7.059999942779541,7.289999961853027,6.900000095367432,7.059999942779541,24600,0.0,0.0
2003-05-13 00:00:00-04:00,7.159999847412109,7.300000190734863,7.099999904632568,7.099999904632568,24600,0.0,0.0
2003-05-14 00:00:00-04:00,7.340000152587891,7.610000133514404,7.03000020980835,7.139999866485596,66500,0.0,0.0
2003-05-15 00:00:00-04:00,6.769999980926514,7.360000133514404,6.769999980926514,6.909999847412109,81700,0.0,0.0
2003-05-16 00:00:00-04:00,6.699999809265137,7.289999961853027,6.699999809265137,6.849999904632568,43800,0.0,0.0
2003-05-19 00:00:00-04:00,6.78000020980835,7.099999904632568,6.480000019073486,6.559999942779541,19700,0.0,0.0
2003-05-20 00:00:00-04:00,6.710000038146973,6.710000038146973,6.170000076293945,6.340000152587891,26900,0.0,0.0
2003-05-21 00:00:00-04:00,6.21999979019165,6.409999847412109,6.119999885559082,6.380000114440918,13100,0.0,0.0
2003-05-22 00:00:00-04:00,6.300000190734863,6.840000152587891,6.25,6.650000095367432,46300,0.0,0.0
2003-05-23 00:00:00-04:00,6.820000171661377,6.989999771118164,6.619999885559082,6.619999885559082,19300,0.0,0.0
2003-05-27 00:00:00-04:00,6.599999904632568,6.820000171661377,6.5,6.599999904632568,58800,0.0,0.0
2003-05-28 00:00:00-04:00,6.5,6.769999980926514,6.400000095367432,6.599999904632568,119200,0.0,0.0
2003-05-29 00:00:00-04:00,6.78000020980835,6.800000190734863,6.449999809265137,6.690000057220459,11600,0.0,0.0
2003-05-30 00:00:00-04:00,6.599999904632568,7.190000057220459,6.599999904632568,7.0,45700,0.0,0.0
2003-06-02 00:00:00-04:00,7.050000190734863,7.050000190734863,6.880000114440918,6.989999771118164,27600,0.0,0.0
2003-06-03 00:00:00-04:00,7.0,7.199999809265137,6.809999942779541,7.050000190734863,12600,0.0,0.0
2003-06-04 00:00:00-04:00,7.059999942779541,7.360000133514404,7.050000190734863,7.300000190734863,86400,0.0,0.0
2003-06-05 00:00:00-04:00,7.269999980926514,7.400000095367432,7.199999809265137,7.289999961853027,22400,0.0,0.0
2003-06-06 00:00:00-04:00,7.179999828338623,7.260000228881836,7.050000190734863,7.050000190734863,25900,0.0,0.0
2003-06-09 00:00:00-04:00,7.25,7.25,6.440000057220459,6.440000057220459,53900,0.0,0.0
2003-06-10 00:00:00-04:00,6.389999866485596,6.550000190734863,6.159999847412109,6.25,73100,0.0,0.0
2003-06-11 00:00:00-04:00,6.409999847412109,6.909999847412109,6.269999980926514,6.739999771118164,43500,0.0,0.0
2003-06-12 00:00:00-04:00,6.909999847412109,7.199999809265137,6.46999979019165,7.199999809265137,82600,0.0,0.0
2003-06-13 00:00:00-04:00,7.150000095367432,7.449999809265137,7.099999904632568,7.190000057220459,50900,0.0,0.0
2003-06-16 00:00:00-04:00,7.550000190734863,7.590000152587891,6.980000019073486,7.25,69100,0.0,0.0
2003-06-17 00:00:00-04:00,7.239999771118164,7.329999923706055,6.949999809265137,7.25,52900,0.0,0.0
2003-06-18 00:00:00-04:00,7.199999809265137,7.349999904632568,6.949999809265137,6.960000038146973,33600,0.0,0.0
2003-06-19 00:00:00-04:00,7.25,7.409999847412109,6.940000057220459,7.0,26600,0.0,0.0
2003-06-20 00:00:00-04:00,7.349999904632568,7.519999980926514,7.059999942779541,7.289999961853027,72100,0.0,0.0
2003-06-23 00:00:00-04:00,7.0,7.489999771118164,7.0,7.070000171661377,34900,0.0,0.0
2003-06-24 00:00:00-04:00,7.170000076293945,7.360000133514404,6.980000019073486,7.329999923706055,58800,0.0,0.0
2003-06-25 00:00:00-04:00,7.380000114440918,7.610000133514404,7.059999942779541,7.46999979019165,51200,0.0,0.0
2003-06-26 00:00:00-04:00,7.550000190734863,7.550000190734863,7.0,7.059999942779541,59200,0.0,0.0
2003-06-27 00:00:00-04:00,7.050000190734863,7.300000190734863,7.039999961853027,7.190000057220459,41300,0.0,0.0
2003-06-30 00:00:00-04:00,7.289999961853027,7.300000190734863,6.96999979019165,7.0,200300,0.0,0.0
2003-07-01 00:00:00-04:00,6.900000095367432,7.25,6.889999866485596,7.150000095367432,134100,0.0,0.0
2003-07-02 00:00:00-04:00,7.25,7.590000152587891,7.21999979019165,7.519999980926514,203600,0.0,0.0
2003-07-03 00:00:00-04:00,7.619999885559082,7.690000057220459,7.409999847412109,7.539999961853027,9600,0.0,0.0
2003-07-07 00:00:00-04:00,7.699999809265137,8.890000343322754,7.699999809265137,8.319999694824219,116100,0.0,0.0
2003-07-08 00:00:00-04:00,8.260000228881836,8.84000015258789,8.260000228881836,8.600000381469727,136300,0.0,0.0
2003-07-09 00:00:00-04:00,8.300000190734863,8.350000381469727,7.809999942779541,8.09000015258789,62300,0.0,0.0
2003-07-10 00:00:00-04:00,8.359999656677246,8.569999694824219,7.739999771118164,8.180000305175781,83300,0.0,0.0
2003-07-11 00:00:00-04:00,8.380000114440918,8.59000015258789,8.130000114440918,8.520000457763672,97600,0.0,0.0
2003-07-14 00:00:00-04:00,8.619999885559082,8.850000381469727,8.3100004196167,8.369999885559082,57700,0.0,0.0
2003-07-15 00:00:00-04:00,8.449999809265137,8.5,8.289999961853027,8.399999618530273,25000,0.0,0.0
2003-07-16 00:00:00-04:00,8.350000381469727,8.550000190734863,8.3100004196167,8.550000190734863,22700,0.0,0.0
2003-07-17 00:00:00-04:00,8.539999961853027,8.579999923706055,7.940000057220459,8.489999771118164,60200,0.0,0.0
2003-07-18 00:00:00-04:00,8.289999961853027,8.65999984741211,8.289999961853027,8.550000190734863,63900,0.0,0.0
2003-07-21 00:00:00-04:00,8.550000190734863,8.789999961853027,8.020000457763672,8.100000381469727,93800,0.0,0.0
2003-07-22 00:00:00-04:00,8.109999656677246,8.260000228881836,7.590000152587891,8.25,72000,0.0,0.0
2003-07-23 00:00:00-04:00,8.239999771118164,8.760000228881836,7.340000152587891,7.920000076293945,118700,0.0,0.0
2003-07-24 00:00:00-04:00,8.0,8.119999885559082,7.510000228881836,8.100000381469727,80800,0.0,0.0
2003-07-25 00:00:00-04:00,7.920000076293945,8.670000076293945,7.920000076293945,8.420000076293945,61600,0.0,0.0
2003-07-28 00:00:00-04:00,8.40999984741211,9.039999961853027,8.289999961853027,9.029999732971191,64000,0.0,0.0
2003-07-29 00:00:00-04:00,8.880000114440918,8.90999984741211,8.600000381469727,8.899999618530273,53800,0.0,0.0
2003-07-30 00:00:00-04:00,8.850000381469727,9.270000457763672,8.5,9.0,60600,0.0,0.0
2003-07-31 00:00:00-04:00,9.100000381469727,9.390000343322754,8.800000190734863,8.979999542236328,133600,0.0,0.0
2003-08-01 00:00:00-04:00,9.100000381469727,9.25,8.550000190734863,9.010000228881836,146000,0.0,0.0
2003-08-04 00:00:00-04:00,8.869999885559082,9.069999694824219,8.470000267028809,9.0,62300,0.0,0.0
2003-08-05 00:00:00-04:00,8.930000305175781,9.4399995803833,8.550000190734863,8.899999618530273,94400,0.0,0.0
2003-08-06 00:00:00-04:00,9.5,9.739999771118164,9.25,9.420000076293945,247100,0.0,0.0
2003-08-07 00:00:00-04:00,9.199999809265137,9.75,8.899999618530273,9.119999885559082,75300,0.0,0.0
2003-08-08 00:00:00-04:00,9.010000228881836,9.300000190734863,9.010000228881836,9.300000190734863,54600,0.0,0.0
2003-08-11 00:00:00-04:00,9.199999809265137,9.270000457763672,8.5,9.149999618530273,92400,0.0,0.0
2003-08-12 00:00:00-04:00,9.119999885559082,9.180000305175781,8.949999809265137,9.100000381469727,58100,0.0,0.0
2003-08-13 00:00:00-04:00,8.920000076293945,9.09000015258789,8.600000381469727,8.84000015258789,40800,0.0,0.0
2003-08-14 00:00:00-04:00,8.890000343322754,9.09000015258789,8.890000343322754,9.079999923706055,45200,0.0,0.0
2003-08-15 00:00:00-04:00,9.079999923706055,9.260000228881836,9.0,9.1899995803833,22500,0.0,0.0
2003-08-18 00:00:00-04:00,9.15999984741211,9.3100004196167,9.119999885559082,9.270000457763672,124700,0.0,0.0
2003-08-19 00:00:00-04:00,9.300000190734863,9.319999694824219,9.130000114440918,9.239999771118164,127400,0.0,0.0
2003-08-20 00:00:00-04:00,9.079999923706055,9.300000190734863,9.0,9.25,145600,0.0,0.0
2003-08-21 00:00:00-04:00,9.119999885559082,9.359999656677246,9.050000190734863,9.25,57800,0.0,0.0
2003-08-22 00:00:00-04:00,9.149999618530273,9.289999961853027,9.029999732971191,9.119999885559082,25100,0.0,0.0
2003-08-25 00:00:00-04:00,9.1899995803833,9.1899995803833,8.800000190734863,8.880000114440918,149100,0.0,0.0
2003-08-26 00:00:00-04:00,9.029999732971191,9.270000457763672,8.760000228881836,9.220000267028809,33600,0.0,0.0
2003-08-27 00:00:00-04:00,9.25,9.25,8.770000457763672,9.1899995803833,107800,0.0,0.0
2003-08-28 00:00:00-04:00,8.899999618530273,9.289999961853027,8.899999618530273,9.289999961853027,63400,0.0,0.0
2003-08-29 00:00:00-04:00,9.1899995803833,9.390000343322754,9.109999656677246,9.25,46400,0.0,0.0
2003-09-02 00:00:00-04:00,9.199999809265137,9.34000015258789,9.100000381469727,9.25,98600,0.0,0.0
2003-09-03 00:00:00-04:00,9.25,9.3100004196167,9.0600004196167,9.0600004196167,152200,0.0,0.0
2003-09-04 00:00:00-04:00,9.199999809265137,9.34000015258789,9.0600004196167,9.220000267028809,154300,0.0,0.0
2003-09-05 00:00:00-04:00,9.199999809265137,9.609999656677246,9.199999809265137,9.420000076293945,165200,0.0,0.0
2003-09-08 00:00:00-04:00,9.399999618530273,9.520000457763672,9.229999542236328,9.420000076293945,99500,0.0,0.0
2003-09-09 00:00:00-04:00,9.479999542236328,10.59000015258789,9.460000038146973,10.59000015258789,320200,0.0,0.0
2003-09-10 00:00:00-04:00,9.699999809265137,10.449999809265137,9.40999984741211,10.119999885559082,308300,0.0,0.0
2003-09-11 00:00:00-04:00,10.0,10.5,10.0,10.319999694824219,216500,0.0,0.0
2003-09-12 00:00:00-04:00,10.25,11.369999885559082,10.25,11.079999923706055,201100,0.0,0.0
2003-09-15 00:00:00-04:00,10.949999809265137,11.3100004196167,10.40999984741211,11.199999809265137,120900,0.0,0.0
2003-09-16 00:00:00-04:00,11.350000381469727,11.350000381469727,10.960000038146973,11.25,92100,0.0,0.0
2003-09-17 00:00:00-04:00,11.029999732971191,11.25,10.550000190734863,11.199999809265137,107900,0.0,0.0
2003-09-18 00:00:00-04:00,11.130000114440918,12.649999618530273,10.800000190734863,12.449999809265137,300800,0.0,0.0
2003-09-19 00:00:00-04:00,12.350000381469727,12.710000038146973,11.649999618530273,11.989999771118164,129600,0.0,0.0
2003-09-22 00:00:00-04:00,11.899999618530273,11.899999618530273,11.199999809265137,11.479999542236328,91200,0.0,0.0
2003-09-23 00:00:00-04:00,11.510000228881836,11.989999771118164,11.399999618530273,11.960000038146973,57000,0.0,0.0
2003-09-24 00:00:00-04:00,11.9399995803833,12.510000228881836,11.84000015258789,11.850000381469727,107500,0.0,0.0
2003-09-25 00:00:00-04:00,12.0600004196167,12.09000015258789,11.300000190734863,11.380000114440918,64500,0.0,0.0
2003-09-26 00:00:00-04:00,11.390000343322754,11.510000228881836,10.869999885559082,10.880000114440918,61900,0.0,0.0
2003-09-29 00:00:00-04:00,10.800000190734863,11.34000015258789,10.5600004196167,11.100000381469727,92400,0.0,0.0
2003-09-30 00:00:00-04:00,10.890000343322754,11.34000015258789,10.510000228881836,10.720000267028809,69900,0.0,0.0
2003-10-01 00:00:00-04:00,10.949999809265137,11.600000381469727,10.40999984741211,11.529999732971191,65400,0.0,0.0
2003-10-02 00:00:00-04:00,11.34000015258789,11.9399995803833,10.529999732971191,11.649999618530273,78000,0.0,0.0
2003-10-03 00:00:00-04:00,11.640000343322754,12.390000343322754,11.640000343322754,12.34000015258789,128000,0.0,0.0
2003-10-06 00:00:00-04:00,12.319999694824219,13.010000228881836,12.130000114440918,13.0,109600,0.0,0.0
2003-10-07 00:00:00-04:00,12.899999618530273,12.979999542236328,12.5,12.829999923706055,47200,0.0,0.0
2003-10-08 00:00:00-04:00,12.760000228881836,13.5,12.760000228881836,13.350000381469727,97400,0.0,0.0
2003-10-09 00:00:00-04:00,13.220000267028809,13.430000305175781,13.020000457763672,13.279999732971191,64800,0.0,0.0
2003-10-10 00:00:00-04:00,13.4399995803833,13.699999809265137,13.130000114440918,13.390000343322754,70200,0.0,0.0
2003-10-13 00:00:00-04:00,13.180000305175781,13.699999809265137,13.180000305175781,13.600000381469727,149000,0.0,0.0
2003-10-14 00:00:00-04:00,13.609999656677246,13.859999656677246,13.3100004196167,13.550000190734863,113900,0.0,0.0
2003-10-15 00:00:00-04:00,13.6899995803833,13.819999694824219,13.100000381469727,13.130000114440918,114600,0.0,0.0
2003-10-16 00:00:00-04:00,13.289999961853027,13.649999618530273,12.6899995803833,12.899999618530273,126600,0.0,0.0
2003-10-17 00:00:00-04:00,12.899999618530273,13.050000190734863,12.1899995803833,12.210000038146973,54700,0.0,0.0
2003-10-20 00:00:00-04:00,12.430000305175781,12.430000305175781,11.550000190734863,11.960000038146973,72600,0.0,0.0
2003-10-21 00:00:00-04:00,12.020000457763672,13.380000114440918,12.020000457763672,12.579999923706055,125800,0.0,0.0
2003-10-22 00:00:00-04:00,12.25,13.399999618530273,11.670000076293945,11.670000076293945,108900,0.0,0.0
2003-10-23 00:00:00-04:00,12.699999809265137,14.09000015258789,12.199999809265137,13.609999656677246,487800,0.0,0.0
2003-10-24 00:00:00-04:00,13.899999618530273,13.899999618530273,13.300000190734863,13.319999694824219,163500,0.0,0.0
2003-10-27 00:00:00-05:00,13.399999618530273,13.75,13.399999618530273,13.729999542236328,141000,0.0,0.0
2003-10-28 00:00:00-05:00,13.729999542236328,14.420000076293945,13.529999732971191,14.369999885559082,231900,0.0,0.0
2003-10-29 00:00:00-05:00,14.4399995803833,16.190000534057617,14.300000190734863,15.880000114440918,273200,0.0,0.0
2003-10-30 00:00:00-05:00,15.779999732971191,17.030000686645508,15.59000015258789,17.030000686645508,207500,0.0,0.0
2003-10-31 00:00:00-05:00,16.559999465942383,16.899999618530273,16.450000762939453,16.459999084472656,191500,0.0,0.0
2003-11-03 00:00:00-05:00,16.5,16.829999923706055,16.200000762939453,16.5,260800,0.0,0.0
2003-11-04 00:00:00-05:00,16.200000762939453,16.549999237060547,15.90999984741211,16.40999984741211,193000,0.0,0.0
2003-11-05 00:00:00-05:00,16.399999618530273,16.399999618530273,15.899999618530273,15.970000267028809,175000,0.0,0.0
2003-11-06 00:00:00-05:00,16.0,16.399999618530273,15.920000076293945,16.399999618530273,143600,0.0,0.0
2003-11-07 00:00:00-05:00,16.399999618530273,16.799999237060547,16.15999984741211,16.25,147300,0.0,0.0
2003-11-10 00:00:00-05:00,16.399999618530273,16.5,15.949999809265137,16.100000381469727,118300,0.0,0.0
2003-11-11 00:00:00-05:00,16.18000030517578,16.25,15.40999984741211,16.209999084472656,74100,0.0,0.0
2003-11-12 00:00:00-05:00,15.890000343322754,16.5,15.890000343322754,16.459999084472656,252300,0.0,0.0
2003-11-13 00:00:00-05:00,16.459999084472656,16.899999618530273,16.09000015258789,16.350000381469727,49300,0.0,0.0
2003-11-14 00:00:00-05:00,16.350000381469727,16.5,16.170000076293945,16.190000534057617,29700,0.0,0.0
2003-11-17 00:00:00-05:00,16.040000915527344,16.59000015258789,15.199999809265137,16.170000076293945,103300,0.0,0.0
2003-11-18 00:00:00-05:00,16.040000915527344,16.3799991607666,16.0,16.049999237060547,49700,0.0,0.0
2003-11-19 00:00:00-05:00,16.0,16.25,15.829999923706055,15.899999618530273,128700,0.0,0.0
2003-11-20 00:00:00-05:00,16.0,16.0,15.199999809265137,15.40999984741211,173200,0.0,0.0
2003-11-21 00:00:00-05:00,15.470000267028809,16.0,15.399999618530273,16.0,101600,0.0,0.0
2003-11-24 00:00:00-05:00,16.0,16.0,15.5600004196167,15.920000076293945,64700,0.0,0.0
2003-11-25 00:00:00-05:00,15.989999771118164,16.5,15.710000038146973,15.960000038146973,120100,0.0,0.0
2003-11-26 00:00:00-05:00,16.079999923706055,16.43000030517578,15.779999732971191,16.399999618530273,88900,0.0,0.0
2003-11-28 00:00:00-05:00,16.420000076293945,16.8700008392334,16.3799991607666,16.600000381469727,24600,0.0,0.0
2003-12-01 00:00:00-05:00,16.940000534057617,17.09000015258789,16.579999923706055,16.850000381469727,229000,0.0,0.0
2003-12-02 00:00:00-05:00,17.010000228881836,18.780000686645508,16.969999313354492,18.709999084472656,356500,0.0,0.0
2003-12-03 00:00:00-05:00,18.860000610351562,19.25,17.93000030517578,18.469999313354492,167900,0.0,0.0
2003-12-04 00:00:00-05:00,18.700000762939453,19.0,18.260000228881836,19.0,210200,0.0,0.0
2003-12-05 00:00:00-05:00,19.0,19.0,18.3799991607666,18.770000457763672,75000,0.0,0.0
2003-12-08 00:00:00-05:00,19.049999237060547,19.200000762939453,18.56999969482422,19.18000030517578,142200,0.0,0.0
2003-12-09 00:00:00-05:00,19.200000762939453,19.450000762939453,18.56999969482422,18.56999969482422,65600,0.0,0.0
2003-12-10 00:00:00-05:00,18.469999313354492,18.520000457763672,16.440000534057617,17.010000228881836,284900,0.0,0.0
2003-12-11 00:00:00-05:00,17.299999237060547,17.920000076293945,16.56999969482422,17.639999389648438,105000,0.0,0.0
2003-12-12 00:00:00-05:00,17.149999618530273,19.0,17.149999618530273,18.829999923706055,160000,0.0,0.0
2003-12-15 00:00:00-05:00,19.489999771118164,19.5,17.1200008392334,17.1299991607666,237500,0.0,0.0
2003-12-16 00:00:00-05:00,17.0,18.25,17.0,18.209999084472656,169700,0.0,0.0
2003-12-17 00:00:00-05:00,18.290000915527344,19.270000457763672,18.09000015258789,19.139999389648438,193900,0.0,0.0
2003-12-18 00:00:00-05:00,19.100000381469727,19.139999389648438,17.950000762939453,18.290000915527344,198600,0.0,0.0
2003-12-19 00:00:00-05:00,18.780000686645508,19.06999969482422,18.100000381469727,18.639999389648438,243000,0.0,0.0
2003-12-22 00:00:00-05:00,18.670000076293945,22.25,18.299999237060547,21.010000228881836,628700,0.0,0.0
2003-12-23 00:00:00-05:00,21.5,21.600000381469727,19.770000457763672,20.0,384700,0.0,0.0
2003-12-24 00:00:00-05:00,20.0,20.25,19.920000076293945,20.18000030517578,59900,0.0,0.0
2003-12-26 00:00:00-05:00,20.31999969482422,21.0,20.239999771118164,20.940000534057617,28300,0.0,0.0
2003-12-29 00:00:00-05:00,21.09000015258789,21.43000030517578,20.329999923706055,20.610000610351562,269100,0.0,0.0
2003-12-30 00:00:00-05:00,20.719999313354492,20.719999313354492,19.290000915527344,20.0,229400,0.0,0.0
2003-12-31 00:00:00-05:00,20.010000228881836,20.3700008392334,18.719999313354492,19.010000228881836,346700,0.0,0.0
2004-01-02 00:00:00-05:00,19.149999618530273,21.420000076293945,19.149999618530273,21.100000381469727,189300,0.0,0.0
2004-01-05 00:00:00-05:00,21.149999618530273,22.770000457763672,20.979999542236328,22.5,379700,0.0,0.0
2004-01-06 00:00:00-05:00,22.350000381469727,22.350000381469727,20.850000381469727,21.209999084472656,245300,0.0,0.0
2004-01-07 00:00:00-05:00,21.0,21.899999618530273,21.0,21.719999313354492,292800,0.0,0.0
2004-01-08 00:00:00-05:00,21.690000534057617,23.8700008392334,21.260000228881836,23.850000381469727,283300,0.0,0.0
2004-01-09 00:00:00-05:00,23.770000457763672,23.770000457763672,22.229999542236328,22.700000762939453,193200,0.0,0.0
2004-01-12 00:00:00-05:00,22.520000457763672,22.649999618530273,21.389999389648438,21.989999771118164,165300,0.0,0.0
2004-01-13 00:00:00-05:00,21.989999771118164,22.84000015258789,21.200000762939453,22.3799991607666,218500,0.0,0.0
2004-01-14 00:00:00-05:00,22.809999465942383,23.450000762939453,22.520000457763672,23.260000228881836,179800,0.0,0.0
2004-01-15 00:00:00-05:00,24.139999389648438,25.8799991607666,23.760000228881836,25.65999984741211,861000,0.0,0.0
2004-01-16 00:00:00-05:00,25.09000015258789,25.399999618530273,24.299999237060547,24.549999237060547,238600,0.0,0.0
2004-01-20 00:00:00-05:00,24.790000915527344,26.170000076293945,24.260000228881836,26.049999237060547,369700,0.0,0.0
2004-01-21 00:00:00-05:00,25.899999618530273,26.0,25.1200008392334,25.40999984741211,133500,0.0,0.0
2004-01-22 00:00:00-05:00,24.8700008392334,25.530000686645508,23.350000381469727,25.059999465942383,257600,0.0,0.0
2004-01-23 00:00:00-05:00,25.34000015258789,25.530000686645508,24.549999237060547,25.190000534057617,115000,0.0,0.0
2004-01-26 00:00:00-05:00,25.030000686645508,25.790000915527344,24.889999389648438,25.649999618530273,149100,0.0,0.0
2004-01-27 00:00:00-05:00,25.739999771118164,26.049999237060547,25.200000762939453,25.649999618530273,308200,0.0,0.0
2004-01-28 00:00:00-05:00,25.780000686645508,26.469999313354492,25.239999771118164,25.799999237060547,390700,0.0,0.0
2004-01-29 00:00:00-05:00,25.969999313354492,26.020000457763672,24.0,25.010000228881836,637500,0.0,0.0
2004-01-30 00:00:00-05:00,24.989999771118164,25.510000228881836,24.81999969482422,25.190000534057617,200200,0.0,0.0
2004-02-02 00:00:00-05:00,25.510000228881836,25.510000228881836,22.5,23.15999984741211,303500,0.0,0.0
2004-02-03 00:00:00-05:00,23.450000762939453,24.0,23.0,24.0,145300,0.0,0.0
2004-02-04 00:00:00-05:00,23.950000762939453,25.690000534057617,23.600000381469727,24.350000381469727,256600,0.0,0.0
2004-02-05 00:00:00-05:00,24.3799991607666,24.940000534057617,23.850000381469727,24.530000686645508,200200,0.0,0.0
2004-02-06 00:00:00-05:00,24.469999313354492,25.0,24.030000686645508,24.760000228881836,152500,0.0,0.0
2004-02-09 00:00:00-05:00,24.639999389648438,26.34000015258789,24.6200008392334,25.3799991607666,313300,0.0,0.0
2004-02-10 00:00:00-05:00,25.450000762939453,26.18000030517578,25.149999618530273,25.709999084472656,436400,0.0,0.0
2004-02-11 00:00:00-05:00,26.200000762939453,26.200000762939453,25.780000686645508,25.809999465942383,305000,0.0,0.0
2004-02-12 00:00:00-05:00,26.149999618530273,26.700000762939453,25.889999389648438,26.200000762939453,324200,0.0,0.0
2004-02-13 00:00:00-05:00,26.25,26.579999923706055,25.799999237060547,26.06999969482422,73000,0.0,0.0
2004-02-17 00:00:00-05:00,26.239999771118164,27.600000381469727,26.229999542236328,27.5,141500,0.0,0.0
2004-02-18 00:00:00-05:00,27.600000381469727,27.799999237060547,26.959999084472656,27.3799991607666,235100,0.0,0.0
2004-02-19 00:00:00-05:00,27.56999969482422,27.799999237060547,26.75,26.75,100000,0.0,0.0
2004-02-20 00:00:00-05:00,26.709999084472656,27.229999542236328,26.09000015258789,26.290000915527344,146700,0.0,0.0
2004-02-23 00:00:00-05:00,26.989999771118164,27.0,26.059999465942383,26.059999465942383,90600,0.0,0.0
2004-02-24 00:00:00-05:00,26.030000686645508,26.959999084472656,25.440000534057617,26.899999618530273,166200,0.0,0.0
2004-02-25 00:00:00-05:00,25.989999771118164,27.600000381469727,25.989999771118164,27.549999237060547,139100,0.0,0.0
2004-02-26 00:00:00-05:00,25.549999237060547,26.389999389648438,22.549999237060547,26.200000762939453,1034200,0.0,0.0
2004-02-27 00:00:00-05:00,25.8799991607666,27.31999969482422,25.709999084472656,27.200000762939453,259300,0.0,0.0
2004-03-01 00:00:00-05:00,27.0,27.760000228881836,27.0,27.549999237060547,283700,0.0,0.0
2004-03-02 00:00:00-05:00,27.639999389648438,28.3700008392334,27.219999313354492,28.25,424700,0.0,0.0
2004-03-03 00:00:00-05:00,28.149999618530273,28.940000534057617,27.729999542236328,27.979999542236328,288900,0.0,0.0
2004-03-04 00:00:00-05:00,27.6299991607666,28.299999237060547,27.6299991607666,28.190000534057617,187500,0.0,0.0
2004-03-05 00:00:00-05:00,28.489999771118164,28.489999771118164,27.579999923706055,27.610000610351562,166800,0.0,0.0
2004-03-08 00:00:00-05:00,28.299999237060547,28.799999237060547,27.799999237060547,27.920000076293945,168200,0.0,0.0
2004-03-09 00:00:00-05:00,28.459999084472656,28.459999084472656,26.479999542236328,26.479999542236328,196900,0.0,0.0
2004-03-10 00:00:00-05:00,26.489999771118164,26.610000610351562,25.0,25.1200008392334,189600,0.0,0.0
2004-03-11 00:00:00-05:00,25.1200008392334,26.5,25.100000381469727,25.979999542236328,324200,0.0,0.0
2004-03-12 00:00:00-05:00,25.899999618530273,27.600000381469727,25.899999618530273,27.260000228881836,168300,0.0,0.0
2004-03-15 00:00:00-05:00,26.440000534057617,27.600000381469727,26.440000534057617,26.790000915527344,172200,0.0,0.0
2004-03-16 00:00:00-05:00,27.25,27.25,26.299999237060547,26.600000381469727,119700,0.0,0.0
2004-03-17 00:00:00-05:00,26.450000762939453,26.450000762939453,24.93000030517578,26.0,301600,0.0,0.0
2004-03-18 00:00:00-05:00,25.709999084472656,27.290000915527344,25.709999084472656,27.06999969482422,167200,0.0,0.0
2004-03-19 00:00:00-05:00,27.530000686645508,29.309999465942383,27.489999771118164,28.579999923706055,332300,0.0,0.0
2004-03-22 00:00:00-05:00,27.969999313354492,28.059999465942383,26.889999389648438,26.889999389648438,138600,0.0,0.0
2004-03-23 00:00:00-05:00,27.1200008392334,27.5,26.93000030517578,27.1200008392334,123000,0.0,0.0
2004-03-24 00:00:00-05:00,27.25,27.469999313354492,25.979999542236328,26.100000381469727,200200,0.0,0.0
2004-03-25 00:00:00-05:00,26.219999313354492,28.649999618530273,26.15999984741211,28.1200008392334,238100,0.0,0.0
2004-03-26 00:00:00-05:00,28.59000015258789,29.260000228881836,27.959999084472656,28.8700008392334,200100,0.0,0.0
2004-03-29 00:00:00-05:00,28.829999923706055,29.0,28.309999465942383,28.90999984741211,298900,0.0,0.0
2004-03-30 00:00:00-05:00,28.90999984741211,29.700000762939453,28.850000381469727,29.209999084472656,132000,0.0,0.0
2004-03-31 00:00:00-05:00,29.299999237060547,29.649999618530273,27.979999542236328,28.229999542236328,297900,0.0,0.0
2004-04-01 00:00:00-05:00,28.040000915527344,28.790000915527344,27.75,28.200000762939453,178300,0.0,0.0
2004-04-02 00:00:00-05:00,28.5,29.399999618530273,28.18000030517578,29.280000686645508,178600,0.0,0.0
2004-04-05 00:00:00-04:00,29.290000915527344,29.290000915527344,27.0,27.5,325500,0.0,0.0
2004-04-06 00:00:00-04:00,27.440000534057617,28.190000534057617,27.260000228881836,27.65999984741211,269700,0.0,0.0
2004-04-07 00:00:00-04:00,26.84000015258789,27.219999313354492,25.09000015258789,25.540000915527344,686000,0.0,0.0
2004-04-08 00:00:00-04:00,24.649999618530273,24.700000762939453,23.75,24.489999771118164,4157000,0.0,0.0
2004-04-12 00:00:00-04:00,24.639999389648438,24.850000381469727,24.200000762939453,24.600000381469727,956400,0.0,0.0
2004-04-13 00:00:00-04:00,24.75,24.75,23.950000762939453,24.100000381469727,542200,0.0,0.0
2004-04-14 00:00:00-04:00,24.049999237060547,24.200000762939453,23.75,24.049999237060547,653100,0.0,0.0
2004-04-15 00:00:00-04:00,24.200000762939453,24.200000762939453,23.84000015258789,23.850000381469727,407000,0.0,0.0
2004-04-16 00:00:00-04:00,23.850000381469727,24.489999771118164,23.579999923706055,24.170000076293945,338000,0.0,0.0
2004-04-19 00:00:00-04:00,24.100000381469727,24.549999237060547,24.100000381469727,24.5,246700,0.0,0.0
2004-04-20 00:00:00-04:00,24.440000534057617,24.5,24.020000457763672,24.15999984741211,470600,0.0,0.0
2004-04-21 00:00:00-04:00,23.979999542236328,24.110000610351562,22.31999969482422,22.43000030517578,961500,0.0,0.0
2004-04-22 00:00:00-04:00,22.559999465942383,23.200000762939453,22.450000762939453,22.700000762939453,491700,0.0,0.0
2004-04-23 00:00:00-04:00,22.850000381469727,22.899999618530273,21.5,22.149999618530273,444800,0.0,0.0
2004-04-26 00:00:00-04:00,22.25,22.799999237060547,21.729999542236328,21.850000381469727,384200,0.0,0.0
2004-04-27 00:00:00-04:00,22.25,22.950000762939453,21.850000381469727,21.860000610351562,458100,0.0,0.0
2004-04-28 00:00:00-04:00,22.0,22.049999237060547,19.93000030517578,20.799999237060547,1063400,0.0,0.0
2004-04-29 00:00:00-04:00,21.0,21.5,20.049999237060547,20.579999923706055,560100,0.0,0.0
2004-04-30 00:00:00-04:00,20.579999923706055,21.0,19.40999984741211,19.799999237060547,776900,0.0,0.0
2004-05-03 00:00:00-04:00,19.790000915527344,21.360000610351562,19.399999618530273,20.809999465942383,1033400,0.0,0.0
2004-05-04 00:00:00-04:00,21.190000534057617,21.989999771118164,20.649999618530273,21.559999465942383,279000,0.0,0.0
2004-05-05 00:00:00-04:00,21.559999465942383,21.959999084472656,21.290000915527344,21.959999084472656,222600,0.0,0.0
2004-05-06 00:00:00-04:00,21.809999465942383,21.81999969482422,20.850000381469727,21.229999542236328,386800,0.0,0.0
2004-05-07 00:00:00-04:00,20.920000076293945,21.65999984741211,19.75,19.790000915527344,305600,0.0,0.0
2004-05-10 00:00:00-04:00,19.600000381469727,19.959999084472656,19.15999984741211,19.3700008392334,331900,0.0,0.0
2004-05-11 00:00:00-04:00,19.299999237060547,20.450000762939453,19.100000381469727,19.959999084472656,260700,0.0,0.0
2004-05-12 00:00:00-04:00,19.65999984741211,20.399999618530273,18.639999389648438,19.559999465942383,410000,0.0,0.0
2004-05-13 00:00:00-04:00,19.540000915527344,20.43000030517578,19.540000915527344,20.0,236300,0.0,0.0
2004-05-14 00:00:00-04:00,19.899999618530273,20.0,19.450000762939453,19.579999923706055,286400,0.0,0.0
2004-05-17 00:00:00-04:00,19.31999969482422,19.5,18.959999084472656,19.200000762939453,316200,0.0,0.0
2004-05-18 00:00:00-04:00,19.15999984741211,19.760000228881836,18.799999237060547,19.600000381469727,534200,0.0,0.0
2004-05-19 00:00:00-04:00,19.850000381469727,20.469999313354492,19.56999969482422,19.65999984741211,438400,0.0,0.0
2004-05-20 00:00:00-04:00,19.65999984741211,20.170000076293945,19.239999771118164,19.600000381469727,353000,0.0,0.0
2004-05-21 00:00:00-04:00,19.690000534057617,20.489999771118164,19.600000381469727,19.829999923706055,145000,0.0,0.0
2004-05-24 00:00:00-04:00,20.18000030517578,20.68000030517578,19.979999542236328,20.600000381469727,296800,0.0,0.0
2004-05-25 00:00:00-04:00,20.3700008392334,21.68000030517578,20.209999084472656,21.549999237060547,297500,0.0,0.0
2004-05-26 00:00:00-04:00,21.8799991607666,21.8799991607666,21.170000076293945,21.56999969482422,205800,0.0,0.0
2004-05-27 00:00:00-04:00,21.5,22.850000381469727,21.5,22.81999969482422,392600,0.0,0.0
2004-05-28 00:00:00-04:00,22.670000076293945,23.309999465942383,22.170000076293945,23.170000076293945,494400,0.0,0.0
2004-06-01 00:00:00-04:00,23.1299991607666,23.700000762939453,23.030000686645508,23.700000762939453,270300,0.0,0.0
2004-06-02 00:00:00-04:00,23.559999465942383,23.950000762939453,22.59000015258789,22.829999923706055,254000,0.0,0.0
2004-06-03 00:00:00-04:00,22.739999771118164,23.100000381469727,22.399999618530273,22.639999389648438,97500,0.0,0.0
2004-06-04 00:00:00-04:00,22.649999618530273,23.1299991607666,22.420000076293945,22.959999084472656,163700,0.0,0.0
2004-06-07 00:00:00-04:00,23.09000015258789,24.1200008392334,22.989999771118164,23.8700008392334,224000,0.0,0.0
2004-06-08 00:00:00-04:00,23.65999984741211,24.190000534057617,23.5,24.020000457763672,94900,0.0,0.0
2004-06-09 00:00:00-04:00,23.790000915527344,24.18000030517578,23.0,23.049999237060547,109900,0.0,0.0
2004-06-10 00:00:00-04:00,23.0,23.389999389648438,22.84000015258789,22.84000015258789,144900,0.0,0.0
2004-06-14 00:00:00-04:00,22.84000015258789,22.850000381469727,22.399999618530273,22.440000534057617,159700,0.0,0.0
2004-06-15 00:00:00-04:00,22.3799991607666,23.670000076293945,22.3799991607666,23.15999984741211,165000,0.0,0.0
2004-06-16 00:00:00-04:00,23.6200008392334,23.850000381469727,22.860000610351562,23.40999984741211,72400,0.0,0.0
2004-06-17 00:00:00-04:00,23.600000381469727,23.790000915527344,23.079999923706055,23.329999923706055,156700,0.0,0.0
2004-06-18 00:00:00-04:00,23.399999618530273,23.979999542236328,23.31999969482422,23.770000457763672,448000,0.0,0.0
2004-06-21 00:00:00-04:00,23.979999542236328,24.25,23.530000686645508,23.56999969482422,139800,0.0,0.0
2004-06-22 00:00:00-04:00,23.510000228881836,24.100000381469727,23.450000762939453,23.829999923706055,125900,0.0,0.0
2004-06-23 00:00:00-04:00,23.579999923706055,24.579999923706055,23.579999923706055,24.260000228881836,160800,0.0,0.0
2004-06-24 00:00:00-04:00,24.5,24.75,23.469999313354492,23.690000534057617,241000,0.0,0.0
2004-06-25 00:00:00-04:00,23.899999618530273,25.0,23.780000686645508,24.489999771118164,886200,0.0,0.0
2004-06-28 00:00:00-04:00,24.399999618530273,25.15999984741211,24.020000457763672,24.389999389648438,224100,0.0,0.0
2004-06-29 00:00:00-04:00,24.239999771118164,24.940000534057617,24.040000915527344,24.610000610351562,239700,0.0,0.0
2004-06-30 00:00:00-04:00,24.56999969482422,25.0,24.270000457763672,24.790000915527344,198300,0.0,0.0
2004-07-01 00:00:00-04:00,25.09000015258789,25.09000015258789,24.530000686645508,24.850000381469727,263400,0.0,0.0
2004-07-02 00:00:00-04:00,24.469999313354492,24.920000076293945,24.040000915527344,24.290000915527344,180100,0.0,0.0
2004-07-06 00:00:00-04:00,24.440000534057617,25.149999618530273,23.799999237060547,24.780000686645508,177400,0.0,0.0
2004-07-07 00:00:00-04:00,25.0,25.809999465942383,24.56999969482422,25.0,262500,0.0,0.0
2004-07-08 00:00:00-04:00,24.479999542236328,25.31999969482422,23.799999237060547,24.979999542236328,199400,0.0,0.0
2004-07-09 00:00:00-04:00,24.709999084472656,25.3799991607666,23.8799991607666,24.3700008392334,125500,0.0,0.0
2004-07-12 00:00:00-04:00,24.40999984741211,24.649999618530273,23.450000762939453,24.1200008392334,254500,0.0,0.0
2004-07-13 00:00:00-04:00,23.770000457763672,24.1200008392334,23.709999084472656,23.809999465942383,130500,0.0,0.0
2004-07-14 00:00:00-04:00,23.559999465942383,24.239999771118164,23.459999084472656,23.84000015258789,146300,0.0,0.0
2004-07-15 00:00:00-04:00,23.75,24.100000381469727,23.639999389648438,23.899999618530273,157400,0.0,0.0
2004-07-16 00:00:00-04:00,24.25,24.389999389648438,24.059999465942383,24.309999465942383,221300,0.0,0.0
2004-07-19 00:00:00-04:00,24.479999542236328,24.479999542236328,23.709999084472656,24.100000381469727,156200,0.0,0.0
2004-07-20 00:00:00-04:00,24.5,24.899999618530273,23.790000915527344,24.850000381469727,272400,0.0,0.0
2004-07-21 00:00:00-04:00,24.540000915527344,24.790000915527344,23.850000381469727,23.90999984741211,207300,0.0,0.0
2004-07-22 00:00:00-04:00,23.809999465942383,24.0,22.31999969482422,23.350000381469727,148200,0.0,0.0
2004-07-23 00:00:00-04:00,23.280000686645508,23.329999923706055,22.510000228881836,22.65999984741211,61500,0.0,0.0
2004-07-26 00:00:00-04:00,22.329999923706055,23.020000457763672,21.809999465942383,22.610000610351562,120900,0.0,0.0
2004-07-27 00:00:00-04:00,22.760000228881836,23.360000610351562,22.15999984741211,23.149999618530273,140100,0.0,0.0
2004-07-28 00:00:00-04:00,22.790000915527344,24.0,22.729999542236328,23.809999465942383,153100,0.0,0.0
2004-07-29 00:00:00-04:00,26.399999618530273,26.399999618530273,24.479999542236328,24.920000076293945,432600,0.0,0.0
2004-07-30 00:00:00-04:00,22.260000228881836,23.850000381469727,21.700000762939453,23.549999237060547,3607900,0.0,0.0
2004-08-02 00:00:00-04:00,23.8700008392334,24.0,23.549999237060547,23.899999618530273,1083400,0.0,0.0
2004-08-03 00:00:00-04:00,23.700000762939453,24.260000228881836,23.489999771118164,24.030000686645508,607400,0.0,0.0
2004-08-04 00:00:00-04:00,24.25,24.260000228881836,23.75,23.75,967100,0.0,0.0
2004-08-05 00:00:00-04:00,23.889999389648438,24.3799991607666,23.75,24.25,641800,0.0,0.0
2004-08-06 00:00:00-04:00,24.280000686645508,24.280000686645508,23.100000381469727,23.280000686645508,298100,0.0,0.0
2004-08-09 00:00:00-04:00,23.459999084472656,24.0,23.299999237060547,23.549999237060547,337500,0.0,0.0
2004-08-10 00:00:00-04:00,23.329999923706055,24.579999923706055,23.329999923706055,23.920000076293945,570700,0.0,0.0
2004-08-11 00:00:00-04:00,23.6200008392334,23.90999984741211,23.219999313354492,23.709999084472656,194000,0.0,0.0
2004-08-12 00:00:00-04:00,23.940000534057617,24.170000076293945,23.459999084472656,23.920000076293945,195700,0.0,0.0
2004-08-13 00:00:00-04:00,24.049999237060547,24.299999237060547,23.799999237060547,24.110000610351562,183800,0.0,0.0
2004-08-16 00:00:00-04:00,23.729999542236328,24.610000610351562,23.6299991607666,24.610000610351562,289500,0.0,0.0
2004-08-17 00:00:00-04:00,24.690000534057617,24.850000381469727,24.399999618530273,24.850000381469727,247800,0.0,0.0
2004-08-18 00:00:00-04:00,24.799999237060547,25.600000381469727,24.709999084472656,25.459999084472656,490500,0.0,0.0
2004-08-19 00:00:00-04:00,25.059999465942383,25.600000381469727,24.920000076293945,25.0,416600,0.0,0.0
2004-08-20 00:00:00-04:00,24.799999237060547,25.299999237060547,24.790000915527344,25.260000228881836,273300,0.0,0.0
2004-08-23 00:00:00-04:00,25.299999237060547,25.299999237060547,23.850000381469727,24.399999618530273,287900,0.0,0.0
2004-08-24 00:00:00-04:00,24.799999237060547,24.829999923706055,23.959999084472656,24.360000610351562,133800,0.0,0.0
2004-08-25 00:00:00-04:00,24.040000915527344,25.020000457763672,23.649999618530273,24.8700008392334,388100,0.0,0.0
2004-08-26 00:00:00-04:00,24.799999237060547,25.06999969482422,24.520000457763672,25.0,133400,0.0,0.0
2004-08-27 00:00:00-04:00,24.610000610351562,25.350000381469727,24.3700008392334,25.059999465942383,229200,0.0,0.0
2004-08-30 00:00:00-04:00,24.799999237060547,25.329999923706055,24.3799991607666,24.399999618530273,112500,0.0,0.0
2004-08-31 00:00:00-04:00,24.260000228881836,24.860000610351562,24.260000228881836,24.780000686645508,267800,0.0,0.0
2004-09-01 00:00:00-04:00,24.469999313354492,25.25,24.360000610351562,24.579999923706055,328100,0.0,0.0
2004-09-02 00:00:00-04:00,24.209999084472656,25.299999237060547,24.149999618530273,25.15999984741211,228300,0.0,0.0
2004-09-03 00:00:00-04:00,24.75,25.079999923706055,24.34000015258789,24.56999969482422,162300,0.0,0.0
2004-09-07 00:00:00-04:00,24.309999465942383,24.700000762939453,24.280000686645508,24.579999923706055,477400,0.0,0.0
2004-09-08 00:00:00-04:00,24.290000915527344,24.950000762939453,24.290000915527344,24.510000228881836,1116700,0.0,0.0
2004-09-09 00:00:00-04:00,24.90999984741211,25.75,24.770000457763672,25.600000381469727,855400,0.0,0.0
2004-09-10 00:00:00-04:00,25.770000457763672,25.799999237060547,24.31999969482422,24.950000762939453,241800,0.0,0.0
2004-09-13 00:00:00-04:00,25.190000534057617,25.260000228881836,24.780000686645508,25.0,122800,0.0,0.0
2004-09-14 00:00:00-04:00,24.739999771118164,25.299999237060547,24.350000381469727,24.920000076293945,303800,0.0,0.0
2004-09-15 00:00:00-04:00,25.239999771118164,25.239999771118164,24.420000076293945,24.899999618530273,318600,0.0,0.0
2004-09-16 00:00:00-04:00,24.90999984741211,25.489999771118164,24.90999984741211,25.139999389648438,371600,0.0,0.0
2004-09-17 00:00:00-04:00,25.09000015258789,25.719999313354492,25.06999969482422,25.719999313354492,411200,0.0,0.0
2004-09-20 00:00:00-04:00,25.690000534057617,26.170000076293945,25.079999923706055,25.860000610351562,300500,0.0,0.0
2004-09-21 00:00:00-04:00,26.18000030517578,26.399999618530273,25.600000381469727,26.3700008392334,265300,0.0,0.0
2004-09-22 00:00:00-04:00,26.149999618530273,26.700000762939453,25.899999618530273,26.450000762939453,307800,0.0,0.0
2004-09-23 00:00:00-04:00,26.489999771118164,26.5,26.0,26.010000228881836,472100,0.0,0.0
2004-09-24 00:00:00-04:00,25.979999542236328,26.56999969482422,25.809999465942383,26.559999465942383,227100,0.0,0.0
2004-09-27 00:00:00-04:00,26.170000076293945,26.530000686645508,25.68000030517578,26.209999084472656,214800,0.0,0.0
2004-09-28 00:00:00-04:00,26.0,27.860000610351562,25.8799991607666,27.59000015258789,455600,0.0,0.0
2004-09-29 00:00:00-04:00,27.420000076293945,27.68000030517578,26.809999465942383,27.510000228881836,443000,0.0,0.0
2004-09-30 00:00:00-04:00,27.229999542236328,28.0,27.149999618530273,27.729999542236328,474600,0.0,0.0
2004-10-01 00:00:00-04:00,27.809999465942383,28.350000381469727,26.969999313354492,28.059999465942383,234500,0.0,0.0
2004-10-04 00:00:00-04:00,27.809999465942383,28.450000762939453,27.809999465942383,28.43000030517578,355100,0.0,0.0
2004-10-05 00:00:00-04:00,28.149999618530273,28.290000915527344,27.790000915527344,28.09000015258789,348400,0.0,0.0
2004-10-06 00:00:00-04:00,28.1299991607666,29.049999237060547,28.040000915527344,28.649999618530273,454100,0.0,0.0
2004-10-07 00:00:00-04:00,28.84000015258789,29.100000381469727,28.139999389648438,28.799999237060547,556500,0.0,0.0
2004-10-08 00:00:00-04:00,28.700000762939453,28.899999618530273,28.200000762939453,28.31999969482422,327500,0.0,0.0
2004-10-11 00:00:00-04:00,28.479999542236328,28.479999542236328,27.280000686645508,27.760000228881836,391900,0.0,0.0
2004-10-12 00:00:00-04:00,27.600000381469727,27.940000534057617,27.1200008392334,27.520000457763672,213500,0.0,0.0
2004-10-13 00:00:00-04:00,28.010000228881836,28.020000457763672,25.690000534057617,25.84000015258789,802600,0.0,0.0
2004-10-14 00:00:00-04:00,25.90999984741211,26.450000762939453,25.600000381469727,26.329999923706055,366100,0.0,0.0
2004-10-15 00:00:00-04:00,26.020000457763672,27.059999465942383,26.020000457763672,26.760000228881836,264100,0.0,0.0
2004-10-18 00:00:00-04:00,26.56999969482422,26.770000457763672,25.989999771118164,26.149999618530273,237000,0.0,0.0
2004-10-19 00:00:00-04:00,25.950000762939453,26.559999465942383,25.6299991607666,25.75,319800,0.0,0.0
2004-10-20 00:00:00-04:00,25.889999389648438,26.450000762939453,25.700000762939453,26.270000457763672,232800,0.0,0.0
2004-10-21 00:00:00-04:00,25.93000030517578,27.149999618530273,25.93000030517578,27.1200008392334,514000,0.0,0.0
2004-10-22 00:00:00-04:00,27.139999389648438,27.540000915527344,26.0,26.0,202100,0.0,0.0
2004-10-25 00:00:00-04:00,26.049999237060547,26.559999465942383,26.049999237060547,26.399999618530273,198000,0.0,0.0
2004-10-26 00:00:00-04:00,26.90999984741211,27.40999984741211,26.290000915527344,26.969999313354492,514900,0.0,0.0
2004-10-27 00:00:00-04:00,26.579999923706055,26.6299991607666,23.920000076293945,24.90999984741211,2127300,0.0,0.0
2004-10-28 00:00:00-04:00,24.1200008392334,24.31999969482422,22.420000076293945,23.299999237060547,1091900,0.0,0.0
2004-10-29 00:00:00-04:00,23.479999542236328,23.739999771118164,22.899999618530273,23.139999389648438,506400,0.0,0.0
2004-11-01 00:00:00-05:00,23.420000076293945,24.110000610351562,22.81999969482422,23.68000030517578,611800,0.0,0.0
2004-11-02 00:00:00-05:00,23.690000534057617,23.770000457763672,22.8799991607666,22.989999771118164,458700,0.0,0.0
2004-11-03 00:00:00-05:00,23.56999969482422,23.940000534057617,23.010000228881836,23.3799991607666,436400,0.0,0.0
2004-11-04 00:00:00-05:00,23.25,24.0,23.18000030517578,24.0,386000,0.0,0.0
2004-11-05 00:00:00-05:00,23.719999313354492,24.520000457763672,23.610000610351562,24.5,314500,0.0,0.0
2004-11-08 00:00:00-05:00,24.420000076293945,24.649999618530273,23.84000015258789,24.3700008392334,257700,0.0,0.0
2004-11-09 00:00:00-05:00,24.6299991607666,25.030000686645508,24.059999465942383,24.940000534057617,313300,0.0,0.0
2004-11-10 00:00:00-05:00,24.75,25.100000381469727,24.25,24.479999542236328,442300,0.0,0.0
2004-11-11 00:00:00-05:00,24.280000686645508,24.739999771118164,24.09000015258789,24.610000610351562,341900,0.0,0.0
2004-11-12 00:00:00-05:00,24.600000381469727,26.239999771118164,24.56999969482422,25.950000762939453,639600,0.0,0.0
2004-11-15 00:00:00-05:00,26.0,26.149999618530273,25.6200008392334,25.75,276700,0.0,0.0
2004-11-16 00:00:00-05:00,25.549999237060547,26.010000228881836,25.0,25.06999969482422,234300,0.0,0.0
2004-11-17 00:00:00-05:00,25.559999465942383,25.799999237060547,25.15999984741211,25.360000610351562,252100,0.0,0.0
2004-11-18 00:00:00-05:00,25.229999542236328,25.510000228881836,24.950000762939453,25.190000534057617,178000,0.0,0.0
2004-11-19 00:00:00-05:00,25.040000915527344,25.559999465942383,24.809999465942383,24.809999465942383,371300,0.0,0.0
2004-11-22 00:00:00-05:00,24.770000457763672,25.43000030517578,24.770000457763672,25.280000686645508,215100,0.0,0.0
2004-11-23 00:00:00-05:00,25.639999389648438,25.65999984741211,24.81999969482422,24.850000381469727,267800,0.0,0.0
2004-11-24 00:00:00-05:00,25.020000457763672,25.59000015258789,24.81999969482422,25.209999084472656,292700,0.0,0.0
2004-11-26 00:00:00-05:00,25.399999618530273,25.989999771118164,25.0,25.600000381469727,189900,0.0,0.0
2004-11-29 00:00:00-05:00,25.969999313354492,25.969999313354492,25.40999984741211,25.739999771118164,200900,0.0,0.0
2004-11-30 00:00:00-05:00,25.760000228881836,25.799999237060547,25.6200008392334,25.6200008392334,357300,0.0,0.0
2004-12-01 00:00:00-05:00,25.75,26.219999313354492,25.65999984741211,25.90999984741211,336400,0.0,0.0
2004-12-02 00:00:00-05:00,25.899999618530273,26.0,24.450000762939453,24.68000030517578,402400,0.0,0.0
2004-12-03 00:00:00-05:00,24.68000030517578,25.329999923706055,24.5,24.889999389648438,311300,0.0,0.0
2004-12-06 00:00:00-05:00,25.31999969482422,25.31999969482422,24.770000457763672,24.860000610351562,268400,0.0,0.0
2004-12-07 00:00:00-05:00,24.799999237060547,24.809999465942383,23.299999237060547,23.690000534057617,471900,0.0,0.0
2004-12-08 00:00:00-05:00,23.5,23.6200008392334,22.729999542236328,23.420000076293945,349900,0.0,0.0
2004-12-09 00:00:00-05:00,23.6299991607666,23.6299991607666,22.850000381469727,23.100000381469727,324800,0.0,0.0
2004-12-10 00:00:00-05:00,23.5,23.969999313354492,23.219999313354492,23.920000076293945,445900,0.0,0.0
2004-12-13 00:00:00-05:00,24.1299991607666,24.780000686645508,24.049999237060547,24.459999084472656,372600,0.0,0.0
2004-12-14 00:00:00-05:00,24.170000076293945,24.299999237060547,23.729999542236328,24.1200008392334,297600,0.0,0.0
2004-12-15 00:00:00-05:00,24.25,24.43000030517578,23.84000015258789,23.920000076293945,365300,0.0,0.0
2004-12-16 00:00:00-05:00,24.149999618530273,24.469999313354492,23.56999969482422,23.600000381469727,395600,0.0,0.0
2004-12-17 00:00:00-05:00,23.899999618530273,24.09000015258789,23.469999313354492,23.969999313354492,572200,0.0,0.0
2004-12-20 00:00:00-05:00,23.950000762939453,24.649999618530273,23.950000762939453,24.479999542236328,251200,0.0,0.0
2004-12-21 00:00:00-05:00,24.6299991607666,25.5,24.489999771118164,25.350000381469727,307300,0.0,0.0
2004-12-22 00:00:00-05:00,25.25,25.389999389648438,24.65999984741211,25.049999237060547,249900,0.0,0.0
2004-12-23 00:00:00-05:00,25.25,25.649999618530273,25.020000457763672,25.25,188800,0.0,0.0
2004-12-27 00:00:00-05:00,25.34000015258789,25.510000228881836,24.959999084472656,25.149999618530273,225000,0.0,0.0
2004-12-28 00:00:00-05:00,25.149999618530273,25.799999237060547,25.149999618530273,25.780000686645508,205300,0.0,0.0
2004-12-29 00:00:00-05:00,25.84000015258789,26.040000915527344,25.559999465942383,25.809999465942383,191700,0.0,0.0
2004-12-30 00:00:00-05:00,25.700000762939453,26.1200008392334,25.40999984741211,25.850000381469727,455000,0.0,0.0
2004-12-31 00:00:00-05:00,26.079999923706055,26.530000686645508,25.760000228881836,26.260000228881836,329400,0.0,0.0
2005-01-03 00:00:00-05:00,26.079999923706055,26.530000686645508,25.969999313354492,26.329999923706055,650300,0.0,0.0
2005-01-04 00:00:00-05:00,26.100000381469727,26.290000915527344,24.950000762939453,25.399999618530273,1210200,0.0,0.0
2005-01-05 00:00:00-05:00,25.170000076293945,25.56999969482422,24.610000610351562,24.709999084472656,487800,0.0,0.0
2005-01-06 00:00:00-05:00,24.700000762939453,25.0,23.899999618530273,24.299999237060547,560000,0.0,0.0
2005-01-07 00:00:00-05:00,24.299999237060547,25.190000534057617,24.280000686645508,24.850000381469727,407500,0.0,0.0
2005-01-10 00:00:00-05:00,24.790000915527344,25.15999984741211,24.450000762939453,24.639999389648438,491800,0.0,0.0
2005-01-11 00:00:00-05:00,24.489999771118164,24.799999237060547,23.8799991607666,23.989999771118164,574500,0.0,0.0
2005-01-12 00:00:00-05:00,24.020000457763672,24.170000076293945,23.690000534057617,24.170000076293945,612100,0.0,0.0
2005-01-13 00:00:00-05:00,23.899999618530273,25.020000457763672,23.899999618530273,24.469999313354492,218300,0.0,0.0
2005-01-14 00:00:00-05:00,24.84000015258789,25.489999771118164,24.59000015258789,25.489999771118164,169900,0.0,0.0
2005-01-18 00:00:00-05:00,25.329999923706055,25.93000030517578,24.860000610351562,25.719999313354492,354900,0.0,0.0
2005-01-19 00:00:00-05:00,25.709999084472656,25.940000534057617,24.989999771118164,25.200000762939453,228400,0.0,0.0
2005-01-20 00:00:00-05:00,24.899999618530273,25.229999542236328,24.719999313354492,24.799999237060547,281800,0.0,0.0
2005-01-21 00:00:00-05:00,25.030000686645508,25.170000076293945,24.790000915527344,24.979999542236328,288400,0.0,0.0
2005-01-24 00:00:00-05:00,25.0,25.149999618530273,24.68000030517578,24.790000915527344,175400,0.0,0.0
2005-01-25 00:00:00-05:00,25.0,25.110000610351562,24.649999618530273,24.75,203200,0.0,0.0
2005-01-26 00:00:00-05:00,25.0,25.0,24.649999618530273,24.979999542236328,297500,0.0,0.0
2005-01-27 00:00:00-05:00,24.799999237060547,25.190000534057617,24.739999771118164,24.81999969482422,369800,0.0,0.0
2005-01-28 00:00:00-05:00,24.81999969482422,24.829999923706055,24.299999237060547,24.34000015258789,297800,0.0,0.0
2005-01-31 00:00:00-05:00,24.540000915527344,25.510000228881836,24.34000015258789,24.920000076293945,740400,0.0,0.0
2005-02-01 00:00:00-05:00,24.920000076293945,25.18000030517578,24.920000076293945,25.0,389800,0.0,0.0
2005-02-02 00:00:00-05:00,24.93000030517578,25.850000381469727,24.93000030517578,25.65999984741211,554900,0.0,0.0
2005-02-03 00:00:00-05:00,25.799999237060547,26.030000686645508,25.299999237060547,25.780000686645508,1470400,0.0,0.0
2005-02-04 00:00:00-05:00,26.0,26.0,24.899999618530273,25.350000381469727,388500,0.0,0.0
2005-02-07 00:00:00-05:00,25.440000534057617,25.719999313354492,24.90999984741211,25.0,209400,0.0,0.0
2005-02-08 00:00:00-05:00,25.25,25.540000915527344,24.940000534057617,25.520000457763672,563000,0.0,0.0
2005-02-09 00:00:00-05:00,25.579999923706055,25.6200008392334,24.610000610351562,24.709999084472656,145600,0.0,0.0
2005-02-10 00:00:00-05:00,24.969999313354492,25.610000610351562,24.90999984741211,25.170000076293945,519000,0.0,0.0
2005-02-11 00:00:00-05:00,25.440000534057617,26.239999771118164,25.010000228881836,25.8799991607666,723400,0.0,0.0
2005-02-14 00:00:00-05:00,26.25,26.34000015258789,25.760000228881836,25.899999618530273,174300,0.0,0.0
2005-02-15 00:00:00-05:00,25.8700008392334,26.40999984741211,25.8700008392334,26.0,126800,0.0,0.0
2005-02-16 00:00:00-05:00,26.020000457763672,26.520000457763672,25.510000228881836,26.219999313354492,792700,0.0,0.0
2005-02-17 00:00:00-05:00,26.739999771118164,27.549999237060547,26.700000762939453,27.15999984741211,557100,0.0,0.0
2005-02-18 00:00:00-05:00,27.59000015258789,28.610000610351562,27.25,28.15999984741211,1240900,0.0,0.0
2005-02-22 00:00:00-05:00,28.510000228881836,29.0,27.770000457763672,28.0,704700,0.0,0.0
2005-02-23 00:00:00-05:00,28.0,29.139999389648438,27.790000915527344,28.950000762939453,814400,0.0,0.0
2005-02-24 00:00:00-05:00,29.329999923706055,31.579999923706055,29.290000915527344,31.360000610351562,1650100,0.0,0.0
2005-02-25 00:00:00-05:00,31.079999923706055,34.27000045776367,31.0,32.900001525878906,1722200,0.0,0.0
2005-02-28 00:00:00-05:00,32.709999084472656,32.869998931884766,31.850000381469727,32.5099983215332,558900,0.0,0.0
2005-03-01 00:00:00-05:00,32.630001068115234,32.630001068115234,31.68000030517578,31.790000915527344,532700,0.0,0.0
2005-03-02 00:00:00-05:00,31.520000457763672,31.760000228881836,30.360000610351562,31.489999771118164,853900,0.0,0.0
2005-03-03 00:00:00-05:00,31.360000610351562,31.5,31.0,31.489999771118164,309500,0.0,0.0
2005-03-04 00:00:00-05:00,31.770000457763672,32.849998474121094,31.770000457763672,32.84000015258789,560600,0.0,0.0
2005-03-07 00:00:00-05:00,32.84000015258789,33.2599983215332,31.899999618530273,31.920000076293945,449600,0.0,0.0
2005-03-08 00:00:00-05:00,31.84000015258789,32.29999923706055,31.34000015258789,31.739999771118164,1347400,0.0,0.0
2005-03-09 00:00:00-05:00,31.700000762939453,31.889999389648438,31.0,31.0,488900,0.0,0.0
2005-03-10 00:00:00-05:00,31.329999923706055,31.43000030517578,30.579999923706055,31.18000030517578,507600,0.0,0.0
2005-03-11 00:00:00-05:00,31.18000030517578,32.400001525878906,31.059999465942383,31.520000457763672,348900,0.0,0.0
2005-03-14 00:00:00-05:00,31.479999542236328,31.739999771118164,30.920000076293945,31.399999618530273,352100,0.0,0.0
2005-03-15 00:00:00-05:00,31.530000686645508,33.41999816894531,31.3700008392334,33.279998779296875,1049600,0.0,0.0
2005-03-16 00:00:00-05:00,33.34000015258789,33.7400016784668,32.33000183105469,32.91999816894531,565400,0.0,0.0
2005-03-17 00:00:00-05:00,32.779998779296875,33.93000030517578,32.75,33.34000015258789,798500,0.0,0.0
2005-03-18 00:00:00-05:00,33.459999084472656,33.790000915527344,33.279998779296875,33.4900016784668,547800,0.0,0.0
2005-03-21 00:00:00-05:00,33.540000915527344,33.93000030517578,32.810001373291016,33.5099983215332,367800,0.0,0.0
2005-03-22 00:00:00-05:00,33.68000030517578,34.70000076293945,33.349998474121094,33.630001068115234,693400,0.0,0.0
2005-03-23 00:00:00-05:00,33.40999984741211,33.560001373291016,32.11000061035156,32.5,610000,0.0,0.0
2005-03-24 00:00:00-05:00,32.81999969482422,34.33000183105469,32.79999923706055,33.029998779296875,969900,0.0,0.0
2005-03-28 00:00:00-05:00,31.110000610351562,31.15999984741211,28.860000610351562,30.0,1613400,0.0,0.0
2005-03-29 00:00:00-05:00,29.579999923706055,30.3700008392334,28.770000457763672,28.850000381469727,952700,0.0,0.0
2005-03-30 00:00:00-05:00,28.690000534057617,29.600000381469727,28.549999237060547,29.56999969482422,364200,0.0,0.0
2005-03-31 00:00:00-05:00,29.809999465942383,30.450000762939453,29.639999389648438,30.260000228881836,492500,0.0,0.0
2005-04-01 00:00:00-05:00,30.309999465942383,30.920000076293945,29.799999237060547,30.059999465942383,327200,0.0,0.0
2005-04-04 00:00:00-04:00,30.079999923706055,30.450000762939453,29.899999618530273,30.420000076293945,321400,0.0,0.0
2005-04-05 00:00:00-04:00,30.540000915527344,30.989999771118164,30.420000076293945,30.770000457763672,241200,0.0,0.0
2005-04-06 00:00:00-04:00,31.100000381469727,31.43000030517578,30.770000457763672,31.149999618530273,273800,0.0,0.0
2005-04-07 00:00:00-04:00,31.309999465942383,32.18000030517578,31.299999237060547,32.08000183105469,220100,0.0,0.0
2005-04-08 00:00:00-04:00,31.950000762939453,32.119998931884766,30.780000686645508,30.84000015258789,282100,0.0,0.0
2005-04-11 00:00:00-04:00,30.75,31.34000015258789,30.75,31.0,237900,0.0,0.0
2005-04-12 00:00:00-04:00,30.899999618530273,31.059999465942383,30.309999465942383,30.860000610351562,600700,0.0,0.0
2005-04-13 00:00:00-04:00,30.639999389648438,30.899999618530273,28.670000076293945,29.270000457763672,977100,0.0,0.0
2005-04-14 00:00:00-04:00,28.979999542236328,29.1299991607666,26.559999465942383,27.450000762939453,906300,0.0,0.0
2005-04-15 00:00:00-04:00,27.190000534057617,28.149999618530273,26.75,26.940000534057617,492100,0.0,0.0
2005-04-18 00:00:00-04:00,26.649999618530273,27.799999237060547,26.649999618530273,27.520000457763672,400200,0.0,0.0
2005-04-19 00:00:00-04:00,27.309999465942383,28.850000381469727,27.309999465942383,28.639999389648438,405000,0.0,0.0
2005-04-20 00:00:00-04:00,28.969999313354492,28.969999313354492,27.709999084472656,27.8700008392334,256100,0.0,0.0
2005-04-21 00:00:00-04:00,28.270000457763672,28.729999542236328,27.760000228881836,28.530000686645508,205600,0.0,0.0
2005-04-22 00:00:00-04:00,28.719999313354492,28.8700008392334,27.440000534057617,27.850000381469727,267100,0.0,0.0
2005-04-25 00:00:00-04:00,27.790000915527344,28.190000534057617,27.670000076293945,27.950000762939453,229700,0.0,0.0
2005-04-26 00:00:00-04:00,28.0,28.0,26.579999923706055,26.729999542236328,469600,0.0,0.0
2005-04-27 00:00:00-04:00,26.75,26.75,24.260000228881836,24.479999542236328,1441700,0.0,0.0
2005-04-28 00:00:00-04:00,24.270000457763672,24.270000457763672,22.850000381469727,23.030000686645508,889100,0.0,0.0
2005-04-29 00:00:00-04:00,23.360000610351562,23.610000610351562,22.81999969482422,23.299999237060547,585600,0.0,0.0
2005-05-02 00:00:00-04:00,23.420000076293945,23.8700008392334,22.90999984741211,23.579999923706055,378400,0.0,0.0
2005-05-03 00:00:00-04:00,23.459999084472656,24.15999984741211,23.010000228881836,23.440000534057617,276300,0.0,0.0
2005-05-04 00:00:00-04:00,23.350000381469727,24.34000015258789,23.329999923706055,24.329999923706055,293300,0.0,0.0
2005-05-05 00:00:00-04:00,24.360000610351562,25.479999542236328,22.889999389648438,23.510000228881836,833000,0.0,0.0
2005-05-06 00:00:00-04:00,23.770000457763672,23.860000610351562,23.110000610351562,23.489999771118164,321700,0.0,0.0
2005-05-09 00:00:00-04:00,23.670000076293945,24.1200008392334,23.440000534057617,23.84000015258789,387200,0.0,0.0
2005-05-10 00:00:00-04:00,23.700000762939453,23.8700008392334,22.540000915527344,22.790000915527344,632900,0.0,0.0
2005-05-11 00:00:00-04:00,22.790000915527344,23.170000076293945,22.309999465942383,22.350000381469727,342300,0.0,0.0
2005-05-12 00:00:00-04:00,22.459999084472656,22.459999084472656,20.31999969482422,20.81999969482422,723100,0.0,0.0
2005-05-13 00:00:00-04:00,20.639999389648438,20.950000762939453,20.260000228881836,20.600000381469727,1076600,0.0,0.0
2005-05-16 00:00:00-04:00,20.600000381469727,21.110000610351562,20.389999389648438,20.469999313354492,721900,0.0,0.0
2005-05-17 00:00:00-04:00,20.469999313354492,21.399999618530273,20.420000076293945,21.280000686645508,405300,0.0,0.0
2005-05-18 00:00:00-04:00,21.440000534057617,22.389999389648438,21.25,21.84000015258789,878500,0.0,0.0
2005-05-19 00:00:00-04:00,22.0,22.270000457763672,21.440000534057617,21.649999618530273,424400,0.0,0.0
2005-05-20 00:00:00-04:00,21.65999984741211,21.75,21.420000076293945,21.700000762939453,190000,0.0,0.0
2005-05-23 00:00:00-04:00,21.709999084472656,22.299999237060547,21.440000534057617,22.25,243600,0.0,0.0
2005-05-24 00:00:00-04:00,22.209999084472656,22.459999084472656,21.75,21.8700008392334,354600,0.0,0.0
2005-05-25 00:00:00-04:00,21.899999618530273,22.200000762939453,21.299999237060547,22.06999969482422,640500,0.0,0.0
2005-05-26 00:00:00-04:00,22.239999771118164,22.610000610351562,22.190000534057617,22.510000228881836,330500,0.0,0.0
2005-05-27 00:00:00-04:00,22.610000610351562,23.299999237060547,22.459999084472656,23.020000457763672,262600,0.0,0.0
2005-05-31 00:00:00-04:00,23.100000381469727,23.100000381469727,21.950000762939453,22.40999984741211,294500,0.0,0.0
2005-06-01 00:00:00-04:00,22.350000381469727,23.040000915527344,22.350000381469727,23.040000915527344,721900,0.0,0.0
2005-06-02 00:00:00-04:00,23.06999969482422,23.309999465942383,22.899999618530273,23.149999618530273,295200,0.0,0.0
2005-06-03 00:00:00-04:00,23.059999465942383,23.959999084472656,23.059999465942383,23.190000534057617,340300,0.0,0.0
2005-06-06 00:00:00-04:00,23.219999313354492,23.3799991607666,22.649999618530273,22.809999465942383,247900,0.0,0.0
2005-06-07 00:00:00-04:00,22.920000076293945,23.1200008392334,22.389999389648438,22.43000030517578,195800,0.0,0.0
2005-06-08 00:00:00-04:00,22.549999237060547,22.93000030517578,22.360000610351562,22.84000015258789,364500,0.0,0.0
2005-06-09 00:00:00-04:00,22.799999237060547,23.350000381469727,22.639999389648438,22.850000381469727,726200,0.0,0.0
2005-06-10 00:00:00-04:00,22.770000457763672,23.139999389648438,22.649999618530273,23.0,287900,0.0,0.0
2005-06-13 00:00:00-04:00,22.989999771118164,23.100000381469727,22.610000610351562,22.950000762939453,214900,0.0,0.0
2005-06-14 00:00:00-04:00,22.889999389648438,22.940000534057617,22.459999084472656,22.56999969482422,284900,0.0,0.0
2005-06-15 00:00:00-04:00,22.649999618530273,22.899999618530273,22.309999465942383,22.5,357000,0.0,0.0
2005-06-16 00:00:00-04:00,22.639999389648438,23.1299991607666,22.299999237060547,23.040000915527344,781100,0.0,0.0
2005-06-17 00:00:00-04:00,23.020000457763672,24.15999984741211,22.920000076293945,23.6200008392334,450300,0.0,0.0
2005-06-20 00:00:00-04:00,23.469999313354492,23.780000686645508,23.0,23.09000015258789,190500,0.0,0.0
2005-06-21 00:00:00-04:00,23.06999969482422,23.530000686645508,22.809999465942383,22.920000076293945,151400,0.0,0.0
2005-06-22 00:00:00-04:00,22.860000610351562,23.309999465942383,22.25,22.56999969482422,327300,0.0,0.0
2005-06-23 00:00:00-04:00,22.649999618530273,22.649999618530273,21.040000915527344,21.149999618530273,875600,0.0,0.0
2005-06-24 00:00:00-04:00,21.149999618530273,21.149999618530273,20.15999984741211,20.670000076293945,863000,0.0,0.0
2005-06-27 00:00:00-04:00,20.700000762939453,20.700000762939453,20.18000030517578,20.25,451900,0.0,0.0
2005-06-28 00:00:00-04:00,20.299999237060547,20.709999084472656,20.260000228881836,20.350000381469727,521700,0.0,0.0
2005-06-29 00:00:00-04:00,20.5,20.829999923706055,20.200000762939453,20.799999237060547,209000,0.0,0.0
2005-06-30 00:00:00-04:00,20.81999969482422,21.079999923706055,20.3700008392334,20.399999618530273,409600,0.0,0.0
2005-07-01 00:00:00-04:00,20.43000030517578,20.579999923706055,20.1200008392334,20.25,151500,0.0,0.0
2005-07-05 00:00:00-04:00,20.200000762939453,20.899999618530273,20.0,20.81999969482422,387800,0.0,0.0
2005-07-06 00:00:00-04:00,20.81999969482422,20.93000030517578,20.420000076293945,20.559999465942383,214600,0.0,0.0
2005-07-07 00:00:00-04:00,20.260000228881836,20.639999389648438,20.0,20.600000381469727,195900,0.0,0.0
2005-07-08 00:00:00-04:00,20.649999618530273,21.799999237060547,20.649999618530273,21.65999984741211,733500,0.0,0.0
2005-07-11 00:00:00-04:00,22.440000534057617,24.020000457763672,22.440000534057617,23.899999618530273,1015600,0.0,0.0
2005-07-12 00:00:00-04:00,23.84000015258789,24.3700008392334,23.170000076293945,24.049999237060547,491300,0.0,0.0
2005-07-13 00:00:00-04:00,24.149999618530273,24.40999984741211,23.649999618530273,24.110000610351562,1082600,0.0,0.0
2005-07-14 00:00:00-04:00,23.40999984741211,23.850000381469727,23.059999465942383,23.219999313354492,943000,0.0,0.0
2005-07-15 00:00:00-04:00,23.049999237060547,23.219999313354492,22.639999389648438,23.15999984741211,224600,0.0,0.0
2005-07-18 00:00:00-04:00,23.209999084472656,23.709999084472656,22.93000030517578,23.309999465942383,264600,0.0,0.0
2005-07-19 00:00:00-04:00,23.3700008392334,23.81999969482422,22.84000015258789,23.760000228881836,260400,0.0,0.0
2005-07-20 00:00:00-04:00,23.65999984741211,24.6299991607666,23.530000686645508,24.540000915527344,229800,0.0,0.0
2005-07-21 00:00:00-04:00,24.65999984741211,24.899999618530273,24.229999542236328,24.670000076293945,263000,0.0,0.0
2005-07-22 00:00:00-04:00,24.81999969482422,25.18000030517578,24.030000686645508,24.889999389648438,215000,0.0,0.0
2005-07-25 00:00:00-04:00,24.899999618530273,24.899999618530273,23.700000762939453,24.280000686645508,172300,0.0,0.0
2005-07-26 00:00:00-04:00,24.309999465942383,24.360000610351562,23.5,24.15999984741211,171000,0.0,0.0
2005-07-27 00:00:00-04:00,24.440000534057617,24.440000534057617,23.5,23.719999313354492,213500,0.0,0.0
2005-07-28 00:00:00-04:00,23.81999969482422,24.989999771118164,23.530000686645508,24.780000686645508,275400,0.0,0.0
2005-07-29 00:00:00-04:00,24.780000686645508,25.0,24.200000762939453,24.469999313354492,356600,0.0,0.0
2005-08-01 00:00:00-04:00,24.690000534057617,25.239999771118164,24.43000030517578,24.760000228881836,267300,0.0,0.0
2005-08-02 00:00:00-04:00,24.799999237060547,25.889999389648438,24.799999237060547,25.780000686645508,338300,0.0,0.0
2005-08-03 00:00:00-04:00,25.739999771118164,26.399999618530273,25.600000381469727,26.31999969482422,598100,0.0,0.0
2005-08-04 00:00:00-04:00,26.3700008392334,26.3700008392334,25.459999084472656,25.799999237060547,757900,0.0,0.0
2005-08-05 00:00:00-04:00,25.760000228881836,26.229999542236328,25.34000015258789,25.90999984741211,339100,0.0,0.0
2005-08-08 00:00:00-04:00,26.010000228881836,26.600000381469727,25.700000762939453,25.780000686645508,333300,0.0,0.0
2005-08-09 00:00:00-04:00,25.860000610351562,26.31999969482422,25.399999618530273,26.079999923706055,288800,0.0,0.0
2005-08-10 00:00:00-04:00,26.18000030517578,26.5,25.670000076293945,26.1200008392334,448000,0.0,0.0
2005-08-11 00:00:00-04:00,26.280000686645508,27.260000228881836,26.139999389648438,26.59000015258789,462200,0.0,0.0
2005-08-12 00:00:00-04:00,26.5,27.43000030517578,26.200000762939453,27.149999618530273,480700,0.0,0.0
2005-08-15 00:00:00-04:00,27.290000915527344,27.600000381469727,26.799999237060547,27.489999771118164,333600,0.0,0.0
2005-08-16 00:00:00-04:00,27.600000381469727,27.600000381469727,27.0,27.110000610351562,268300,0.0,0.0
2005-08-17 00:00:00-04:00,27.0,27.459999084472656,26.719999313354492,27.110000610351562,521500,0.0,0.0
2005-08-18 00:00:00-04:00,27.06999969482422,27.06999969482422,25.969999313354492,26.149999618530273,576500,0.0,0.0
2005-08-19 00:00:00-04:00,26.200000762939453,26.520000457763672,25.950000762939453,25.989999771118164,550800,0.0,0.0
2005-08-22 00:00:00-04:00,25.899999618530273,26.649999618530273,25.719999313354492,26.56999969482422,275800,0.0,0.0
2005-08-23 00:00:00-04:00,26.600000381469727,26.719999313354492,25.75,25.989999771118164,206300,0.0,0.0
2005-08-24 00:00:00-04:00,25.899999618530273,25.899999618530273,24.75,24.8700008392334,490300,0.0,0.0
2005-08-25 00:00:00-04:00,24.760000228881836,25.049999237060547,24.6200008392334,24.829999923706055,659300,0.0,0.0
2005-08-26 00:00:00-04:00,24.81999969482422,24.93000030517578,24.290000915527344,24.479999542236328,122400,0.0,0.0
2005-08-29 00:00:00-04:00,24.469999313354492,24.75,23.920000076293945,24.5,240100,0.0,0.0
2005-08-30 00:00:00-04:00,24.670000076293945,24.670000076293945,24.059999465942383,24.31999969482422,280700,0.0,0.0
2005-08-31 00:00:00-04:00,24.280000686645508,24.280000686645508,23.700000762939453,24.200000762939453,235300,0.0,0.0
2005-09-01 00:00:00-04:00,24.0,25.270000457763672,24.0,25.110000610351562,220000,0.0,0.0
2005-09-02 00:00:00-04:00,25.31999969482422,25.479999542236328,24.40999984741211,24.639999389648438,235100,0.0,0.0
2005-09-06 00:00:00-04:00,24.739999771118164,25.1299991607666,24.489999771118164,24.8799991607666,150900,0.0,0.0
2005-09-07 00:00:00-04:00,24.969999313354492,25.15999984741211,24.329999923706055,24.809999465942383,203300,0.0,0.0
2005-09-08 00:00:00-04:00,24.700000762939453,24.8700008392334,24.510000228881836,24.6299991607666,100000,0.0,0.0
2005-09-09 00:00:00-04:00,24.639999389648438,24.93000030517578,24.450000762939453,24.549999237060547,124700,0.0,0.0
2005-09-12 00:00:00-04:00,24.469999313354492,24.940000534057617,24.299999237060547,24.690000534057617,141300,0.0,0.0
2005-09-13 00:00:00-04:00,24.540000915527344,24.729999542236328,23.68000030517578,23.799999237060547,178800,0.0,0.0
2005-09-14 00:00:00-04:00,23.690000534057617,23.950000762939453,23.56999969482422,23.68000030517578,218500,0.0,0.0
2005-09-15 00:00:00-04:00,23.799999237060547,23.799999237060547,23.200000762939453,23.25,222700,0.0,0.0
2005-09-16 00:00:00-04:00,23.420000076293945,23.450000762939453,23.190000534057617,23.239999771118164,582100,0.0,0.0
2005-09-19 00:00:00-04:00,23.299999237060547,23.31999969482422,23.059999465942383,23.190000534057617,178300,0.0,0.0
2005-09-20 00:00:00-04:00,23.25,23.5,22.770000457763672,22.829999923706055,249800,0.0,0.0
2005-09-21 00:00:00-04:00,22.90999984741211,23.399999618530273,22.790000915527344,23.1299991607666,324300,0.0,0.0
2005-09-22 00:00:00-04:00,23.079999923706055,23.209999084472656,22.579999923706055,22.600000381469727,268700,0.0,0.0
2005-09-23 00:00:00-04:00,22.18000030517578,22.18000030517578,21.520000457763672,21.860000610351562,554100,0.0,0.0
2005-09-26 00:00:00-04:00,21.979999542236328,22.670000076293945,21.729999542236328,22.450000762939453,605400,0.0,0.0
2005-09-27 00:00:00-04:00,22.40999984741211,22.84000015258789,22.260000228881836,22.6299991607666,233500,0.0,0.0
2005-09-28 00:00:00-04:00,22.81999969482422,23.049999237060547,22.3700008392334,22.56999969482422,202400,0.0,0.0
2005-09-29 00:00:00-04:00,22.610000610351562,22.649999618530273,22.020000457763672,22.639999389648438,295000,0.0,0.0
2005-09-30 00:00:00-04:00,22.600000381469727,22.84000015258789,22.31999969482422,22.479999542236328,118700,0.0,0.0
2005-10-03 00:00:00-04:00,22.459999084472656,22.889999389648438,22.110000610351562,22.1299991607666,190000,0.0,0.0
2005-10-04 00:00:00-04:00,22.110000610351562,22.209999084472656,21.530000686645508,21.6299991607666,282700,0.0,0.0
2005-10-05 00:00:00-04:00,21.520000457763672,21.739999771118164,20.90999984741211,21.040000915527344,484300,0.0,0.0
2005-10-06 00:00:00-04:00,21.049999237060547,21.68000030517578,20.760000228881836,21.030000686645508,355500,0.0,0.0
2005-10-07 00:00:00-04:00,21.170000076293945,21.5,20.799999237060547,21.0,353200,0.0,0.0
2005-10-10 00:00:00-04:00,20.8799991607666,21.170000076293945,20.600000381469727,20.75,235500,0.0,0.0
2005-10-11 00:00:00-04:00,20.950000762939453,21.450000762939453,20.610000610351562,20.979999542236328,448300,0.0,0.0
2005-10-12 00:00:00-04:00,20.8799991607666,21.3700008392334,20.040000915527344,20.700000762939453,471800,0.0,0.0
2005-10-13 00:00:00-04:00,20.649999618530273,20.709999084472656,20.100000381469727,20.600000381469727,462900,0.0,0.0
2005-10-14 00:00:00-04:00,20.770000457763672,21.5,20.520000457763672,21.15999984741211,286600,0.0,0.0
2005-10-17 00:00:00-04:00,21.420000076293945,21.81999969482422,21.010000228881836,21.559999465942383,275500,0.0,0.0
2005-10-18 00:00:00-04:00,21.40999984741211,21.850000381469727,20.5,20.579999923706055,736000,0.0,0.0
2005-10-19 00:00:00-04:00,20.489999771118164,21.399999618530273,20.25,21.399999618530273,281400,0.0,0.0
2005-10-20 00:00:00-04:00,21.350000381469727,21.68000030517578,20.889999389648438,21.059999465942383,294000,0.0,0.0
2005-10-21 00:00:00-04:00,21.110000610351562,22.329999923706055,20.959999084472656,21.809999465942383,557000,0.0,0.0
2005-10-24 00:00:00-04:00,21.8799991607666,22.540000915527344,21.770000457763672,22.389999389648438,233600,0.0,0.0
2005-10-25 00:00:00-04:00,22.299999237060547,22.75,22.049999237060547,22.75,264200,0.0,0.0
2005-10-26 00:00:00-04:00,20.649999618530273,21.479999542236328,18.829999923706055,19.219999313354492,2073900,0.0,0.0
2005-10-27 00:00:00-04:00,19.139999389648438,19.170000076293945,17.950000762939453,18.0,546100,0.0,0.0
2005-10-28 00:00:00-04:00,18.139999389648438,18.270000457763672,17.81999969482422,17.8700008392334,501000,0.0,0.0
2005-10-31 00:00:00-05:00,17.959999084472656,18.40999984741211,17.959999084472656,18.18000030517578,441300,0.0,0.0
2005-11-01 00:00:00-05:00,18.18000030517578,18.290000915527344,17.969999313354492,18.190000534057617,275300,0.0,0.0
2005-11-02 00:00:00-05:00,18.190000534057617,18.639999389648438,18.18000030517578,18.639999389648438,422500,0.0,0.0
2005-11-03 00:00:00-05:00,18.690000534057617,19.25,18.600000381469727,18.829999923706055,433500,0.0,0.0
2005-11-04 00:00:00-05:00,18.850000381469727,19.200000762939453,18.709999084472656,19.190000534057617,275700,0.0,0.0
2005-11-07 00:00:00-05:00,19.350000381469727,19.549999237060547,18.950000762939453,19.440000534057617,313200,0.0,0.0
2005-11-08 00:00:00-05:00,19.389999389648438,19.940000534057617,19.31999969482422,19.889999389648438,375000,0.0,0.0
2005-11-09 00:00:00-05:00,19.920000076293945,20.8799991607666,19.81999969482422,20.59000015258789,591300,0.0,0.0
2005-11-10 00:00:00-05:00,20.610000610351562,20.899999618530273,20.030000686645508,20.760000228881836,230000,0.0,0.0
2005-11-11 00:00:00-05:00,20.729999542236328,20.899999618530273,20.329999923706055,20.360000610351562,340600,0.0,0.0
2005-11-14 00:00:00-05:00,20.34000015258789,20.5,20.170000076293945,20.329999923706055,222300,0.0,0.0
2005-11-15 00:00:00-05:00,20.31999969482422,20.90999984741211,20.170000076293945,20.3799991607666,341000,0.0,0.0
2005-11-16 00:00:00-05:00,20.389999389648438,20.899999618530273,20.190000534057617,20.81999969482422,405600,0.0,0.0
2005-11-17 00:00:00-05:00,20.899999618530273,21.170000076293945,20.489999771118164,20.889999389648438,198900,0.0,0.0
2005-11-18 00:00:00-05:00,21.110000610351562,21.110000610351562,20.6200008392334,21.049999237060547,161400,0.0,0.0
2005-11-21 00:00:00-05:00,21.049999237060547,21.579999923706055,20.780000686645508,21.5,244000,0.0,0.0
2005-11-22 00:00:00-05:00,21.5,21.5,20.950000762939453,21.0,541300,0.0,0.0
2005-11-23 00:00:00-05:00,20.969999313354492,22.030000686645508,20.899999618530273,21.639999389648438,541600,0.0,0.0
2005-11-25 00:00:00-05:00,21.520000457763672,22.299999237060547,21.520000457763672,22.049999237060547,62700,0.0,0.0
2005-11-28 00:00:00-05:00,22.190000534057617,22.190000534057617,21.809999465942383,21.940000534057617,189900,0.0,0.0
2005-11-29 00:00:00-05:00,22.190000534057617,22.920000076293945,22.15999984741211,22.770000457763672,446000,0.0,0.0
2005-11-30 00:00:00-05:00,22.639999389648438,23.299999237060547,22.5,23.149999618530273,590500,0.0,0.0
2005-12-01 00:00:00-05:00,23.149999618530273,23.959999084472656,23.149999618530273,23.670000076293945,509200,0.0,0.0
2005-12-02 00:00:00-05:00,23.81999969482422,23.81999969482422,23.06999969482422,23.5,329900,0.0,0.0
2005-12-05 00:00:00-05:00,23.329999923706055,23.920000076293945,23.18000030517578,23.75,318600,0.0,0.0
2005-12-06 00:00:00-05:00,23.950000762939453,24.950000762939453,23.700000762939453,24.809999465942383,691500,0.0,0.0
2005-12-07 00:00:00-05:00,24.639999389648438,25.5,24.639999389648438,24.889999389648438,529400,0.0,0.0
2005-12-08 00:00:00-05:00,25.0,25.040000915527344,24.360000610351562,24.690000534057617,323200,0.0,0.0
2005-12-09 00:00:00-05:00,24.90999984741211,25.280000686645508,24.510000228881836,25.15999984741211,515200,0.0,0.0
2005-12-12 00:00:00-05:00,25.149999618530273,25.350000381469727,23.989999771118164,24.079999923706055,355600,0.0,0.0
2005-12-13 00:00:00-05:00,24.049999237060547,24.389999389648438,23.899999618530273,24.049999237060547,278400,0.0,0.0
2005-12-14 00:00:00-05:00,24.229999542236328,24.350000381469727,23.600000381469727,23.670000076293945,274000,0.0,0.0
2005-12-15 00:00:00-05:00,25.09000015258789,26.25,24.760000228881836,25.190000534057617,1080900,0.0,0.0
2005-12-16 00:00:00-05:00,25.200000762939453,25.8799991607666,24.790000915527344,24.8700008392334,621500,0.0,0.0
2005-12-19 00:00:00-05:00,24.700000762939453,25.360000610351562,23.729999542236328,24.190000534057617,609400,0.0,0.0
2005-12-20 00:00:00-05:00,24.229999542236328,24.56999969482422,23.93000030517578,24.139999389648438,224100,0.0,0.0
2005-12-21 00:00:00-05:00,24.270000457763672,25.06999969482422,24.200000762939453,24.850000381469727,422600,0.0,0.0
2005-12-22 00:00:00-05:00,25.100000381469727,25.899999618530273,24.860000610351562,25.780000686645508,470000,0.0,0.0
2005-12-23 00:00:00-05:00,25.989999771118164,25.989999771118164,25.5,25.8799991607666,199800,0.0,0.0
2005-12-27 00:00:00-05:00,26.0,26.0,25.329999923706055,25.450000762939453,292200,0.0,0.0
2005-12-28 00:00:00-05:00,25.56999969482422,26.56999969482422,25.56999969482422,26.559999465942383,331500,0.0,0.0
2005-12-29 00:00:00-05:00,26.559999465942383,26.790000915527344,26.280000686645508,26.59000015258789,186500,0.0,0.0
2005-12-30 00:00:00-05:00,26.520000457763672,26.649999618530273,26.139999389648438,26.209999084472656,239200,0.0,0.0
2006-01-03 00:00:00-05:00,26.15999984741211,27.68000030517578,26.139999389648438,27.68000030517578,470400,0.0,0.0
2006-01-04 00:00:00-05:00,27.700000762939453,29.100000381469727,27.469999313354492,28.84000015258789,1456600,0.0,0.0
2006-01-05 00:00:00-05:00,28.84000015258789,29.1200008392334,28.700000762939453,28.739999771118164,763100,0.0,0.0
2006-01-06 00:00:00-05:00,28.950000762939453,29.0,28.450000762939453,28.520000457763672,559200,0.0,0.0
2006-01-09 00:00:00-05:00,28.989999771118164,29.799999237060547,28.700000762939453,29.139999389648438,478500,0.0,0.0
2006-01-10 00:00:00-05:00,28.450000762939453,28.8799991607666,27.770000457763672,28.6200008392334,793200,0.0,0.0
2006-01-11 00:00:00-05:00,28.5,28.790000915527344,28.110000610351562,28.309999465942383,361100,0.0,0.0
2006-01-12 00:00:00-05:00,28.469999313354492,28.8700008392334,27.799999237060547,28.309999465942383,414100,0.0,0.0
2006-01-13 00:00:00-05:00,28.719999313354492,29.1200008392334,28.56999969482422,28.790000915527344,466500,0.0,0.0
2006-01-17 00:00:00-05:00,28.739999771118164,29.75,28.350000381469727,29.420000076293945,455500,0.0,0.0
2006-01-18 00:00:00-05:00,29.309999465942383,29.8799991607666,28.850000381469727,28.979999542236328,507600,0.0,0.0
2006-01-19 00:00:00-05:00,29.06999969482422,30.479999542236328,29.020000457763672,30.399999618530273,428900,0.0,0.0
2006-01-20 00:00:00-05:00,30.5,30.600000381469727,29.229999542236328,29.459999084472656,353300,0.0,0.0
2006-01-23 00:00:00-05:00,30.309999465942383,30.309999465942383,29.149999618530273,29.75,464100,0.0,0.0
2006-01-24 00:00:00-05:00,30.0,31.18000030517578,29.549999237060547,30.889999389648438,662000,0.0,0.0
2006-01-25 00:00:00-05:00,31.059999465942383,31.489999771118164,30.860000610351562,31.15999984741211,483900,0.0,0.0
2006-01-26 00:00:00-05:00,31.190000534057617,33.56999969482422,31.18000030517578,33.439998626708984,2144800,0.0,0.0
2006-01-27 00:00:00-05:00,33.0,35.119998931884766,32.779998779296875,33.88999938964844,1489200,0.0,0.0
2006-01-30 00:00:00-05:00,33.900001525878906,34.18000030517578,33.38999938964844,33.709999084472656,424700,0.0,0.0
2006-01-31 00:00:00-05:00,33.61000061035156,34.290000915527344,33.459999084472656,34.08000183105469,577700,0.0,0.0
2006-02-01 00:00:00-05:00,34.04999923706055,35.2599983215332,33.38999938964844,35.130001068115234,690400,0.0,0.0
2006-02-02 00:00:00-05:00,34.900001525878906,36.27000045776367,34.29999923706055,35.61000061035156,1278700,0.0,0.0
2006-02-03 00:00:00-05:00,35.29999923706055,36.68000030517578,34.7400016784668,35.7400016784668,549100,0.0,0.0
2006-02-06 00:00:00-05:00,37.27000045776367,38.68000030517578,36.95000076293945,38.099998474121094,1235700,0.0,0.0
2006-02-07 00:00:00-05:00,38.5,39.06999969482422,36.150001525878906,36.470001220703125,1810600,0.0,0.0
2006-02-08 00:00:00-05:00,36.79999923706055,36.95000076293945,34.45000076293945,35.93000030517578,1093000,0.0,0.0
2006-02-09 00:00:00-05:00,36.06999969482422,37.20000076293945,35.90999984741211,36.20000076293945,554100,0.0,0.0
2006-02-10 00:00:00-05:00,36.20000076293945,36.27000045776367,34.0099983215332,35.400001525878906,905600,0.0,0.0
2006-02-13 00:00:00-05:00,35.22999954223633,35.36000061035156,33.869998931884766,34.22999954223633,862700,0.0,0.0
2006-02-14 00:00:00-05:00,34.43000030517578,36.27000045776367,33.83000183105469,35.90999984741211,707900,0.0,0.0
2006-02-15 00:00:00-05:00,35.970001220703125,36.689998626708984,35.27000045776367,35.900001525878906,605000,0.0,0.0
2006-02-16 00:00:00-05:00,36.040000915527344,36.5,35.04999923706055,36.25,502400,0.0,0.0
2006-02-17 00:00:00-05:00,36.27000045776367,36.900001525878906,35.97999954223633,36.470001220703125,328800,0.0,0.0
2006-02-21 00:00:00-05:00,36.70000076293945,37.7400016784668,36.33000183105469,37.29999923706055,736300,0.0,0.0
2006-02-22 00:00:00-05:00,37.119998931884766,37.7400016784668,37.0,37.52000045776367,503600,0.0,0.0
2006-02-23 00:00:00-05:00,35.20000076293945,37.40999984741211,34.27000045776367,36.790000915527344,1368300,0.0,0.0
2006-02-24 00:00:00-05:00,36.65999984741211,37.29999923706055,36.20000076293945,36.470001220703125,915500,0.0,0.0
2006-02-27 00:00:00-05:00,36.34000015258789,36.529998779296875,35.369998931884766,35.84000015258789,858900,0.0,0.0
2006-02-28 00:00:00-05:00,36.0,36.310001373291016,35.15999984741211,35.59000015258789,541600,0.0,0.0
2006-03-01 00:00:00-05:00,35.900001525878906,37.470001220703125,35.61000061035156,37.0099983215332,669000,0.0,0.0
2006-03-02 00:00:00-05:00,36.900001525878906,38.31999969482422,36.56999969482422,37.849998474121094,582500,0.0,0.0
2006-03-03 00:00:00-05:00,37.849998474121094,38.529998779296875,37.29999923706055,38.0099983215332,418400,0.0,0.0
2006-03-06 00:00:00-05:00,38.130001068115234,38.5,37.0,37.540000915527344,329800,0.0,0.0
2006-03-07 00:00:00-05:00,37.29999923706055,37.29999923706055,35.2400016784668,35.849998474121094,599300,0.0,0.0
2006-03-08 00:00:00-05:00,35.599998474121094,35.63999938964844,33.869998931884766,34.779998779296875,703600,0.0,0.0
2006-03-09 00:00:00-05:00,34.95000076293945,35.880001068115234,34.150001525878906,35.150001525878906,500300,0.0,0.0
2006-03-10 00:00:00-05:00,35.18000030517578,35.540000915527344,34.400001525878906,35.470001220703125,697300,0.0,0.0
2006-03-13 00:00:00-05:00,35.61000061035156,35.86000061035156,35.310001373291016,35.540000915527344,230600,0.0,0.0
2006-03-14 00:00:00-05:00,35.599998474121094,36.2400016784668,34.939998626708984,36.0099983215332,1686100,0.0,0.0
2006-03-15 00:00:00-05:00,36.150001525878906,36.84000015258789,35.86000061035156,36.20000076293945,504900,0.0,0.0
2006-03-16 00:00:00-05:00,36.36000061035156,36.36000061035156,35.5,36.0,628400,0.0,0.0
2006-03-17 00:00:00-05:00,36.04999923706055,36.70000076293945,35.459999084472656,36.220001220703125,383300,0.0,0.0
2006-03-20 00:00:00-05:00,36.369998931884766,36.720001220703125,35.7400016784668,36.119998931884766,329500,0.0,0.0
2006-03-21 00:00:00-05:00,35.25,36.29999923706055,35.15999984741211,35.25,425300,0.0,0.0
2006-03-22 00:00:00-05:00,35.189998626708984,36.02000045776367,35.189998626708984,35.560001373291016,399900,0.0,0.0
2006-03-23 00:00:00-05:00,35.36000061035156,37.439998626708984,35.290000915527344,37.209999084472656,782700,0.0,0.0
2006-03-24 00:00:00-05:00,37.25,38.849998474121094,37.25,38.2599983215332,890900,0.0,0.0
2006-03-27 00:00:00-05:00,38.400001525878906,39.81999969482422,38.2599983215332,39.34000015258789,651600,0.0,0.0
2006-03-28 00:00:00-05:00,39.41999816894531,40.25,38.58000183105469,39.959999084472656,751800,0.0,0.0
2006-03-29 00:00:00-05:00,39.849998474121094,42.02000045776367,39.849998474121094,41.400001525878906,916600,0.0,0.0
2006-03-30 00:00:00-05:00,43.290000915527344,44.5,42.75,43.41999816894531,1440400,0.0,0.0
2006-03-31 00:00:00-05:00,43.43000030517578,43.810001373291016,42.04999923706055,42.45000076293945,762200,0.0,0.0
2006-04-03 00:00:00-04:00,42.61000061035156,44.16999816894531,42.560001373291016,43.650001525878906,531800,0.0,0.0
2006-04-04 00:00:00-04:00,42.61000061035156,43.75,42.5,43.630001068115234,685300,0.0,0.0
2006-04-05 00:00:00-04:00,44.279998779296875,49.11000061035156,44.279998779296875,48.70000076293945,3224500,0.0,0.0
2006-04-06 00:00:00-04:00,48.70000076293945,48.70000076293945,45.75,47.0,1392600,0.0,0.0
2006-04-07 00:00:00-04:00,47.400001525878906,47.72999954223633,46.689998626708984,46.790000915527344,441300,0.0,0.0
2006-04-10 00:00:00-04:00,47.25,48.79999923706055,46.08000183105469,46.95000076293945,605000,0.0,0.0
2006-04-11 00:00:00-04:00,48.75,49.45000076293945,46.220001220703125,46.61000061035156,838000,0.0,0.0
2006-04-12 00:00:00-04:00,46.650001525878906,47.310001373291016,45.75,47.0099983215332,391700,0.0,0.0
2006-04-13 00:00:00-04:00,46.86000061035156,48.25,46.25,47.5099983215332,304600,0.0,0.0
2006-04-17 00:00:00-04:00,47.709999084472656,48.939998626708984,47.650001525878906,48.560001373291016,405100,0.0,0.0
2006-04-18 00:00:00-04:00,48.88999938964844,51.83000183105469,48.630001068115234,51.150001525878906,2139400,0.0,0.0
2006-04-19 00:00:00-04:00,51.400001525878906,51.43000030517578,50.060001373291016,51.20000076293945,876000,0.0,0.0
2006-04-20 00:00:00-04:00,50.04999923706055,51.0099983215332,47.58000183105469,49.2400016784668,846000,0.0,0.0
2006-04-21 00:00:00-04:00,49.68000030517578,50.5099983215332,48.75,49.93000030517578,682200,0.0,0.0
2006-04-24 00:00:00-04:00,49.9900016784668,49.9900016784668,48.91999816894531,49.20000076293945,376000,0.0,0.0
2006-04-25 00:00:00-04:00,49.349998474121094,49.9900016784668,48.630001068115234,48.91999816894531,593500,0.0,0.0
2006-04-26 00:00:00-04:00,48.91999816894531,51.20000076293945,48.790000915527344,49.029998779296875,472000,0.0,0.0
2006-04-27 00:00:00-04:00,48.040000915527344,48.22999954223633,44.27000045776367,45.68000030517578,1958800,0.0,0.0
2006-04-28 00:00:00-04:00,45.880001068115234,47.93000030517578,45.5,47.61000061035156,1150300,0.0,0.0
2006-05-01 00:00:00-04:00,48.4900016784668,49.279998779296875,47.5099983215332,48.56999969482422,542600,0.0,0.0
2006-05-02 00:00:00-04:00,48.779998779296875,51.29999923706055,48.36000061035156,50.77000045776367,1228300,0.0,0.0
2006-05-03 00:00:00-04:00,50.5,50.630001068115234,47.83000183105469,49.97999954223633,741300,0.0,0.0
2006-05-04 00:00:00-04:00,50.099998474121094,51.790000915527344,49.56999969482422,51.2599983215332,575200,0.0,0.0
2006-05-05 00:00:00-04:00,51.599998474121094,52.689998626708984,51.380001068115234,51.5,438200,0.0,0.0
2006-05-08 00:00:00-04:00,52.2599983215332,54.459999084472656,51.689998626708984,53.86000061035156,969900,0.0,0.0
2006-05-09 00:00:00-04:00,53.900001525878906,56.09000015258789,53.7400016784668,55.880001068115234,829500,0.0,0.0
2006-05-10 00:00:00-04:00,55.400001525878906,56.400001525878906,53.72999954223633,55.15999984741211,516900,0.0,0.0
2006-05-11 00:00:00-04:00,55.439998626708984,56.56999969482422,52.91999816894531,53.13999938964844,701800,0.0,0.0
2006-05-12 00:00:00-04:00,53.150001525878906,53.2400016784668,48.540000915527344,50.40999984741211,1925900,0.0,0.0
2006-05-15 00:00:00-04:00,49.2599983215332,49.529998779296875,46.11000061035156,47.20000076293945,1221200,0.0,0.0
2006-05-16 00:00:00-04:00,47.369998931884766,48.70000076293945,45.54999923706055,47.33000183105469,687400,0.0,0.0
2006-05-17 00:00:00-04:00,46.86000061035156,48.06999969482422,44.04999923706055,44.86000061035156,945900,0.0,0.0
2006-05-18 00:00:00-04:00,45.349998474121094,46.13999938964844,42.880001068115234,43.09000015258789,573800,0.0,0.0
2006-05-19 00:00:00-04:00,42.93000030517578,43.5,39.43000030517578,42.5,1598500,0.0,0.0
2006-05-22 00:00:00-04:00,41.86000061035156,42.2400016784668,39.439998626708984,40.33000183105469,1264400,0.0,0.0
2006-05-23 00:00:00-04:00,41.29999923706055,44.15999984741211,41.29999923706055,42.11000061035156,1056100,0.0,0.0
2006-05-24 00:00:00-04:00,41.9900016784668,43.040000915527344,40.34000015258789,41.9900016784668,838900,0.0,0.0
2006-05-25 00:00:00-04:00,42.619998931884766,44.720001220703125,41.72999954223633,44.22999954223633,584400,0.0,0.0
2006-05-26 00:00:00-04:00,44.54999923706055,45.150001525878906,44.29999923706055,44.689998626708984,683900,0.0,0.0
2006-05-30 00:00:00-04:00,44.650001525878906,45.0,40.91999816894531,41.13999938964844,682400,0.0,0.0
2006-05-31 00:00:00-04:00,41.650001525878906,42.79999923706055,41.18000030517578,41.650001525878906,829400,0.0,0.0
2006-06-01 00:00:00-04:00,41.16999816894531,42.150001525878906,39.91999816894531,42.099998474121094,1251300,0.0,0.0
2006-06-02 00:00:00-04:00,43.22999954223633,43.25,41.58000183105469,41.939998626708984,500300,0.0,0.0
2006-06-05 00:00:00-04:00,42.04999923706055,42.540000915527344,39.599998474121094,39.88999938964844,849700,0.0,0.0
2006-06-06 00:00:00-04:00,39.619998931884766,40.38999938964844,38.41999816894531,39.34000015258789,811600,0.0,0.0
2006-06-07 00:00:00-04:00,39.27000045776367,39.939998626708984,37.119998931884766,37.279998779296875,1097700,0.0,0.0
2006-06-08 00:00:00-04:00,37.130001068115234,37.45000076293945,34.11000061035156,36.4900016784668,1394100,0.0,0.0
2006-06-09 00:00:00-04:00,37.369998931884766,38.4900016784668,36.119998931884766,36.650001525878906,709900,0.0,0.0
2006-06-12 00:00:00-04:00,36.63999938964844,37.2599983215332,34.529998779296875,34.9900016784668,834400,0.0,0.0
2006-06-13 00:00:00-04:00,34.40999984741211,35.11000061035156,31.280000686645508,31.989999771118164,1945300,0.0,0.0
2006-06-14 00:00:00-04:00,32.11000061035156,33.04999923706055,31.780000686645508,32.43000030517578,931200,0.0,0.0
2006-06-15 00:00:00-04:00,33.150001525878906,35.4900016784668,32.810001373291016,34.97999954223633,1718600,0.0,0.0
2006-06-16 00:00:00-04:00,34.959999084472656,35.04999923706055,33.31999969482422,34.04999923706055,881400,0.0,0.0
2006-06-19 00:00:00-04:00,34.31999969482422,34.459999084472656,31.799999237060547,32.130001068115234,680300,0.0,0.0
2006-06-20 00:00:00-04:00,32.75,33.5099983215332,32.16999816894531,32.25,756500,0.0,0.0
2006-06-21 00:00:00-04:00,32.25,33.31999969482422,31.93000030517578,32.88999938964844,1421400,0.0,0.0
2006-06-22 00:00:00-04:00,32.849998474121094,33.119998931884766,31.649999618530273,32.54999923706055,905300,0.0,0.0
2006-06-23 00:00:00-04:00,32.400001525878906,33.70000076293945,32.02000045776367,33.11000061035156,847800,0.0,0.0
2006-06-26 00:00:00-04:00,33.47999954223633,34.65999984741211,32.86000061035156,33.86000061035156,1248000,0.0,0.0
2006-06-27 00:00:00-04:00,33.88999938964844,34.119998931884766,32.459999084472656,32.959999084472656,880200,0.0,0.0
2006-06-28 00:00:00-04:00,33.220001220703125,33.5099983215332,32.43000030517578,32.97999954223633,600600,0.0,0.0
2006-06-29 00:00:00-04:00,33.25,35.40999984741211,33.25,35.40999984741211,800900,0.0,0.0
2006-06-30 00:00:00-04:00,35.54999923706055,36.31999969482422,35.0099983215332,35.689998626708984,944100,0.0,0.0
2006-07-03 00:00:00-04:00,36.02000045776367,39.15999984741211,36.0,39.029998779296875,853100,0.0,0.0
2006-07-05 00:00:00-04:00,38.7400016784668,38.83000183105469,36.5,37.25,1238400,0.0,0.0
2006-07-06 00:00:00-04:00,37.25,38.27000045776367,36.880001068115234,37.349998474121094,800000,0.0,0.0
2006-07-07 00:00:00-04:00,37.4900016784668,38.2599983215332,36.91999816894531,37.11000061035156,621200,0.0,0.0
2006-07-10 00:00:00-04:00,37.25,37.65999984741211,36.18000030517578,36.40999984741211,580200,0.0,0.0
2006-07-11 00:00:00-04:00,35.5099983215332,35.810001373291016,34.59000015258789,35.61000061035156,637300,0.0,0.0
2006-07-12 00:00:00-04:00,35.75,36.65999984741211,35.599998474121094,35.939998626708984,777200,0.0,0.0
2006-07-13 00:00:00-04:00,35.560001373291016,35.880001068115234,34.220001220703125,34.22999954223633,1163900,0.0,0.0
2006-07-14 00:00:00-04:00,34.150001525878906,34.54999923706055,33.0099983215332,33.849998474121094,703300,0.0,0.0
2006-07-17 00:00:00-04:00,33.97999954223633,33.97999954223633,32.33000183105469,32.7400016784668,602900,0.0,0.0
2006-07-18 00:00:00-04:00,33.02000045776367,33.709999084472656,32.029998779296875,32.52000045776367,824900,0.0,0.0
2006-07-19 00:00:00-04:00,32.689998626708984,34.43000030517578,32.68000030517578,34.20000076293945,538500,0.0,0.0
2006-07-20 00:00:00-04:00,34.38999938964844,34.38999938964844,32.09000015258789,32.099998474121094,798300,0.0,0.0
2006-07-21 00:00:00-04:00,32.0,32.15999984741211,30.690000534057617,30.950000762939453,692400,0.0,0.0
2006-07-24 00:00:00-04:00,31.290000915527344,32.58000183105469,30.950000762939453,32.470001220703125,657300,0.0,0.0
2006-07-25 00:00:00-04:00,32.54999923706055,33.150001525878906,31.049999237060547,32.41999816894531,708900,0.0,0.0
2006-07-26 00:00:00-04:00,32.18000030517578,32.36000061035156,31.059999465942383,31.610000610351562,615200,0.0,0.0
2006-07-27 00:00:00-04:00,31.90999984741211,32.34000015258789,30.43000030517578,30.729999542236328,525300,0.0,0.0
2006-07-28 00:00:00-04:00,31.81999969482422,32.619998931884766,30.06999969482422,32.349998474121094,981200,0.0,0.0
2006-07-31 00:00:00-04:00,30.149999618530273,31.40999984741211,29.600000381469727,30.8700008392334,2041100,0.0,0.0
2006-08-01 00:00:00-04:00,30.520000457763672,31.3799991607666,30.31999969482422,31.18000030517578,1559800,0.0,0.0
2006-08-02 00:00:00-04:00,31.780000686645508,35.150001525878906,31.670000076293945,34.79999923706055,1856500,0.0,0.0
2006-08-03 00:00:00-04:00,35.7599983215332,37.130001068115234,34.279998779296875,36.90999984741211,1634300,0.0,0.0
2006-08-04 00:00:00-04:00,37.20000076293945,37.779998779296875,34.88999938964844,35.189998626708984,1118000,0.0,0.0
2006-08-07 00:00:00-04:00,35.02000045776367,36.220001220703125,34.970001220703125,35.91999816894531,574700,0.0,0.0
2006-08-08 00:00:00-04:00,36.02000045776367,37.189998626708984,35.189998626708984,35.52000045776367,896200,0.0,0.0
2006-08-09 00:00:00-04:00,35.970001220703125,36.13999938964844,34.43000030517578,34.70000076293945,528700,0.0,0.0
2006-08-10 00:00:00-04:00,34.38999938964844,34.66999816894531,33.5,34.56999969482422,446200,0.0,0.0
2006-08-11 00:00:00-04:00,34.38999938964844,34.61000061035156,33.38999938964844,33.43000030517578,369100,0.0,0.0
2006-08-14 00:00:00-04:00,33.849998474121094,34.0099983215332,32.959999084472656,32.9900016784668,364600,0.0,0.0
2006-08-15 00:00:00-04:00,33.20000076293945,33.869998931884766,32.790000915527344,33.310001373291016,544600,0.0,0.0
2006-08-16 00:00:00-04:00,33.65999984741211,34.79999923706055,33.369998931884766,34.75,426100,0.0,0.0
2006-08-17 00:00:00-04:00,34.54999923706055,34.790000915527344,33.150001525878906,33.36000061035156,600500,0.0,0.0
2006-08-18 00:00:00-04:00,35.130001068115234,35.52000045776367,34.2599983215332,34.70000076293945,709400,0.0,0.0
2006-08-21 00:00:00-04:00,35.310001373291016,35.68000030517578,34.630001068115234,35.029998779296875,664200,0.0,0.0
2006-08-22 00:00:00-04:00,35.2400016784668,35.25,33.40999984741211,33.86000061035156,652000,0.0,0.0
2006-08-23 00:00:00-04:00,34.709999084472656,36.0,34.09000015258789,35.0,763300,0.0,0.0
2006-08-24 00:00:00-04:00,35.400001525878906,35.43000030517578,33.5,33.95000076293945,633100,0.0,0.0
2006-08-25 00:00:00-04:00,34.04999923706055,34.43000030517578,33.7599983215332,34.20000076293945,337500,0.0,0.0
2006-08-28 00:00:00-04:00,34.349998474121094,34.470001220703125,33.630001068115234,33.84000015258789,371200,0.0,0.0
2006-08-29 00:00:00-04:00,34.0099983215332,34.279998779296875,33.29999923706055,34.279998779296875,533200,0.0,0.0
2006-08-30 00:00:00-04:00,34.400001525878906,36.0,34.33000183105469,34.70000076293945,1053100,0.0,0.0
2006-08-31 00:00:00-04:00,35.08000183105469,35.369998931884766,34.58000183105469,34.709999084472656,708400,0.0,0.0
2006-09-01 00:00:00-04:00,35.209999084472656,35.93000030517578,34.45000076293945,35.400001525878906,534500,0.0,0.0
2006-09-05 00:00:00-04:00,35.689998626708984,36.709999084472656,35.41999816894531,36.43000030517578,893100,0.0,0.0
2006-09-06 00:00:00-04:00,36.11000061035156,36.11000061035156,34.36000061035156,34.43000030517578,684900,0.0,0.0
2006-09-07 00:00:00-04:00,34.68000030517578,34.70000076293945,33.2400016784668,33.56999969482422,701500,0.0,0.0
2006-09-08 00:00:00-04:00,33.59000015258789,33.709999084472656,33.099998474121094,33.2599983215332,433300,0.0,0.0
2006-09-11 00:00:00-04:00,33.09000015258789,33.20000076293945,30.950000762939453,31.270000457763672,1025100,0.0,0.0
2006-09-12 00:00:00-04:00,31.260000228881836,33.099998474121094,31.190000534057617,32.150001525878906,733400,0.0,0.0
2006-09-13 00:00:00-04:00,32.349998474121094,33.29999923706055,32.2599983215332,33.099998474121094,656200,0.0,0.0
2006-09-14 00:00:00-04:00,33.2599983215332,33.54999923706055,32.5,32.619998931884766,623800,0.0,0.0
2006-09-15 00:00:00-04:00,33.02000045776367,33.27000045776367,32.59000015258789,33.04999923706055,638000,0.0,0.0
2006-09-18 00:00:00-04:00,33.31999969482422,33.540000915527344,32.97999954223633,33.45000076293945,552800,0.0,0.0
2006-09-19 00:00:00-04:00,33.560001373291016,33.560001373291016,32.0,32.540000915527344,482000,0.0,0.0
2006-09-20 00:00:00-04:00,32.650001525878906,32.900001525878906,31.709999084472656,31.809999465942383,498700,0.0,0.0
2006-09-21 00:00:00-04:00,31.799999237060547,33.279998779296875,31.799999237060547,32.939998626708984,823100,0.0,0.0
2006-09-22 00:00:00-04:00,32.939998626708984,33.189998626708984,32.040000915527344,32.54999923706055,566200,0.0,0.0
2006-09-25 00:00:00-04:00,32.5,32.5,30.600000381469727,31.34000015258789,1089000,0.0,0.0
2006-09-26 00:00:00-04:00,31.25,31.84000015258789,31.0,31.809999465942383,826400,0.0,0.0
2006-09-27 00:00:00-04:00,31.5,32.97999954223633,31.5,32.900001525878906,509800,0.0,0.0
2006-09-28 00:00:00-04:00,32.9900016784668,33.349998474121094,32.33000183105469,32.369998931884766,249400,0.0,0.0
2006-09-29 00:00:00-04:00,32.59000015258789,34.40999984741211,32.45000076293945,33.650001525878906,678200,0.0,0.0
2006-10-02 00:00:00-04:00,33.650001525878906,34.349998474121094,33.0,33.04999923706055,830900,0.0,0.0
2006-10-03 00:00:00-04:00,32.7599983215332,32.900001525878906,31.0,31.079999923706055,810600,0.0,0.0
2006-10-04 00:00:00-04:00,30.8700008392334,31.200000762939453,30.309999465942383,30.899999618530273,1256400,0.0,0.0
2006-10-05 00:00:00-04:00,30.959999084472656,31.479999542236328,30.600000381469727,31.280000686645508,1103500,0.0,0.0
2006-10-06 00:00:00-04:00,31.049999237060547,31.5,30.579999923706055,31.139999389648438,621100,0.0,0.0
2006-10-09 00:00:00-04:00,31.270000457763672,33.0,31.049999237060547,32.41999816894531,1023000,0.0,0.0
2006-10-10 00:00:00-04:00,32.380001068115234,33.540000915527344,32.15999984741211,33.540000915527344,740600,0.0,0.0
2006-10-11 00:00:00-04:00,32.459999084472656,33.369998931884766,32.18000030517578,33.18000030517578,885900,0.0,0.0
2006-10-12 00:00:00-04:00,33.540000915527344,34.59000015258789,33.0099983215332,34.540000915527344,790000,0.0,0.0
2006-10-13 00:00:00-04:00,34.70000076293945,36.15999984741211,34.70000076293945,36.130001068115234,973100,0.0,0.0
2006-10-16 00:00:00-04:00,36.5099983215332,36.970001220703125,36.29999923706055,36.88999938964844,591700,0.0,0.0
2006-10-17 00:00:00-04:00,36.560001373291016,36.939998626708984,35.7599983215332,36.5,791500,0.0,0.0
2006-10-18 00:00:00-04:00,36.779998779296875,37.06999969482422,35.779998779296875,36.189998626708984,467000,0.0,0.0
2006-10-19 00:00:00-04:00,36.150001525878906,37.25,35.779998779296875,37.06999969482422,793100,0.0,0.0
2006-10-20 00:00:00-04:00,37.15999984741211,37.560001373291016,36.56999969482422,36.68000030517578,394900,0.0,0.0
2006-10-23 00:00:00-04:00,36.7599983215332,36.7599983215332,36.0099983215332,36.20000076293945,490400,0.0,0.0
2006-10-24 00:00:00-04:00,36.2599983215332,36.79999923706055,36.029998779296875,36.66999816894531,988400,0.0,0.0
2006-10-25 00:00:00-04:00,36.25,36.29999923706055,34.0,35.47999954223633,1557600,0.0,0.0
2006-10-26 00:00:00-04:00,35.619998931884766,35.970001220703125,34.58000183105469,35.349998474121094,547500,0.0,0.0
2006-10-27 00:00:00-04:00,35.189998626708984,39.75,35.040000915527344,38.9900016784668,1384400,0.0,0.0
2006-10-30 00:00:00-05:00,38.5,38.86000061035156,37.349998474121094,37.439998626708984,744400,0.0,0.0
2006-10-31 00:00:00-05:00,37.33000183105469,39.689998626708984,37.119998931884766,38.91999816894531,910900,0.0,0.0
2006-11-01 00:00:00-05:00,39.0,39.150001525878906,36.75,36.79999923706055,872700,0.0,0.0
2006-11-02 00:00:00-05:00,36.72999954223633,38.060001373291016,36.72999954223633,37.869998931884766,886100,0.0,0.0
2006-11-03 00:00:00-05:00,38.04999923706055,38.400001525878906,37.529998779296875,37.58000183105469,541800,0.0,0.0
2006-11-06 00:00:00-05:00,37.68000030517578,39.369998931884766,37.599998474121094,39.279998779296875,542500,0.0,0.0
2006-11-07 00:00:00-05:00,39.09000015258789,39.5099983215332,38.5,38.66999816894531,583400,0.0,0.0
2006-11-08 00:00:00-05:00,38.400001525878906,38.959999084472656,37.79999923706055,37.9900016784668,562200,0.0,0.0
2006-11-09 00:00:00-05:00,38.2599983215332,40.470001220703125,38.029998779296875,39.959999084472656,788100,0.0,0.0
2006-11-10 00:00:00-05:00,39.97999954223633,40.04999923706055,37.88999938964844,38.130001068115234,597000,0.0,0.0
2006-11-13 00:00:00-05:00,37.93000030517578,38.0099983215332,36.040000915527344,37.45000076293945,1059500,0.0,0.0
2006-11-14 00:00:00-05:00,37.54999923706055,37.790000915527344,36.77000045776367,37.66999816894531,622600,0.0,0.0
2006-11-15 00:00:00-05:00,37.310001373291016,38.459999084472656,37.0099983215332,37.70000076293945,424400,0.0,0.0
2006-11-16 00:00:00-05:00,37.970001220703125,38.540000915527344,37.31999969482422,37.52000045776367,439900,0.0,0.0
2006-11-17 00:00:00-05:00,37.279998779296875,37.470001220703125,36.20000076293945,37.27000045776367,445500,0.0,0.0
2006-11-20 00:00:00-05:00,37.70000076293945,39.279998779296875,37.40999984741211,37.95000076293945,570300,0.0,0.0
2006-11-21 00:00:00-05:00,37.900001525878906,39.68000030517578,37.75,39.4900016784668,688600,0.0,0.0
2006-11-22 00:00:00-05:00,40.27000045776367,41.33000183105469,40.11000061035156,40.90999984741211,874800,0.0,0.0
2006-11-24 00:00:00-05:00,40.56999969482422,40.900001525878906,40.0,40.45000076293945,181000,0.0,0.0
2006-11-27 00:00:00-05:00,40.040000915527344,40.27000045776367,39.2400016784668,39.2599983215332,447400,0.0,0.0
2006-11-28 00:00:00-05:00,39.220001220703125,39.61000061035156,38.560001373291016,39.5,445800,0.0,0.0
2006-11-29 00:00:00-05:00,39.650001525878906,41.47999954223633,39.63999938964844,41.36000061035156,464100,0.0,0.0
2006-11-30 00:00:00-05:00,41.4900016784668,42.72999954223633,41.4900016784668,42.66999816894531,725200,0.0,0.0
2006-12-01 00:00:00-05:00,42.65999984741211,44.02000045776367,42.33000183105469,43.81999969482422,1080400,0.0,0.0
2006-12-04 00:00:00-05:00,43.81999969482422,45.380001068115234,43.029998779296875,45.349998474121094,874700,0.0,0.0
2006-12-05 00:00:00-05:00,45.529998779296875,45.529998779296875,43.099998474121094,43.47999954223633,1026300,0.0,0.0
2006-12-06 00:00:00-05:00,43.470001220703125,44.08000183105469,42.56999969482422,43.70000076293945,836200,0.0,0.0
2006-12-07 00:00:00-05:00,43.619998931884766,43.9900016784668,42.86000061035156,43.27000045776367,522500,0.0,0.0
2006-12-08 00:00:00-05:00,43.150001525878906,43.790000915527344,42.650001525878906,43.59000015258789,464400,0.0,0.0
2006-12-11 00:00:00-05:00,43.68000030517578,44.689998626708984,43.22999954223633,44.22999954223633,410600,0.0,0.0
2006-12-12 00:00:00-05:00,43.95000076293945,44.06999969482422,43.02000045776367,43.75,443300,0.0,0.0
2006-12-13 00:00:00-05:00,43.97999954223633,46.40999984741211,43.77000045776367,46.119998931884766,3135600,0.0,0.0
2006-12-14 00:00:00-05:00,46.349998474121094,47.310001373291016,45.22999954223633,45.2599983215332,817400,0.0,0.0
2006-12-15 00:00:00-05:00,45.4900016784668,45.7400016784668,44.18000030517578,44.2599983215332,786100,0.0,0.0
2006-12-18 00:00:00-05:00,44.5099983215332,45.0099983215332,43.31999969482422,43.349998474121094,645800,0.0,0.0
2006-12-19 00:00:00-05:00,43.380001068115234,43.68000030517578,42.25,43.619998931884766,981300,0.0,0.0
2006-12-20 00:00:00-05:00,43.619998931884766,43.79999923706055,42.20000076293945,42.5,913300,0.0,0.0
2006-12-21 00:00:00-05:00,42.36000061035156,42.5099983215332,40.86000061035156,41.33000183105469,932500,0.0,0.0
2006-12-22 00:00:00-05:00,41.18000030517578,42.40999984741211,40.5,42.279998779296875,447800,0.0,0.0
2006-12-26 00:00:00-05:00,42.119998931884766,42.88999938964844,42.04999923706055,42.709999084472656,241200,0.0,0.0
2006-12-27 00:00:00-05:00,42.66999816894531,44.209999084472656,42.66999816894531,44.18000030517578,412500,0.0,0.0
2006-12-28 00:00:00-05:00,44.22999954223633,45.31999969482422,43.9900016784668,45.029998779296875,687100,0.0,0.0
2006-12-29 00:00:00-05:00,45.0,45.08000183105469,44.099998474121094,44.650001525878906,530100,0.0,0.0
2007-01-03 00:00:00-05:00,45.06999969482422,45.06999969482422,39.709999084472656,42.09000015258789,1162000,0.0,0.0
2007-01-04 00:00:00-05:00,41.95000076293945,42.310001373291016,41.04999923706055,42.040000915527344,562000,0.0,0.0
2007-01-05 00:00:00-05:00,41.59000015258789,41.900001525878906,39.29999923706055,39.400001525878906,1079300,0.0,0.0
2007-01-08 00:00:00-05:00,39.439998626708984,40.4900016784668,39.130001068115234,40.20000076293945,728700,0.0,0.0
2007-01-09 00:00:00-05:00,40.04999923706055,40.56999969482422,38.650001525878906,39.369998931884766,764500,0.0,0.0
2007-01-10 00:00:00-05:00,39.869998931884766,41.54999923706055,39.869998931884766,41.130001068115234,921900,0.0,0.0
2007-01-11 00:00:00-05:00,41.20000076293945,41.84000015258789,40.86000061035156,41.779998779296875,865400,0.0,0.0
2007-01-12 00:00:00-05:00,41.869998931884766,43.20000076293945,41.540000915527344,43.029998779296875,575700,0.0,0.0
2007-01-16 00:00:00-05:00,42.959999084472656,43.45000076293945,41.75,41.9900016784668,501600,0.0,0.0
2007-01-17 00:00:00-05:00,41.7599983215332,43.119998931884766,41.54999923706055,42.290000915527344,486800,0.0,0.0
2007-01-18 00:00:00-05:00,42.15999984741211,43.22999954223633,41.349998474121094,41.400001525878906,435400,0.0,0.0
2007-01-19 00:00:00-05:00,41.43000030517578,42.65999984741211,41.349998474121094,42.279998779296875,305300,0.0,0.0
2007-01-22 00:00:00-05:00,40.7400016784668,42.150001525878906,40.0,40.59000015258789,756300,0.0,0.0
2007-01-23 00:00:00-05:00,40.310001373291016,42.0,40.209999084472656,41.95000076293945,441300,0.0,0.0
2007-01-24 00:00:00-05:00,42.0,43.41999816894531,41.18000030517578,43.20000076293945,652500,0.0,0.0
2007-01-25 00:00:00-05:00,43.849998474121094,44.619998931884766,42.56999969482422,43.040000915527344,514300,0.0,0.0
2007-01-26 00:00:00-05:00,42.95000076293945,45.5,42.63999938964844,44.56999969482422,762200,0.0,0.0
2007-01-29 00:00:00-05:00,44.52000045776367,44.66999816894531,43.20000076293945,43.61000061035156,564200,0.0,0.0
2007-01-30 00:00:00-05:00,43.869998931884766,45.86000061035156,43.7599983215332,45.459999084472656,988700,0.0,0.0
2007-01-31 00:00:00-05:00,45.150001525878906,46.16999816894531,44.77000045776367,45.58000183105469,920300,0.0,0.0
2007-02-01 00:00:00-05:00,46.0,46.7400016784668,45.619998931884766,46.5,411000,0.0,0.0
2007-02-02 00:00:00-05:00,46.43000030517578,46.47999954223633,44.279998779296875,44.5,660900,0.0,0.0
2007-02-05 00:00:00-05:00,43.72999954223633,45.54999923706055,43.560001373291016,44.810001373291016,695200,0.0,0.0
2007-02-06 00:00:00-05:00,45.040000915527344,45.88999938964844,45.040000915527344,45.7599983215332,572200,0.0,0.0
2007-02-07 00:00:00-05:00,45.70000076293945,46.060001373291016,44.7400016784668,45.18000030517578,351500,0.0,0.0
2007-02-08 00:00:00-05:00,44.91999816894531,45.38999938964844,44.08000183105469,44.43000030517578,704900,0.0,0.0
2007-02-09 00:00:00-05:00,44.52000045776367,46.54999923706055,44.52000045776367,45.52000045776367,758400,0.0,0.0
2007-02-12 00:00:00-05:00,45.59000015258789,46.86000061035156,45.04999923706055,45.65999984741211,560000,0.0,0.0
2007-02-13 00:00:00-05:00,47.02000045776367,49.0,47.02000045776367,47.91999816894531,1100800,0.0,0.0
2007-02-14 00:00:00-05:00,47.88999938964844,48.349998474121094,47.2400016784668,47.290000915527344,2386800,0.0,0.0
2007-02-15 00:00:00-05:00,47.16999816894531,48.54999923706055,46.709999084472656,48.029998779296875,905800,0.0,0.0
2007-02-16 00:00:00-05:00,48.029998779296875,48.029998779296875,47.0,47.7400016784668,460000,0.0,0.0
2007-02-20 00:00:00-05:00,47.38999938964844,48.720001220703125,46.79999923706055,48.599998474121094,803100,0.0,0.0
2007-02-21 00:00:00-05:00,48.189998626708984,49.36000061035156,46.470001220703125,49.279998779296875,1261100,0.0,0.0
2007-02-22 00:00:00-05:00,49.04999923706055,49.83000183105469,47.900001525878906,48.45000076293945,904000,0.0,0.0
2007-02-23 00:00:00-05:00,48.220001220703125,48.56999969482422,46.779998779296875,47.43000030517578,1115300,0.0,0.0
2007-02-26 00:00:00-05:00,47.38999938964844,48.75,47.349998474121094,48.16999816894531,646000,0.0,0.0
2007-02-27 00:00:00-05:00,46.720001220703125,46.7400016784668,43.290000915527344,44.86000061035156,1338100,0.0,0.0
2007-02-28 00:00:00-05:00,45.04999923706055,46.18000030517578,44.099998474121094,45.529998779296875,1034200,0.0,0.0
2007-03-01 00:00:00-05:00,44.38999938964844,46.43000030517578,43.849998474121094,45.029998779296875,1086200,0.0,0.0
2007-03-02 00:00:00-05:00,44.869998931884766,45.599998474121094,42.29999923706055,42.52000045776367,1629700,0.0,0.0
2007-03-05 00:00:00-05:00,41.209999084472656,43.0099983215332,41.040000915527344,41.529998779296875,916900,0.0,0.0
2007-03-06 00:00:00-05:00,43.43000030517578,43.540000915527344,41.869998931884766,42.5099983215332,821600,0.0,0.0
2007-03-07 00:00:00-05:00,42.310001373291016,43.63999938964844,42.099998474121094,42.79999923706055,600800,0.0,0.0
2007-03-08 00:00:00-05:00,43.060001373291016,44.47999954223633,42.959999084472656,43.5099983215332,522400,0.0,0.0
2007-03-09 00:00:00-05:00,43.70000076293945,44.41999816894531,43.150001525878906,43.81999969482422,398100,0.0,0.0
2007-03-12 00:00:00-04:00,44.130001068115234,44.849998474121094,43.81999969482422,44.29999923706055,603800,0.0,0.0
2007-03-13 00:00:00-04:00,44.18000030517578,44.61000061035156,42.599998474121094,42.689998626708984,527600,0.0,0.0
2007-03-14 00:00:00-04:00,42.65999984741211,43.84000015258789,42.130001068115234,43.79999923706055,612300,0.0,0.0
2007-03-15 00:00:00-04:00,43.900001525878906,44.86000061035156,43.68000030517578,44.77000045776367,616200,0.0,0.0
2007-03-16 00:00:00-04:00,44.70000076293945,45.31999969482422,44.22999954223633,44.68000030517578,637900,0.0,0.0
2007-03-19 00:00:00-04:00,45.029998779296875,45.400001525878906,44.06999969482422,44.72999954223633,551400,0.0,0.0
2007-03-20 00:00:00-04:00,44.880001068115234,45.849998474121094,44.650001525878906,45.5099983215332,516100,0.0,0.0
2007-03-21 00:00:00-04:00,45.18000030517578,46.130001068115234,44.630001068115234,45.970001220703125,448900,0.0,0.0
2007-03-22 00:00:00-04:00,46.060001373291016,46.90999984741211,45.939998626708984,46.11000061035156,450600,0.0,0.0
2007-03-23 00:00:00-04:00,45.84000015258789,46.7400016784668,45.7599983215332,46.45000076293945,282600,0.0,0.0
2007-03-26 00:00:00-04:00,46.36000061035156,46.86000061035156,45.31999969482422,46.72999954223633,327600,0.0,0.0
2007-03-27 00:00:00-04:00,46.77000045776367,46.77000045776367,45.959999084472656,46.34000015258789,292400,0.0,0.0
2007-03-28 00:00:00-04:00,45.689998626708984,46.279998779296875,45.31999969482422,45.70000076293945,258100,0.0,0.0
2007-03-29 00:00:00-04:00,45.97999954223633,46.70000076293945,45.400001525878906,46.38999938964844,394700,0.0,0.0
2007-03-30 00:00:00-04:00,46.38999938964844,47.29999923706055,46.349998474121094,46.880001068115234,433000,0.0,0.0
2007-04-02 00:00:00-04:00,46.970001220703125,47.83000183105469,46.65999984741211,47.68000030517578,537500,0.0,0.0
2007-04-03 00:00:00-04:00,47.779998779296875,48.880001068115234,47.65999984741211,48.22999954223633,420800,0.0,0.0
2007-04-04 00:00:00-04:00,48.150001525878906,48.709999084472656,47.599998474121094,48.61000061035156,339900,0.0,0.0
2007-04-05 00:00:00-04:00,48.5,48.72999954223633,47.970001220703125,48.0,268500,0.0,0.0
2007-04-09 00:00:00-04:00,48.439998626708984,49.099998474121094,48.310001373291016,48.7400016784668,538000,0.0,0.0
2007-04-10 00:00:00-04:00,48.93000030517578,49.54999923706055,48.720001220703125,48.75,340300,0.0,0.0
2007-04-11 00:00:00-04:00,49.65999984741211,50.619998931884766,48.7599983215332,48.97999954223633,691800,0.0,0.0
2007-04-12 00:00:00-04:00,48.7599983215332,49.27000045776367,48.2599983215332,48.97999954223633,399400,0.0,0.0
2007-04-13 00:00:00-04:00,49.15999984741211,49.439998626708984,48.90999984741211,49.40999984741211,455000,0.0,0.0
2007-04-16 00:00:00-04:00,49.650001525878906,50.18000030517578,49.59000015258789,49.970001220703125,430300,0.0,0.0
2007-04-17 00:00:00-04:00,49.90999984741211,49.90999984741211,48.709999084472656,49.040000915527344,460500,0.0,0.0
2007-04-18 00:00:00-04:00,49.06999969482422,49.06999969482422,48.310001373291016,48.4900016784668,293500,0.0,0.0
2007-04-19 00:00:00-04:00,48.16999816894531,48.400001525878906,47.06999969482422,47.939998626708984,500600,0.0,0.0
2007-04-20 00:00:00-04:00,48.61000061035156,48.90999984741211,47.849998474121094,48.119998931884766,447000,0.0,0.0
2007-04-23 00:00:00-04:00,48.0,48.95000076293945,48.0,48.47999954223633,361200,0.0,0.0
2007-04-24 00:00:00-04:00,48.380001068115234,49.09000015258789,48.04999923706055,48.90999984741211,400300,0.0,0.0
2007-04-25 00:00:00-04:00,49.38999938964844,50.400001525878906,49.18000030517578,49.91999816894531,461500,0.0,0.0
2007-04-26 00:00:00-04:00,49.79999923706055,50.0,49.09000015258789,49.380001068115234,519500,0.0,0.0
2007-04-27 00:00:00-04:00,48.189998626708984,49.099998474121094,47.0099983215332,48.61000061035156,694900,0.0,0.0
2007-04-30 00:00:00-04:00,48.5,48.849998474121094,47.16999816894531,47.310001373291016,525400,0.0,0.0
2007-05-01 00:00:00-04:00,47.20000076293945,48.119998931884766,46.70000076293945,48.0099983215332,725100,0.0,0.0
2007-05-02 00:00:00-04:00,47.880001068115234,49.599998474121094,47.77000045776367,49.150001525878906,528300,0.0,0.0
2007-05-03 00:00:00-04:00,49.290000915527344,49.939998626708984,49.099998474121094,49.7400016784668,531700,0.0,0.0
2007-05-04 00:00:00-04:00,49.72999954223633,49.95000076293945,48.91999816894531,49.529998779296875,430200,0.0,0.0
2007-05-07 00:00:00-04:00,53.560001373291016,54.33000183105469,52.83000183105469,53.4900016784668,1731500,0.0,0.0
2007-05-08 00:00:00-04:00,53.599998474121094,54.459999084472656,52.939998626708984,54.0099983215332,797700,0.0,0.0
2007-05-09 00:00:00-04:00,53.869998931884766,53.900001525878906,53.130001068115234,53.619998931884766,627600,0.0,0.0
2007-05-10 00:00:00-04:00,54.43000030517578,54.47999954223633,53.09000015258789,53.43000030517578,1346500,0.0,0.0
2007-05-11 00:00:00-04:00,53.86000061035156,54.599998474121094,53.130001068115234,54.400001525878906,852600,0.0,0.0
2007-05-14 00:00:00-04:00,54.060001373291016,55.79999923706055,54.060001373291016,55.380001068115234,798500,0.0,0.0
2007-05-15 00:00:00-04:00,55.130001068115234,56.25,54.45000076293945,54.93000030517578,625300,0.0,0.0
2007-05-16 00:00:00-04:00,55.09000015258789,55.7400016784668,54.380001068115234,55.66999816894531,512900,0.0,0.0
2007-05-17 00:00:00-04:00,55.47999954223633,55.529998779296875,54.2599983215332,54.43000030517578,465700,0.0,0.0
2007-05-18 00:00:00-04:00,54.560001373291016,54.959999084472656,54.400001525878906,54.709999084472656,991000,0.0,0.0
2007-05-21 00:00:00-04:00,54.45000076293945,55.61000061035156,54.400001525878906,54.84000015258789,492900,0.0,0.0
2007-05-22 00:00:00-04:00,54.650001525878906,55.47999954223633,54.400001525878906,55.130001068115234,423800,0.0,0.0
2007-05-23 00:00:00-04:00,55.599998474121094,57.15999984741211,55.599998474121094,56.470001220703125,640800,0.0,0.0
2007-05-24 00:00:00-04:00,56.279998779296875,56.56999969482422,53.529998779296875,54.369998931884766,803400,0.0,0.0
2007-05-25 00:00:00-04:00,54.5,55.220001220703125,54.209999084472656,54.88999938964844,570900,0.0,0.0
2007-05-29 00:00:00-04:00,54.970001220703125,55.5,54.209999084472656,54.90999984741211,426700,0.0,0.0
2007-05-30 00:00:00-04:00,54.209999084472656,55.470001220703125,54.20000076293945,55.099998474121094,529900,0.0,0.0
2007-05-31 00:00:00-04:00,55.20000076293945,56.86000061035156,55.040000915527344,56.34000015258789,912800,0.0,0.0
2007-06-01 00:00:00-04:00,56.630001068115234,58.380001068115234,56.25,58.34000015258789,924200,0.0,0.0
2007-06-04 00:00:00-04:00,58.56999969482422,58.599998474121094,57.52000045776367,57.97999954223633,697300,0.0,0.0
2007-06-05 00:00:00-04:00,57.720001220703125,58.06999969482422,56.56999969482422,57.459999084472656,393600,0.0,0.0
2007-06-06 00:00:00-04:00,57.0099983215332,57.5,54.63999938964844,55.27000045776367,600600,0.0,0.0
2007-06-07 00:00:00-04:00,54.83000183105469,55.599998474121094,52.939998626708984,53.06999969482422,666700,0.0,0.0
2007-06-08 00:00:00-04:00,52.5,53.220001220703125,52.38999938964844,52.84000015258789,3497700,0.0,0.0
2007-06-11 00:00:00-04:00,52.52000045776367,53.0,51.33000183105469,52.41999816894531,1095100,0.0,0.0
2007-06-12 00:00:00-04:00,52.27000045776367,52.869998931884766,51.939998626708984,52.5099983215332,972100,0.0,0.0
2007-06-13 00:00:00-04:00,52.869998931884766,53.66999816894531,52.27000045776367,53.630001068115234,1170900,0.0,0.0
2007-06-14 00:00:00-04:00,53.31999969482422,55.0,53.25,54.43000030517578,1034000,0.0,0.0
2007-06-15 00:00:00-04:00,54.869998931884766,54.95000076293945,53.56999969482422,54.5,884900,0.0,0.0
2007-06-18 00:00:00-04:00,54.869998931884766,55.61000061035156,54.13999938964844,55.16999816894531,719100,0.0,0.0
2007-06-19 00:00:00-04:00,55.20000076293945,56.15999984741211,55.02000045776367,55.43000030517578,1283200,0.0,0.0
2007-06-20 00:00:00-04:00,55.689998626708984,56.58000183105469,54.5,54.5,697500,0.0,0.0
2007-06-21 00:00:00-04:00,54.5,55.77000045776367,53.70000076293945,55.369998931884766,454500,0.0,0.0
2007-06-22 00:00:00-04:00,55.349998474121094,55.75,54.400001525878906,54.88999938964844,523800,0.0,0.0
2007-06-25 00:00:00-04:00,54.880001068115234,55.02000045776367,53.650001525878906,54.41999816894531,586900,0.0,0.0
2007-06-26 00:00:00-04:00,54.52000045776367,55.18000030517578,53.029998779296875,53.38999938964844,624500,0.0,0.0
2007-06-27 00:00:00-04:00,52.95000076293945,53.529998779296875,50.5099983215332,53.45000076293945,775200,0.0,0.0
2007-06-28 00:00:00-04:00,53.560001373291016,54.58000183105469,53.290000915527344,53.880001068115234,677900,0.0,0.0
2007-06-29 00:00:00-04:00,54.13999938964844,55.099998474121094,53.720001220703125,54.630001068115234,886000,0.0,0.0
2007-07-02 00:00:00-04:00,54.779998779296875,56.47999954223633,54.779998779296875,56.189998626708984,769300,0.0,0.0
2007-07-03 00:00:00-04:00,56.29999923706055,56.900001525878906,55.52000045776367,56.09000015258789,235300,0.0,0.0
2007-07-05 00:00:00-04:00,56.04999923706055,57.619998931884766,55.880001068115234,57.459999084472656,656000,0.0,0.0
2007-07-06 00:00:00-04:00,58.0099983215332,58.75,57.900001525878906,58.36000061035156,704800,0.0,0.0
2007-07-09 00:00:00-04:00,58.630001068115234,60.47999954223633,58.619998931884766,59.95000076293945,932200,0.0,0.0
2007-07-10 00:00:00-04:00,59.54999923706055,59.689998626708984,57.33000183105469,57.7599983215332,858700,0.0,0.0
2007-07-11 00:00:00-04:00,58.2599983215332,60.25,58.11000061035156,60.130001068115234,651200,0.0,0.0
2007-07-12 00:00:00-04:00,64.12999725341797,66.33000183105469,63.470001220703125,65.9000015258789,2300600,0.0,0.0
2007-07-13 00:00:00-04:00,66.19999694824219,67.8499984741211,65.31999969482422,65.69999694824219,792200,0.0,0.0
2007-07-16 00:00:00-04:00,65.69999694824219,66.19999694824219,63.439998626708984,64.19000244140625,699600,0.0,0.0
2007-07-17 00:00:00-04:00,64.41999816894531,65.87000274658203,64.05999755859375,64.68000030517578,579100,0.0,0.0
2007-07-18 00:00:00-04:00,64.08999633789062,65.69999694824219,62.63999938964844,65.56999969482422,526600,0.0,0.0
2007-07-19 00:00:00-04:00,66.05000305175781,67.56999969482422,65.8499984741211,66.72000122070312,930300,0.0,0.0
2007-07-20 00:00:00-04:00,66.56999969482422,66.8499984741211,64.08999633789062,64.9000015258789,551000,0.0,0.0
2007-07-23 00:00:00-04:00,64.87999725341797,65.63999938964844,63.83000183105469,64.30000305175781,509600,0.0,0.0
2007-07-24 00:00:00-04:00,64.25,64.30000305175781,61.04999923706055,61.59000015258789,669100,0.0,0.0
2007-07-25 00:00:00-04:00,61.31999969482422,63.97999954223633,58.529998779296875,60.619998931884766,986800,0.0,0.0
2007-07-26 00:00:00-04:00,59.099998474121094,59.16999816894531,53.61000061035156,55.4900016784668,1785900,0.0,0.0
2007-07-27 00:00:00-04:00,55.08000183105469,55.2400016784668,51.900001525878906,52.77000045776367,1454400,0.0,0.0
2007-07-30 00:00:00-04:00,52.7599983215332,53.84000015258789,51.56999969482422,53.63999938964844,1315200,0.0,0.0
2007-07-31 00:00:00-04:00,54.209999084472656,55.349998474121094,51.540000915527344,51.540000915527344,2041800,0.0,0.0
2007-08-01 00:00:00-04:00,51.22999954223633,51.36000061035156,49.25,50.25,1705100,0.0,0.0
2007-08-02 00:00:00-04:00,50.41999816894531,50.41999816894531,48.9900016784668,49.5,1162900,0.0,0.0
2007-08-03 00:00:00-04:00,49.119998931884766,49.66999816894531,46.2599983215332,46.61000061035156,1408400,0.0,0.0
2007-08-06 00:00:00-04:00,46.619998931884766,47.11000061035156,43.40999984741211,46.54999923706055,1300100,0.0,0.0
2007-08-07 00:00:00-04:00,46.380001068115234,47.099998474121094,45.22999954223633,46.52000045776367,1205700,0.0,0.0
2007-08-08 00:00:00-04:00,46.97999954223633,49.63999938964844,46.68000030517578,47.459999084472656,1287800,0.0,0.0
2007-08-09 00:00:00-04:00,45.81999969482422,51.310001373291016,44.099998474121094,46.099998474121094,1312300,0.0,0.0
2007-08-10 00:00:00-04:00,45.2599983215332,46.90999984741211,43.349998474121094,46.7400016784668,1119200,0.0,0.0
2007-08-13 00:00:00-04:00,47.099998474121094,49.81999969482422,47.099998474121094,48.77000045776367,919700,0.0,0.0
2007-08-14 00:00:00-04:00,49.13999938964844,49.25,45.2400016784668,45.29999923706055,908800,0.0,0.0
2007-08-15 00:00:00-04:00,45.290000915527344,45.59000015258789,42.54999923706055,43.08000183105469,1100700,0.0,0.0
2007-08-16 00:00:00-04:00,42.43000030517578,42.86000061035156,40.0,42.08000183105469,1527100,0.0,0.0
2007-08-17 00:00:00-04:00,43.86000061035156,45.130001068115234,42.0,43.38999938964844,962500,0.0,0.0
2007-08-20 00:00:00-04:00,43.66999816894531,44.45000076293945,42.36000061035156,43.189998626708984,591400,0.0,0.0
2007-08-21 00:00:00-04:00,43.16999816894531,44.380001068115234,43.130001068115234,44.22999954223633,610200,0.0,0.0
2007-08-22 00:00:00-04:00,45.18000030517578,48.0099983215332,45.150001525878906,46.91999816894531,925400,0.0,0.0
2007-08-23 00:00:00-04:00,47.33000183105469,47.790000915527344,45.880001068115234,46.290000915527344,543800,0.0,0.0
2007-08-24 00:00:00-04:00,46.459999084472656,49.43000030517578,45.900001525878906,49.060001373291016,606500,0.0,0.0
2007-08-27 00:00:00-04:00,49.08000183105469,49.08000183105469,46.970001220703125,47.75,538600,0.0,0.0
2007-08-28 00:00:00-04:00,47.34000015258789,47.47999954223633,44.779998779296875,44.97999954223633,482400,0.0,0.0
2007-08-29 00:00:00-04:00,45.470001220703125,47.61000061035156,45.470001220703125,47.349998474121094,468000,0.0,0.0
2007-08-30 00:00:00-04:00,46.790000915527344,48.4900016784668,46.029998779296875,47.529998779296875,409100,0.0,0.0
2007-08-31 00:00:00-04:00,48.5,49.58000183105469,47.939998626708984,49.18000030517578,515900,0.0,0.0
2007-09-04 00:00:00-04:00,48.2599983215332,51.18000030517578,48.0,50.38999938964844,760500,0.0,0.0
2007-09-05 00:00:00-04:00,51.06999969482422,52.689998626708984,50.54999923706055,51.70000076293945,996900,0.0,0.0
2007-09-06 00:00:00-04:00,51.869998931884766,52.59000015258789,50.779998779296875,51.61000061035156,421300,0.0,0.0
2007-09-07 00:00:00-04:00,50.61000061035156,50.880001068115234,48.58000183105469,49.2599983215332,673200,0.0,0.0
2007-09-10 00:00:00-04:00,49.5,50.0099983215332,46.880001068115234,48.349998474121094,451700,0.0,0.0
2007-09-11 00:00:00-04:00,48.61000061035156,49.33000183105469,47.790000915527344,47.9900016784668,779000,0.0,0.0
2007-09-12 00:00:00-04:00,47.56999969482422,47.70000076293945,45.06999969482422,45.2599983215332,977600,0.0,0.0
2007-09-13 00:00:00-04:00,46.41999816894531,46.84000015258789,45.279998779296875,46.130001068115234,799700,0.0,0.0
2007-09-14 00:00:00-04:00,45.5,47.290000915527344,44.709999084472656,47.040000915527344,766600,0.0,0.0
2007-09-17 00:00:00-04:00,46.810001373291016,46.81999969482422,45.36000061035156,45.900001525878906,563400,0.0,0.0
2007-09-18 00:00:00-04:00,46.2400016784668,49.11000061035156,46.0099983215332,48.68000030517578,743800,0.0,0.0
2007-09-19 00:00:00-04:00,49.02000045776367,50.65999984741211,48.5,49.29999923706055,970600,0.0,0.0
2007-09-20 00:00:00-04:00,49.0099983215332,51.130001068115234,49.0099983215332,50.619998931884766,568500,0.0,0.0
2007-09-21 00:00:00-04:00,51.02000045776367,51.209999084472656,49.86000061035156,49.9900016784668,771300,0.0,0.0
2007-09-24 00:00:00-04:00,50.119998931884766,50.790000915527344,47.70000076293945,48.16999816894531,776700,0.0,0.0
2007-09-25 00:00:00-04:00,47.93000030517578,48.529998779296875,46.7599983215332,48.08000183105469,850000,0.0,0.0
2007-09-26 00:00:00-04:00,48.400001525878906,50.86000061035156,48.310001373291016,50.54999923706055,852600,0.0,0.0
2007-09-27 00:00:00-04:00,50.959999084472656,54.88999938964844,50.599998474121094,53.720001220703125,1036600,0.0,0.0
2007-09-28 00:00:00-04:00,53.459999084472656,53.650001525878906,52.279998779296875,52.650001525878906,685300,0.0,0.0
2007-10-01 00:00:00-04:00,52.790000915527344,55.150001525878906,52.040000915527344,54.45000076293945,809700,0.0,0.0
2007-10-02 00:00:00-04:00,54.470001220703125,55.77000045776367,54.439998626708984,55.61000061035156,889000,0.0,0.0
2007-10-03 00:00:00-04:00,55.369998931884766,56.720001220703125,54.650001525878906,55.040000915527344,978500,0.0,0.0
2007-10-04 00:00:00-04:00,55.040000915527344,55.599998474121094,54.400001525878906,55.209999084472656,527900,0.0,0.0
2007-10-05 00:00:00-04:00,55.7599983215332,58.880001068115234,55.279998779296875,57.939998626708984,895700,0.0,0.0
2007-10-08 00:00:00-04:00,57.75,57.81999969482422,56.400001525878906,56.81999969482422,485300,0.0,0.0
2007-10-09 00:00:00-04:00,56.939998626708984,58.72999954223633,56.689998626708984,58.65999984741211,584700,0.0,0.0
2007-10-10 00:00:00-04:00,58.310001373291016,58.310001373291016,56.150001525878906,57.150001525878906,946700,0.0,0.0
2007-10-11 00:00:00-04:00,57.72999954223633,59.400001525878906,55.529998779296875,55.970001220703125,821600,0.0,0.0
2007-10-12 00:00:00-04:00,56.2599983215332,57.189998626708984,54.959999084472656,56.59000015258789,463600,0.0,0.0
2007-10-15 00:00:00-04:00,56.75,57.13999938964844,54.22999954223633,54.81999969482422,549800,0.0,0.0
2007-10-16 00:00:00-04:00,54.560001373291016,55.15999984741211,53.0,55.0,802100,0.0,0.0
2007-10-17 00:00:00-04:00,56.06999969482422,56.81999969482422,55.09000015258789,55.72999954223633,422500,0.0,0.0
2007-10-18 00:00:00-04:00,55.5099983215332,58.099998474121094,55.5099983215332,57.61000061035156,397000,0.0,0.0
2007-10-19 00:00:00-04:00,57.54999923706055,58.4900016784668,56.040000915527344,56.040000915527344,662600,0.0,0.0
2007-10-22 00:00:00-04:00,55.060001373291016,57.34000015258789,54.20000076293945,57.06999969482422,527300,0.0,0.0
2007-10-23 00:00:00-04:00,57.349998474121094,57.709999084472656,55.970001220703125,57.2400016784668,538600,0.0,0.0
2007-10-24 00:00:00-04:00,56.58000183105469,57.34000015258789,55.65999984741211,55.83000183105469,951100,0.0,0.0
2007-10-25 00:00:00-04:00,56.400001525878906,57.84000015258789,55.400001525878906,57.63999938964844,532400,0.0,0.0
2007-10-26 00:00:00-04:00,57.650001525878906,58.369998931884766,55.81999969482422,58.02000045776367,1080700,0.0,0.0
2007-10-29 00:00:00-04:00,58.209999084472656,59.06999969482422,57.04999923706055,59.02000045776367,751500,0.0,0.0
2007-10-30 00:00:00-04:00,58.630001068115234,59.220001220703125,56.709999084472656,57.09000015258789,575300,0.0,0.0
2007-10-31 00:00:00-04:00,57.43000030517578,58.58000183105469,56.459999084472656,58.189998626708984,544800,0.0,0.0
2007-11-01 00:00:00-04:00,57.08000183105469,57.099998474121094,54.86000061035156,55.20000076293945,599400,0.0,0.0
2007-11-02 00:00:00-04:00,55.9900016784668,56.900001525878906,54.72999954223633,56.77000045776367,720200,0.0,0.0
2007-11-05 00:00:00-05:00,54.880001068115234,56.470001220703125,54.880001068115234,55.77000045776367,486300,0.0,0.0
2007-11-06 00:00:00-05:00,56.02000045776367,58.22999954223633,55.380001068115234,58.060001373291016,392100,0.0,0.0
2007-11-07 00:00:00-05:00,57.470001220703125,57.470001220703125,55.220001220703125,55.349998474121094,456200,0.0,0.0
2007-11-08 00:00:00-05:00,56.349998474121094,58.189998626708984,55.54999923706055,57.43000030517578,665400,0.0,0.0
2007-11-09 00:00:00-05:00,56.540000915527344,57.900001525878906,55.18000030517578,56.45000076293945,557600,0.0,0.0
2007-11-12 00:00:00-05:00,56.279998779296875,56.650001525878906,52.209999084472656,52.779998779296875,974000,0.0,0.0
2007-11-13 00:00:00-05:00,53.31999969482422,55.15999984741211,52.54999923706055,54.689998626708984,545500,0.0,0.0
2007-11-14 00:00:00-05:00,55.02000045776367,55.5099983215332,53.79999923706055,54.13999938964844,850800,0.0,0.0
2007-11-15 00:00:00-05:00,53.970001220703125,54.119998931884766,51.310001373291016,52.11000061035156,515700,0.0,0.0
2007-11-16 00:00:00-05:00,52.2400016784668,52.790000915527344,50.52000045776367,52.38999938964844,428400,0.0,0.0
2007-11-19 00:00:00-05:00,51.720001220703125,51.720001220703125,49.5,50.56999969482422,523600,0.0,0.0
2007-11-20 00:00:00-05:00,50.459999084472656,53.40999984741211,50.02000045776367,52.0,658500,0.0,0.0
2007-11-21 00:00:00-05:00,51.52000045776367,51.52000045776367,49.380001068115234,49.7599983215332,624500,0.0,0.0
2007-11-23 00:00:00-05:00,50.220001220703125,50.959999084472656,50.04999923706055,50.79999923706055,237500,0.0,0.0
2007-11-26 00:00:00-05:00,50.7599983215332,52.099998474121094,50.650001525878906,50.86000061035156,770200,0.0,0.0
2007-11-27 00:00:00-05:00,51.220001220703125,51.4900016784668,49.5099983215332,51.20000076293945,553500,0.0,0.0
2007-11-28 00:00:00-05:00,49.5099983215332,56.95000076293945,49.5099983215332,56.13999938964844,955900,0.0,0.0
2007-11-29 00:00:00-05:00,55.900001525878906,57.560001373291016,55.22999954223633,57.31999969482422,516900,0.0,0.0
2007-11-30 00:00:00-05:00,57.97999954223633,58.97999954223633,56.810001373291016,57.34000015258789,621500,0.0,0.0
2007-12-03 00:00:00-05:00,57.40999984741211,58.02000045776367,56.349998474121094,56.77000045776367,476100,0.0,0.0
2007-12-04 00:00:00-05:00,55.91999816894531,56.91999816894531,55.2599983215332,55.7400016784668,287100,0.0,0.0
2007-12-05 00:00:00-05:00,56.61000061035156,57.33000183105469,55.599998474121094,56.529998779296875,397100,0.0,0.0
2007-12-06 00:00:00-05:00,56.310001373291016,57.5,55.900001525878906,56.93000030517578,435700,0.0,0.0
2007-12-07 00:00:00-05:00,57.209999084472656,58.470001220703125,56.86000061035156,58.189998626708984,261100,0.0,0.0
2007-12-10 00:00:00-05:00,58.209999084472656,59.20000076293945,57.650001525878906,58.93000030517578,363400,0.0,0.0
2007-12-11 00:00:00-05:00,58.599998474121094,59.220001220703125,55.220001220703125,55.400001525878906,437000,0.0,0.0
2007-12-12 00:00:00-05:00,56.72999954223633,58.880001068115234,56.5,57.40999984741211,2692700,0.0,0.0
2007-12-13 00:00:00-05:00,56.720001220703125,57.029998779296875,55.25,56.77000045776367,1091000,0.0,0.0
2007-12-14 00:00:00-05:00,55.81999969482422,56.470001220703125,53.540000915527344,53.9900016784668,487800,0.0,0.0
2007-12-17 00:00:00-05:00,53.540000915527344,53.869998931884766,51.33000183105469,51.43000030517578,1169800,0.0,0.0
2007-12-18 00:00:00-05:00,52.20000076293945,52.459999084472656,50.33000183105469,51.970001220703125,527900,0.0,0.0
2007-12-19 00:00:00-05:00,52.0,52.880001068115234,51.38999938964844,52.02000045776367,370200,0.0,0.0
2007-12-20 00:00:00-05:00,52.66999816894531,53.13999938964844,51.65999984741211,53.11000061035156,252500,0.0,0.0
2007-12-21 00:00:00-05:00,53.86000061035156,54.40999984741211,52.91999816894531,53.77000045776367,963100,0.0,0.0
2007-12-24 00:00:00-05:00,54.4900016784668,55.36000061035156,52.970001220703125,54.59000015258789,131900,0.0,0.0
2007-12-26 00:00:00-05:00,54.7400016784668,55.2599983215332,54.400001525878906,54.689998626708984,294100,0.0,0.0
2007-12-27 00:00:00-05:00,54.97999954223633,55.279998779296875,53.41999816894531,53.59000015258789,317900,0.0,0.0
2007-12-28 00:00:00-05:00,54.310001373291016,55.18000030517578,53.27000045776367,54.0099983215332,284600,0.0,0.0
2007-12-31 00:00:00-05:00,53.63999938964844,54.47999954223633,53.560001373291016,53.939998626708984,315900,0.0,0.0
2008-01-02 00:00:00-05:00,53.75,54.91999816894531,53.130001068115234,54.150001525878906,523200,0.0,0.0
2008-01-03 00:00:00-05:00,54.2400016784668,55.34000015258789,53.709999084472656,54.83000183105469,424300,0.0,0.0
2008-01-04 00:00:00-05:00,53.9900016784668,54.119998931884766,50.91999816894531,51.04999923706055,445000,0.0,0.0
2008-01-07 00:00:00-05:00,51.189998626708984,51.91999816894531,48.52000045776367,49.93000030517578,927300,0.0,0.0
2008-01-08 00:00:00-05:00,50.369998931884766,50.7400016784668,47.58000183105469,47.61000061035156,874800,0.0,0.0
2008-01-09 00:00:00-05:00,47.310001373291016,48.47999954223633,46.58000183105469,48.099998474121094,1755600,0.0,0.0
2008-01-10 00:00:00-05:00,47.439998626708984,49.900001525878906,46.849998474121094,49.22999954223633,834200,0.0,0.0
2008-01-11 00:00:00-05:00,48.75,48.90999984741211,47.2400016784668,47.939998626708984,428700,0.0,0.0
2008-01-14 00:00:00-05:00,48.720001220703125,50.540000915527344,47.720001220703125,50.130001068115234,448200,0.0,0.0
2008-01-15 00:00:00-05:00,49.33000183105469,49.689998626708984,47.93000030517578,48.349998474121094,809500,0.0,0.0
2008-01-16 00:00:00-05:00,48.290000915527344,49.709999084472656,47.36000061035156,49.06999969482422,936700,0.0,0.0
2008-01-17 00:00:00-05:00,49.060001373291016,49.56999969482422,43.279998779296875,43.40999984741211,2203500,0.0,0.0
2008-01-18 00:00:00-05:00,43.75,45.63999938964844,42.06999969482422,43.209999084472656,746400,0.0,0.0
2008-01-22 00:00:00-05:00,41.47999954223633,44.099998474121094,40.97999954223633,42.709999084472656,786200,0.0,0.0
2008-01-23 00:00:00-05:00,41.790000915527344,42.599998474121094,38.91999816894531,42.4900016784668,886800,0.0,0.0
2008-01-24 00:00:00-05:00,42.560001373291016,45.439998626708984,42.560001373291016,44.38999938964844,963600,0.0,0.0
2008-01-25 00:00:00-05:00,45.0,46.93000030517578,44.95000076293945,45.720001220703125,1020700,0.0,0.0
2008-01-28 00:00:00-05:00,45.439998626708984,46.630001068115234,44.77000045776367,46.349998474121094,544400,0.0,0.0
2008-01-29 00:00:00-05:00,46.7400016784668,52.220001220703125,46.52000045776367,50.86000061035156,2151900,0.0,0.0
2008-01-30 00:00:00-05:00,50.4900016784668,53.369998931884766,49.869998931884766,51.209999084472656,728500,0.0,0.0
2008-01-31 00:00:00-05:00,49.27000045776367,52.650001525878906,49.27000045776367,51.9900016784668,1235700,0.0,0.0
2008-02-01 00:00:00-05:00,52.79999923706055,56.09000015258789,52.68000030517578,55.58000183105469,1205700,0.0,0.0
2008-02-04 00:00:00-05:00,55.689998626708984,56.540000915527344,54.5,55.9900016784668,693100,0.0,0.0
2008-02-05 00:00:00-05:00,54.63999938964844,55.709999084472656,53.15999984741211,53.310001373291016,691100,0.0,0.0
2008-02-06 00:00:00-05:00,53.959999084472656,55.099998474121094,52.0099983215332,52.31999969482422,709900,0.0,0.0
2008-02-07 00:00:00-05:00,52.06999969482422,54.709999084472656,51.83000183105469,53.79999923706055,943500,0.0,0.0
2008-02-08 00:00:00-05:00,53.779998779296875,55.130001068115234,52.43000030517578,54.599998474121094,803300,0.0,0.0
2008-02-11 00:00:00-05:00,55.43000030517578,58.290000915527344,55.040000915527344,57.310001373291016,860300,0.0,0.0
2008-02-12 00:00:00-05:00,58.540000915527344,60.0,56.720001220703125,56.90999984741211,833900,0.0,0.0
2008-02-13 00:00:00-05:00,57.58000183105469,60.95000076293945,56.060001373291016,60.66999816894531,1434500,0.0,0.0
2008-02-14 00:00:00-05:00,60.47999954223633,61.95000076293945,59.02000045776367,59.369998931884766,1338700,0.0,0.0
2008-02-15 00:00:00-05:00,58.290000915527344,63.970001220703125,57.7400016784668,62.84000015258789,2357700,0.0,0.0
2008-02-19 00:00:00-05:00,63.790000915527344,64.33999633789062,61.22999954223633,61.75,1350100,0.0,0.0
2008-02-20 00:00:00-05:00,61.439998626708984,65.4000015258789,60.43000030517578,64.55999755859375,2320700,0.0,0.0
2008-02-21 00:00:00-05:00,65.12000274658203,66.58000183105469,64.12999725341797,65.37000274658203,1352000,0.0,0.0
2008-02-22 00:00:00-05:00,65.94999694824219,66.0,62.77000045776367,65.62000274658203,965400,0.0,0.0
2008-02-25 00:00:00-05:00,65.58000183105469,69.16999816894531,64.22000122070312,68.58000183105469,1937300,0.0,0.0
2008-02-26 00:00:00-05:00,68.41000366210938,69.0999984741211,67.0,68.16000366210938,1431100,0.0,0.0
2008-02-27 00:00:00-05:00,67.62999725341797,69.11000061035156,67.29000091552734,68.97000122070312,1452200,0.0,0.0
2008-02-28 00:00:00-05:00,68.69000244140625,70.58999633789062,68.01000213623047,69.91000366210938,1022800,0.0,0.0
2008-02-29 00:00:00-05:00,68.93000030517578,69.5,65.66999816894531,66.12999725341797,1402400,0.0,0.0
2008-03-03 00:00:00-05:00,66.04000091552734,69.69000244140625,65.81999969482422,68.23999786376953,1134300,0.0,0.0
2008-03-04 00:00:00-05:00,67.51000213623047,67.87999725341797,64.9000015258789,66.87999725341797,870700,0.0,0.0
2008-03-05 00:00:00-05:00,67.41999816894531,70.88999938964844,67.41999816894531,70.4000015258789,1518900,0.0,0.0
2008-03-06 00:00:00-05:00,69.87999725341797,70.88999938964844,68.29000091552734,69.45999908447266,1471900,0.0,0.0
2008-03-07 00:00:00-05:00,68.58000183105469,69.51000213623047,64.81999969482422,66.77999877929688,1370400,0.0,0.0
2008-03-10 00:00:00-04:00,66.98999786376953,66.98999786376953,63.91999816894531,64.22000122070312,1251400,0.0,0.0
2008-03-11 00:00:00-04:00,66.58000183105469,67.80999755859375,64.94999694824219,67.5,1278100,0.0,0.0
2008-03-12 00:00:00-04:00,67.5,68.41999816894531,65.88999938964844,66.62999725341797,984100,0.0,0.0
2008-03-13 00:00:00-04:00,65.7300033569336,69.33999633789062,65.29000091552734,68.5,1379100,0.0,0.0
2008-03-14 00:00:00-04:00,69.2300033569336,69.58000183105469,65.19000244140625,66.6500015258789,1042300,0.0,0.0
2008-03-17 00:00:00-04:00,65.08999633789062,66.08999633789062,61.63999938964844,63.47999954223633,1540700,0.0,0.0
2008-03-18 00:00:00-04:00,65.19999694824219,66.93000030517578,64.47000122070312,66.76000213623047,1351000,0.0,0.0
2008-03-19 00:00:00-04:00,66.87000274658203,66.87000274658203,58.83000183105469,59.02000045776367,2293000,0.0,0.0
2008-03-20 00:00:00-04:00,58.88999938964844,59.29999923706055,56.099998474121094,58.630001068115234,2347600,0.0,0.0
2008-03-24 00:00:00-04:00,58.75,62.599998474121094,58.75,61.68000030517578,1041700,0.0,0.0
2008-03-25 00:00:00-04:00,61.13999938964844,65.05000305175781,61.060001373291016,64.77999877929688,1126600,0.0,0.0
2008-03-26 00:00:00-04:00,65.0199966430664,68.47000122070312,64.5199966430664,67.19999694824219,1443000,0.0,0.0
2008-03-27 00:00:00-04:00,67.25,68.38999938964844,65.77999877929688,66.16000366210938,767100,0.0,0.0
2008-03-28 00:00:00-04:00,66.41000366210938,66.66999816894531,64.83999633789062,65.19999694824219,532900,0.0,0.0
2008-03-31 00:00:00-04:00,66.08000183105469,67.37000274658203,64.79000091552734,66.23999786376953,732900,0.0,0.0
2008-04-01 00:00:00-04:00,67.27999877929688,67.73999786376953,65.58000183105469,66.94000244140625,840400,0.0,0.0
2008-04-02 00:00:00-04:00,67.41000366210938,69.66999816894531,66.5999984741211,68.45999908447266,862400,0.0,0.0
2008-04-03 00:00:00-04:00,67.75,69.5,67.12000274658203,68.80000305175781,1180500,0.0,0.0
2008-04-04 00:00:00-04:00,69.7300033569336,71.52999877929688,68.66999816894531,70.0,1288700,0.0,0.0
2008-04-07 00:00:00-04:00,71.3499984741211,72.20999908447266,68.36000061035156,69.30000305175781,909400,0.0,0.0
2008-04-08 00:00:00-04:00,68.47000122070312,71.69999694824219,68.47000122070312,70.87000274658203,1166900,0.0,0.0
2008-04-09 00:00:00-04:00,70.81999969482422,71.80999755859375,69.37999725341797,70.95999908447266,807900,0.0,0.0
2008-04-10 00:00:00-04:00,70.80000305175781,71.06999969482422,68.41999816894531,70.29000091552734,575800,0.0,0.0
2008-04-11 00:00:00-04:00,69.31999969482422,71.16999816894531,69.27999877929688,70.05000305175781,695300,0.0,0.0
2008-04-14 00:00:00-04:00,70.66000366210938,70.66999816894531,67.7699966430664,68.91999816894531,900000,0.0,0.0
2008-04-15 00:00:00-04:00,68.83999633789062,69.70999908447266,66.95999908447266,68.55999755859375,790900,0.0,0.0
2008-04-16 00:00:00-04:00,69.66000366210938,72.79000091552734,69.23999786376953,72.3499984741211,1003200,0.0,0.0
2008-04-17 00:00:00-04:00,72.38999938964844,74.12000274658203,71.51000213623047,73.6500015258789,805800,0.0,0.0
2008-04-18 00:00:00-04:00,73.16999816894531,73.98999786376953,70.80999755859375,71.66999816894531,773900,0.0,0.0
2008-04-21 00:00:00-04:00,71.58000183105469,73.77999877929688,71.1500015258789,73.31999969482422,825600,0.0,0.0
2008-04-22 00:00:00-04:00,72.9800033569336,73.87999725341797,70.83999633789062,71.80999755859375,688900,0.0,0.0
2008-04-23 00:00:00-04:00,72.45999908447266,74.45999908447266,71.06999969482422,73.88999938964844,1324700,0.0,0.0
2008-04-24 00:00:00-04:00,74.0,74.1500015258789,68.08999633789062,69.33000183105469,2049200,0.0,0.0
2008-04-25 00:00:00-04:00,65.66000366210938,67.3499984741211,64.0,65.93000030517578,2618300,0.0,0.0
2008-04-28 00:00:00-04:00,65.97000122070312,71.9000015258789,65.33000183105469,71.0999984741211,1458900,0.0,0.0
2008-04-29 00:00:00-04:00,70.62000274658203,70.62000274658203,66.80000305175781,67.31999969482422,1490900,0.0,0.0
2008-04-30 00:00:00-04:00,67.80000305175781,70.2300033569336,67.80000305175781,69.29000091552734,917100,0.0,0.0
2008-05-01 00:00:00-04:00,68.88999938964844,69.25,64.45999908447266,66.22000122070312,1425500,0.0,0.0
2008-05-02 00:00:00-04:00,66.62000274658203,70.05000305175781,65.91999816894531,69.44999694824219,1062200,0.0,0.0
2008-05-05 00:00:00-04:00,69.94999694824219,70.73999786376953,68.37000274658203,70.31999969482422,834100,0.0,0.0
2008-05-06 00:00:00-04:00,69.62000274658203,72.58000183105469,69.62000274658203,72.33999633789062,686100,0.0,0.0
2008-05-07 00:00:00-04:00,72.12999725341797,72.62999725341797,70.33999633789062,70.95999908447266,700100,0.0,0.0
2008-05-08 00:00:00-04:00,71.4000015258789,74.02999877929688,71.4000015258789,73.80999755859375,773800,0.0,0.0
2008-05-09 00:00:00-04:00,73.30000305175781,73.80000305175781,71.0,72.87000274658203,425800,0.0,0.0
2008-05-12 00:00:00-04:00,72.87000274658203,74.33999633789062,70.5199966430664,73.43000030517578,653300,0.0,0.0
2008-05-13 00:00:00-04:00,73.48999786376953,75.18000030517578,72.73999786376953,74.97000122070312,660500,0.0,0.0
2008-05-14 00:00:00-04:00,75.18000030517578,78.0,74.0199966430664,76.5199966430664,1730700,0.0,0.0
2008-05-15 00:00:00-04:00,76.94999694824219,79.47000122070312,76.58000183105469,77.58000183105469,1204100,0.0,0.0
2008-05-16 00:00:00-04:00,78.41000366210938,79.6500015258789,76.9800033569336,79.51000213623047,645800,0.0,0.0
2008-05-19 00:00:00-04:00,79.0,80.5199966430664,77.16000366210938,78.63999938964844,954300,0.0,0.0
2008-05-20 00:00:00-04:00,78.55999755859375,80.04000091552734,77.25,79.98999786376953,840000,0.0,0.0
2008-05-21 00:00:00-04:00,80.16999816894531,80.38999938964844,76.58000183105469,76.77999877929688,403800,0.0,0.0
2008-05-22 00:00:00-04:00,77.18000030517578,78.9000015258789,75.0,76.0199966430664,630900,0.0,0.0
2008-05-23 00:00:00-04:00,75.51000213623047,76.95999908447266,73.80999755859375,75.30999755859375,493000,0.0,0.0
2008-05-27 00:00:00-04:00,75.54000091552734,75.54000091552734,72.22000122070312,73.66000366210938,634200,0.0,0.0
2008-05-28 00:00:00-04:00,73.66000366210938,75.75,71.68000030517578,75.5199966430664,688000,0.0,0.0
2008-05-29 00:00:00-04:00,75.1500015258789,75.1500015258789,72.31999969482422,73.12000274658203,468000,0.0,0.0
2008-05-30 00:00:00-04:00,73.33000183105469,73.97000122070312,71.80000305175781,73.0,836600,0.0,0.0
2008-06-02 00:00:00-04:00,72.91999816894531,75.12999725341797,72.91999816894531,74.91999816894531,764600,0.0,0.0
2008-06-03 00:00:00-04:00,75.06999969482422,75.76000213623047,71.0,72.4000015258789,730100,0.0,0.0
2008-06-04 00:00:00-04:00,71.91000366210938,72.9000015258789,70.30999755859375,70.6500015258789,858700,0.0,0.0
2008-06-05 00:00:00-04:00,72.31999969482422,72.37000274658203,70.05999755859375,71.30999755859375,1235200,0.0,0.0
2008-06-06 00:00:00-04:00,70.98999786376953,75.20999908447266,70.98999786376953,73.18000030517578,1481300,0.0,0.0
2008-06-09 00:00:00-04:00,72.69999694824219,74.19000244140625,71.43000030517578,72.73999786376953,797700,0.0,0.0
2008-06-10 00:00:00-04:00,72.05999755859375,73.05999755859375,68.55000305175781,70.30999755859375,1321700,0.0,0.0
2008-06-11 00:00:00-04:00,70.41000366210938,70.76000213623047,66.83999633789062,67.16999816894531,1286900,0.0,0.0
2008-06-12 00:00:00-04:00,67.37999725341797,68.5,65.76000213623047,65.87999725341797,847300,0.0,0.0
2008-06-13 00:00:00-04:00,66.2699966430664,70.95999908447266,66.20999908447266,70.69000244140625,1176100,0.0,0.0
2008-06-16 00:00:00-04:00,70.27999877929688,71.33999633789062,69.0199966430664,70.55999755859375,406900,0.0,0.0
2008-06-17 00:00:00-04:00,70.63999938964844,72.94000244140625,70.63999938964844,71.6500015258789,930500,0.0,0.0
2008-06-18 00:00:00-04:00,71.55000305175781,72.19000244140625,69.69000244140625,70.30999755859375,953000,0.0,0.0
2008-06-19 00:00:00-04:00,70.54000091552734,70.63999938964844,68.98999786376953,69.86000061035156,837800,0.0,0.0
2008-06-20 00:00:00-04:00,69.58000183105469,70.4800033569336,67.19999694824219,68.44999694824219,1350600,0.0,0.0
2008-06-23 00:00:00-04:00,68.58999633789062,69.83999633789062,68.08000183105469,69.26000213623047,739200,0.0,0.0
2008-06-24 00:00:00-04:00,68.56999969482422,69.58999633789062,66.45999908447266,67.48999786376953,1413300,0.0,0.0
2008-06-25 00:00:00-04:00,67.93000030517578,68.70999908447266,63.400001525878906,65.20999908447266,1625500,0.0,0.0
2008-06-26 00:00:00-04:00,64.41000366210938,67.23999786376953,64.41000366210938,66.55000305175781,1102900,0.0,0.0
2008-06-27 00:00:00-04:00,66.66000366210938,67.7300033569336,65.79000091552734,66.5999984741211,3602200,0.0,0.0
2008-06-30 00:00:00-04:00,66.9000015258789,68.37999725341797,66.41999816894531,66.48999786376953,839600,0.0,0.0
2008-07-01 00:00:00-04:00,65.05999755859375,65.29000091552734,61.060001373291016,63.619998931884766,1679400,0.0,0.0
2008-07-02 00:00:00-04:00,65.0999984741211,65.0999984741211,58.7400016784668,59.20000076293945,1565000,0.0,0.0
2008-07-03 00:00:00-04:00,59.56999969482422,60.709999084472656,56.29999923706055,57.880001068115234,1578400,0.0,0.0
2008-07-07 00:00:00-04:00,59.93000030517578,63.439998626708984,59.040000915527344,61.150001525878906,1908500,0.0,0.0
2008-07-08 00:00:00-04:00,58.36000061035156,60.189998626708984,51.599998474121094,57.560001373291016,4638900,0.0,0.0
2008-07-09 00:00:00-04:00,57.08000183105469,59.709999084472656,55.15999984741211,56.90999984741211,2221500,0.0,0.0
2008-07-10 00:00:00-04:00,58.040000915527344,64.13999938964844,58.040000915527344,62.54999923706055,3578300,0.0,0.0
2008-07-11 00:00:00-04:00,62.29999923706055,64.69999694824219,62.06999969482422,64.69999694824219,3986900,0.0,0.0
2008-07-14 00:00:00-04:00,64.72000122070312,66.66000366210938,62.9900016784668,63.7599983215332,1696600,0.0,0.0
2008-07-15 00:00:00-04:00,64.70999908447266,64.70999908447266,60.959999084472656,62.91999816894531,2123400,0.0,0.0
2008-07-16 00:00:00-04:00,63.209999084472656,63.279998779296875,59.459999084472656,61.0,1858500,0.0,0.0
2008-07-17 00:00:00-04:00,60.59000015258789,61.13999938964844,55.41999816894531,56.29999923706055,3188900,0.0,0.0
2008-07-18 00:00:00-04:00,56.45000076293945,57.11000061035156,52.869998931884766,53.41999816894531,1965600,0.0,0.0
2008-07-21 00:00:00-04:00,55.75,57.04999923706055,53.45000076293945,56.29999923706055,1691900,0.0,0.0
2008-07-22 00:00:00-04:00,56.189998626708984,56.189998626708984,52.119998931884766,53.34000015258789,1828700,0.0,0.0
2008-07-23 00:00:00-04:00,53.130001068115234,53.939998626708984,51.02000045776367,51.36000061035156,1394200,0.0,0.0
2008-07-24 00:00:00-04:00,52.13999938964844,52.970001220703125,50.20000076293945,51.08000183105469,1935100,0.0,0.0
2008-07-25 00:00:00-04:00,50.119998931884766,55.779998779296875,50.119998931884766,53.91999816894531,1559700,0.0,0.0
2008-07-28 00:00:00-04:00,55.88999938964844,59.119998931884766,54.900001525878906,58.0,2073900,0.0,0.0
2008-07-29 00:00:00-04:00,58.9900016784668,58.9900016784668,56.400001525878906,58.7400016784668,1324400,0.0,0.0
2008-07-30 00:00:00-04:00,58.560001373291016,62.45000076293945,58.060001373291016,61.88999938964844,1348000,0.0,0.0
2008-07-31 00:00:00-04:00,61.560001373291016,61.630001068115234,58.880001068115234,59.41999816894531,1021100,0.0,0.0
2008-08-01 00:00:00-04:00,59.599998474121094,59.599998474121094,55.84000015258789,55.90999984741211,1193100,0.0,0.0
2008-08-04 00:00:00-04:00,55.220001220703125,55.66999816894531,51.93000030517578,52.5099983215332,1703300,0.0,0.0
2008-08-05 00:00:00-04:00,52.040000915527344,53.349998474121094,48.20000076293945,49.81999969482422,2738000,0.0,0.0
2008-08-06 00:00:00-04:00,50.68000030517578,52.880001068115234,50.400001525878906,52.08000183105469,1373500,0.0,0.0
2008-08-07 00:00:00-04:00,51.790000915527344,51.9900016784668,50.08000183105469,51.31999969482422,950600,0.0,0.0
2008-08-08 00:00:00-04:00,50.70000076293945,50.939998626708984,48.5099983215332,49.66999816894531,1074500,0.0,0.0
2008-08-11 00:00:00-04:00,49.90999984741211,50.70000076293945,46.34000015258789,47.220001220703125,1559300,0.0,0.0
2008-08-12 00:00:00-04:00,49.099998474121094,49.099998474121094,46.619998931884766,46.959999084472656,1150800,0.0,0.0
2008-08-13 00:00:00-04:00,47.380001068115234,50.58000183105469,46.900001525878906,50.29999923706055,1493000,0.0,0.0
2008-08-14 00:00:00-04:00,51.38999938964844,51.38999938964844,48.619998931884766,48.689998626708984,1092500,0.0,0.0
2008-08-15 00:00:00-04:00,48.34000015258789,49.7400016784668,46.4900016784668,47.20000076293945,1308100,0.0,0.0
2008-08-18 00:00:00-04:00,47.66999816894531,48.459999084472656,45.790000915527344,46.13999938964844,1023200,0.0,0.0
2008-08-19 00:00:00-04:00,45.779998779296875,47.040000915527344,45.70000076293945,46.2599983215332,1034200,0.0,0.0
2008-08-20 00:00:00-04:00,46.52000045776367,47.209999084472656,45.47999954223633,46.72999954223633,1139100,0.0,0.0
2008-08-21 00:00:00-04:00,46.939998626708984,48.40999984741211,45.81999969482422,47.75,1063400,0.0,0.0
2008-08-22 00:00:00-04:00,48.7599983215332,48.7599983215332,45.959999084472656,46.93000030517578,609600,0.0,0.0
2008-08-25 00:00:00-04:00,46.099998474121094,47.189998626708984,44.97999954223633,45.9900016784668,901700,0.0,0.0
2008-08-26 00:00:00-04:00,45.7400016784668,46.790000915527344,45.5099983215332,46.400001525878906,841000,0.0,0.0
2008-08-27 00:00:00-04:00,46.75,50.04999923706055,45.5,49.83000183105469,1300200,0.0,0.0
2008-08-28 00:00:00-04:00,50.7599983215332,51.459999084472656,48.779998779296875,49.4900016784668,1167300,0.0,0.0
2008-08-29 00:00:00-04:00,49.400001525878906,50.0099983215332,48.52000045776367,48.7599983215332,624900,0.0,0.0
2008-09-02 00:00:00-04:00,47.97999954223633,48.189998626708984,44.40999984741211,44.970001220703125,1393900,0.0,0.0
2008-09-03 00:00:00-04:00,44.869998931884766,45.63999938964844,42.58000183105469,43.439998626708984,2443200,0.0,0.0
2008-09-04 00:00:00-04:00,42.65999984741211,43.959999084472656,39.869998931884766,40.119998931884766,1803200,0.0,0.0
2008-09-05 00:00:00-04:00,40.18000030517578,41.349998474121094,38.58000183105469,41.22999954223633,1606700,0.0,0.0
2008-09-08 00:00:00-04:00,42.20000076293945,43.25,38.91999816894531,39.70000076293945,1520800,0.0,0.0
2008-09-09 00:00:00-04:00,39.40999984741211,39.68000030517578,36.959999084472656,37.290000915527344,1598000,0.0,0.0
2008-09-10 00:00:00-04:00,37.66999816894531,40.61000061035156,37.540000915527344,39.560001373291016,1690400,0.0,0.0
2008-09-11 00:00:00-04:00,39.2599983215332,40.029998779296875,37.279998779296875,39.18000030517578,1680200,0.0,0.0
2008-09-12 00:00:00-04:00,39.029998779296875,41.560001373291016,38.36000061035156,41.22999954223633,1142800,0.0,0.0
2008-09-15 00:00:00-04:00,39.040000915527344,39.939998626708984,36.220001220703125,36.61000061035156,1483400,0.0,0.0
2008-09-16 00:00:00-04:00,36.0,39.150001525878906,34.349998474121094,38.880001068115234,1818700,0.0,0.0
2008-09-17 00:00:00-04:00,37.15999984741211,38.95000076293945,34.91999816894531,37.790000915527344,2252500,0.0,0.0
2008-09-18 00:00:00-04:00,38.439998626708984,40.130001068115234,33.5099983215332,36.849998474121094,2158000,0.0,0.0
2008-09-19 00:00:00-04:00,37.38999938964844,40.22999954223633,37.310001373291016,40.22999954223633,1704800,0.0,0.0
2008-09-22 00:00:00-04:00,40.349998474121094,41.790000915527344,39.27000045776367,40.22999954223633,1135000,0.0,0.0
2008-09-23 00:00:00-04:00,40.029998779296875,40.58000183105469,35.43000030517578,35.68000030517578,1580500,0.0,0.0
2008-09-24 00:00:00-04:00,36.0099983215332,37.150001525878906,35.58000183105469,35.58000183105469,1105900,0.0,0.0
2008-09-25 00:00:00-04:00,35.560001373291016,36.79999923706055,35.20000076293945,35.40999984741211,1117100,0.0,0.0
2008-09-26 00:00:00-04:00,34.33000183105469,35.310001373291016,32.709999084472656,33.279998779296875,1078300,0.0,0.0
2008-09-29 00:00:00-04:00,32.22999954223633,32.560001373291016,25.200000762939453,26.149999618530273,2635000,0.0,0.0
2008-09-30 00:00:00-04:00,26.8799991607666,27.90999984741211,26.1299991607666,27.690000534057617,1717900,0.0,0.0
2008-10-01 00:00:00-04:00,27.31999969482422,27.3799991607666,25.510000228881836,26.530000686645508,1236900,0.0,0.0
2008-10-02 00:00:00-04:00,25.860000610351562,26.489999771118164,22.5,22.549999237060547,2403100,0.0,0.0
2008-10-03 00:00:00-04:00,22.40999984741211,23.520000457763672,20.56999969482422,20.959999084472656,2314400,0.0,0.0
2008-10-06 00:00:00-04:00,20.709999084472656,20.709999084472656,15.819999694824219,18.100000381469727,3972400,0.0,0.0
2008-10-07 00:00:00-04:00,19.829999923706055,20.100000381469727,17.639999389648438,17.899999618530273,3300800,0.0,0.0
2008-10-08 00:00:00-04:00,17.0,18.399999618530273,15.0,17.3799991607666,2660600,0.0,0.0
2008-10-09 00:00:00-04:00,17.459999084472656,18.690000534057617,14.710000038146973,15.0600004196167,2029400,0.0,0.0
2008-10-10 00:00:00-04:00,13.720000267028809,14.819999694824219,11.920000076293945,13.1899995803833,3294800,0.0,0.0
2008-10-13 00:00:00-04:00,15.979999542236328,16.1200008392334,14.130000114440918,16.06999969482422,1750000,0.0,0.0
2008-10-14 00:00:00-04:00,16.989999771118164,17.459999084472656,14.850000381469727,15.329999923706055,2483900,0.0,0.0
2008-10-15 00:00:00-04:00,14.609999656677246,14.930000305175781,11.0,11.029999732971191,3223800,0.0,0.0
2008-10-16 00:00:00-04:00,11.489999771118164,13.90999984741211,11.489999771118164,13.789999961853027,4886100,0.0,0.0
2008-10-17 00:00:00-04:00,12.8100004196167,18.520000457763672,12.3100004196167,13.59000015258789,2470500,0.0,0.0
2008-10-20 00:00:00-04:00,14.0600004196167,15.25,13.930000305175781,15.229999542236328,1354100,0.0,0.0
2008-10-21 00:00:00-04:00,14.359999656677246,14.869999885559082,13.65999984741211,13.930000305175781,2145600,0.0,0.0
2008-10-22 00:00:00-04:00,12.970000267028809,13.350000381469727,10.710000038146973,11.279999732971191,4079500,0.0,0.0
2008-10-23 00:00:00-04:00,11.850000381469727,11.850000381469727,9.1899995803833,9.640000343322754,4012900,0.0,0.0
2008-10-24 00:00:00-04:00,8.199999809265137,10.369999885559082,8.199999809265137,9.920000076293945,2624300,0.0,0.0
2008-10-27 00:00:00-04:00,9.930000305175781,10.760000228881836,9.100000381469727,9.279999732971191,3817900,0.0,0.0
2008-10-28 00:00:00-04:00,9.65999984741211,10.399999618530273,8.779999732971191,10.34000015258789,2813200,0.0,0.0
2008-10-29 00:00:00-04:00,10.520000457763672,12.59000015258789,9.75,12.050000190734863,2813700,0.0,0.0
2008-10-30 00:00:00-04:00,12.609999656677246,13.0,11.289999961853027,12.3100004196167,2263200,0.0,0.0
2008-10-31 00:00:00-04:00,12.199999809265137,13.039999961853027,11.779999732971191,12.569999694824219,1869400,0.0,0.0
2008-11-03 00:00:00-05:00,12.489999771118164,14.960000038146973,12.489999771118164,14.34000015258789,1880000,0.0,0.0
2008-11-04 00:00:00-05:00,14.880000114440918,15.25,14.079999923706055,14.729999542236328,1172800,0.0,0.0
2008-11-05 00:00:00-05:00,14.380000114440918,14.529999732971191,13.430000305175781,13.529999732971191,1365500,0.0,0.0
2008-11-06 00:00:00-05:00,13.529999732971191,13.979999542236328,11.989999771118164,12.0,1655400,0.0,0.0
2008-11-07 00:00:00-05:00,12.079999923706055,13.640000343322754,12.079999923706055,13.59000015258789,1400800,0.0,0.0
2008-11-10 00:00:00-05:00,14.079999923706055,14.630000114440918,12.670000076293945,13.010000228881836,999500,0.0,0.0
2008-11-11 00:00:00-05:00,12.520000457763672,12.630000114440918,11.289999961853027,12.0,1328300,0.0,0.0
2008-11-12 00:00:00-05:00,11.680000305175781,11.6899995803833,10.819999694824219,10.869999885559082,1427000,0.0,0.0
2008-11-13 00:00:00-05:00,10.970000267028809,12.40999984741211,9.859999656677246,12.359999656677246,2237900,0.0,0.0
2008-11-14 00:00:00-05:00,12.149999618530273,13.1899995803833,11.649999618530273,12.119999885559082,1637100,0.0,0.0
2008-11-17 00:00:00-05:00,12.029999732971191,12.25,9.569999694824219,9.649999618530273,2047300,0.0,0.0
2008-11-18 00:00:00-05:00,9.649999618530273,9.979999542236328,8.430000305175781,8.739999771118164,2086600,0.0,0.0
2008-11-19 00:00:00-05:00,8.050000190734863,8.210000038146973,5.78000020980835,6.119999885559082,4948100,0.0,0.0
2008-11-20 00:00:00-05:00,5.820000171661377,5.929999828338623,4.349999904632568,4.420000076293945,4120900,0.0,0.0
2008-11-21 00:00:00-05:00,4.829999923706055,5.21999979019165,4.539999961853027,5.179999828338623,2393000,0.0,0.0
2008-11-24 00:00:00-05:00,5.079999923706055,6.329999923706055,5.0,6.099999904632568,2472600,0.0,0.0
2008-11-25 00:00:00-05:00,6.179999828338623,6.650000095367432,5.960000038146973,6.570000171661377,1910300,0.0,0.0
2008-11-26 00:00:00-05:00,6.210000038146973,7.920000076293945,6.210000038146973,7.880000114440918,1552500,0.0,0.0
2008-11-28 00:00:00-05:00,7.889999866485596,8.279999732971191,7.579999923706055,8.149999618530273,497400,0.0,0.0
2008-12-01 00:00:00-05:00,7.889999866485596,7.889999866485596,6.300000190734863,6.300000190734863,1482100,0.0,0.0
2008-12-02 00:00:00-05:00,6.5,6.78000020980835,6.130000114440918,6.550000190734863,1664900,0.0,0.0
2008-12-03 00:00:00-05:00,6.75,7.019999980926514,6.210000038146973,6.949999809265137,1939400,0.0,0.0
2008-12-04 00:00:00-05:00,6.849999904632568,6.989999771118164,5.789999961853027,5.920000076293945,1736700,0.0,0.0
2008-12-05 00:00:00-05:00,5.769999980926514,6.130000114440918,5.380000114440918,5.960000038146973,1772700,0.0,0.0
2008-12-08 00:00:00-05:00,6.320000171661377,7.25,6.269999980926514,7.110000133514404,1841800,0.0,0.0
2008-12-09 00:00:00-05:00,6.960000038146973,8.0,6.769999980926514,7.400000095367432,2931800,0.0,0.0
2008-12-10 00:00:00-05:00,7.880000114440918,9.34000015258789,7.769999980926514,9.210000038146973,2846600,0.0,0.0
2008-12-11 00:00:00-05:00,8.869999885559082,9.880000114440918,8.180000305175781,8.899999618530273,2634300,0.0,0.0
2008-12-12 00:00:00-05:00,8.34000015258789,9.5,8.100000381469727,9.420000076293945,1493200,0.0,0.0
2008-12-15 00:00:00-05:00,9.510000228881836,10.25,9.109999656677246,9.279999732971191,1964500,0.0,0.0
2008-12-16 00:00:00-05:00,9.600000381469727,9.649999618530273,8.949999809265137,9.539999961853027,1549700,0.0,0.0
2008-12-17 00:00:00-05:00,8.949999809265137,10.170000076293945,8.930000305175781,9.720000267028809,1716800,0.0,0.0
2008-12-18 00:00:00-05:00,9.800000190734863,9.920000076293945,8.600000381469727,8.670000076293945,1347200,0.0,0.0
2008-12-19 00:00:00-05:00,8.260000228881836,8.800000190734863,8.119999885559082,8.680000305175781,1558100,0.0,0.0
2008-12-22 00:00:00-05:00,8.680000305175781,8.850000381469727,8.119999885559082,8.350000381469727,822700,0.0,0.0
2008-12-23 00:00:00-05:00,8.479999542236328,8.829999923706055,8.100000381469727,8.489999771118164,627200,0.0,0.0
2008-12-24 00:00:00-05:00,8.539999961853027,8.619999885559082,8.4399995803833,8.550000190734863,314500,0.0,0.0
2008-12-26 00:00:00-05:00,8.609999656677246,9.020000457763672,8.420000076293945,9.0,282000,0.0,0.0
2008-12-29 00:00:00-05:00,9.029999732971191,9.25,8.680000305175781,8.869999885559082,573000,0.0,0.0
2008-12-30 00:00:00-05:00,8.899999618530273,9.460000038146973,8.710000038146973,9.449999809265137,484300,0.0,0.0
2008-12-31 00:00:00-05:00,9.390000343322754,10.220000267028809,9.390000343322754,10.0,695700,0.0,0.0
2009-01-02 00:00:00-05:00,10.100000381469727,11.800000190734863,10.100000381469727,11.720000267028809,1435200,0.0,0.0
2009-01-05 00:00:00-05:00,11.5600004196167,12.130000114440918,10.90999984741211,11.90999984741211,1475600,0.0,0.0
2009-01-06 00:00:00-05:00,12.350000381469727,12.800000190734863,12.079999923706055,12.550000190734863,1817000,0.0,0.0
2009-01-07 00:00:00-05:00,11.989999771118164,11.989999771118164,11.430000305175781,11.569999694824219,1379300,0.0,0.0
2009-01-08 00:00:00-05:00,11.380000114440918,12.100000381469727,11.09000015258789,12.050000190734863,1053000,0.0,0.0
2009-01-09 00:00:00-05:00,12.050000190734863,12.119999885559082,11.470000267028809,11.619999885559082,711200,0.0,0.0
2009-01-12 00:00:00-05:00,11.520000457763672,11.5600004196167,9.25,9.40999984741211,1789800,0.0,0.0
2009-01-13 00:00:00-05:00,9.460000038146973,9.59000015258789,8.699999809265137,9.15999984741211,1731800,0.0,0.0
2009-01-14 00:00:00-05:00,8.859999656677246,8.979999542236328,8.119999885559082,8.170000076293945,1083800,0.0,0.0
2009-01-15 00:00:00-05:00,8.140000343322754,8.710000038146973,7.510000228881836,8.489999771118164,1172600,0.0,0.0
2009-01-16 00:00:00-05:00,8.720000267028809,8.899999618530273,8.029999732971191,8.489999771118164,732600,0.0,0.0
2009-01-20 00:00:00-05:00,8.34000015258789,8.350000381469727,7.400000095367432,7.409999847412109,976500,0.0,0.0
2009-01-21 00:00:00-05:00,7.190000057220459,8.0,6.889999866485596,8.0,1383500,0.0,0.0
2009-01-22 00:00:00-05:00,7.78000020980835,7.840000152587891,7.289999961853027,7.369999885559082,878900,0.0,0.0
2009-01-23 00:00:00-05:00,7.260000228881836,7.909999847412109,7.050000190734863,7.650000095367432,670500,0.0,0.0
2009-01-26 00:00:00-05:00,7.730000019073486,8.09000015258789,7.289999961853027,7.409999847412109,547600,0.0,0.0
2009-01-27 00:00:00-05:00,7.53000020980835,7.809999942779541,7.25,7.349999904632568,550200,0.0,0.0
2009-01-28 00:00:00-05:00,5.670000076293945,5.75,4.010000228881836,4.599999904632568,16580200,0.0,0.0
2009-01-29 00:00:00-05:00,4.610000133514404,4.78000020980835,4.110000133514404,4.28000020980835,15437700,0.0,0.0
2009-01-30 00:00:00-05:00,4.420000076293945,4.420000076293945,3.430000066757202,3.549999952316284,12078100,0.0,0.0
2009-02-02 00:00:00-05:00,3.549999952316284,3.809999942779541,3.299999952316284,3.700000047683716,6475300,0.0,0.0
2009-02-03 00:00:00-05:00,3.809999942779541,4.070000171661377,3.5999999046325684,4.019999980926514,5237500,0.0,0.0
2009-02-04 00:00:00-05:00,4.050000190734863,4.150000095367432,3.7300000190734863,4.0,4168600,0.0,0.0
2009-02-05 00:00:00-05:00,3.9800000190734863,4.190000057220459,3.859999895095825,4.119999885559082,3858300,0.0,0.0
2009-02-06 00:00:00-05:00,4.199999809265137,4.409999847412109,4.130000114440918,4.349999904632568,3669100,0.0,0.0
2009-02-09 00:00:00-05:00,4.400000095367432,4.5,4.199999809265137,4.269999980926514,2508600,0.0,0.0
2009-02-10 00:00:00-05:00,4.260000228881836,4.559999942779541,3.9100000858306885,3.990000009536743,3682700,0.0,0.0
2009-02-11 00:00:00-05:00,4.050000190734863,4.150000095367432,3.759999990463257,3.940000057220459,2636900,0.0,0.0
2009-02-12 00:00:00-05:00,4.010000228881836,4.010000228881836,3.6600000858306885,3.9700000286102295,2118000,0.0,0.0
2009-02-13 00:00:00-05:00,3.990000009536743,4.090000152587891,3.7699999809265137,3.8399999141693115,1870200,0.0,0.0
2009-02-17 00:00:00-05:00,3.700000047683716,3.700000047683716,3.259999990463257,3.259999990463257,2576200,0.0,0.0
2009-02-18 00:00:00-05:00,3.3299999237060547,3.359999895095825,3.0299999713897705,3.1700000762939453,2577000,0.0,0.0
2009-02-19 00:00:00-05:00,3.2100000381469727,3.4200000762939453,2.869999885559082,2.869999885559082,2559300,0.0,0.0
2009-02-20 00:00:00-05:00,2.7899999618530273,2.8499999046325684,2.109999895095825,2.2200000286102295,4996800,0.0,0.0
2009-02-23 00:00:00-05:00,2.319999933242798,2.490000009536743,2.299999952316284,2.319999933242798,2637100,0.0,0.0
2009-02-24 00:00:00-05:00,2.319999933242798,2.5199999809265137,2.190000057220459,2.4700000286102295,3397600,0.0,0.0
2009-02-25 00:00:00-05:00,2.450000047683716,2.450000047683716,2.2100000381469727,2.259999990463257,2820400,0.0,0.0
2009-02-26 00:00:00-05:00,2.259999990463257,2.690000057220459,2.259999990463257,2.4200000762939453,4104500,0.0,0.0
2009-02-27 00:00:00-05:00,2.2200000286102295,2.4100000858306885,2.200000047683716,2.2200000286102295,2573500,0.0,0.0
2009-03-02 00:00:00-05:00,2.200000047683716,2.200000047683716,1.6299999952316284,1.6799999475479126,3502600,0.0,0.0
2009-03-03 00:00:00-05:00,1.7000000476837158,1.75,1.309999942779541,1.409999966621399,5662800,0.0,0.0
2009-03-04 00:00:00-05:00,1.5499999523162842,1.600000023841858,1.350000023841858,1.5,5286900,0.0,0.0
2009-03-05 00:00:00-05:00,1.4500000476837158,1.5099999904632568,1.2000000476837158,1.2000000476837158,3008600,0.0,0.0
2009-03-06 00:00:00-05:00,1.2699999809265137,1.2899999618530273,1.059999942779541,1.100000023841858,2336800,0.0,0.0
2009-03-09 00:00:00-04:00,1.090000033378601,1.1799999475479126,1.0399999618530273,1.059999942779541,2182700,0.0,0.0
2009-03-10 00:00:00-04:00,1.159999966621399,1.4900000095367432,1.149999976158142,1.3600000143051147,5302900,0.0,0.0
2009-03-11 00:00:00-04:00,1.899999976158142,1.899999976158142,1.399999976158142,1.5099999904632568,6692500,0.0,0.0
2009-03-12 00:00:00-04:00,1.5099999904632568,1.600000023841858,1.1799999475479126,1.600000023841858,3271300,0.0,0.0
2009-03-13 00:00:00-04:00,1.690000057220459,1.7699999809265137,1.4500000476837158,1.5199999809265137,2771200,0.0,0.0
2009-03-16 00:00:00-04:00,1.6699999570846558,1.7899999618530273,1.4500000476837158,1.5399999618530273,4167800,0.0,0.0
2009-03-17 00:00:00-04:00,1.5299999713897705,1.590000033378601,1.2599999904632568,1.590000033378601,2422900,0.0,0.0
2009-03-18 00:00:00-04:00,1.590000033378601,1.7300000190734863,1.399999976158142,1.649999976158142,2874400,0.0,0.0
2009-03-19 00:00:00-04:00,1.9500000476837158,2.2699999809265137,1.7599999904632568,2.1700000762939453,5794600,0.0,0.0
2009-03-20 00:00:00-04:00,2.2100000381469727,2.2200000286102295,1.7200000286102295,1.7400000095367432,3887500,0.0,0.0
2009-03-23 00:00:00-04:00,1.9800000190734863,2.0999999046325684,1.8300000429153442,2.0299999713897705,4419700,0.0,0.0
2009-03-24 00:00:00-04:00,1.9600000381469727,2.069999933242798,1.8600000143051147,1.909999966621399,2771900,0.0,0.0
2009-03-25 00:00:00-04:00,1.8899999856948853,2.2699999809265137,1.8899999856948853,2.049999952316284,4524700,0.0,0.0
2009-03-26 00:00:00-04:00,2.2899999618530273,2.440000057220459,2.1600000858306885,2.3399999141693115,5029800,0.0,0.0
2009-03-27 00:00:00-04:00,2.299999952316284,2.5199999809265137,2.1600000858306885,2.4700000286102295,3685400,0.0,0.0
2009-03-30 00:00:00-04:00,2.1600000858306885,2.190000057220459,1.8799999952316284,1.9299999475479126,4693800,0.0,0.0
2009-03-31 00:00:00-04:00,2.049999952316284,2.140000104904175,2.0,2.109999895095825,3728400,0.0,0.0
2009-04-01 00:00:00-04:00,1.9700000286102295,2.299999952316284,1.899999976158142,2.299999952316284,3752000,0.0,0.0
2009-04-02 00:00:00-04:00,2.4700000286102295,2.990000009536743,2.4700000286102295,2.990000009536743,8053800,0.0,0.0
2009-04-03 00:00:00-04:00,3.0199999809265137,3.930000066757202,3.0,3.7200000286102295,12799600,0.0,0.0
2009-04-06 00:00:00-04:00,3.8499999046325684,3.9000000953674316,3.299999952316284,3.4200000762939453,6225800,0.0,0.0
2009-04-07 00:00:00-04:00,3.1500000953674316,3.299999952316284,2.930000066757202,3.0299999713897705,5061300,0.0,0.0
2009-04-08 00:00:00-04:00,3.1700000762939453,3.2100000381469727,2.859999895095825,3.009999990463257,4241500,0.0,0.0
2009-04-09 00:00:00-04:00,3.2699999809265137,3.5999999046325684,3.1600000858306885,3.5999999046325684,5227900,0.0,0.0
2009-04-13 00:00:00-04:00,3.5399999618530273,4.150000095367432,3.450000047683716,3.9100000858306885,6478900,0.0,0.0
2009-04-14 00:00:00-04:00,3.9100000858306885,4.199999809265137,3.5999999046325684,3.680000066757202,5891100,0.0,0.0
2009-04-15 00:00:00-04:00,3.6600000858306885,3.8399999141693115,3.5999999046325684,3.8399999141693115,4085100,0.0,0.0
2009-04-16 00:00:00-04:00,3.9800000190734863,3.9800000190734863,3.7100000381469727,3.8499999046325684,3660600,0.0,0.0
2009-04-17 00:00:00-04:00,3.880000114440918,3.9000000953674316,3.680000066757202,3.819999933242798,3359800,0.0,0.0
2009-04-20 00:00:00-04:00,3.700000047683716,3.700000047683716,2.9200000762939453,2.940000057220459,5877500,0.0,0.0
2009-04-21 00:00:00-04:00,2.8499999046325684,3.440000057220459,2.75,3.359999895095825,5334200,0.0,0.0
2009-04-22 00:00:00-04:00,3.200000047683716,3.75,3.140000104904175,3.569999933242798,5145900,0.0,0.0
2009-04-23 00:00:00-04:00,3.6500000953674316,3.8399999141693115,3.430000066757202,3.5899999141693115,4433400,0.0,0.0
2009-04-24 00:00:00-04:00,3.6700000762939453,3.9000000953674316,3.619999885559082,3.7899999618530273,3821500,0.0,0.0
2009-04-27 00:00:00-04:00,3.509999990463257,3.7799999713897705,3.5,3.559999942779541,2814400,0.0,0.0
2009-04-28 00:00:00-04:00,3.5,3.6500000953674316,3.299999952316284,3.5199999809265137,2641500,0.0,0.0
2009-04-29 00:00:00-04:00,3.559999942779541,3.809999942779541,3.549999952316284,3.759999990463257,3335700,0.0,0.0
2009-04-30 00:00:00-04:00,3.880000114440918,4.150000095367432,3.859999895095825,4.039999961853027,4611000,0.0,0.0
2009-05-01 00:00:00-04:00,4.039999961853027,5.599999904632568,4.019999980926514,5.289999961853027,10854400,0.0,0.0
2009-05-04 00:00:00-04:00,6.099999904632568,7.079999923706055,6.019999980926514,6.929999828338623,13058800,0.0,0.0
2009-05-05 00:00:00-04:00,7.28000020980835,7.849999904632568,6.769999980926514,7.679999828338623,11001400,0.0,0.0
2009-05-06 00:00:00-04:00,7.989999771118164,8.390000343322754,7.579999923706055,7.929999828338623,10135500,0.0,0.0
2009-05-07 00:00:00-04:00,8.25,8.369999885559082,6.849999904632568,7.019999980926514,7328900,0.0,0.0
2009-05-08 00:00:00-04:00,7.610000133514404,7.679999828338623,7.050000190734863,7.329999923706055,5282600,0.0,0.0
2009-05-11 00:00:00-04:00,6.900000095367432,7.130000114440918,6.599999904632568,7.019999980926514,4274500,0.0,0.0
2009-05-12 00:00:00-04:00,7.25,7.400000095367432,6.099999904632568,6.510000228881836,5461100,0.0,0.0
2009-05-13 00:00:00-04:00,6.25,6.25,5.099999904632568,5.179999828338623,7895500,0.0,0.0
2009-05-14 00:00:00-04:00,5.0,5.880000114440918,4.840000152587891,5.690000057220459,7265800,0.0,0.0
2009-05-15 00:00:00-04:00,5.809999942779541,6.130000114440918,5.320000171661377,5.5,6747800,0.0,0.0
2009-05-18 00:00:00-04:00,5.809999942779541,6.190000057220459,5.699999809265137,6.170000076293945,4118600,0.0,0.0
2009-05-19 00:00:00-04:00,6.179999828338623,6.820000171661377,6.110000133514404,6.5,4423500,0.0,0.0
2009-05-20 00:00:00-04:00,6.849999904632568,7.329999923706055,6.539999961853027,6.599999904632568,6660800,0.0,0.0
2009-05-21 00:00:00-04:00,6.25,6.429999828338623,6.0,6.28000020980835,4240800,0.0,0.0
2009-05-22 00:00:00-04:00,6.420000076293945,6.590000152587891,6.119999885559082,6.139999866485596,2783900,0.0,0.0
2009-05-26 00:00:00-04:00,6.0,6.699999809265137,5.809999942779541,6.539999961853027,4064400,0.0,0.0
2009-05-27 00:00:00-04:00,6.590000152587891,6.800000190734863,6.199999809265137,6.239999771118164,4234000,0.0,0.0
2009-05-28 00:00:00-04:00,6.400000095367432,6.53000020980835,6.059999942779541,6.309999942779541,4166300,0.0,0.0
2009-05-29 00:00:00-04:00,6.5,6.5,5.800000190734863,6.010000228881836,5852700,0.0,0.0
2009-06-01 00:00:00-04:00,6.269999980926514,6.400000095367432,6.099999904632568,6.329999923706055,6097100,0.0,0.0
2009-06-02 00:00:00-04:00,6.269999980926514,6.489999771118164,6.199999809265137,6.420000076293945,3862900,0.0,0.0
2009-06-03 00:00:00-04:00,6.289999961853027,6.329999923706055,5.75,5.869999885559082,4389000,0.0,0.0
2009-06-04 00:00:00-04:00,6.090000152587891,6.25,5.860000133514404,6.179999828338623,3571000,0.0,0.0
2009-06-05 00:00:00-04:00,6.519999980926514,6.639999866485596,6.230000019073486,6.349999904632568,4515500,0.0,0.0
2009-06-08 00:00:00-04:00,6.199999809265137,6.28000020980835,6.0,6.210000038146973,3081200,0.0,0.0
2009-06-09 00:00:00-04:00,6.269999980926514,6.400000095367432,6.090000152587891,6.239999771118164,2991200,0.0,0.0
2009-06-10 00:00:00-04:00,6.570000171661377,7.190000057220459,6.550000190734863,6.96999979019165,11089300,0.0,0.0
2009-06-11 00:00:00-04:00,7.199999809265137,8.050000190734863,7.119999885559082,7.900000095367432,13502900,0.0,0.0
2009-06-12 00:00:00-04:00,7.559999942779541,7.900000095367432,7.349999904632568,7.809999942779541,6751400,0.0,0.0
2009-06-15 00:00:00-04:00,7.349999904632568,7.599999904632568,7.300000190734863,7.449999809265137,5265200,0.0,0.0
2009-06-16 00:00:00-04:00,7.599999904632568,8.100000381469727,6.869999885559082,7.079999923706055,9263600,0.0,0.0
2009-06-17 00:00:00-04:00,7.019999980926514,7.099999904632568,6.210000038146973,6.570000171661377,8171300,0.0,0.0
2009-06-18 00:00:00-04:00,6.800000190734863,6.820000171661377,6.349999904632568,6.480000019073486,4698900,0.0,0.0
2009-06-19 00:00:00-04:00,6.78000020980835,6.789999961853027,6.400000095367432,6.46999979019165,4303200,0.0,0.0
2009-06-22 00:00:00-04:00,6.170000076293945,6.199999809265137,5.449999809265137,5.46999979019165,7632800,0.0,0.0
2009-06-23 00:00:00-04:00,5.539999961853027,5.71999979019165,5.039999961853027,5.449999809265137,7119400,0.0,0.0
2009-06-24 00:00:00-04:00,5.690000057220459,6.300000190734863,5.599999904632568,5.989999771118164,7552500,0.0,0.0
2009-06-25 00:00:00-04:00,5.980000019073486,6.25,5.829999923706055,6.190000057220459,3855600,0.0,0.0
2009-06-26 00:00:00-04:00,6.150000095367432,6.679999828338623,6.110000133514404,6.670000076293945,11108100,0.0,0.0
2009-06-29 00:00:00-04:00,6.639999866485596,6.650000095367432,6.190000057220459,6.269999980926514,4240100,0.0,0.0
2009-06-30 00:00:00-04:00,6.25,6.429999828338623,6.050000190734863,6.25,3320000,0.0,0.0
2009-07-01 00:00:00-04:00,6.309999942779541,6.53000020980835,6.079999923706055,6.090000152587891,3507900,0.0,0.0
2009-07-02 00:00:00-04:00,5.909999847412109,6.090000152587891,5.699999809265137,5.789999961853027,2639600,0.0,0.0
2009-07-06 00:00:00-04:00,5.329999923706055,5.579999923706055,5.130000114440918,5.21999979019165,5566500,0.0,0.0
2009-07-07 00:00:00-04:00,5.21999979019165,5.559999942779541,5.099999904632568,5.340000152587891,6354900,0.0,0.0
2009-07-08 00:00:00-04:00,5.360000133514404,5.510000228881836,4.699999809265137,5.119999885559082,8077300,0.0,0.0
2009-07-09 00:00:00-04:00,5.300000190734863,5.460000038146973,5.179999828338623,5.199999809265137,5847600,0.0,0.0
2009-07-10 00:00:00-04:00,5.050000190734863,5.260000228881836,4.960000038146973,5.230000019073486,3872200,0.0,0.0
2009-07-13 00:00:00-04:00,5.28000020980835,5.449999809265137,4.920000076293945,5.429999828338623,4767200,0.0,0.0
2009-07-14 00:00:00-04:00,5.46999979019165,5.619999885559082,5.320000171661377,5.46999979019165,3308500,0.0,0.0
2009-07-15 00:00:00-04:00,5.699999809265137,6.079999923706055,5.619999885559082,6.019999980926514,4918100,0.0,0.0
2009-07-16 00:00:00-04:00,6.039999961853027,6.579999923706055,5.909999847412109,6.510000228881836,4852200,0.0,0.0
2009-07-17 00:00:00-04:00,6.510000228881836,6.579999923706055,6.059999942779541,6.119999885559082,3821100,0.0,0.0
2009-07-20 00:00:00-04:00,6.329999923706055,6.630000114440918,6.329999923706055,6.53000020980835,3699400,0.0,0.0
2009-07-21 00:00:00-04:00,6.710000038146973,6.71999979019165,6.019999980926514,6.269999980926514,4475800,0.0,0.0
2009-07-22 00:00:00-04:00,6.039999961853027,6.289999961853027,6.039999961853027,6.210000038146973,2485500,0.0,0.0
2009-07-23 00:00:00-04:00,6.25,6.710000038146973,6.25,6.710000038146973,6122500,0.0,0.0
2009-07-24 00:00:00-04:00,6.659999847412109,7.320000171661377,6.550000190734863,7.300000190734863,6929500,0.0,0.0
2009-07-27 00:00:00-04:00,7.389999866485596,7.800000190734863,7.300000190734863,7.78000020980835,7006000,0.0,0.0
2009-07-28 00:00:00-04:00,7.590000152587891,7.78000020980835,7.170000076293945,7.579999923706055,4646000,0.0,0.0
2009-07-29 00:00:00-04:00,7.429999828338623,7.449999809265137,7.119999885559082,7.25,3227900,0.0,0.0
2009-07-30 00:00:00-04:00,7.460000038146973,7.820000171661377,7.460000038146973,7.690000057220459,4176600,0.0,0.0
2009-07-31 00:00:00-04:00,7.690000057220459,8.550000190734863,7.690000057220459,8.380000114440918,8618100,0.0,0.0
2009-08-03 00:00:00-04:00,9.039999961853027,9.949999809265137,8.890000343322754,9.65999984741211,9995900,0.0,0.0
2009-08-04 00:00:00-04:00,9.59000015258789,10.65999984741211,9.300000190734863,10.369999885559082,12295800,0.0,0.0
2009-08-05 00:00:00-04:00,10.460000038146973,10.960000038146973,10.130000114440918,10.819999694824219,8138500,0.0,0.0
2009-08-06 00:00:00-04:00,11.029999732971191,11.300000190734863,10.430000305175781,10.850000381469727,7737200,0.0,0.0
2009-08-07 00:00:00-04:00,11.470000267028809,11.619999885559082,10.59000015258789,10.970000267028809,8131100,0.0,0.0
2009-08-10 00:00:00-04:00,10.859999656677246,10.979999542236328,10.399999618530273,10.550000190734863,5767500,0.0,0.0
2009-08-11 00:00:00-04:00,10.359999656677246,10.359999656677246,9.800000190734863,10.020000457763672,4328200,0.0,0.0
2009-08-12 00:00:00-04:00,9.729999542236328,10.649999618530273,9.6899995803833,10.4399995803833,4417200,0.0,0.0
2009-08-13 00:00:00-04:00,10.890000343322754,11.619999885559082,10.640000343322754,11.579999923706055,7286300,0.0,0.0
2009-08-14 00:00:00-04:00,11.789999961853027,12.100000381469727,11.239999771118164,11.550000190734863,5439300,0.0,0.0
2009-08-17 00:00:00-04:00,10.6899995803833,10.890000343322754,10.140000343322754,10.739999771118164,6553700,0.0,0.0
2009-08-18 00:00:00-04:00,11.0,11.630000114440918,10.979999542236328,11.539999961853027,6820300,0.0,0.0
2009-08-19 00:00:00-04:00,10.859999656677246,11.399999618530273,10.699999809265137,11.109999656677246,5540800,0.0,0.0
2009-08-20 00:00:00-04:00,11.170000076293945,11.720000267028809,11.149999618530273,11.350000381469727,5467500,0.0,0.0
2009-08-21 00:00:00-04:00,11.649999618530273,11.75,11.319999694824219,11.390000343322754,4500600,0.0,0.0
2009-08-24 00:00:00-04:00,11.729999542236328,12.180000305175781,11.3100004196167,11.380000114440918,7048000,0.0,0.0
2009-08-25 00:00:00-04:00,11.649999618530273,11.899999618530273,11.239999771118164,11.289999961853027,4994600,0.0,0.0
2009-08-26 00:00:00-04:00,11.170000076293945,11.239999771118164,10.75,11.0600004196167,3223900,0.0,0.0
2009-08-27 00:00:00-04:00,10.850000381469727,11.319999694824219,10.399999618530273,11.199999809265137,4404700,0.0,0.0
2009-08-28 00:00:00-04:00,11.460000038146973,11.539999961853027,10.899999618530273,11.09000015258789,3385100,0.0,0.0
2009-08-31 00:00:00-04:00,10.770000457763672,10.770000457763672,10.130000114440918,10.229999542236328,5520300,0.0,0.0
2009-09-01 00:00:00-04:00,10.039999961853027,10.329999923706055,9.329999923706055,9.329999923706055,7912300,0.0,0.0
2009-09-02 00:00:00-04:00,9.1899995803833,9.329999923706055,8.869999885559082,9.050000190734863,7150200,0.0,0.0
2009-09-03 00:00:00-04:00,9.40999984741211,9.710000038146973,9.34000015258789,9.680000305175781,4866700,0.0,0.0
2009-09-04 00:00:00-04:00,9.710000038146973,9.800000190734863,9.260000228881836,9.600000381469727,3749300,0.0,0.0
2009-09-08 00:00:00-04:00,9.9399995803833,10.119999885559082,9.819999694824219,10.029999732971191,4017200,0.0,0.0
2009-09-09 00:00:00-04:00,10.069999694824219,10.550000190734863,9.960000038146973,10.270000457763672,4736000,0.0,0.0
2009-09-10 00:00:00-04:00,10.300000190734863,10.800000190734863,10.039999961853027,10.600000381469727,4506100,0.0,0.0
2009-09-11 00:00:00-04:00,10.819999694824219,11.0,10.5600004196167,10.739999771118164,4266700,0.0,0.0
2009-09-14 00:00:00-04:00,10.229999542236328,10.640000343322754,10.149999618530273,10.579999923706055,3742300,0.0,0.0
2009-09-15 00:00:00-04:00,10.649999618530273,11.350000381469727,10.619999885559082,11.180000305175781,7539400,0.0,0.0
2009-09-16 00:00:00-04:00,11.5,11.979999542236328,11.420000076293945,11.699999809265137,5780700,0.0,0.0
2009-09-17 00:00:00-04:00,11.680000305175781,12.109999656677246,10.800000190734863,11.0600004196167,7138100,0.0,0.0
2009-09-18 00:00:00-04:00,11.369999885559082,11.449999809265137,10.84000015258789,11.289999961853027,4737700,0.0,0.0
2009-09-21 00:00:00-04:00,10.869999885559082,10.869999885559082,10.550000190734863,10.6899995803833,4157500,0.0,0.0
2009-09-22 00:00:00-04:00,11.0,11.109999656677246,10.800000190734863,10.850000381469727,3860900,0.0,0.0
2009-09-23 00:00:00-04:00,10.989999771118164,11.039999961853027,10.300000190734863,10.329999923706055,4553700,0.0,0.0
2009-09-24 00:00:00-04:00,10.510000228881836,10.579999923706055,9.640000343322754,9.760000228881836,5281300,0.0,0.0
2009-09-25 00:00:00-04:00,9.520000457763672,9.829999923706055,9.380000114440918,9.460000038146973,3632500,0.0,0.0
2009-09-28 00:00:00-04:00,9.510000228881836,9.850000381469727,9.229999542236328,9.779999732971191,4878200,0.0,0.0
2009-09-29 00:00:00-04:00,9.9399995803833,10.0,9.479999542236328,9.569999694824219,3678400,0.0,0.0
2009-09-30 00:00:00-04:00,9.75,9.800000190734863,9.270000457763672,9.350000381469727,3797800,0.0,0.0
2009-10-01 00:00:00-04:00,9.3100004196167,9.350000381469727,8.569999694824219,8.579999923706055,8002200,0.0,0.0
2009-10-02 00:00:00-04:00,8.050000190734863,8.720000267028809,8.0,8.279999732971191,7906400,0.0,0.0
2009-10-05 00:00:00-04:00,8.399999618530273,8.979999542236328,8.329999923706055,8.9399995803833,5448000,0.0,0.0
2009-10-06 00:00:00-04:00,9.319999694824219,9.600000381469727,8.979999542236328,9.279999732971191,6234700,0.0,0.0
2009-10-07 00:00:00-04:00,9.289999961853027,9.649999618530273,9.220000267028809,9.649999618530273,5045800,0.0,0.0
2009-10-08 00:00:00-04:00,10.630000114440918,11.039999961853027,10.5,10.760000228881836,15067800,0.0,0.0
2009-10-09 00:00:00-04:00,10.569999694824219,10.850000381469727,10.40999984741211,10.6899995803833,5816100,0.0,0.0
2009-10-12 00:00:00-04:00,10.8100004196167,11.020000457763672,10.5,10.520000457763672,3258200,0.0,0.0
2009-10-13 00:00:00-04:00,10.5,10.789999961853027,10.210000038146973,10.649999618530273,3735500,0.0,0.0
2009-10-14 00:00:00-04:00,10.890000343322754,10.979999542236328,10.710000038146973,10.920000076293945,4248200,0.0,0.0
2009-10-15 00:00:00-04:00,10.739999771118164,11.050000190734863,10.600000381469727,10.930000305175781,3350200,0.0,0.0
2009-10-16 00:00:00-04:00,10.6899995803833,10.770000457763672,10.510000228881836,10.649999618530273,4150800,0.0,0.0
2009-10-19 00:00:00-04:00,10.739999771118164,10.960000038146973,10.449999809265137,10.899999618530273,3445000,0.0,0.0
2009-10-20 00:00:00-04:00,11.0,11.300000190734863,10.600000381469727,10.720000267028809,6041500,0.0,0.0
2009-10-21 00:00:00-04:00,10.5600004196167,11.34000015258789,10.5,10.8100004196167,7197000,0.0,0.0
2009-10-22 00:00:00-04:00,10.880000114440918,10.930000305175781,10.449999809265137,10.770000457763672,5057300,0.0,0.0
2009-10-23 00:00:00-04:00,10.920000076293945,10.989999771118164,10.279999732971191,10.319999694824219,5085000,0.0,0.0
2009-10-26 00:00:00-04:00,10.350000381469727,10.739999771118164,9.670000076293945,9.729999542236328,7114600,0.0,0.0
2009-10-27 00:00:00-04:00,9.779999732971191,9.859999656677246,9.020000457763672,9.050000190734863,5812400,0.0,0.0
2009-10-28 00:00:00-04:00,9.0600004196167,9.100000381469727,8.260000228881836,8.289999961853027,10265600,0.0,0.0
2009-10-29 00:00:00-04:00,8.670000076293945,9.369999885559082,8.630000114440918,9.279999732971191,6503100,0.0,0.0
2009-10-30 00:00:00-04:00,9.289999961853027,9.329999923706055,8.319999694824219,8.670000076293945,9627500,0.0,0.0
2009-11-02 00:00:00-05:00,8.8100004196167,9.100000381469727,8.149999618530273,8.449999809265137,6194500,0.0,0.0
2009-11-03 00:00:00-05:00,8.34000015258789,8.760000228881836,8.15999984741211,8.699999809265137,6100000,0.0,0.0
2009-11-04 00:00:00-05:00,8.989999771118164,9.0600004196167,8.460000038146973,8.520000457763672,4923600,0.0,0.0
2009-11-05 00:00:00-05:00,8.6899995803833,8.9399995803833,8.59000015258789,8.9399995803833,4254000,0.0,0.0
2009-11-06 00:00:00-05:00,8.649999618530273,9.1899995803833,8.619999885559082,8.989999771118164,3530500,0.0,0.0
2009-11-09 00:00:00-05:00,9.229999542236328,9.479999542236328,9.199999809265137,9.479999542236328,3995800,0.0,0.0
2009-11-10 00:00:00-05:00,9.40999984741211,9.539999961853027,9.069999694824219,9.3100004196167,3797900,0.0,0.0
2009-11-11 00:00:00-05:00,9.4399995803833,9.65999984741211,9.300000190734863,9.390000343322754,3163300,0.0,0.0
2009-11-12 00:00:00-05:00,9.239999771118164,9.479999542236328,8.989999771118164,9.020000457763672,3305700,0.0,0.0
2009-11-13 00:00:00-05:00,9.029999732971191,9.1899995803833,8.859999656677246,9.09000015258789,3091000,0.0,0.0
2009-11-16 00:00:00-05:00,9.260000228881836,9.619999885559082,9.260000228881836,9.489999771118164,3952000,0.0,0.0
2009-11-17 00:00:00-05:00,9.399999618530273,9.960000038146973,9.25,9.899999618530273,4155800,0.0,0.0
2009-11-18 00:00:00-05:00,10.079999923706055,10.350000381469727,9.920000076293945,10.260000228881836,4930000,0.0,0.0
2009-11-19 00:00:00-05:00,9.989999771118164,10.029999732971191,9.5,9.75,5513500,0.0,0.0
2009-11-20 00:00:00-05:00,9.579999923706055,9.890000343322754,9.5600004196167,9.890000343322754,3996100,0.0,0.0
2009-11-23 00:00:00-05:00,10.15999984741211,10.239999771118164,9.65999984741211,9.779999732971191,3736400,0.0,0.0
2009-11-24 00:00:00-05:00,9.699999809265137,9.859999656677246,9.460000038146973,9.770000457763672,2463800,0.0,0.0
2009-11-25 00:00:00-05:00,9.859999656677246,10.149999618530273,9.819999694824219,10.100000381469727,3652200,0.0,0.0
2009-11-27 00:00:00-05:00,9.300000190734863,9.920000076293945,9.279999732971191,9.739999771118164,2984300,0.0,0.0
2009-11-30 00:00:00-05:00,9.760000228881836,9.920000076293945,9.550000190734863,9.75,3220300,0.0,0.0
2009-12-01 00:00:00-05:00,9.960000038146973,10.319999694824219,9.84000015258789,10.170000076293945,4388500,0.0,0.0
2009-12-02 00:00:00-05:00,10.210000038146973,10.859999656677246,10.149999618530273,10.859999656677246,5256600,0.0,0.0
2009-12-03 00:00:00-05:00,10.899999618530273,10.899999618530273,10.359999656677246,10.399999618530273,4079900,0.0,0.0
2009-12-04 00:00:00-05:00,10.8100004196167,10.880000114440918,9.970000267028809,10.319999694824219,5571400,0.0,0.0
2009-12-07 00:00:00-05:00,10.199999809265137,10.859999656677246,10.1899995803833,10.65999984741211,4232000,0.0,0.0
2009-12-08 00:00:00-05:00,10.430000305175781,10.699999809265137,10.199999809265137,10.4399995803833,3157000,0.0,0.0
2009-12-09 00:00:00-05:00,10.510000228881836,10.960000038146973,10.369999885559082,10.949999809265137,3913900,0.0,0.0
2009-12-10 00:00:00-05:00,11.069999694824219,11.710000038146973,11.050000190734863,11.479999542236328,7934400,0.0,0.0
2009-12-11 00:00:00-05:00,11.75,12.739999771118164,11.699999809265137,12.609999656677246,10341900,0.0,0.0
2009-12-14 00:00:00-05:00,12.800000190734863,13.550000190734863,12.800000190734863,13.430000305175781,8768500,0.0,0.0
2009-12-15 00:00:00-05:00,12.829999923706055,13.430000305175781,12.710000038146973,13.09000015258789,5286000,0.0,0.0
2009-12-16 00:00:00-05:00,13.329999923706055,14.449999809265137,13.329999923706055,14.40999984741211,11015000,0.0,0.0
2009-12-17 00:00:00-05:00,14.100000381469727,14.609999656677246,14.010000228881836,14.390000343322754,5492600,0.0,0.0
2009-12-18 00:00:00-05:00,14.699999809265137,15.4399995803833,14.449999809265137,15.420000076293945,9313300,0.0,0.0
2009-12-21 00:00:00-05:00,15.729999542236328,16.100000381469727,15.520000457763672,15.539999961853027,6478900,0.0,0.0
2009-12-22 00:00:00-05:00,15.4399995803833,15.800000190734863,14.670000076293945,15.739999771118164,7147900,0.0,0.0
2009-12-23 00:00:00-05:00,15.869999885559082,16.399999618530273,15.649999618530273,16.329999923706055,4070300,0.0,0.0
2009-12-24 00:00:00-05:00,16.479999542236328,16.670000076293945,16.360000610351562,16.469999313354492,2081900,0.0,0.0
2009-12-28 00:00:00-05:00,16.65999984741211,16.899999618530273,16.170000076293945,16.34000015258789,3457200,0.0,0.0
2009-12-29 00:00:00-05:00,16.530000686645508,16.75,16.100000381469727,16.420000076293945,3484100,0.0,0.0
2009-12-30 00:00:00-05:00,16.290000915527344,16.389999389648438,15.800000190734863,16.3799991607666,5419600,0.0,0.0
2009-12-31 00:00:00-05:00,16.329999923706055,16.5,16.170000076293945,16.190000534057617,2075700,0.0,0.0
2010-01-04 00:00:00-05:00,16.709999084472656,17.299999237060547,16.549999237060547,17.219999313354492,4422600,0.0,0.0
2010-01-05 00:00:00-05:00,17.299999237060547,17.479999542236328,16.610000610351562,16.90999984741211,6488500,0.0,0.0
2010-01-06 00:00:00-05:00,16.959999084472656,17.479999542236328,16.959999084472656,17.3799991607666,4917100,0.0,0.0
2010-01-07 00:00:00-05:00,17.09000015258789,17.229999542236328,16.700000762939453,17.010000228881836,3924400,0.0,0.0
2010-01-08 00:00:00-05:00,16.809999465942383,17.920000076293945,16.799999237060547,17.829999923706055,4534300,0.0,0.0
2010-01-11 00:00:00-05:00,18.389999389648438,18.770000457763672,17.600000381469727,18.049999237060547,5268000,0.0,0.0
2010-01-12 00:00:00-05:00,16.8799991607666,17.09000015258789,16.1200008392334,16.3799991607666,6728600,0.0,0.0
2010-01-13 00:00:00-05:00,16.700000762939453,16.809999465942383,15.920000076293945,16.6299991607666,3777000,0.0,0.0
2010-01-14 00:00:00-05:00,16.639999389648438,16.899999618530273,16.450000762939453,16.530000686645508,2131100,0.0,0.0
2010-01-15 00:00:00-05:00,16.530000686645508,16.559999465942383,15.510000228881836,15.609999656677246,4015300,0.0,0.0
2010-01-19 00:00:00-05:00,15.4399995803833,16.190000534057617,15.109999656677246,16.170000076293945,3749800,0.0,0.0
2010-01-20 00:00:00-05:00,15.90999984741211,15.970000267028809,15.239999771118164,15.619999885559082,4295700,0.0,0.0
2010-01-21 00:00:00-05:00,15.479999542236328,15.5,13.960000038146973,13.989999771118164,6210400,0.0,0.0
2010-01-22 00:00:00-05:00,13.670000076293945,14.319999694824219,12.970000267028809,13.119999885559082,6542900,0.0,0.0
2010-01-25 00:00:00-05:00,13.420000076293945,13.84000015258789,12.850000381469727,13.140000343322754,4900600,0.0,0.0
2010-01-26 00:00:00-05:00,13.020000457763672,13.489999771118164,12.510000228881836,13.15999984741211,5048000,0.0,0.0
2010-01-27 00:00:00-05:00,13.029999732971191,13.460000038146973,12.25,12.75,5415000,0.0,0.0
2010-01-28 00:00:00-05:00,12.90999984741211,12.989999771118164,11.5600004196167,11.779999732971191,7062300,0.0,0.0
2010-01-29 00:00:00-05:00,12.100000381469727,12.359999656677246,11.1899995803833,11.319999694824219,6369900,0.0,0.0
2010-02-01 00:00:00-05:00,11.569999694824219,12.300000190734863,11.460000038146973,12.270000457763672,5417300,0.0,0.0
2010-02-02 00:00:00-05:00,12.449999809265137,12.859999656677246,12.199999809265137,12.649999618530273,5340100,0.0,0.0
2010-02-03 00:00:00-05:00,12.550000190734863,12.640000343322754,12.050000190734863,12.1899995803833,4933700,0.0,0.0
2010-02-04 00:00:00-05:00,11.899999618530273,11.899999618530273,11.0,11.0,7864800,0.0,0.0
2010-02-05 00:00:00-05:00,10.970000267028809,11.15999984741211,10.130000114440918,11.119999885559082,10158800,0.0,0.0
2010-02-08 00:00:00-05:00,11.25,11.5,10.619999885559082,10.829999923706055,4854200,0.0,0.0
2010-02-09 00:00:00-05:00,11.109999656677246,11.880000114440918,11.100000381469727,11.65999984741211,6565400,0.0,0.0
2010-02-10 00:00:00-05:00,11.779999732971191,11.890000343322754,11.300000190734863,11.619999885559082,5225700,0.0,0.0
2010-02-11 00:00:00-05:00,11.760000228881836,12.619999885559082,11.5,12.539999961853027,5293500,0.0,0.0
2010-02-12 00:00:00-05:00,12.25,12.850000381469727,11.850000381469727,12.630000114440918,5767100,0.0,0.0
2010-02-16 00:00:00-05:00,13.149999618530273,13.520000457763672,13.079999923706055,13.359999656677246,4365800,0.0,0.0
2010-02-17 00:00:00-05:00,13.649999618530273,13.699999809265137,12.84000015258789,13.300000190734863,4861200,0.0,0.0
2010-02-18 00:00:00-05:00,13.100000381469727,13.5,12.979999542236328,13.40999984741211,3716100,0.0,0.0
2010-02-19 00:00:00-05:00,13.300000190734863,13.649999618530273,13.149999618530273,13.529999732971191,3826700,0.0,0.0
2010-02-22 00:00:00-05:00,13.710000038146973,13.920000076293945,13.470000267028809,13.510000228881836,3629500,0.0,0.0
2010-02-23 00:00:00-05:00,13.449999809265137,13.460000038146973,12.5600004196167,12.739999771118164,6189700,0.0,0.0
2010-02-24 00:00:00-05:00,12.069999694824219,12.119999885559082,11.130000114440918,11.420000076293945,12736800,0.0,0.0
2010-02-25 00:00:00-05:00,11.100000381469727,11.890000343322754,11.0,11.8100004196167,7142800,0.0,0.0
2010-02-26 00:00:00-05:00,11.90999984741211,12.220000267028809,11.640000343322754,12.180000305175781,5733700,0.0,0.0
2010-03-01 00:00:00-05:00,12.319999694824219,13.270000457763672,12.25,13.180000305175781,5688000,0.0,0.0
2010-03-02 00:00:00-05:00,13.420000076293945,13.84000015258789,13.34000015258789,13.4399995803833,8500800,0.0,0.0
2010-03-03 00:00:00-05:00,13.489999771118164,14.220000267028809,13.430000305175781,13.859999656677246,5476900,0.0,0.0
2010-03-04 00:00:00-05:00,14.140000343322754,14.430000305175781,13.829999923706055,14.09000015258789,5250300,0.0,0.0
2010-03-05 00:00:00-05:00,14.430000305175781,14.899999618530273,14.319999694824219,14.829999923706055,6010400,0.0,0.0
2010-03-08 00:00:00-05:00,15.09000015258789,15.350000381469727,14.770000457763672,15.029999732971191,6053900,0.0,0.0
2010-03-09 00:00:00-05:00,14.609999656677246,15.050000190734863,14.359999656677246,14.75,3893200,0.0,0.0
2010-03-10 00:00:00-05:00,14.84000015258789,15.399999618530273,14.75,14.989999771118164,4501800,0.0,0.0
2010-03-11 00:00:00-05:00,14.850000381469727,14.850000381469727,14.34000015258789,14.720000267028809,4849500,0.0,0.0
2010-03-12 00:00:00-05:00,14.90999984741211,15.149999618530273,14.670000076293945,14.770000457763672,3204700,0.0,0.0
2010-03-15 00:00:00-04:00,14.619999885559082,14.739999771118164,14.0600004196167,14.489999771118164,3514500,0.0,0.0
2010-03-16 00:00:00-04:00,14.699999809265137,14.899999618530273,14.529999732971191,14.84000015258789,3329400,0.0,0.0
2010-03-17 00:00:00-04:00,15.020000457763672,15.5600004196167,15.020000457763672,15.390000343322754,4361100,0.0,0.0
2010-03-18 00:00:00-04:00,15.4399995803833,15.539999961853027,14.880000114440918,15.010000228881836,3704100,0.0,0.0
2010-03-19 00:00:00-04:00,15.029999732971191,15.09000015258789,14.199999809265137,14.319999694824219,5876200,0.0,0.0
2010-03-22 00:00:00-04:00,13.850000381469727,14.720000267028809,13.510000228881836,14.680000305175781,3843500,0.0,0.0
2010-03-23 00:00:00-04:00,14.739999771118164,15.399999618530273,14.600000381469727,15.369999885559082,4158300,0.0,0.0
2010-03-24 00:00:00-04:00,15.1899995803833,15.600000381469727,15.0,15.270000457763672,3827600,0.0,0.0
2010-03-25 00:00:00-04:00,15.5,15.699999809265137,14.609999656677246,14.619999885559082,4013300,0.0,0.0
2010-03-26 00:00:00-04:00,14.8100004196167,15.130000114440918,14.319999694824219,14.399999618530273,5023700,0.0,0.0
2010-03-29 00:00:00-04:00,14.739999771118164,15.0600004196167,14.510000228881836,14.59000015258789,5612300,0.0,0.0
2010-03-30 00:00:00-04:00,14.770000457763672,14.779999732971191,14.220000267028809,14.260000228881836,8939800,0.0,0.0
2010-03-31 00:00:00-04:00,14.119999885559082,14.34000015258789,13.729999542236328,13.760000228881836,11769900,0.0,0.0
2010-04-01 00:00:00-04:00,14.1899995803833,15.3100004196167,14.15999984741211,15.300000190734863,8374300,0.0,0.0
2010-04-05 00:00:00-04:00,15.5,15.550000190734863,15.15999984741211,15.529999732971191,5987900,0.0,0.0
2010-04-06 00:00:00-04:00,15.380000114440918,16.440000534057617,15.25,16.350000381469727,6414700,0.0,0.0
2010-04-07 00:00:00-04:00,16.3700008392334,16.75,15.779999732971191,16.030000686645508,6104500,0.0,0.0
2010-04-08 00:00:00-04:00,15.869999885559082,16.100000381469727,15.600000381469727,16.0,4023100,0.0,0.0
2010-04-09 00:00:00-04:00,16.190000534057617,16.309999465942383,15.739999771118164,15.829999923706055,3490700,0.0,0.0
2010-04-12 00:00:00-04:00,15.869999885559082,16.239999771118164,15.869999885559082,15.979999542236328,2611100,0.0,0.0
2010-04-13 00:00:00-04:00,15.710000038146973,16.350000381469727,15.649999618530273,16.239999771118164,4077200,0.0,0.0
2010-04-14 00:00:00-04:00,16.56999969482422,16.670000076293945,16.139999389648438,16.450000762939453,3231800,0.0,0.0
2010-04-15 00:00:00-04:00,16.280000686645508,16.639999389648438,16.110000610351562,16.15999984741211,2224600,0.0,0.0
2010-04-16 00:00:00-04:00,16.0,16.229999542236328,15.130000114440918,15.140000343322754,5911300,0.0,0.0
2010-04-19 00:00:00-04:00,14.850000381469727,15.260000228881836,14.199999809265137,14.8100004196167,4521900,0.0,0.0
2010-04-20 00:00:00-04:00,15.069999694824219,15.319999694824219,14.850000381469727,14.880000114440918,2277200,0.0,0.0
2010-04-21 00:00:00-04:00,15.100000381469727,15.100000381469727,14.3100004196167,14.489999771118164,4014700,0.0,0.0
2010-04-22 00:00:00-04:00,14.199999809265137,14.699999809265137,13.90999984741211,14.670000076293945,3484100,0.0,0.0
2010-04-23 00:00:00-04:00,14.8100004196167,15.210000038146973,14.600000381469727,15.109999656677246,2927800,0.0,0.0
2010-04-26 00:00:00-04:00,15.109999656677246,15.579999923706055,15.079999923706055,15.229999542236328,3741300,0.0,0.0
2010-04-27 00:00:00-04:00,15.0600004196167,15.130000114440918,13.529999732971191,13.789999961853027,6297600,0.0,0.0
2010-04-28 00:00:00-04:00,14.350000381469727,14.739999771118164,13.880000114440918,14.149999618530273,6228300,0.0,0.0
2010-04-29 00:00:00-04:00,14.350000381469727,14.579999923706055,14.010000228881836,14.319999694824219,3269600,0.0,0.0
2010-04-30 00:00:00-04:00,14.319999694824219,14.359999656677246,13.449999809265137,13.479999542236328,3886500,0.0,0.0
2010-05-03 00:00:00-04:00,13.670000076293945,13.800000190734863,12.930000305175781,13.130000114440918,3599200,0.0,0.0
2010-05-04 00:00:00-04:00,12.619999885559082,12.770000457763672,12.199999809265137,12.279999732971191,4904200,0.0,0.0
2010-05-05 00:00:00-04:00,11.75,13.0,11.550000190734863,12.420000076293945,6154700,0.0,0.0
2010-05-06 00:00:00-04:00,12.1899995803833,12.819999694824219,10.300000190734863,11.84000015258789,8069000,0.0,0.0
2010-05-07 00:00:00-04:00,12.130000114440918,12.350000381469727,11.029999732971191,11.329999923706055,6454400,0.0,0.0
2010-05-10 00:00:00-04:00,12.270000457763672,12.529999732971191,12.079999923706055,12.529999732971191,3760600,0.0,0.0
2010-05-11 00:00:00-04:00,12.010000228881836,12.5,11.9399995803833,12.09000015258789,2966400,0.0,0.0
2010-05-12 00:00:00-04:00,12.3100004196167,12.40999984741211,12.050000190734863,12.069999694824219,3444400,0.0,0.0
2010-05-13 00:00:00-04:00,12.25,13.15999984741211,12.239999771118164,12.6899995803833,6321700,0.0,0.0
2010-05-14 00:00:00-04:00,12.460000038146973,12.460000038146973,11.65999984741211,11.930000305175781,5094900,0.0,0.0
2010-05-17 00:00:00-04:00,12.020000457763672,12.020000457763672,10.949999809265137,11.550000190734863,4125000,0.0,0.0
2010-05-18 00:00:00-04:00,11.880000114440918,12.100000381469727,10.970000267028809,11.0600004196167,4434300,0.0,0.0
2010-05-19 00:00:00-04:00,10.880000114440918,11.300000190734863,10.25,10.8100004196167,4297600,0.0,0.0
2010-05-20 00:00:00-04:00,10.270000457763672,10.279999732971191,9.579999923706055,9.600000381469727,8026500,0.0,0.0
2010-05-21 00:00:00-04:00,9.180000305175781,10.399999618530273,9.050000190734863,10.09000015258789,6229100,0.0,0.0
2010-05-24 00:00:00-04:00,10.119999885559082,10.399999618530273,9.770000457763672,9.800000190734863,3589300,0.0,0.0
2010-05-25 00:00:00-04:00,9.170000076293945,10.0600004196167,8.970000267028809,10.0600004196167,5793800,0.0,0.0
2010-05-26 00:00:00-04:00,10.430000305175781,10.859999656677246,9.760000228881836,9.819999694824219,4817300,0.0,0.0
2010-05-27 00:00:00-04:00,10.479999542236328,10.75,10.15999984741211,10.739999771118164,4515100,0.0,0.0
2010-05-28 00:00:00-04:00,10.739999771118164,10.970000267028809,10.329999923706055,10.510000228881836,3776700,0.0,0.0
2010-06-01 00:00:00-04:00,10.170000076293945,10.579999923706055,9.710000038146973,9.710000038146973,4310900,0.0,0.0
2010-06-02 00:00:00-04:00,9.8100004196167,10.3100004196167,9.649999618530273,10.3100004196167,3252100,0.0,0.0
2010-06-03 00:00:00-04:00,10.420000076293945,10.5,9.850000381469727,10.09000015258789,3548500,0.0,0.0
2010-06-04 00:00:00-04:00,9.6899995803833,10.0,9.260000228881836,9.350000381469727,3980700,0.0,0.0
2010-06-07 00:00:00-04:00,9.40999984741211,9.529999732971191,8.649999618530273,8.699999809265137,4481600,0.0,0.0
2010-06-08 00:00:00-04:00,9.079999923706055,9.079999923706055,8.569999694824219,8.920000076293945,4157700,0.0,0.0
2010-06-09 00:00:00-04:00,9.119999885559082,9.470000267028809,8.789999961853027,8.859999656677246,4382700,0.0,0.0
2010-06-10 00:00:00-04:00,9.130000114440918,9.529999732971191,9.119999885559082,9.520000457763672,3572000,0.0,0.0
2010-06-11 00:00:00-04:00,9.350000381469727,9.729999542236328,9.180000305175781,9.729999542236328,2367300,0.0,0.0
2010-06-14 00:00:00-04:00,9.989999771118164,10.40999984741211,9.8100004196167,9.850000381469727,3312600,0.0,0.0
2010-06-15 00:00:00-04:00,10.130000114440918,10.430000305175781,10.0,10.399999618530273,2868500,0.0,0.0
2010-06-16 00:00:00-04:00,10.239999771118164,10.390000343322754,10.079999923706055,10.220000267028809,2622700,0.0,0.0
2010-06-17 00:00:00-04:00,10.279999732971191,10.319999694824219,9.899999618530273,10.069999694824219,1868000,0.0,0.0
2010-06-18 00:00:00-04:00,10.069999694824219,10.170000076293945,9.90999984741211,10.039999961853027,1677500,0.0,0.0
2010-06-21 00:00:00-04:00,10.550000190734863,11.210000038146973,10.460000038146973,10.84000015258789,5736800,0.0,0.0
2010-06-22 00:00:00-04:00,10.920000076293945,11.069999694824219,10.380000114440918,10.430000305175781,3324300,0.0,0.0
2010-06-23 00:00:00-04:00,10.479999542236328,10.520000457763672,10.050000190734863,10.399999618530273,2925000,0.0,0.0
2010-06-24 00:00:00-04:00,10.1899995803833,10.289999961853027,9.960000038146973,9.989999771118164,2914800,0.0,0.0
2010-06-25 00:00:00-04:00,10.029999732971191,10.520000457763672,9.710000038146973,10.5,4351000,0.0,0.0
2010-06-28 00:00:00-04:00,10.4399995803833,10.470000267028809,10.010000228881836,10.029999732971191,2352800,0.0,0.0
2010-06-29 00:00:00-04:00,9.640000343322754,9.640000343322754,9.0,9.069999694824219,4079400,0.0,0.0
2010-06-30 00:00:00-04:00,9.15999984741211,9.4399995803833,8.770000457763672,8.829999923706055,3519600,0.0,0.0
2010-07-01 00:00:00-04:00,8.789999961853027,9.0600004196167,8.25,8.680000305175781,3968000,0.0,0.0
2010-07-02 00:00:00-04:00,8.899999618530273,8.90999984741211,8.390000343322754,8.600000381469727,2444000,0.0,0.0
2010-07-06 00:00:00-04:00,9.020000457763672,9.199999809265137,8.5,8.609999656677246,3302200,0.0,0.0
2010-07-07 00:00:00-04:00,8.59000015258789,9.199999809265137,8.569999694824219,9.1899995803833,4492200,0.0,0.0
2010-07-08 00:00:00-04:00,9.390000343322754,9.550000190734863,9.140000343322754,9.470000267028809,3265400,0.0,0.0
2010-07-09 00:00:00-04:00,9.479999542236328,9.930000305175781,9.399999618530273,9.770000457763672,3431300,0.0,0.0
2010-07-12 00:00:00-04:00,9.75,9.930000305175781,9.319999694824219,9.59000015258789,2408700,0.0,0.0
2010-07-13 00:00:00-04:00,10.149999618530273,10.199999809265137,9.729999542236328,9.930000305175781,3145100,0.0,0.0
2010-07-14 00:00:00-04:00,9.859999656677246,10.149999618530273,9.619999885559082,9.710000038146973,3399400,0.0,0.0
2010-07-15 00:00:00-04:00,9.779999732971191,9.779999732971191,9.329999923706055,9.520000457763672,1979400,0.0,0.0
2010-07-16 00:00:00-04:00,9.34000015258789,9.4399995803833,9.0,9.029999732971191,2805000,0.0,0.0
2010-07-19 00:00:00-04:00,9.050000190734863,9.1899995803833,8.819999694824219,9.09000015258789,2139000,0.0,0.0
2010-07-20 00:00:00-04:00,8.800000190734863,9.529999732971191,8.699999809265137,9.520000457763672,2553200,0.0,0.0
2010-07-21 00:00:00-04:00,9.720000267028809,9.899999618530273,9.449999809265137,9.569999694824219,2694300,0.0,0.0
2010-07-22 00:00:00-04:00,9.8100004196167,10.300000190734863,9.75,10.180000305175781,4272500,0.0,0.0
2010-07-23 00:00:00-04:00,10.100000381469727,10.770000457763672,10.0,10.75,3893900,0.0,0.0
2010-07-26 00:00:00-04:00,10.569999694824219,11.130000114440918,10.5600004196167,10.779999732971191,3776800,0.0,0.0
2010-07-27 00:00:00-04:00,10.949999809265137,11.039999961853027,10.420000076293945,10.550000190734863,3273700,0.0,0.0
2010-07-28 00:00:00-04:00,9.890000343322754,10.0600004196167,9.329999923706055,9.569999694824219,6837000,0.0,0.0
2010-07-29 00:00:00-04:00,9.699999809265137,9.899999618530273,9.479999542236328,9.8100004196167,3839400,0.0,0.0
2010-07-30 00:00:00-04:00,9.59000015258789,10.5,9.550000190734863,10.430000305175781,4236600,0.0,0.0
2010-08-02 00:00:00-04:00,10.829999923706055,10.989999771118164,10.710000038146973,10.90999984741211,3085300,0.0,0.0
2010-08-03 00:00:00-04:00,10.890000343322754,10.949999809265137,10.579999923706055,10.800000190734863,2564900,0.0,0.0
2010-08-04 00:00:00-04:00,10.960000038146973,11.300000190734863,10.960000038146973,11.260000228881836,3080400,0.0,0.0
2010-08-05 00:00:00-04:00,11.119999885559082,11.289999961853027,10.930000305175781,11.100000381469727,2134300,0.0,0.0
2010-08-06 00:00:00-04:00,10.819999694824219,11.229999542236328,10.789999961853027,11.210000038146973,2924100,0.0,0.0
2010-08-09 00:00:00-04:00,11.460000038146973,11.5,11.239999771118164,11.270000457763672,1865000,0.0,0.0
2010-08-10 00:00:00-04:00,10.90999984741211,11.029999732971191,10.59000015258789,10.890000343322754,3036300,0.0,0.0
2010-08-11 00:00:00-04:00,10.470000267028809,10.470000267028809,9.979999542236328,10.010000228881836,3720200,0.0,0.0
2010-08-12 00:00:00-04:00,9.75,10.34000015258789,9.65999984741211,10.149999618530273,2588900,0.0,0.0
2010-08-13 00:00:00-04:00,10.119999885559082,10.479999542236328,10.079999923706055,10.239999771118164,2309800,0.0,0.0
2010-08-16 00:00:00-04:00,9.970000267028809,10.369999885559082,9.970000267028809,10.09000015258789,1905600,0.0,0.0
2010-08-17 00:00:00-04:00,10.350000381469727,10.819999694824219,10.350000381469727,10.699999809265137,3370200,0.0,0.0
2010-08-18 00:00:00-04:00,10.75,10.850000381469727,10.520000457763672,10.699999809265137,1650800,0.0,0.0
2010-08-19 00:00:00-04:00,10.59000015258789,10.710000038146973,10.0600004196167,10.119999885559082,2841800,0.0,0.0
2010-08-20 00:00:00-04:00,9.979999542236328,10.130000114440918,9.850000381469727,10.130000114440918,2182400,0.0,0.0
2010-08-23 00:00:00-04:00,10.180000305175781,10.279999732971191,9.8100004196167,9.880000114440918,2343100,0.0,0.0
2010-08-24 00:00:00-04:00,9.789999961853027,10.050000190734863,9.399999618530273,9.720000267028809,4362700,0.0,0.0
2010-08-25 00:00:00-04:00,9.609999656677246,9.699999809265137,9.380000114440918,9.5600004196167,4158100,0.0,0.0
2010-08-26 00:00:00-04:00,9.75,9.850000381469727,9.380000114440918,9.4399995803833,3500700,0.0,0.0
2010-08-27 00:00:00-04:00,9.6899995803833,9.800000190734863,9.279999732971191,9.760000228881836,3362700,0.0,0.0
2010-08-30 00:00:00-04:00,9.680000305175781,9.960000038146973,9.680000305175781,9.8100004196167,1944900,0.0,0.0
2010-08-31 00:00:00-04:00,9.75,10.0600004196167,9.649999618530273,10.0,2579600,0.0,0.0
2010-09-01 00:00:00-04:00,10.270000457763672,10.5600004196167,10.180000305175781,10.539999961853027,2416700,0.0,0.0
2010-09-02 00:00:00-04:00,10.600000381469727,10.930000305175781,10.40999984741211,10.930000305175781,2335100,0.0,0.0
2010-09-03 00:00:00-04:00,11.0600004196167,11.229999542236328,10.84000015258789,10.930000305175781,2105000,0.0,0.0
2010-09-07 00:00:00-04:00,10.760000228881836,10.970000267028809,10.5600004196167,10.829999923706055,1509300,0.0,0.0
2010-09-08 00:00:00-04:00,10.90999984741211,11.15999984741211,10.899999618530273,10.970000267028809,1796100,0.0,0.0
2010-09-09 00:00:00-04:00,11.25,11.279999732971191,10.739999771118164,10.869999885559082,1249100,0.0,0.0
2010-09-10 00:00:00-04:00,10.9399995803833,11.300000190734863,10.819999694824219,11.270000457763672,2906200,0.0,0.0
2010-09-13 00:00:00-04:00,11.550000190734863,11.739999771118164,11.460000038146973,11.520000457763672,2182300,0.0,0.0
2010-09-14 00:00:00-04:00,11.449999809265137,11.5600004196167,11.229999542236328,11.34000015258789,2014600,0.0,0.0
2010-09-15 00:00:00-04:00,11.210000038146973,11.34000015258789,11.119999885559082,11.289999961853027,1292200,0.0,0.0
2010-09-16 00:00:00-04:00,11.229999542236328,11.420000076293945,11.0600004196167,11.25,1165100,0.0,0.0
2010-09-17 00:00:00-04:00,11.329999923706055,11.350000381469727,10.979999542236328,11.0,1651400,0.0,0.0
2010-09-20 00:00:00-04:00,11.100000381469727,11.75,10.979999542236328,11.699999809265137,3313100,0.0,0.0
2010-09-21 00:00:00-04:00,11.760000228881836,11.880000114440918,11.449999809265137,11.720000267028809,2443800,0.0,0.0
2010-09-22 00:00:00-04:00,11.65999984741211,12.229999542236328,11.609999656677246,11.9399995803833,2559800,0.0,0.0
2010-09-23 00:00:00-04:00,11.850000381469727,12.329999923706055,11.600000381469727,11.869999885559082,2805600,0.0,0.0
2010-09-24 00:00:00-04:00,12.239999771118164,12.649999618530273,12.0600004196167,12.649999618530273,3163000,0.0,0.0
2010-09-27 00:00:00-04:00,12.6899995803833,12.899999618530273,12.520000457763672,12.6899995803833,2473900,0.0,0.0
2010-09-28 00:00:00-04:00,12.720000267028809,12.90999984741211,12.300000190734863,12.880000114440918,2125200,0.0,0.0
2010-09-29 00:00:00-04:00,12.800000190734863,13.140000343322754,12.699999809265137,12.90999984741211,2161300,0.0,0.0
2010-09-30 00:00:00-04:00,13.0600004196167,13.260000228881836,12.6899995803833,13.170000076293945,3399000,0.0,0.0
2010-10-01 00:00:00-04:00,13.329999923706055,13.630000114440918,13.300000190734863,13.520000457763672,2524500,0.0,0.0
2010-10-04 00:00:00-04:00,13.470000267028809,13.470000267028809,11.619999885559082,12.789999961853027,2968400,0.0,0.0
2010-10-05 00:00:00-04:00,13.25,13.369999885559082,12.949999809265137,13.260000228881836,2493200,0.0,0.0
2010-10-06 00:00:00-04:00,13.300000190734863,13.65999984741211,13.300000190734863,13.470000267028809,2170700,0.0,0.0
2010-10-07 00:00:00-04:00,13.670000076293945,13.699999809265137,13.119999885559082,13.359999656677246,1865400,0.0,0.0
2010-10-08 00:00:00-04:00,13.539999961853027,14.09000015258789,13.5,13.989999771118164,3484800,0.0,0.0
2010-10-11 00:00:00-04:00,14.119999885559082,14.640000343322754,14.069999694824219,14.149999618530273,2298600,0.0,0.0
2010-10-12 00:00:00-04:00,14.119999885559082,14.40999984741211,13.819999694824219,14.40999984741211,1568100,0.0,0.0
2010-10-13 00:00:00-04:00,14.600000381469727,14.699999809265137,14.119999885559082,14.170000076293945,2703300,0.0,0.0
2010-10-14 00:00:00-04:00,14.210000038146973,14.449999809265137,14.09000015258789,14.399999618530273,1932400,0.0,0.0
2010-10-15 00:00:00-04:00,14.5,14.529999732971191,13.680000305175781,13.880000114440918,2687400,0.0,0.0
2010-10-18 00:00:00-04:00,13.829999923706055,14.069999694824219,13.579999923706055,13.960000038146973,1406500,0.0,0.0
2010-10-19 00:00:00-04:00,13.520000457763672,13.569999694824219,12.75,12.930000305175781,3255000,0.0,0.0
2010-10-20 00:00:00-04:00,13.069999694824219,13.5,13.0,13.390000343322754,1625800,0.0,0.0
2010-10-21 00:00:00-04:00,13.550000190734863,13.649999618530273,12.720000267028809,12.949999809265137,2093500,0.0,0.0
2010-10-22 00:00:00-04:00,13.079999923706055,13.149999618530273,12.850000381469727,13.050000190734863,1014400,0.0,0.0
2010-10-25 00:00:00-04:00,13.260000228881836,13.699999809265137,13.260000228881836,13.579999923706055,1952200,0.0,0.0
2010-10-26 00:00:00-04:00,13.420000076293945,13.720000267028809,13.260000228881836,13.630000114440918,1942700,0.0,0.0
2010-10-27 00:00:00-04:00,12.350000381469727,13.199999809265137,12.020000457763672,13.15999984741211,5184800,0.0,0.0
2010-10-28 00:00:00-04:00,13.119999885559082,13.380000114440918,12.90999984741211,13.069999694824219,1719000,0.0,0.0
2010-10-29 00:00:00-04:00,12.899999618530273,13.550000190734863,12.850000381469727,13.520000457763672,1573100,0.0,0.0
2010-11-01 00:00:00-04:00,13.710000038146973,13.789999961853027,13.329999923706055,13.40999984741211,1510200,0.0,0.0
2010-11-02 00:00:00-04:00,13.600000381469727,13.680000305175781,13.4399995803833,13.649999618530273,945100,0.0,0.0
2010-11-03 00:00:00-04:00,13.720000267028809,14.1899995803833,13.609999656677246,14.140000343322754,2468900,0.0,0.0
2010-11-04 00:00:00-04:00,14.4399995803833,14.899999618530273,14.4399995803833,14.800000190734863,2167600,0.0,0.0
2010-11-05 00:00:00-04:00,14.800000190734863,15.09000015258789,14.710000038146973,14.8100004196167,1516400,0.0,0.0
2010-11-08 00:00:00-05:00,14.5,14.699999809265137,14.399999618530273,14.649999618530273,1842400,0.0,0.0
2010-11-09 00:00:00-05:00,14.819999694824219,14.989999771118164,14.319999694824219,14.520000457763672,1978400,0.0,0.0
2010-11-10 00:00:00-05:00,14.5,14.569999694824219,14.0600004196167,14.479999542236328,1722800,0.0,0.0
2010-11-11 00:00:00-05:00,14.170000076293945,14.960000038146973,14.15999984741211,14.949999809265137,1451500,0.0,0.0
2010-11-12 00:00:00-05:00,14.680000305175781,14.829999923706055,14.3100004196167,14.4399995803833,2077600,0.0,0.0
2010-11-15 00:00:00-05:00,14.65999984741211,14.739999771118164,14.1899995803833,14.1899995803833,1131600,0.0,0.0
2010-11-16 00:00:00-05:00,13.949999809265137,13.949999809265137,13.300000190734863,13.350000381469727,2597100,0.0,0.0
2010-11-17 00:00:00-05:00,13.529999732971191,13.579999923706055,13.170000076293945,13.399999618530273,1367200,0.0,0.0
2010-11-18 00:00:00-05:00,13.760000228881836,14.180000305175781,13.710000038146973,14.0,1460200,0.0,0.0
2010-11-19 00:00:00-05:00,13.880000114440918,14.449999809265137,13.710000038146973,14.430000305175781,1587500,0.0,0.0
2010-11-22 00:00:00-05:00,14.229999542236328,14.510000228881836,14.039999961853027,14.4399995803833,944000,0.0,0.0
2010-11-23 00:00:00-05:00,14.1899995803833,14.1899995803833,13.890000343322754,14.039999961853027,1193800,0.0,0.0
2010-11-24 00:00:00-05:00,14.239999771118164,14.449999809265137,14.229999542236328,14.4399995803833,774500,0.0,0.0
2010-11-26 00:00:00-05:00,14.239999771118164,14.390000343322754,14.09000015258789,14.229999542236328,261000,0.0,0.0
2010-11-29 00:00:00-05:00,14.09000015258789,14.34000015258789,13.899999618530273,14.229999542236328,1347600,0.0,0.0
2010-11-30 00:00:00-05:00,14.020000457763672,14.130000114440918,13.800000190734863,13.859999656677246,1538000,0.0,0.0
2010-12-01 00:00:00-05:00,14.220000267028809,14.300000190734863,14.029999732971191,14.1899995803833,1404600,0.0,0.0
2010-12-02 00:00:00-05:00,14.220000267028809,15.050000190734863,14.220000267028809,14.960000038146973,2264200,0.0,0.0
2010-12-03 00:00:00-05:00,14.890000343322754,15.300000190734863,14.760000228881836,15.0600004196167,1958100,0.0,0.0
2010-12-06 00:00:00-05:00,15.069999694824219,15.329999923706055,14.90999984741211,15.149999618530273,1260600,0.0,0.0
2010-12-07 00:00:00-05:00,15.470000267028809,15.539999961853027,14.979999542236328,14.989999771118164,1784400,0.0,0.0
2010-12-08 00:00:00-05:00,15.109999656677246,15.25,14.75,14.869999885559082,1193900,0.0,0.0
2010-12-09 00:00:00-05:00,15.0600004196167,15.350000381469727,14.920000076293945,15.319999694824219,1184900,0.0,0.0
2010-12-10 00:00:00-05:00,15.350000381469727,16.18000030517578,15.149999618530273,16.0,2220000,0.0,0.0
2010-12-13 00:00:00-05:00,16.299999237060547,16.399999618530273,15.899999618530273,15.920000076293945,1658900,0.0,0.0
2010-12-14 00:00:00-05:00,15.979999542236328,16.209999084472656,15.600000381469727,15.6899995803833,1202500,0.0,0.0
2010-12-15 00:00:00-05:00,15.649999618530273,15.960000038146973,15.390000343322754,15.420000076293945,1292800,0.0,0.0
2010-12-16 00:00:00-05:00,15.430000305175781,16.1299991607666,15.390000343322754,16.1299991607666,1542600,0.0,0.0
2010-12-17 00:00:00-05:00,15.720000267028809,16.440000534057617,15.65999984741211,16.110000610351562,9390600,0.0,0.0
2010-12-20 00:00:00-05:00,16.209999084472656,16.59000015258789,15.90999984741211,16.299999237060547,1467600,0.0,0.0
2010-12-21 00:00:00-05:00,16.5,16.510000228881836,15.960000038146973,16.010000228881836,1716600,0.0,0.0
2010-12-22 00:00:00-05:00,16.100000381469727,16.110000610351562,15.569999694824219,15.930000305175781,1752900,0.0,0.0
2010-12-23 00:00:00-05:00,15.869999885559082,16.149999618530273,15.65999984741211,15.800000190734863,1080000,0.0,0.0
2010-12-27 00:00:00-05:00,15.640000343322754,16.09000015258789,15.319999694824219,15.979999542236328,1239400,0.0,0.0
2010-12-28 00:00:00-05:00,16.06999969482422,16.149999618530273,15.649999618530273,15.680000305175781,1231800,0.0,0.0
2010-12-29 00:00:00-05:00,15.789999961853027,15.859999656677246,15.5,15.510000228881836,1088900,0.0,0.0
2010-12-30 00:00:00-05:00,15.510000228881836,15.84000015258789,15.479999542236328,15.710000038146973,797500,0.0,0.0
2010-12-31 00:00:00-05:00,15.6899995803833,15.720000267028809,15.520000457763672,15.529999732971191,870800,0.0,0.0
2011-01-03 00:00:00-05:00,15.829999923706055,16.579999923706055,15.829999923706055,16.3700008392334,2618300,0.0,0.0
2011-01-04 00:00:00-05:00,16.649999618530273,17.0,16.40999984741211,16.799999237060547,2689600,0.0,0.0
2011-01-05 00:00:00-05:00,16.649999618530273,17.1299991607666,16.5,16.93000030517578,1960800,0.0,0.0
2011-01-06 00:00:00-05:00,17.09000015258789,17.139999389648438,16.549999237060547,16.780000686645508,1860300,0.0,0.0
2011-01-07 00:00:00-05:00,16.56999969482422,16.8700008392334,16.170000076293945,16.690000534057617,1659600,0.0,0.0
2011-01-10 00:00:00-05:00,16.709999084472656,16.75,16.25,16.540000915527344,1704700,0.0,0.0
2011-01-11 00:00:00-05:00,16.6200008392334,16.899999618530273,16.450000762939453,16.729999542236328,1430500,0.0,0.0
2011-01-12 00:00:00-05:00,16.950000762939453,16.950000762939453,16.459999084472656,16.729999542236328,1706900,0.0,0.0
2011-01-13 00:00:00-05:00,16.770000457763672,16.860000610351562,16.3799991607666,16.469999313354492,1191600,0.0,0.0
2011-01-14 00:00:00-05:00,16.100000381469727,16.219999313354492,15.6899995803833,15.720000267028809,2599300,0.0,0.0
2011-01-18 00:00:00-05:00,15.699999809265137,15.970000267028809,15.65999984741211,15.960000038146973,1040900,0.0,0.0
2011-01-19 00:00:00-05:00,15.989999771118164,16.1299991607666,15.0,15.010000228881836,2436400,0.0,0.0
2011-01-20 00:00:00-05:00,14.850000381469727,14.899999618530273,14.180000305175781,14.539999961853027,3408700,0.0,0.0
2011-01-21 00:00:00-05:00,14.630000114440918,14.84000015258789,14.010000228881836,14.020000457763672,1932400,0.0,0.0
2011-01-24 00:00:00-05:00,14.029999732971191,14.699999809265137,14.020000457763672,14.5600004196167,1811100,0.0,0.0
2011-01-25 00:00:00-05:00,14.5,14.529999732971191,13.899999618530273,14.239999771118164,1448300,0.0,0.0
2011-01-26 00:00:00-05:00,14.430000305175781,15.0,14.359999656677246,15.0,1875900,0.0,0.0
2011-01-27 00:00:00-05:00,15.0,15.0,14.40999984741211,14.649999618530273,1411400,0.0,0.0
2011-01-28 00:00:00-05:00,14.670000076293945,14.850000381469727,14.220000267028809,14.289999961853027,1584800,0.0,0.0
2011-01-31 00:00:00-05:00,14.399999618530273,14.899999618530273,14.329999923706055,14.869999885559082,1531800,0.0,0.0
2011-02-01 00:00:00-05:00,15.149999618530273,15.75,15.09000015258789,15.630000114440918,3029700,0.0,0.0
2011-02-02 00:00:00-05:00,15.569999694824219,15.6899995803833,15.229999542236328,15.239999771118164,1413100,0.0,0.0
2011-02-03 00:00:00-05:00,15.199999809265137,15.270000457763672,14.789999961853027,15.050000190734863,1996500,0.0,0.0
2011-02-04 00:00:00-05:00,15.140000343322754,15.1899995803833,14.800000190734863,14.930000305175781,1862200,0.0,0.0
2011-02-07 00:00:00-05:00,15.050000190734863,15.539999961853027,15.010000228881836,15.260000228881836,1557200,0.0,0.0
2011-02-08 00:00:00-05:00,15.319999694824219,15.680000305175781,15.199999809265137,15.680000305175781,2127700,0.0,0.0
2011-02-09 00:00:00-05:00,15.470000267028809,15.550000190734863,15.100000381469727,15.170000076293945,1816200,0.0,0.0
2011-02-10 00:00:00-05:00,14.880000114440918,15.520000457763672,14.75,15.40999984741211,1599700,0.0,0.0
2011-02-11 00:00:00-05:00,15.329999923706055,15.880000114440918,15.199999809265137,15.829999923706055,1679300,0.0,0.0
2011-02-14 00:00:00-05:00,15.890000343322754,16.25,15.75,15.829999923706055,2371100,0.0,0.0
2011-02-15 00:00:00-05:00,15.75,15.819999694824219,15.390000343322754,15.449999809265137,2881600,0.0,0.0
2011-02-16 00:00:00-05:00,16.5,17.479999542236328,16.299999237060547,17.3799991607666,6467500,0.0,0.0
2011-02-17 00:00:00-05:00,17.3799991607666,17.709999084472656,17.020000457763672,17.450000762939453,3523600,0.0,0.0
2011-02-18 00:00:00-05:00,17.709999084472656,17.709999084472656,16.799999237060547,16.979999542236328,1962800,0.0,0.0
2011-02-22 00:00:00-05:00,16.649999618530273,17.149999618530273,16.059999465942383,16.1200008392334,2136800,0.0,0.0
2011-02-23 00:00:00-05:00,16.170000076293945,16.3700008392334,15.239999771118164,15.899999618530273,2958600,0.0,0.0
2011-02-24 00:00:00-05:00,15.6899995803833,16.299999237060547,15.6899995803833,16.079999923706055,1698500,0.0,0.0
2011-02-25 00:00:00-05:00,16.219999313354492,16.459999084472656,15.890000343322754,16.15999984741211,2246300,0.0,0.0
2011-02-28 00:00:00-05:00,16.729999542236328,17.229999542236328,16.65999984741211,16.950000762939453,3113200,0.0,0.0
2011-03-01 00:00:00-05:00,16.81999969482422,16.889999389648438,15.84000015258789,15.880000114440918,2958400,0.0,0.0
2011-03-02 00:00:00-05:00,15.949999809265137,16.329999923706055,15.680000305175781,15.720000267028809,1586600,0.0,0.0
2011-03-03 00:00:00-05:00,16.190000534057617,16.459999084472656,16.100000381469727,16.389999389648438,1446900,0.0,0.0
2011-03-04 00:00:00-05:00,16.420000076293945,16.700000762939453,16.110000610351562,16.700000762939453,2066700,0.0,0.0
2011-03-07 00:00:00-05:00,16.719999313354492,16.81999969482422,16.139999389648438,16.579999923706055,2568200,0.0,0.0
2011-03-08 00:00:00-05:00,16.530000686645508,16.899999618530273,16.049999237060547,16.809999465942383,1714100,0.0,0.0
2011-03-09 00:00:00-05:00,16.670000076293945,16.8799991607666,16.40999984741211,16.799999237060547,2429000,0.0,0.0
2011-03-10 00:00:00-05:00,16.350000381469727,16.809999465942383,15.920000076293945,16.600000381469727,3178900,0.0,0.0
2011-03-11 00:00:00-05:00,16.43000030517578,17.25,16.200000762939453,17.1299991607666,2159700,0.0,0.0
2011-03-14 00:00:00-04:00,17.149999618530273,17.440000534057617,16.809999465942383,17.190000534057617,1747500,0.0,0.0
2011-03-15 00:00:00-04:00,16.329999923706055,17.229999542236328,16.15999984741211,17.010000228881836,1847400,0.0,0.0
2011-03-16 00:00:00-04:00,17.0,17.229999542236328,16.280000686645508,16.510000228881836,1932500,0.0,0.0
2011-03-17 00:00:00-04:00,17.010000228881836,17.139999389648438,16.709999084472656,16.809999465942383,1303300,0.0,0.0
2011-03-18 00:00:00-04:00,17.09000015258789,17.149999618530273,16.700000762939453,16.940000534057617,3669200,0.0,0.0
2011-03-21 00:00:00-04:00,17.200000762939453,17.350000381469727,17.030000686645508,17.239999771118164,1806300,0.0,0.0
2011-03-22 00:00:00-04:00,17.280000686645508,17.549999237060547,17.030000686645508,17.229999542236328,1224700,0.0,0.0
2011-03-23 00:00:00-04:00,17.100000381469727,18.239999771118164,17.100000381469727,17.969999313354492,2217300,0.0,0.0
2011-03-24 00:00:00-04:00,18.25,18.31999969482422,17.68000030517578,17.940000534057617,2014100,0.0,0.0
2011-03-25 00:00:00-04:00,18.170000076293945,18.579999923706055,17.850000381469727,18.1299991607666,1729800,0.0,0.0
2011-03-28 00:00:00-04:00,18.149999618530273,18.459999084472656,18.049999237060547,18.049999237060547,1029000,0.0,0.0
2011-03-29 00:00:00-04:00,18.040000915527344,18.600000381469727,17.950000762939453,18.59000015258789,1162000,0.0,0.0
2011-03-30 00:00:00-04:00,18.8700008392334,19.0,18.200000762939453,18.649999618530273,1724500,0.0,0.0
2011-03-31 00:00:00-04:00,18.600000381469727,18.920000076293945,18.549999237060547,18.68000030517578,1093300,0.0,0.0
2011-04-01 00:00:00-04:00,18.920000076293945,19.170000076293945,18.729999542236328,18.93000030517578,1315700,0.0,0.0
2011-04-04 00:00:00-04:00,19.010000228881836,19.229999542236328,18.950000762939453,19.170000076293945,1170900,0.0,0.0
2011-04-05 00:00:00-04:00,19.049999237060547,20.389999389648438,19.020000457763672,20.059999465942383,1980600,0.0,0.0
2011-04-06 00:00:00-04:00,20.209999084472656,20.760000228881836,20.030000686645508,20.170000076293945,1578000,0.0,0.0
2011-04-07 00:00:00-04:00,20.25,20.690000534057617,20.010000228881836,20.219999313354492,1329400,0.0,0.0
2011-04-08 00:00:00-04:00,20.6299991607666,20.639999389648438,19.920000076293945,19.979999542236328,958000,0.0,0.0
2011-04-11 00:00:00-04:00,20.15999984741211,20.479999542236328,19.5,19.649999618530273,1457200,0.0,0.0
2011-04-12 00:00:00-04:00,19.0,19.170000076293945,18.270000457763672,18.34000015258789,2482300,0.0,0.0
2011-04-13 00:00:00-04:00,18.65999984741211,18.850000381469727,17.829999923706055,18.229999542236328,1819300,0.0,0.0
2011-04-14 00:00:00-04:00,18.18000030517578,18.280000686645508,17.760000228881836,18.040000915527344,2088500,0.0,0.0
2011-04-15 00:00:00-04:00,17.979999542236328,18.3799991607666,17.799999237060547,18.34000015258789,1907200,0.0,0.0
2011-04-18 00:00:00-04:00,17.84000015258789,18.049999237060547,17.559999465942383,17.790000915527344,1975700,0.0,0.0
2011-04-19 00:00:00-04:00,17.90999984741211,18.170000076293945,17.6299991607666,18.1299991607666,1802300,0.0,0.0
2011-04-20 00:00:00-04:00,18.719999313354492,18.920000076293945,18.520000457763672,18.84000015258789,1401300,0.0,0.0
2011-04-21 00:00:00-04:00,19.139999389648438,19.290000915527344,18.889999389648438,19.040000915527344,1800700,0.0,0.0
2011-04-25 00:00:00-04:00,19.030000686645508,20.170000076293945,19.030000686645508,20.049999237060547,2697500,0.0,0.0
2011-04-26 00:00:00-04:00,20.06999969482422,20.239999771118164,19.540000915527344,20.049999237060547,2401600,0.0,0.0
2011-04-27 00:00:00-04:00,20.049999237060547,20.229999542236328,19.479999542236328,20.1299991607666,2597900,0.0,0.0
2011-04-28 00:00:00-04:00,20.1299991607666,20.3799991607666,19.81999969482422,19.940000534057617,1901500,0.0,0.0
2011-04-29 00:00:00-04:00,19.93000030517578,20.1200008392334,19.700000762939453,19.979999542236328,1712100,0.0,0.0
2011-05-02 00:00:00-04:00,20.190000534057617,20.559999465942383,19.729999542236328,19.860000610351562,1654800,0.0,0.0
2011-05-03 00:00:00-04:00,19.850000381469727,20.260000228881836,19.469999313354492,19.739999771118164,2700000,0.0,0.0
2011-05-04 00:00:00-04:00,18.40999984741211,18.56999969482422,16.450000762939453,16.520000457763672,6804400,0.0,0.0
2011-05-05 00:00:00-04:00,16.469999313354492,17.100000381469727,16.219999313354492,16.270000457763672,2898900,0.0,0.0
2011-05-06 00:00:00-04:00,16.549999237060547,17.299999237060547,16.31999969482422,16.719999313354492,3416300,0.0,0.0
2011-05-09 00:00:00-04:00,16.969999313354492,17.15999984741211,16.56999969482422,17.049999237060547,1825600,0.0,0.0
2011-05-10 00:00:00-04:00,17.25,17.3799991607666,16.8799991607666,17.010000228881836,1635400,0.0,0.0
2011-05-11 00:00:00-04:00,16.90999984741211,16.920000076293945,16.049999237060547,16.18000030517578,2500000,0.0,0.0
2011-05-12 00:00:00-04:00,16.079999923706055,16.59000015258789,15.8100004196167,16.389999389648438,2100000,0.0,0.0
2011-05-13 00:00:00-04:00,16.3700008392334,16.5,15.630000114440918,15.699999809265137,1717700,0.0,0.0
2011-05-16 00:00:00-04:00,15.619999885559082,16.540000915527344,15.449999809265137,16.049999237060547,2038100,0.0,0.0
2011-05-17 00:00:00-04:00,15.9399995803833,16.100000381469727,15.420000076293945,15.739999771118164,1571300,0.0,0.0
2011-05-18 00:00:00-04:00,15.90999984741211,16.139999389648438,15.729999542236328,15.850000381469727,2273100,0.0,0.0
2011-05-19 00:00:00-04:00,15.869999885559082,16.100000381469727,15.34000015258789,15.5600004196167,2259900,0.0,0.0
2011-05-20 00:00:00-04:00,15.449999809265137,15.729999542236328,15.199999809265137,15.420000076293945,1595900,0.0,0.0
2011-05-23 00:00:00-04:00,15.09000015258789,15.260000228881836,14.880000114440918,15.180000305175781,1900000,0.0,0.0
2011-05-24 00:00:00-04:00,15.390000343322754,15.850000381469727,15.210000038146973,15.359999656677246,2415700,0.0,0.0
2011-05-25 00:00:00-04:00,15.380000114440918,15.770000457763672,15.289999961853027,15.600000381469727,979900,0.0,0.0
2011-05-26 00:00:00-04:00,15.550000190734863,15.760000228881836,15.369999885559082,15.649999618530273,857000,0.0,0.0
2011-05-27 00:00:00-04:00,15.75,16.0,15.720000267028809,15.880000114440918,913000,0.0,0.0
2011-05-31 00:00:00-04:00,16.1299991607666,16.229999542236328,15.609999656677246,16.139999389648438,1140400,0.0,0.0
2011-06-01 00:00:00-04:00,16.079999923706055,16.110000610351562,14.880000114440918,14.979999542236328,3537600,0.0,0.0
2011-06-02 00:00:00-04:00,15.050000190734863,15.640000343322754,15.039999961853027,15.460000038146973,1612500,0.0,0.0
2011-06-03 00:00:00-04:00,15.069999694824219,15.3100004196167,14.899999618530273,14.949999809265137,1518800,0.0,0.0
2011-06-06 00:00:00-04:00,15.0,15.34000015258789,14.65999984741211,14.680000305175781,1770700,0.0,0.0
2011-06-07 00:00:00-04:00,14.920000076293945,15.1899995803833,14.6899995803833,14.699999809265137,2336000,0.0,0.0
2011-06-08 00:00:00-04:00,14.649999618530273,14.760000228881836,14.220000267028809,14.300000190734863,1885500,0.0,0.0
2011-06-09 00:00:00-04:00,14.460000038146973,14.600000381469727,14.25,14.539999961853027,1583800,0.0,0.0
2011-06-10 00:00:00-04:00,14.390000343322754,14.859999656677246,14.319999694824219,14.640000343322754,1637900,0.0,0.0
2011-06-13 00:00:00-04:00,14.789999961853027,14.789999961853027,14.069999694824219,14.40999984741211,2162300,0.0,0.0
2011-06-14 00:00:00-04:00,14.609999656677246,15.020000457763672,14.609999656677246,14.869999885559082,1292200,0.0,0.0
2011-06-15 00:00:00-04:00,14.569999694824219,14.880000114440918,14.15999984741211,14.279999732971191,1466300,0.0,0.0
2011-06-16 00:00:00-04:00,14.279999732971191,14.420000076293945,13.600000381469727,13.970000267028809,1837800,0.0,0.0
2011-06-17 00:00:00-04:00,14.359999656677246,14.449999809265137,13.90999984741211,14.010000228881836,1796900,0.0,0.0
2011-06-20 00:00:00-04:00,13.9399995803833,14.149999618530273,13.819999694824219,13.949999809265137,1022900,0.0,0.0
2011-06-21 00:00:00-04:00,14.140000343322754,14.539999961853027,14.0600004196167,14.5,1294300,0.0,0.0
2011-06-22 00:00:00-04:00,14.479999542236328,14.9399995803833,14.399999618530273,14.59000015258789,1065500,0.0,0.0
2011-06-23 00:00:00-04:00,14.329999923706055,14.399999618530273,13.800000190734863,14.399999618530273,2729000,0.0,0.0
2011-06-24 00:00:00-04:00,14.479999542236328,14.680000305175781,14.109999656677246,14.220000267028809,3176200,0.0,0.0
2011-06-27 00:00:00-04:00,14.270000457763672,14.579999923706055,14.0600004196167,14.510000228881836,1239300,0.0,0.0
2011-06-28 00:00:00-04:00,14.609999656677246,15.010000228881836,14.5600004196167,15.0,1248000,0.0,0.0
2011-06-29 00:00:00-04:00,15.119999885559082,15.6899995803833,14.9399995803833,15.510000228881836,1650400,0.0,0.0
2011-06-30 00:00:00-04:00,15.59000015258789,15.84000015258789,15.539999961853027,15.649999618530273,1315800,0.0,0.0
2011-07-01 00:00:00-04:00,15.710000038146973,16.110000610351562,15.350000381469727,16.079999923706055,1553500,0.0,0.0
2011-07-05 00:00:00-04:00,16.030000686645508,16.100000381469727,15.819999694824219,15.979999542236328,1273400,0.0,0.0
2011-07-06 00:00:00-04:00,15.960000038146973,15.960000038146973,15.649999618530273,15.869999885559082,945100,0.0,0.0
2011-07-07 00:00:00-04:00,16.149999618530273,16.549999237060547,16.020000457763672,16.34000015258789,1162600,0.0,0.0
2011-07-08 00:00:00-04:00,15.930000305175781,16.049999237060547,15.5,15.8100004196167,1569700,0.0,0.0
2011-07-11 00:00:00-04:00,15.529999732971191,15.630000114440918,15.010000228881836,15.140000343322754,1256600,0.0,0.0
2011-07-12 00:00:00-04:00,15.09000015258789,15.260000228881836,14.84000015258789,14.920000076293945,1062000,0.0,0.0
2011-07-13 00:00:00-04:00,15.029999732971191,15.4399995803833,14.6899995803833,14.739999771118164,2136300,0.0,0.0
2011-07-14 00:00:00-04:00,14.84000015258789,14.949999809265137,13.649999618530273,13.699999809265137,3492100,0.0,0.0
2011-07-15 00:00:00-04:00,13.920000076293945,14.170000076293945,13.569999694824219,14.09000015258789,2322500,0.0,0.0
2011-07-18 00:00:00-04:00,14.010000228881836,14.3100004196167,13.729999542236328,13.850000381469727,1528100,0.0,0.0
2011-07-19 00:00:00-04:00,14.569999694824219,14.579999923706055,13.960000038146973,14.09000015258789,1729100,0.0,0.0
2011-07-20 00:00:00-04:00,14.119999885559082,14.399999618530273,14.010000228881836,14.239999771118164,1269500,0.0,0.0
2011-07-21 00:00:00-04:00,14.319999694824219,14.470000267028809,14.220000267028809,14.449999809265137,1032400,0.0,0.0
2011-07-22 00:00:00-04:00,14.399999618530273,14.579999923706055,14.34000015258789,14.5,852800,0.0,0.0
2011-07-25 00:00:00-04:00,14.279999732971191,14.510000228881836,14.229999542236328,14.270000457763672,790400,0.0,0.0
2011-07-26 00:00:00-04:00,14.010000228881836,14.130000114440918,13.699999809265137,14.010000228881836,1456800,0.0,0.0
2011-07-27 00:00:00-04:00,13.869999885559082,13.9399995803833,13.180000305175781,13.220000267028809,1775700,0.0,0.0
2011-07-28 00:00:00-04:00,13.3100004196167,13.3100004196167,12.960000038146973,12.989999771118164,1450900,0.0,0.0
2011-07-29 00:00:00-04:00,12.779999732971191,13.260000228881836,12.520000457763672,13.020000457763672,1657000,0.0,0.0
2011-08-01 00:00:00-04:00,13.319999694824219,13.399999618530273,12.479999542236328,12.619999885559082,1650700,0.0,0.0
2011-08-02 00:00:00-04:00,12.550000190734863,12.770000457763672,11.920000076293945,11.970000267028809,1851500,0.0,0.0
2011-08-03 00:00:00-04:00,12.029999732971191,12.25,11.420000076293945,11.970000267028809,1545400,0.0,0.0
2011-08-04 00:00:00-04:00,11.75,11.75,10.739999771118164,10.789999961853027,2731700,0.0,0.0
2011-08-05 00:00:00-04:00,11.109999656677246,11.510000228881836,10.270000457763672,10.720000267028809,3126200,0.0,0.0
2011-08-08 00:00:00-04:00,10.100000381469727,10.359999656677246,8.720000267028809,8.789999961853027,3664700,0.0,0.0
2011-08-09 00:00:00-04:00,9.239999771118164,10.170000076293945,9.069999694824219,10.170000076293945,3983900,0.0,0.0
2011-08-10 00:00:00-04:00,9.84000015258789,10.079999923706055,9.380000114440918,9.40999984741211,3367300,0.0,0.0
2011-08-11 00:00:00-04:00,9.520000457763672,10.800000190734863,9.25,10.569999694824219,4140200,0.0,0.0
2011-08-12 00:00:00-04:00,10.960000038146973,11.470000267028809,10.859999656677246,11.020000457763672,3547500,0.0,0.0
2011-08-15 00:00:00-04:00,11.539999961853027,11.670000076293945,11.369999885559082,11.539999961853027,1469600,0.0,0.0
2011-08-16 00:00:00-04:00,11.270000457763672,11.369999885559082,10.899999618530273,11.0,2628400,0.0,0.0
2011-08-17 00:00:00-04:00,11.130000114440918,11.34000015258789,10.899999618530273,11.020000457763672,1549000,0.0,0.0
2011-08-18 00:00:00-04:00,10.470000267028809,10.609999656677246,10.069999694824219,10.210000038146973,1965100,0.0,0.0
2011-08-19 00:00:00-04:00,9.920000076293945,11.0,9.829999923706055,10.079999923706055,2713500,0.0,0.0
2011-08-22 00:00:00-04:00,10.569999694824219,10.779999732971191,9.960000038146973,10.050000190734863,1495300,0.0,0.0
2011-08-23 00:00:00-04:00,10.140000343322754,10.779999732971191,9.949999809265137,10.770000457763672,1786300,0.0,0.0
2011-08-24 00:00:00-04:00,10.710000038146973,11.09000015258789,10.550000190734863,11.020000457763672,1724000,0.0,0.0
2011-08-25 00:00:00-04:00,11.119999885559082,11.170000076293945,10.649999618530273,10.699999809265137,1665900,0.0,0.0
2011-08-26 00:00:00-04:00,10.510000228881836,11.220000267028809,10.40999984741211,11.109999656677246,1448300,0.0,0.0
2011-08-29 00:00:00-04:00,11.380000114440918,11.890000343322754,11.350000381469727,11.880000114440918,1044600,0.0,0.0
2011-08-30 00:00:00-04:00,11.640000343322754,12.020000457763672,11.510000228881836,11.789999961853027,1496500,0.0,0.0
2011-08-31 00:00:00-04:00,12.09000015258789,12.539999961853027,11.9399995803833,12.170000076293945,2091800,0.0,0.0
2011-09-01 00:00:00-04:00,12.119999885559082,12.279999732971191,11.460000038146973,11.489999771118164,2187900,0.0,0.0
2011-09-02 00:00:00-04:00,11.079999923706055,11.289999961853027,10.920000076293945,11.09000015258789,1445300,0.0,0.0
2011-09-06 00:00:00-04:00,10.569999694824219,10.949999809265137,10.399999618530273,10.930000305175781,1350100,0.0,0.0
2011-09-07 00:00:00-04:00,11.119999885559082,11.75,11.119999885559082,11.649999618530273,1482100,0.0,0.0
2011-09-08 00:00:00-04:00,11.510000228881836,11.739999771118164,11.100000381469727,11.180000305175781,1127000,0.0,0.0
2011-09-09 00:00:00-04:00,11.050000190734863,11.1899995803833,10.670000076293945,10.890000343322754,1891600,0.0,0.0
2011-09-12 00:00:00-04:00,10.600000381469727,11.100000381469727,10.479999542236328,10.869999885559082,1335300,0.0,0.0
2011-09-13 00:00:00-04:00,10.9399995803833,11.1899995803833,10.789999961853027,11.079999923706055,1336300,0.0,0.0
2011-09-14 00:00:00-04:00,11.239999771118164,11.399999618530273,10.75,11.180000305175781,1260100,0.0,0.0
2011-09-15 00:00:00-04:00,11.359999656677246,11.539999961853027,11.199999809265137,11.5,914900,0.0,0.0
2011-09-16 00:00:00-04:00,11.569999694824219,11.649999618530273,11.220000267028809,11.520000457763672,1722800,0.0,0.0
2011-09-19 00:00:00-04:00,11.170000076293945,11.300000190734863,10.800000190734863,11.1899995803833,998500,0.0,0.0
2011-09-20 00:00:00-04:00,11.1899995803833,11.289999961853027,10.550000190734863,10.569999694824219,1311200,0.0,0.0
2011-09-21 00:00:00-04:00,10.5600004196167,10.649999618530273,9.850000381469727,9.859999656677246,1434600,0.0,0.0
2011-09-22 00:00:00-04:00,9.489999771118164,9.539999961853027,8.9399995803833,9.199999809265137,2097400,0.0,0.0
2011-09-23 00:00:00-04:00,9.029999732971191,9.420000076293945,8.970000267028809,9.170000076293945,1133000,0.0,0.0
2011-09-26 00:00:00-04:00,9.300000190734863,9.380000114440918,8.829999923706055,9.369999885559082,1483300,0.0,0.0
2011-09-27 00:00:00-04:00,9.680000305175781,10.460000038146973,9.600000381469727,9.930000305175781,1840900,0.0,0.0
2011-09-28 00:00:00-04:00,10.010000228881836,10.149999618530273,8.989999771118164,9.039999961853027,1959200,0.0,0.0
2011-09-29 00:00:00-04:00,9.350000381469727,9.510000228881836,9.010000228881836,9.390000343322754,2080100,0.0,0.0
2011-09-30 00:00:00-04:00,9.130000114440918,9.260000228881836,8.8100004196167,8.9399995803833,1401000,0.0,0.0
2011-10-03 00:00:00-04:00,8.550000190734863,8.630000114440918,7.849999904632568,7.900000095367432,2849800,0.0,0.0
2011-10-04 00:00:00-04:00,7.579999923706055,8.380000114440918,7.25,8.350000381469727,2525200,0.0,0.0
2011-10-05 00:00:00-04:00,8.3100004196167,9.0,8.0600004196167,8.979999542236328,1994900,0.0,0.0
2011-10-06 00:00:00-04:00,9.010000228881836,9.479999542236328,8.880000114440918,9.279999732971191,2177000,0.0,0.0
2011-10-07 00:00:00-04:00,9.489999771118164,9.489999771118164,8.699999809265137,9.029999732971191,1862700,0.0,0.0
2011-10-10 00:00:00-04:00,9.399999618530273,9.5600004196167,9.279999732971191,9.5600004196167,1257500,0.0,0.0
2011-10-11 00:00:00-04:00,9.380000114440918,9.960000038146973,9.300000190734863,9.899999618530273,1370300,0.0,0.0
2011-10-12 00:00:00-04:00,9.800000190734863,10.289999961853027,9.630000114440918,10.100000381469727,1673900,0.0,0.0
2011-10-13 00:00:00-04:00,9.970000267028809,10.100000381469727,9.65999984741211,9.890000343322754,1523700,0.0,0.0
2011-10-14 00:00:00-04:00,10.130000114440918,10.34000015258789,9.739999771118164,9.899999618530273,1810100,0.0,0.0
2011-10-17 00:00:00-04:00,9.720000267028809,9.779999732971191,9.199999809265137,9.229999542236328,1318200,0.0,0.0
2011-10-18 00:00:00-04:00,9.210000038146973,9.949999809265137,8.800000190734863,9.859999656677246,2045400,0.0,0.0
2011-10-19 00:00:00-04:00,9.779999732971191,9.880000114440918,9.1899995803833,9.279999732971191,1542200,0.0,0.0
2011-10-20 00:00:00-04:00,9.210000038146973,9.5,9.0,9.390000343322754,1590000,0.0,0.0
2011-10-21 00:00:00-04:00,9.670000076293945,9.789999961853027,9.319999694824219,9.619999885559082,1642400,0.0,0.0
2011-10-24 00:00:00-04:00,9.770000457763672,10.59000015258789,9.75,10.550000190734863,2221700,0.0,0.0
2011-10-25 00:00:00-04:00,10.380000114440918,10.5,10.0600004196167,10.15999984741211,2773000,0.0,0.0
2011-10-26 00:00:00-04:00,10.0,10.470000267028809,9.430000305175781,9.850000381469727,3467500,0.0,0.0
2011-10-27 00:00:00-04:00,10.4399995803833,11.949999809265137,10.4399995803833,11.710000038146973,3620800,0.0,0.0
2011-10-28 00:00:00-04:00,11.630000114440918,12.300000190734863,11.489999771118164,12.130000114440918,2129200,0.0,0.0
2011-10-31 00:00:00-04:00,11.710000038146973,11.710000038146973,11.149999618530273,11.15999984741211,1540000,0.0,0.0
2011-11-01 00:00:00-04:00,10.649999618530273,10.8100004196167,10.25,10.579999923706055,2595800,0.0,0.0
2011-11-02 00:00:00-04:00,10.90999984741211,11.359999656677246,10.770000457763672,11.130000114440918,1513500,0.0,0.0
2011-11-03 00:00:00-04:00,11.5,11.729999542236328,11.029999732971191,11.630000114440918,1717400,0.0,0.0
2011-11-04 00:00:00-04:00,11.510000228881836,11.869999885559082,11.25,11.720000267028809,1109800,0.0,0.0
2011-11-07 00:00:00-05:00,11.609999656677246,11.989999771118164,11.25,11.460000038146973,1395800,0.0,0.0
2011-11-08 00:00:00-05:00,11.65999984741211,11.729999542236328,11.039999961853027,11.289999961853027,2455800,0.0,0.0
2011-11-09 00:00:00-05:00,10.760000228881836,10.850000381469727,10.260000228881836,10.390000343322754,2740400,0.0,0.0
2011-11-10 00:00:00-05:00,10.649999618530273,10.800000190734863,10.279999732971191,10.569999694824219,1507000,0.0,0.0
2011-11-11 00:00:00-05:00,10.779999732971191,11.25,10.739999771118164,11.010000228881836,1077800,0.0,0.0
2011-11-14 00:00:00-05:00,10.710000038146973,11.039999961853027,10.630000114440918,10.8100004196167,1233300,0.0,0.0
2011-11-15 00:00:00-05:00,10.670000076293945,11.1899995803833,10.649999618530273,11.079999923706055,1068400,0.0,0.0
2011-11-16 00:00:00-05:00,10.8100004196167,10.9399995803833,10.3100004196167,10.369999885559082,1967200,0.0,0.0
2011-11-17 00:00:00-05:00,10.3100004196167,10.369999885559082,9.5,9.65999984741211,2669500,0.0,0.0
2011-11-18 00:00:00-05:00,9.729999542236328,9.890000343322754,9.430000305175781,9.520000457763672,1323400,0.0,0.0
2011-11-21 00:00:00-05:00,9.149999618530273,9.260000228881836,8.600000381469727,8.899999618530273,2159000,0.0,0.0
2011-11-22 00:00:00-05:00,8.989999771118164,9.039999961853027,8.380000114440918,8.8100004196167,2358700,0.0,0.0
2011-11-23 00:00:00-05:00,8.640000343322754,8.670000076293945,8.119999885559082,8.170000076293945,2821900,0.0,0.0
2011-11-25 00:00:00-05:00,8.039999961853027,8.3100004196167,7.789999961853027,7.889999866485596,1210000,0.0,0.0
2011-11-28 00:00:00-05:00,8.529999732971191,8.699999809265137,8.399999618530273,8.529999732971191,2183300,0.0,0.0
2011-11-29 00:00:00-05:00,8.59000015258789,8.59000015258789,8.270000457763672,8.529999732971191,1495300,0.0,0.0
2011-11-30 00:00:00-05:00,9.119999885559082,9.630000114440918,9.100000381469727,9.630000114440918,2859000,0.0,0.0
2011-12-01 00:00:00-05:00,9.449999809265137,9.6899995803833,9.289999961853027,9.510000228881836,1696700,0.0,0.0
2011-12-02 00:00:00-05:00,9.779999732971191,9.890000343322754,9.489999771118164,9.550000190734863,1712400,0.0,0.0
2011-12-05 00:00:00-05:00,9.859999656677246,10.1899995803833,9.699999809265137,10.039999961853027,2078300,0.0,0.0
2011-12-06 00:00:00-05:00,9.989999771118164,10.300000190734863,9.770000457763672,10.119999885559082,1670000,0.0,0.0
2011-12-07 00:00:00-05:00,9.9399995803833,10.399999618530273,9.869999885559082,10.329999923706055,2011900,0.0,0.0
2011-12-08 00:00:00-05:00,10.15999984741211,10.319999694824219,9.65999984741211,9.729999542236328,1766400,0.0,0.0
2011-12-09 00:00:00-05:00,9.789999961853027,10.270000457763672,9.760000228881836,10.170000076293945,1736300,0.0,0.0
2011-12-12 00:00:00-05:00,9.75,9.789999961853027,9.449999809265137,9.680000305175781,2000800,0.0,0.0
2011-12-13 00:00:00-05:00,9.789999961853027,9.920000076293945,9.039999961853027,9.149999618530273,1668300,0.0,0.0
2011-12-14 00:00:00-05:00,9.119999885559082,9.119999885559082,8.680000305175781,8.720000267028809,3515500,0.0,0.0
2011-12-15 00:00:00-05:00,8.979999542236328,9.079999923706055,8.5,8.569999694824219,1812600,0.0,0.0
2011-12-16 00:00:00-05:00,8.729999542236328,8.829999923706055,8.4399995803833,8.640000343322754,2557900,0.0,0.0
2011-12-19 00:00:00-05:00,8.680000305175781,8.680000305175781,8.0600004196167,8.15999984741211,1983700,0.0,0.0
2011-12-20 00:00:00-05:00,8.460000038146973,8.630000114440918,8.399999618530273,8.619999885559082,1699900,0.0,0.0
2011-12-21 00:00:00-05:00,8.5600004196167,8.710000038146973,8.369999885559082,8.670000076293945,1437100,0.0,0.0
2011-12-22 00:00:00-05:00,8.6899995803833,9.0,8.6899995803833,8.880000114440918,1246100,0.0,0.0
2011-12-23 00:00:00-05:00,8.9399995803833,8.9399995803833,8.760000228881836,8.84000015258789,673000,0.0,0.0
2011-12-27 00:00:00-05:00,8.789999961853027,8.869999885559082,8.699999809265137,8.729999542236328,640700,0.0,0.0
2011-12-28 00:00:00-05:00,8.739999771118164,8.770000457763672,8.180000305175781,8.270000457763672,1655000,0.0,0.0
2011-12-29 00:00:00-05:00,8.319999694824219,8.479999542236328,8.25,8.369999885559082,821900,0.0,0.0
2011-12-30 00:00:00-05:00,8.369999885559082,8.619999885559082,8.289999961853027,8.510000228881836,828000,0.0,0.0
2012-01-03 00:00:00-05:00,8.890000343322754,9.199999809265137,8.850000381469727,9.119999885559082,1963400,0.0,0.0
2012-01-04 00:00:00-05:00,9.050000190734863,9.260000228881836,8.75,9.149999618530273,1487800,0.0,0.0
2012-01-05 00:00:00-05:00,9.029999732971191,9.1899995803833,8.800000190734863,8.989999771118164,1107600,0.0,0.0
2012-01-06 00:00:00-05:00,9.0,9.239999771118164,8.84000015258789,9.029999732971191,1714500,0.0,0.0
2012-01-09 00:00:00-05:00,9.0600004196167,9.25,8.970000267028809,9.09000015258789,1297500,0.0,0.0
2012-01-10 00:00:00-05:00,9.479999542236328,9.680000305175781,9.350000381469727,9.399999618530273,1252200,0.0,0.0
2012-01-11 00:00:00-05:00,9.359999656677246,9.75,9.359999656677246,9.680000305175781,1092600,0.0,0.0
2012-01-12 00:00:00-05:00,9.75,9.890000343322754,9.529999732971191,9.890000343322754,1221200,0.0,0.0
2012-01-13 00:00:00-05:00,9.720000267028809,9.720000267028809,9.430000305175781,9.59000015258789,1079900,0.0,0.0
2012-01-17 00:00:00-05:00,9.789999961853027,9.960000038146973,9.420000076293945,9.479999542236328,1123700,0.0,0.0
2012-01-18 00:00:00-05:00,9.489999771118164,9.880000114440918,9.40999984741211,9.869999885559082,830200,0.0,0.0
2012-01-19 00:00:00-05:00,9.989999771118164,10.470000267028809,9.979999542236328,10.130000114440918,1188800,0.0,0.0
2012-01-20 00:00:00-05:00,10.09000015258789,10.239999771118164,9.9399995803833,10.119999885559082,835800,0.0,0.0
2012-01-23 00:00:00-05:00,10.100000381469727,10.479999542236328,10.050000190734863,10.34000015258789,1278900,0.0,0.0
2012-01-24 00:00:00-05:00,10.180000305175781,10.420000076293945,10.029999732971191,10.380000114440918,828600,0.0,0.0
2012-01-25 00:00:00-05:00,10.359999656677246,11.0,10.239999771118164,10.920000076293945,1762100,0.0,0.0
2012-01-26 00:00:00-05:00,11.050000190734863,11.229999542236328,10.619999885559082,10.729999542236328,1658200,0.0,0.0
2012-01-27 00:00:00-05:00,10.65999984741211,10.989999771118164,10.529999732971191,10.90999984741211,920800,0.0,0.0
2012-01-30 00:00:00-05:00,10.59000015258789,10.84000015258789,10.520000457763672,10.619999885559082,1170100,0.0,0.0
2012-01-31 00:00:00-05:00,10.770000457763672,10.819999694824219,9.800000190734863,10.029999732971191,2962300,0.0,0.0
2012-02-01 00:00:00-05:00,10.300000190734863,10.489999771118164,10.0600004196167,10.34000015258789,1373300,0.0,0.0
2012-02-02 00:00:00-05:00,10.220000267028809,10.880000114440918,10.220000267028809,10.619999885559082,1076300,0.0,0.0
2012-02-03 00:00:00-05:00,10.899999618530273,11.029999732971191,10.760000228881836,10.979999542236328,1381800,0.0,0.0
2012-02-06 00:00:00-05:00,10.800000190734863,11.079999923706055,10.800000190734863,10.970000267028809,680500,0.0,0.0
2012-02-07 00:00:00-05:00,11.0,11.069999694824219,10.5600004196167,10.770000457763672,1024000,0.0,0.0
2012-02-08 00:00:00-05:00,10.869999885559082,11.289999961853027,10.819999694824219,11.0600004196167,1319900,0.0,0.0
2012-02-09 00:00:00-05:00,11.140000343322754,11.300000190734863,11.050000190734863,11.149999618530273,1516100,0.0,0.0
2012-02-10 00:00:00-05:00,10.90999984741211,10.920000076293945,10.460000038146973,10.579999923706055,1485600,0.0,0.0
2012-02-13 00:00:00-05:00,10.779999732971191,10.880000114440918,10.479999542236328,10.65999984741211,878900,0.0,0.0
2012-02-14 00:00:00-05:00,10.550000190734863,10.619999885559082,10.149999618530273,10.34000015258789,1284400,0.0,0.0
2012-02-15 00:00:00-05:00,10.430000305175781,10.539999961853027,10.0600004196167,10.130000114440918,1428800,0.0,0.0
2012-02-16 00:00:00-05:00,10.130000114440918,10.640000343322754,10.09000015258789,10.640000343322754,1406300,0.0,0.0
2012-02-17 00:00:00-05:00,10.729999542236328,10.770000457763672,10.359999656677246,10.4399995803833,1099600,0.0,0.0
2012-02-21 00:00:00-05:00,10.520000457763672,10.859999656677246,10.399999618530273,10.670000076293945,1701100,0.0,0.0
2012-02-22 00:00:00-05:00,10.630000114440918,10.8100004196167,10.460000038146973,10.529999732971191,1506000,0.0,0.0
2012-02-23 00:00:00-05:00,10.550000190734863,10.729999542236328,10.350000381469727,10.729999542236328,1351000,0.0,0.0
2012-02-24 00:00:00-05:00,10.449999809265137,10.770000457763672,10.399999618530273,10.460000038146973,1640900,0.0,0.0
2012-02-27 00:00:00-05:00,10.270000457763672,10.420000076293945,10.0,10.0,1607500,0.0,0.0
2012-02-28 00:00:00-05:00,10.0,10.1899995803833,9.920000076293945,10.109999656677246,1298100,0.0,0.0
2012-02-29 00:00:00-05:00,10.1899995803833,10.369999885559082,9.8100004196167,9.819999694824219,1879700,0.0,0.0
2012-03-01 00:00:00-05:00,9.979999542236328,10.229999542236328,9.880000114440918,10.130000114440918,1946900,0.0,0.0
2012-03-02 00:00:00-05:00,10.140000343322754,10.220000267028809,9.829999923706055,9.880000114440918,1616700,0.0,0.0
2012-03-05 00:00:00-05:00,9.84000015258789,9.850000381469727,9.15999984741211,9.279999732971191,1749400,0.0,0.0
2012-03-06 00:00:00-05:00,9.050000190734863,9.069999694824219,8.720000267028809,8.770000457763672,1541100,0.0,0.0
2012-03-07 00:00:00-05:00,8.890000343322754,8.930000305175781,8.649999618530273,8.789999961853027,1291800,0.0,0.0
2012-03-08 00:00:00-05:00,8.9399995803833,9.0600004196167,8.699999809265137,8.829999923706055,1313100,0.0,0.0
2012-03-09 00:00:00-05:00,8.829999923706055,9.420000076293945,8.819999694824219,9.119999885559082,1527300,0.0,0.0
2012-03-12 00:00:00-04:00,9.09000015258789,9.3100004196167,8.800000190734863,8.829999923706055,1268500,0.0,0.0
2012-03-13 00:00:00-04:00,8.979999542236328,9.199999809265137,8.930000305175781,9.15999984741211,1684800,0.0,0.0
2012-03-14 00:00:00-04:00,9.229999542236328,9.25,8.789999961853027,8.829999923706055,1892200,0.0,0.0
2012-03-15 00:00:00-04:00,8.869999885559082,9.140000343322754,8.770000457763672,9.029999732971191,1530600,0.0,0.0
2012-03-16 00:00:00-04:00,9.0600004196167,9.6899995803833,9.050000190734863,9.550000190734863,2866200,0.0,0.0
2012-03-19 00:00:00-04:00,9.539999961853027,9.960000038146973,9.479999542236328,9.670000076293945,1548500,0.0,0.0
2012-03-20 00:00:00-04:00,9.5,9.510000228881836,9.180000305175781,9.34000015258789,1334200,0.0,0.0
2012-03-21 00:00:00-04:00,9.420000076293945,9.539999961853027,9.1899995803833,9.399999618530273,1093500,0.0,0.0
2012-03-22 00:00:00-04:00,9.210000038146973,9.239999771118164,8.920000076293945,9.109999656677246,1648400,0.0,0.0
2012-03-23 00:00:00-04:00,9.0,9.350000381469727,9.0,9.210000038146973,1261600,0.0,0.0
2012-03-26 00:00:00-04:00,9.390000343322754,9.449999809265137,9.130000114440918,9.289999961853027,836400,0.0,0.0
2012-03-27 00:00:00-04:00,9.350000381469727,9.489999771118164,9.020000457763672,9.039999961853027,976000,0.0,0.0
2012-03-28 00:00:00-04:00,8.989999771118164,9.050000190734863,8.649999618530273,8.739999771118164,1894300,0.0,0.0
2012-03-29 00:00:00-04:00,8.65999984741211,8.920000076293945,8.569999694824219,8.90999984741211,1237300,0.0,0.0
2012-03-30 00:00:00-04:00,9.010000228881836,9.100000381469727,8.75,8.880000114440918,846300,0.0,0.0
2012-04-02 00:00:00-04:00,8.819999694824219,9.15999984741211,8.8100004196167,9.039999961853027,1285400,0.0,0.0
2012-04-03 00:00:00-04:00,9.010000228881836,9.109999656677246,8.619999885559082,8.789999961853027,1535300,0.0,0.0
2012-04-04 00:00:00-04:00,8.600000381469727,8.609999656677246,8.329999923706055,8.430000305175781,1358400,0.0,0.0
2012-04-05 00:00:00-04:00,8.380000114440918,8.539999961853027,8.220000267028809,8.270000457763672,882200,0.0,0.0
2012-04-09 00:00:00-04:00,8.100000381469727,8.289999961853027,7.929999828338623,8.220000267028809,1302400,0.0,0.0
2012-04-10 00:00:00-04:00,8.1899995803833,8.260000228881836,7.809999942779541,7.96999979019165,1554700,0.0,0.0
2012-04-11 00:00:00-04:00,8.369999885559082,8.520000457763672,8.229999542236328,8.270000457763672,1498400,0.0,0.0
2012-04-12 00:00:00-04:00,8.270000457763672,8.75,8.270000457763672,8.710000038146973,1457300,0.0,0.0
2012-04-13 00:00:00-04:00,8.630000114440918,8.630000114440918,8.119999885559082,8.149999618530273,1319600,0.0,0.0
2012-04-16 00:00:00-04:00,8.270000457763672,8.380000114440918,8.069999694824219,8.220000267028809,843500,0.0,0.0
2012-04-17 00:00:00-04:00,8.289999961853027,8.630000114440918,8.260000228881836,8.399999618530273,1152900,0.0,0.0
2012-04-18 00:00:00-04:00,8.369999885559082,8.470000267028809,8.140000343322754,8.15999984741211,900000,0.0,0.0
2012-04-19 00:00:00-04:00,8.180000305175781,8.390000343322754,8.100000381469727,8.140000343322754,1268200,0.0,0.0
2012-04-20 00:00:00-04:00,8.270000457763672,8.380000114440918,8.069999694824219,8.109999656677246,850600,0.0,0.0
2012-04-23 00:00:00-04:00,7.949999809265137,8.029999732971191,7.820000171661377,8.029999732971191,1201700,0.0,0.0
2012-04-24 00:00:00-04:00,8.029999732971191,8.1899995803833,7.900000095367432,8.109999656677246,955100,0.0,0.0
2012-04-25 00:00:00-04:00,8.699999809265137,9.15999984741211,8.5600004196167,9.069999694824219,3564400,0.0,0.0
2012-04-26 00:00:00-04:00,9.050000190734863,9.239999771118164,8.90999984741211,9.079999923706055,1523000,0.0,0.0
2012-04-27 00:00:00-04:00,9.100000381469727,9.210000038146973,8.829999923706055,9.100000381469727,1134000,0.0,0.0
2012-04-30 00:00:00-04:00,9.109999656677246,9.3100004196167,8.979999542236328,9.199999809265137,1216900,0.0,0.0
2012-05-01 00:00:00-04:00,9.260000228881836,9.460000038146973,9.180000305175781,9.220000267028809,1325000,0.0,0.0
2012-05-02 00:00:00-04:00,9.079999923706055,9.130000114440918,8.880000114440918,8.930000305175781,964600,0.0,0.0
2012-05-03 00:00:00-04:00,8.949999809265137,8.979999542236328,8.550000190734863,8.680000305175781,1151400,0.0,0.0
2012-05-04 00:00:00-04:00,8.569999694824219,8.619999885559082,8.260000228881836,8.270000457763672,1275500,0.0,0.0
2012-05-07 00:00:00-04:00,8.220000267028809,8.34000015258789,8.0,8.199999809265137,998100,0.0,0.0
2012-05-08 00:00:00-04:00,8.130000114440918,8.260000228881836,7.949999809265137,8.239999771118164,1072600,0.0,0.0
2012-05-09 00:00:00-04:00,8.050000190734863,8.229999542236328,7.849999904632568,8.029999732971191,1569400,0.0,0.0
2012-05-10 00:00:00-04:00,8.029999732971191,8.229999542236328,7.880000114440918,7.920000076293945,1242500,0.0,0.0
2012-05-11 00:00:00-04:00,7.840000152587891,8.010000228881836,7.75,7.800000190734863,919200,0.0,0.0
2012-05-14 00:00:00-04:00,7.710000038146973,7.730000019073486,7.510000228881836,7.539999961853027,846300,0.0,0.0
2012-05-15 00:00:00-04:00,7.570000171661377,7.699999809265137,7.28000020980835,7.329999923706055,960000,0.0,0.0
2012-05-16 00:00:00-04:00,7.389999866485596,7.579999923706055,7.0,7.019999980926514,1244900,0.0,0.0
2012-05-17 00:00:00-04:00,7.039999961853027,7.179999828338623,6.760000228881836,6.829999923706055,1530700,0.0,0.0
2012-05-18 00:00:00-04:00,6.900000095367432,6.980000019073486,6.510000228881836,6.800000190734863,1762700,0.0,0.0
2012-05-21 00:00:00-04:00,6.860000133514404,7.150000095367432,6.78000020980835,7.099999904632568,1152500,0.0,0.0
2012-05-22 00:00:00-04:00,7.119999885559082,7.239999771118164,6.96999979019165,7.03000020980835,1610600,0.0,0.0
2012-05-23 00:00:00-04:00,6.78000020980835,7.179999828338623,6.699999809265137,7.159999847412109,2289000,0.0,0.0
2012-05-24 00:00:00-04:00,7.190000057220459,7.21999979019165,6.880000114440918,7.059999942779541,1512600,0.0,0.0
2012-05-25 00:00:00-04:00,7.039999961853027,7.150000095367432,6.949999809265137,7.099999904632568,1077900,0.0,0.0
2012-05-29 00:00:00-04:00,7.199999809265137,7.610000133514404,7.199999809265137,7.5,1178600,0.0,0.0
2012-05-30 00:00:00-04:00,7.389999866485596,7.389999866485596,7.110000133514404,7.150000095367432,1322900,0.0,0.0
2012-05-31 00:00:00-04:00,7.190000057220459,7.210000038146973,6.929999828338623,7.079999923706055,1474100,0.0,0.0
2012-06-01 00:00:00-04:00,6.860000133514404,7.300000190734863,6.800000190734863,7.099999904632568,1537900,0.0,0.0
2012-06-04 00:00:00-04:00,7.119999885559082,7.210000038146973,6.800000190734863,7.150000095367432,1649900,0.0,0.0
2012-06-05 00:00:00-04:00,7.070000171661377,7.329999923706055,6.960000038146973,7.179999828338623,1204800,0.0,0.0
2012-06-06 00:00:00-04:00,7.25,7.550000190734863,7.210000038146973,7.460000038146973,1048100,0.0,0.0
2012-06-07 00:00:00-04:00,7.650000095367432,8.050000190734863,7.449999809265137,7.46999979019165,1543300,0.0,0.0
2012-06-08 00:00:00-04:00,7.380000114440918,7.429999828338623,7.179999828338623,7.340000152587891,908900,0.0,0.0
2012-06-11 00:00:00-04:00,7.590000152587891,7.880000114440918,7.019999980926514,7.03000020980835,935700,0.0,0.0
2012-06-12 00:00:00-04:00,7.090000152587891,7.320000171661377,7.03000020980835,7.28000020980835,1077700,0.0,0.0
2012-06-13 00:00:00-04:00,7.130000114440918,7.389999866485596,7.050000190734863,7.079999923706055,1012500,0.0,0.0
2012-06-14 00:00:00-04:00,6.980000019073486,7.119999885559082,6.900000095367432,7.070000171661377,1295100,0.0,0.0
2012-06-15 00:00:00-04:00,7.099999904632568,7.139999866485596,6.940000057220459,7.079999923706055,2373300,0.0,0.0
2012-06-18 00:00:00-04:00,7.0,7.210000038146973,6.96999979019165,7.099999904632568,1042000,0.0,0.0
2012-06-19 00:00:00-04:00,7.179999828338623,7.570000171661377,7.150000095367432,7.460000038146973,1491900,0.0,0.0
2012-06-20 00:00:00-04:00,7.5,7.710000038146973,7.400000095367432,7.590000152587891,1320300,0.0,0.0
2012-06-21 00:00:00-04:00,7.559999942779541,7.559999942779541,7.070000171661377,7.170000076293945,1667500,0.0,0.0
2012-06-22 00:00:00-04:00,7.239999771118164,7.289999961853027,7.059999942779541,7.199999809265137,952600,0.0,0.0
2012-06-25 00:00:00-04:00,7.050000190734863,7.050000190734863,6.809999942779541,6.829999923706055,1074200,0.0,0.0
2012-06-26 00:00:00-04:00,6.829999923706055,6.889999866485596,6.630000114440918,6.800000190734863,1036300,0.0,0.0
2012-06-27 00:00:00-04:00,6.679999828338623,6.949999809265137,6.659999847412109,6.900000095367432,1432700,0.0,0.0
2012-06-28 00:00:00-04:00,6.78000020980835,6.920000076293945,6.650000095367432,6.909999847412109,950200,0.0,0.0
2012-06-29 00:00:00-04:00,7.130000114440918,7.380000114440918,7.090000152587891,7.329999923706055,1754900,0.0,0.0
2012-07-02 00:00:00-04:00,7.369999885559082,7.409999847412109,7.170000076293945,7.400000095367432,863700,0.0,0.0
2012-07-03 00:00:00-04:00,7.409999847412109,7.820000171661377,7.400000095367432,7.71999979019165,1020900,0.0,0.0
2012-07-05 00:00:00-04:00,7.710000038146973,7.880000114440918,7.559999942779541,7.630000114440918,1027600,0.0,0.0
2012-07-06 00:00:00-04:00,7.489999771118164,7.519999980926514,7.289999961853027,7.389999866485596,895200,0.0,0.0
2012-07-09 00:00:00-04:00,7.320000171661377,7.340000152587891,7.099999904632568,7.130000114440918,1216500,0.0,0.0
2012-07-10 00:00:00-04:00,7.239999771118164,7.449999809265137,6.800000190734863,6.900000095367432,1252200,0.0,0.0
2012-07-11 00:00:00-04:00,6.75,6.900000095367432,6.489999771118164,6.559999942779541,1890300,0.0,0.0
2012-07-12 00:00:00-04:00,6.440000057220459,6.679999828338623,6.199999809265137,6.559999942779541,3667400,0.0,0.0
2012-07-13 00:00:00-04:00,6.630000114440918,6.679999828338623,6.389999866485596,6.510000228881836,762200,0.0,0.0
2012-07-16 00:00:00-04:00,6.5,6.5,6.349999904632568,6.400000095367432,755800,0.0,0.0
2012-07-17 00:00:00-04:00,6.409999847412109,6.5,6.25,6.429999828338623,3824300,0.0,0.0
2012-07-18 00:00:00-04:00,6.380000114440918,6.46999979019165,6.28000020980835,6.380000114440918,897500,0.0,0.0
2012-07-19 00:00:00-04:00,6.409999847412109,6.579999923706055,6.360000133514404,6.5,845900,0.0,0.0
2012-07-20 00:00:00-04:00,6.409999847412109,6.429999828338623,6.190000057220459,6.230000019073486,1297000,0.0,0.0
2012-07-23 00:00:00-04:00,6.090000152587891,6.150000095367432,5.900000095367432,6.099999904632568,1027000,0.0,0.0
2012-07-24 00:00:00-04:00,6.150000095367432,6.230000019073486,5.849999904632568,5.929999828338623,1218900,0.0,0.0
2012-07-25 00:00:00-04:00,5.929999828338623,6.090000152587891,5.619999885559082,5.630000114440918,1381100,0.0,0.0
2012-07-26 00:00:00-04:00,5.769999980926514,5.789999961853027,5.550000190734863,5.599999904632568,1330600,0.0,0.0
2012-07-27 00:00:00-04:00,5.679999828338623,6.199999809265137,5.519999980926514,6.099999904632568,1786000,0.0,0.0
2012-07-30 00:00:00-04:00,6.130000114440918,6.21999979019165,6.019999980926514,6.130000114440918,1141800,0.0,0.0
2012-07-31 00:00:00-04:00,6.119999885559082,6.309999942779541,6.059999942779541,6.110000133514404,1055600,0.0,0.0
2012-08-01 00:00:00-04:00,6.159999847412109,6.25,5.989999771118164,6.0,1308700,0.0,0.0
2012-08-02 00:00:00-04:00,5.960000038146973,6.190000057220459,5.75,5.869999885559082,1109300,0.0,0.0
2012-08-03 00:00:00-04:00,6.03000020980835,6.289999961853027,5.940000057220459,6.110000133514404,1215800,0.0,0.0
2012-08-06 00:00:00-04:00,6.130000114440918,6.480000019073486,6.110000133514404,6.449999809265137,1216400,0.0,0.0
2012-08-07 00:00:00-04:00,6.5,6.679999828338623,6.389999866485596,6.53000020980835,916600,0.0,0.0
2012-08-08 00:00:00-04:00,6.46999979019165,6.679999828338623,6.329999923706055,6.369999885559082,801100,0.0,0.0
2012-08-09 00:00:00-04:00,6.380000114440918,6.650000095367432,6.340000152587891,6.590000152587891,688000,0.0,0.0
2012-08-10 00:00:00-04:00,6.570000171661377,6.570000171661377,6.329999923706055,6.510000228881836,1070500,0.0,0.0
2012-08-13 00:00:00-04:00,6.510000228881836,6.570000171661377,6.260000228881836,6.340000152587891,855200,0.0,0.0
2012-08-14 00:00:00-04:00,6.349999904632568,6.440000057220459,6.119999885559082,6.179999828338623,880300,0.0,0.0
2012-08-15 00:00:00-04:00,6.099999904632568,6.170000076293945,6.039999961853027,6.159999847412109,921200,0.0,0.0
2012-08-16 00:00:00-04:00,6.139999866485596,6.46999979019165,6.110000133514404,6.349999904632568,842300,0.0,0.0
2012-08-17 00:00:00-04:00,6.369999885559082,6.570000171661377,6.349999904632568,6.489999771118164,917100,0.0,0.0
2012-08-20 00:00:00-04:00,6.449999809265137,6.650000095367432,6.349999904632568,6.610000133514404,765900,0.0,0.0
2012-08-21 00:00:00-04:00,6.630000114440918,7.170000076293945,6.630000114440918,6.800000190734863,1982500,0.0,0.0
2012-08-22 00:00:00-04:00,6.75,6.840000152587891,6.650000095367432,6.800000190734863,636000,0.0,0.0
2012-08-23 00:00:00-04:00,6.78000020980835,6.78000020980835,6.630000114440918,6.739999771118164,940500,0.0,0.0
2012-08-24 00:00:00-04:00,6.679999828338623,6.679999828338623,6.440000057220459,6.5,804600,0.0,0.0
2012-08-27 00:00:00-04:00,6.539999961853027,6.550000190734863,6.199999809265137,6.21999979019165,846900,0.0,0.0
2012-08-28 00:00:00-04:00,6.199999809265137,6.300000190734863,6.159999847412109,6.179999828338623,793400,0.0,0.0
2012-08-29 00:00:00-04:00,6.190000057220459,6.28000020980835,6.070000171661377,6.25,655500,0.0,0.0
2012-08-30 00:00:00-04:00,6.199999809265137,6.239999771118164,6.099999904632568,6.150000095367432,485100,0.0,0.0
2012-08-31 00:00:00-04:00,6.25,6.320000171661377,6.090000152587891,6.230000019073486,699900,0.0,0.0
2012-09-04 00:00:00-04:00,6.25,6.289999961853027,6.019999980926514,6.119999885559082,624900,0.0,0.0
2012-09-05 00:00:00-04:00,6.099999904632568,6.190000057220459,6.039999961853027,6.139999866485596,520500,0.0,0.0
2012-09-06 00:00:00-04:00,6.210000038146973,6.659999847412109,6.190000057220459,6.519999980926514,1139700,0.0,0.0
2012-09-07 00:00:00-04:00,6.579999923706055,7.050000190734863,6.550000190734863,6.989999771118164,1616800,0.0,0.0
2012-09-10 00:00:00-04:00,7.019999980926514,7.650000095367432,6.96999979019165,7.489999771118164,2701300,0.0,0.0
2012-09-11 00:00:00-04:00,7.510000228881836,7.71999979019165,7.510000228881836,7.610000133514404,1292300,0.0,0.0
2012-09-12 00:00:00-04:00,7.630000114440918,7.800000190734863,7.369999885559082,7.630000114440918,1577300,0.0,0.0
2012-09-13 00:00:00-04:00,7.630000114440918,8.140000343322754,7.510000228881836,7.949999809265137,2013500,0.0,0.0
2012-09-14 00:00:00-04:00,8.09000015258789,8.5,8.050000190734863,8.40999984741211,1995400,0.0,0.0
2012-09-17 00:00:00-04:00,8.300000190734863,8.40999984741211,8.020000457763672,8.109999656677246,1229600,0.0,0.0
2012-09-18 00:00:00-04:00,8.050000190734863,8.289999961853027,7.900000095367432,8.210000038146973,1301000,0.0,0.0
2012-09-19 00:00:00-04:00,8.25,8.279999732971191,7.960000038146973,8.050000190734863,1032200,0.0,0.0
2012-09-20 00:00:00-04:00,7.920000076293945,7.929999828338623,7.579999923706055,7.730000019073486,1439500,0.0,0.0
2012-09-21 00:00:00-04:00,7.840000152587891,7.900000095367432,7.510000228881836,7.519999980926514,3063300,0.0,0.0
2012-09-24 00:00:00-04:00,7.380000114440918,7.710000038146973,7.269999980926514,7.570000171661377,1266800,0.0,0.0
2012-09-25 00:00:00-04:00,7.650000095367432,7.739999771118164,7.269999980926514,7.28000020980835,1024100,0.0,0.0
2012-09-26 00:00:00-04:00,7.239999771118164,7.409999847412109,7.03000020980835,7.28000020980835,1191000,0.0,0.0
2012-09-27 00:00:00-04:00,7.369999885559082,7.480000019073486,7.239999771118164,7.380000114440918,983900,0.0,0.0
2012-09-28 00:00:00-04:00,7.320000171661377,7.320000171661377,7.03000020980835,7.159999847412109,1182900,0.0,0.0
2012-10-01 00:00:00-04:00,7.25,7.639999866485596,7.25,7.380000114440918,1347400,0.0,0.0
2012-10-02 00:00:00-04:00,7.449999809265137,7.53000020980835,7.130000114440918,7.190000057220459,1197300,0.0,0.0
2012-10-03 00:00:00-04:00,7.199999809265137,7.289999961853027,7.039999961853027,7.119999885559082,864100,0.0,0.0
2012-10-04 00:00:00-04:00,7.190000057220459,7.480000019073486,7.110000133514404,7.389999866485596,1251800,0.0,0.0
2012-10-05 00:00:00-04:00,7.400000095367432,7.650000095367432,7.260000228881836,7.320000171661377,984700,0.0,0.0
2012-10-08 00:00:00-04:00,7.190000057220459,7.340000152587891,7.150000095367432,7.199999809265137,712600,0.0,0.0
2012-10-09 00:00:00-04:00,7.159999847412109,7.460000038146973,7.119999885559082,7.340000152587891,1138600,0.0,0.0
2012-10-10 00:00:00-04:00,7.329999923706055,7.389999866485596,7.110000133514404,7.159999847412109,1137300,0.0,0.0
2012-10-11 00:00:00-04:00,7.230000019073486,7.400000095367432,7.199999809265137,7.260000228881836,785100,0.0,0.0
2012-10-12 00:00:00-04:00,7.25,7.320000171661377,7.03000020980835,7.090000152587891,723300,0.0,0.0
2012-10-15 00:00:00-04:00,7.090000152587891,7.239999771118164,6.949999809265137,7.210000038146973,885300,0.0,0.0
2012-10-16 00:00:00-04:00,7.25,7.449999809265137,7.239999771118164,7.429999828338623,762400,0.0,0.0
2012-10-17 00:00:00-04:00,7.460000038146973,7.78000020980835,7.349999904632568,7.730000019073486,1392600,0.0,0.0
2012-10-18 00:00:00-04:00,7.679999828338623,8.0,7.579999923706055,7.889999866485596,1374800,0.0,0.0
2012-10-19 00:00:00-04:00,7.800000190734863,7.869999885559082,7.510000228881836,7.599999904632568,1057700,0.0,0.0
2012-10-22 00:00:00-04:00,7.550000190734863,7.800000190734863,7.5,7.739999771118164,865300,0.0,0.0
2012-10-23 00:00:00-04:00,7.579999923706055,7.590000152587891,7.289999961853027,7.340000152587891,1051400,0.0,0.0
2012-10-24 00:00:00-04:00,7.420000076293945,7.489999771118164,7.190000057220459,7.25,772800,0.0,0.0
2012-10-25 00:00:00-04:00,7.369999885559082,7.46999979019165,7.230000019073486,7.409999847412109,745700,0.0,0.0
2012-10-26 00:00:00-04:00,7.409999847412109,7.579999923706055,7.230000019073486,7.340000152587891,904700,0.0,0.0
2012-10-31 00:00:00-04:00,7.300000190734863,7.480000019073486,7.119999885559082,7.119999885559082,898500,0.0,0.0
2012-11-01 00:00:00-04:00,7.210000038146973,7.639999866485596,7.199999809265137,7.599999904632568,1149600,0.0,0.0
2012-11-02 00:00:00-04:00,7.75,8.119999885559082,7.650000095367432,7.940000057220459,1883000,0.0,0.0
2012-11-05 00:00:00-05:00,7.940000057220459,8.180000305175781,7.760000228881836,7.800000190734863,855900,0.0,0.0
2012-11-06 00:00:00-05:00,7.869999885559082,8.199999809265137,7.860000133514404,8.050000190734863,4769800,0.0,0.0
2012-11-07 00:00:00-05:00,7.869999885559082,7.889999866485596,7.400000095367432,7.449999809265137,1986000,0.0,0.0
2012-11-08 00:00:00-05:00,7.449999809265137,7.53000020980835,7.260000228881836,7.380000114440918,941800,0.0,0.0
2012-11-09 00:00:00-05:00,7.309999942779541,7.610000133514404,7.210000038146973,7.309999942779541,1141000,0.0,0.0
2012-11-12 00:00:00-05:00,7.630000114440918,7.630000114440918,7.239999771118164,7.25,1029800,0.0,0.0
2012-11-13 00:00:00-05:00,7.179999828338623,7.340000152587891,7.090000152587891,7.199999809265137,751800,0.0,0.0
2012-11-14 00:00:00-05:00,7.239999771118164,7.28000020980835,7.03000020980835,7.070000171661377,1063900,0.0,0.0
2012-11-15 00:00:00-05:00,7.059999942779541,7.21999979019165,6.869999885559082,6.920000076293945,1096900,0.0,0.0
2012-11-16 00:00:00-05:00,6.929999828338623,6.960000038146973,6.630000114440918,6.860000133514404,1050100,0.0,0.0
2012-11-19 00:00:00-05:00,7.059999942779541,7.389999866485596,6.989999771118164,7.389999866485596,1048300,0.0,0.0
2012-11-20 00:00:00-05:00,7.360000133514404,7.489999771118164,7.25,7.340000152587891,726800,0.0,0.0
2012-11-21 00:00:00-05:00,7.25,7.369999885559082,7.21999979019165,7.289999961853027,648200,0.0,0.0
2012-11-23 00:00:00-05:00,7.389999866485596,7.440000057220459,7.260000228881836,7.360000133514404,265800,0.0,0.0
2012-11-26 00:00:00-05:00,7.289999961853027,7.340000152587891,7.150000095367432,7.230000019073486,961500,0.0,0.0
2012-11-27 00:00:00-05:00,7.210000038146973,7.409999847412109,7.150000095367432,7.309999942779541,589000,0.0,0.0
2012-11-28 00:00:00-05:00,7.25,7.639999866485596,7.179999828338623,7.630000114440918,786200,0.0,0.0
2012-11-29 00:00:00-05:00,7.760000228881836,7.880000114440918,7.639999866485596,7.78000020980835,653000,0.0,0.0
2012-11-30 00:00:00-05:00,7.78000020980835,7.900000095367432,7.710000038146973,7.769999980926514,945700,0.0,0.0
2012-12-03 00:00:00-05:00,7.849999904632568,7.880000114440918,7.610000133514404,7.789999961853027,677800,0.0,0.0
2012-12-04 00:00:00-05:00,7.769999980926514,8.079999923706055,7.769999980926514,7.920000076293945,788500,0.0,0.0
2012-12-05 00:00:00-05:00,7.980000019073486,8.149999618530273,7.809999942779541,8.09000015258789,1000100,0.0,0.0
2012-12-06 00:00:00-05:00,8.09000015258789,8.15999984741211,8.0,8.109999656677246,972900,0.0,0.0
2012-12-07 00:00:00-05:00,8.149999618530273,8.199999809265137,7.989999771118164,8.079999923706055,658900,0.0,0.0
2012-12-10 00:00:00-05:00,8.199999809265137,8.229999542236328,7.960000038146973,8.039999961853027,619000,0.0,0.0
2012-12-11 00:00:00-05:00,8.109999656677246,8.25,8.039999961853027,8.229999542236328,792400,0.0,0.0
2012-12-12 00:00:00-05:00,8.25,8.5,8.180000305175781,8.329999923706055,842000,0.0,0.0
2012-12-13 00:00:00-05:00,8.319999694824219,8.449999809265137,8.180000305175781,8.220000267028809,581500,0.0,0.0
2012-12-14 00:00:00-05:00,8.1899995803833,8.619999885559082,8.1899995803833,8.460000038146973,1007800,0.0,0.0
2012-12-17 00:00:00-05:00,8.489999771118164,8.59000015258789,8.3100004196167,8.390000343322754,1145800,0.0,0.0
2012-12-18 00:00:00-05:00,8.399999618530273,8.720000267028809,8.350000381469727,8.680000305175781,872700,0.0,0.0
2012-12-19 00:00:00-05:00,8.670000076293945,8.84000015258789,8.59000015258789,8.630000114440918,1131800,0.0,0.0
2012-12-20 00:00:00-05:00,8.630000114440918,8.670000076293945,8.460000038146973,8.529999732971191,783500,0.0,0.0
2012-12-21 00:00:00-05:00,8.210000038146973,8.329999923706055,8.069999694824219,8.300000190734863,1266300,0.0,0.0
2012-12-24 00:00:00-05:00,8.289999961853027,8.350000381469727,8.1899995803833,8.3100004196167,304800,0.0,0.0
2012-12-26 00:00:00-05:00,8.350000381469727,8.569999694824219,8.350000381469727,8.479999542236328,567800,0.0,0.0
2012-12-27 00:00:00-05:00,8.479999542236328,8.520000457763672,8.149999618530273,8.34000015258789,583700,0.0,0.0
2012-12-28 00:00:00-05:00,8.279999732971191,8.289999961853027,8.119999885559082,8.1899995803833,645200,0.0,0.0
2012-12-31 00:00:00-05:00,8.180000305175781,8.770000457763672,8.180000305175781,8.760000228881836,1062000,0.0,0.0
2013-01-02 00:00:00-05:00,9.119999885559082,9.600000381469727,9.100000381469727,9.520000457763672,2042300,0.0,0.0
2013-01-03 00:00:00-05:00,9.479999542236328,9.600000381469727,9.0600004196167,9.149999618530273,1189800,0.0,0.0
2013-01-04 00:00:00-05:00,9.180000305175781,9.65999984741211,9.15999984741211,9.59000015258789,1176700,0.0,0.0
2013-01-07 00:00:00-05:00,9.470000267028809,9.699999809265137,9.399999618530273,9.649999618530273,1269800,0.0,0.0
2013-01-08 00:00:00-05:00,9.550000190734863,9.649999618530273,9.329999923706055,9.399999618530273,577700,0.0,0.0
2013-01-09 00:00:00-05:00,9.539999961853027,9.59000015258789,9.239999771118164,9.380000114440918,702600,0.0,0.0
2013-01-10 00:00:00-05:00,9.479999542236328,9.609999656677246,9.430000305175781,9.520000457763672,685400,0.0,0.0
2013-01-11 00:00:00-05:00,9.289999961853027,9.319999694824219,8.5600004196167,8.619999885559082,2704300,0.0,0.0
2013-01-14 00:00:00-05:00,8.640000343322754,8.890000343322754,8.630000114440918,8.800000190734863,788100,0.0,0.0
2013-01-15 00:00:00-05:00,8.789999961853027,8.850000381469727,8.699999809265137,8.800000190734863,538700,0.0,0.0
2013-01-16 00:00:00-05:00,8.739999771118164,8.789999961853027,8.539999961853027,8.710000038146973,672700,0.0,0.0
2013-01-17 00:00:00-05:00,8.760000228881836,8.960000038146973,8.649999618530273,8.949999809265137,867800,0.0,0.0
2013-01-18 00:00:00-05:00,8.960000038146973,8.979999542236328,8.699999809265137,8.84000015258789,560000,0.0,0.0
2013-01-22 00:00:00-05:00,8.829999923706055,8.979999542236328,8.6899995803833,8.949999809265137,602800,0.0,0.0
2013-01-23 00:00:00-05:00,8.960000038146973,8.979999542236328,8.779999732971191,8.859999656677246,673700,0.0,0.0
2013-01-24 00:00:00-05:00,8.850000381469727,9.029999732971191,8.75,8.869999885559082,711100,0.0,0.0
2013-01-25 00:00:00-05:00,8.960000038146973,8.970000267028809,8.699999809265137,8.859999656677246,472900,0.0,0.0
2013-01-28 00:00:00-05:00,8.579999923706055,8.59000015258789,8.300000190734863,8.5,1709700,0.0,0.0
2013-01-29 00:00:00-05:00,8.40999984741211,8.579999923706055,8.399999618530273,8.550000190734863,826300,0.0,0.0
2013-01-30 00:00:00-05:00,8.579999923706055,8.739999771118164,8.380000114440918,8.449999809265137,1201700,0.0,0.0
2013-01-31 00:00:00-05:00,8.5,8.619999885559082,8.3100004196167,8.600000381469727,718900,0.0,0.0
2013-02-01 00:00:00-05:00,8.710000038146973,8.880000114440918,8.59000015258789,8.850000381469727,908200,0.0,0.0
2013-02-04 00:00:00-05:00,8.739999771118164,8.829999923706055,8.539999961853027,8.619999885559082,945200,0.0,0.0
2013-02-05 00:00:00-05:00,8.699999809265137,8.779999732971191,8.640000343322754,8.680000305175781,397500,0.0,0.0
2013-02-06 00:00:00-05:00,8.649999618530273,8.949999809265137,8.600000381469727,8.9399995803833,2923800,0.0,0.0
2013-02-07 00:00:00-05:00,8.960000038146973,9.050000190734863,8.710000038146973,8.90999984741211,809000,0.0,0.0
2013-02-08 00:00:00-05:00,8.920000076293945,9.09000015258789,8.859999656677246,8.949999809265137,543900,0.0,0.0
2013-02-11 00:00:00-05:00,8.930000305175781,9.020000457763672,8.800000190734863,8.960000038146973,361900,0.0,0.0
2013-02-12 00:00:00-05:00,8.949999809265137,9.210000038146973,8.899999618530273,9.140000343322754,746700,0.0,0.0
2013-02-13 00:00:00-05:00,9.199999809265137,9.329999923706055,9.020000457763672,9.199999809265137,779400,0.0,0.0
2013-02-14 00:00:00-05:00,9.140000343322754,9.550000190734863,9.119999885559082,9.5,788900,0.0,0.0
2013-02-15 00:00:00-05:00,9.5600004196167,9.640000343322754,9.279999732971191,9.369999885559082,730300,0.0,0.0
2013-02-19 00:00:00-05:00,9.380000114440918,9.489999771118164,9.119999885559082,9.149999618530273,717100,0.0,0.0
2013-02-20 00:00:00-05:00,9.140000343322754,9.1899995803833,8.600000381469727,8.640000343322754,1299900,0.0,0.0
2013-02-21 00:00:00-05:00,8.600000381469727,8.829999923706055,8.460000038146973,8.829999923706055,999500,0.0,0.0
2013-02-22 00:00:00-05:00,8.850000381469727,8.90999984741211,8.039999961853027,8.220000267028809,2004900,0.0,0.0
2013-02-25 00:00:00-05:00,8.25,8.4399995803833,8.0600004196167,8.100000381469727,1217200,0.0,0.0
2013-02-26 00:00:00-05:00,8.170000076293945,8.260000228881836,8.050000190734863,8.199999809265137,1041100,0.0,0.0
2013-02-27 00:00:00-05:00,8.15999984741211,8.300000190734863,8.109999656677246,8.15999984741211,862000,0.0,0.0
2013-02-28 00:00:00-05:00,8.15999984741211,8.199999809265137,8.0,8.100000381469727,991700,0.0,0.0
2013-03-01 00:00:00-05:00,8.0,8.0600004196167,7.860000133514404,8.010000228881836,1037200,0.0,0.0
2013-03-04 00:00:00-05:00,7.929999828338623,7.989999771118164,7.769999980926514,7.829999923706055,883400,0.0,0.0
2013-03-05 00:00:00-05:00,7.909999847412109,8.149999618530273,7.909999847412109,8.010000228881836,1196300,0.0,0.0
2013-03-06 00:00:00-05:00,8.039999961853027,8.319999694824219,7.960000038146973,8.25,809400,0.0,0.0
2013-03-07 00:00:00-05:00,8.260000228881836,8.359999656677246,8.180000305175781,8.3100004196167,611700,0.0,0.0
2013-03-08 00:00:00-05:00,8.390000343322754,8.600000381469727,8.300000190734863,8.479999542236328,725700,0.0,0.0
2013-03-11 00:00:00-04:00,8.479999542236328,8.489999771118164,8.09000015258789,8.430000305175781,884600,0.0,0.0
2013-03-12 00:00:00-04:00,8.399999618530273,8.5600004196167,8.260000228881836,8.34000015258789,620900,0.0,0.0
2013-03-13 00:00:00-04:00,8.300000190734863,8.359999656677246,8.130000114440918,8.1899995803833,472400,0.0,0.0
2013-03-14 00:00:00-04:00,8.239999771118164,8.270000457763672,8.130000114440918,8.25,537000,0.0,0.0
2013-03-15 00:00:00-04:00,8.210000038146973,8.479999542236328,8.210000038146973,8.390000343322754,1235400,0.0,0.0
2013-03-18 00:00:00-04:00,8.220000267028809,8.489999771118164,8.180000305175781,8.289999961853027,3657000,0.0,0.0
2013-03-19 00:00:00-04:00,8.289999961853027,8.300000190734863,8.0,8.170000076293945,843300,0.0,0.0
2013-03-20 00:00:00-04:00,8.270000457763672,8.270000457763672,8.100000381469727,8.210000038146973,526800,0.0,0.0
2013-03-21 00:00:00-04:00,8.140000343322754,8.260000228881836,8.039999961853027,8.079999923706055,519300,0.0,0.0
2013-03-22 00:00:00-04:00,8.119999885559082,8.199999809265137,7.980000019073486,8.039999961853027,719600,0.0,0.0
2013-03-25 00:00:00-04:00,8.130000114440918,8.149999618530273,7.900000095367432,7.96999979019165,464900,0.0,0.0
2013-03-26 00:00:00-04:00,7.980000019073486,8.069999694824219,7.820000171661377,7.96999979019165,640100,0.0,0.0
2013-03-27 00:00:00-04:00,7.840000152587891,7.909999847412109,7.679999828338623,7.889999866485596,655700,0.0,0.0
2013-03-28 00:00:00-04:00,7.869999885559082,7.900000095367432,7.71999979019165,7.739999771118164,660100,0.0,0.0
2013-04-01 00:00:00-04:00,7.690000057220459,7.769999980926514,7.340000152587891,7.510000228881836,1058700,0.0,0.0
2013-04-02 00:00:00-04:00,7.559999942779541,7.559999942779541,7.21999979019165,7.28000020980835,670100,0.0,0.0
2013-04-03 00:00:00-04:00,7.28000020980835,7.28000020980835,6.940000057220459,7.099999904632568,1362100,0.0,0.0
2013-04-04 00:00:00-04:00,7.079999923706055,7.489999771118164,7.050000190734863,7.179999828338623,805100,0.0,0.0
2013-04-05 00:00:00-04:00,7.019999980926514,7.260000228881836,7.019999980926514,7.230000019073486,632600,0.0,0.0
2013-04-08 00:00:00-04:00,7.260000228881836,7.320000171661377,7.119999885559082,7.28000020980835,542500,0.0,0.0
2013-04-09 00:00:00-04:00,7.28000020980835,7.650000095367432,7.28000020980835,7.539999961853027,929200,0.0,0.0
2013-04-10 00:00:00-04:00,7.53000020980835,7.630000114440918,7.429999828338623,7.610000133514404,598800,0.0,0.0
2013-04-11 00:00:00-04:00,7.559999942779541,7.699999809265137,7.420000076293945,7.440000057220459,682300,0.0,0.0
2013-04-12 00:00:00-04:00,7.380000114440918,7.429999828338623,7.050000190734863,7.130000114440918,890300,0.0,0.0
2013-04-15 00:00:00-04:00,7.0,7.0,6.429999828338623,6.610000133514404,2746000,0.0,0.0
2013-04-16 00:00:00-04:00,6.739999771118164,7.0,6.679999828338623,6.699999809265137,962800,0.0,0.0
2013-04-17 00:00:00-04:00,6.590000152587891,6.650000095367432,6.349999904632568,6.5,1323400,0.0,0.0
2013-04-18 00:00:00-04:00,6.53000020980835,6.659999847412109,6.260000228881836,6.440000057220459,1543900,0.0,0.0
2013-04-19 00:00:00-04:00,6.510000228881836,6.590000152587891,6.400000095367432,6.570000171661377,704400,0.0,0.0
2013-04-22 00:00:00-04:00,6.599999904632568,6.699999809265137,6.349999904632568,6.510000228881836,818100,0.0,0.0
2013-04-23 00:00:00-04:00,6.570000171661377,6.599999904632568,6.400000095367432,6.53000020980835,977700,0.0,0.0
2013-04-24 00:00:00-04:00,6.559999942779541,6.989999771118164,6.550000190734863,6.960000038146973,831300,0.0,0.0
2013-04-25 00:00:00-04:00,7.130000114440918,7.150000095367432,6.690000057220459,6.849999904632568,1246300,0.0,0.0
2013-04-26 00:00:00-04:00,6.840000152587891,7.119999885559082,6.5,6.739999771118164,1339100,0.0,0.0
2013-04-29 00:00:00-04:00,6.800000190734863,7.78000020980835,6.78000020980835,7.559999942779541,3134700,0.0,0.0
2013-04-30 00:00:00-04:00,7.800000190734863,8.1899995803833,7.599999904632568,8.15999984741211,2548500,0.0,0.0
2013-05-01 00:00:00-04:00,8.229999542236328,8.229999542236328,7.869999885559082,8.039999961853027,1719000,0.0,0.0
2013-05-02 00:00:00-04:00,8.079999923706055,8.180000305175781,7.949999809265137,8.079999923706055,801800,0.0,0.0
2013-05-03 00:00:00-04:00,8.229999542236328,8.6899995803833,8.229999542236328,8.640000343322754,1997200,0.0,0.0
2013-05-06 00:00:00-04:00,8.640000343322754,8.65999984741211,8.4399995803833,8.630000114440918,780900,0.0,0.0
2013-05-07 00:00:00-04:00,8.670000076293945,8.75,8.510000228881836,8.670000076293945,891300,0.0,0.0
2013-05-08 00:00:00-04:00,8.600000381469727,8.979999542236328,8.569999694824219,8.899999618530273,943400,0.0,0.0
2013-05-09 00:00:00-04:00,8.8100004196167,9.079999923706055,8.699999809265137,8.899999618530273,928000,0.0,0.0
2013-05-10 00:00:00-04:00,8.930000305175781,8.989999771118164,8.699999809265137,8.9399995803833,679800,0.0,0.0
2013-05-13 00:00:00-04:00,8.890000343322754,8.920000076293945,8.699999809265137,8.710000038146973,613300,0.0,0.0
2013-05-14 00:00:00-04:00,8.649999618530273,8.800000190734863,8.5600004196167,8.630000114440918,647600,0.0,0.0
2013-05-15 00:00:00-04:00,8.539999961853027,8.670000076293945,8.460000038146973,8.579999923706055,670700,0.0,0.0
2013-05-16 00:00:00-04:00,8.510000228881836,8.819999694824219,8.40999984741211,8.529999732971191,761100,0.0,0.0
2013-05-17 00:00:00-04:00,8.600000381469727,8.800000190734863,8.510000228881836,8.75,560800,0.0,0.0
2013-05-20 00:00:00-04:00,8.699999809265137,9.140000343322754,8.640000343322754,9.130000114440918,810100,0.0,0.0
2013-05-21 00:00:00-04:00,9.119999885559082,10.079999923706055,9.0,10.010000228881836,2381300,0.0,0.0
2013-05-22 00:00:00-04:00,9.989999771118164,10.600000381469727,9.90999984741211,10.180000305175781,3562900,0.0,0.0
2013-05-23 00:00:00-04:00,9.619999885559082,10.220000267028809,9.40999984741211,10.100000381469727,1792700,0.0,0.0
2013-05-24 00:00:00-04:00,9.989999771118164,10.100000381469727,9.819999694824219,9.859999656677246,1085700,0.0,0.0
2013-05-28 00:00:00-04:00,10.020000457763672,10.329999923706055,9.989999771118164,10.289999961853027,1446600,0.0,0.0
2013-05-29 00:00:00-04:00,10.239999771118164,10.59000015258789,9.979999542236328,10.5600004196167,1957000,0.0,0.0
2013-05-30 00:00:00-04:00,10.579999923706055,10.59000015258789,10.170000076293945,10.279999732971191,1128200,0.0,0.0
2013-05-31 00:00:00-04:00,10.140000343322754,10.369999885559082,9.899999618530273,9.90999984741211,909600,0.0,0.0
2013-06-03 00:00:00-04:00,10.0,10.289999961853027,9.859999656677246,10.239999771118164,1045500,0.0,0.0
2013-06-04 00:00:00-04:00,10.180000305175781,10.350000381469727,9.960000038146973,10.050000190734863,646200,0.0,0.0
2013-06-05 00:00:00-04:00,10.0,10.079999923706055,9.789999961853027,9.930000305175781,734400,0.0,0.0
2013-06-06 00:00:00-04:00,9.829999923706055,10.039999961853027,9.739999771118164,9.890000343322754,580100,0.0,0.0
2013-06-07 00:00:00-04:00,9.90999984741211,10.050000190734863,9.640000343322754,10.029999732971191,941600,0.0,0.0
2013-06-10 00:00:00-04:00,9.979999542236328,10.229999542236328,9.819999694824219,10.199999809265137,863600,0.0,0.0
2013-06-11 00:00:00-04:00,10.0,10.109999656677246,9.5600004196167,9.800000190734863,1471000,0.0,0.0
2013-06-12 00:00:00-04:00,9.890000343322754,10.050000190734863,9.5,9.59000015258789,1046700,0.0,0.0
2013-06-13 00:00:00-04:00,9.569999694824219,9.84000015258789,9.489999771118164,9.770000457763672,1022600,0.0,0.0
2013-06-14 00:00:00-04:00,9.850000381469727,9.90999984741211,9.510000228881836,9.619999885559082,602000,0.0,0.0
2013-06-17 00:00:00-04:00,10.0,10.100000381469727,9.90999984741211,10.050000190734863,1078500,0.0,0.0
2013-06-18 00:00:00-04:00,10.029999732971191,10.3100004196167,10.0,10.0600004196167,693000,0.0,0.0
2013-06-19 00:00:00-04:00,9.680000305175781,9.920000076293945,9.609999656677246,9.649999618530273,1226800,0.0,0.0
2013-06-20 00:00:00-04:00,9.489999771118164,9.489999771118164,9.010000228881836,9.210000038146973,1527200,0.0,0.0
2013-06-21 00:00:00-04:00,9.34000015258789,9.350000381469727,9.039999961853027,9.050000190734863,1771000,0.0,0.0
2013-06-24 00:00:00-04:00,8.890000343322754,9.039999961853027,8.630000114440918,8.949999809265137,1020300,0.0,0.0
2013-06-25 00:00:00-04:00,9.039999961853027,9.279999732971191,9.0,9.199999809265137,823900,0.0,0.0
2013-06-26 00:00:00-04:00,9.260000228881836,9.430000305175781,8.979999542236328,9.25,716600,0.0,0.0
2013-06-27 00:00:00-04:00,9.25,9.5,9.210000038146973,9.460000038146973,833900,0.0,0.0
2013-06-28 00:00:00-04:00,9.359999656677246,9.479999542236328,9.270000457763672,9.279999732971191,841300,0.0,0.0
2013-07-01 00:00:00-04:00,9.359999656677246,9.710000038146973,9.260000228881836,9.550000190734863,833400,0.0,0.0
2013-07-02 00:00:00-04:00,9.5,9.5600004196167,9.079999923706055,9.460000038146973,1364800,0.0,0.0
2013-07-03 00:00:00-04:00,9.260000228881836,9.329999923706055,9.020000457763672,9.130000114440918,709200,0.0,0.0
2013-07-05 00:00:00-04:00,9.270000457763672,9.270000457763672,8.850000381469727,9.050000190734863,520000,0.0,0.0
2013-07-08 00:00:00-04:00,9.079999923706055,9.479999542236328,9.0600004196167,9.399999618530273,557100,0.0,0.0
2013-07-09 00:00:00-04:00,9.529999732971191,9.880000114440918,9.5,9.720000267028809,1203200,0.0,0.0
2013-07-10 00:00:00-04:00,9.710000038146973,9.989999771118164,9.699999809265137,9.850000381469727,518900,0.0,0.0
2013-07-11 00:00:00-04:00,10.079999923706055,10.34000015258789,10.0,10.260000228881836,1081200,0.0,0.0
2013-07-12 00:00:00-04:00,10.180000305175781,10.260000228881836,9.880000114440918,9.90999984741211,941900,0.0,0.0
2013-07-15 00:00:00-04:00,9.899999618530273,10.140000343322754,9.869999885559082,9.920000076293945,494700,0.0,0.0
2013-07-16 00:00:00-04:00,9.989999771118164,10.270000457763672,9.989999771118164,10.130000114440918,696600,0.0,0.0
2013-07-17 00:00:00-04:00,10.1899995803833,10.289999961853027,10.069999694824219,10.130000114440918,557500,0.0,0.0
2013-07-18 00:00:00-04:00,10.170000076293945,10.319999694824219,10.119999885559082,10.149999618530273,600100,0.0,0.0
2013-07-19 00:00:00-04:00,10.130000114440918,10.199999809265137,10.039999961853027,10.140000343322754,397000,0.0,0.0
2013-07-22 00:00:00-04:00,10.109999656677246,10.319999694824219,10.100000381469727,10.25,539400,0.0,0.0
2013-07-23 00:00:00-04:00,10.350000381469727,10.529999732971191,10.260000228881836,10.399999618530273,841500,0.0,0.0
2013-07-24 00:00:00-04:00,10.399999618530273,10.399999618530273,10.069999694824219,10.229999542236328,565500,0.0,0.0
2013-07-25 00:00:00-04:00,10.149999618530273,10.430000305175781,10.100000381469727,10.359999656677246,422000,0.0,0.0
2013-07-26 00:00:00-04:00,10.170000076293945,10.399999618530273,10.149999618530273,10.300000190734863,379300,0.0,0.0
2013-07-29 00:00:00-04:00,10.260000228881836,10.260000228881836,9.850000381469727,9.859999656677246,701500,0.0,0.0
2013-07-30 00:00:00-04:00,9.859999656677246,9.90999984741211,9.520000457763672,9.850000381469727,497000,0.0,0.0
2013-07-31 00:00:00-04:00,9.609999656677246,9.65999984741211,8.180000305175781,8.390000343322754,2287900,0.0,0.0
2013-08-01 00:00:00-04:00,8.420000076293945,8.65999984741211,8.329999923706055,8.4399995803833,697000,0.0,0.0
2013-08-02 00:00:00-04:00,8.390000343322754,8.510000228881836,8.270000457763672,8.380000114440918,988000,0.0,0.0
2013-08-05 00:00:00-04:00,8.329999923706055,8.399999618530273,8.220000267028809,8.3100004196167,756600,0.0,0.0
2013-08-06 00:00:00-04:00,8.239999771118164,8.390000343322754,7.989999771118164,8.050000190734863,1033300,0.0,0.0
2013-08-07 00:00:00-04:00,8.0,8.050000190734863,7.75,7.760000228881836,1180000,0.0,0.0
2013-08-08 00:00:00-04:00,7.800000190734863,8.25,7.800000190734863,8.15999984741211,864500,0.0,0.0
2013-08-09 00:00:00-04:00,8.170000076293945,8.760000228881836,8.170000076293945,8.609999656677246,1017700,0.0,0.0
2013-08-12 00:00:00-04:00,8.510000228881836,8.960000038146973,8.369999885559082,8.699999809265137,715600,0.0,0.0
2013-08-13 00:00:00-04:00,8.699999809265137,8.75,8.609999656677246,8.670000076293945,531300,0.0,0.0
2013-08-14 00:00:00-04:00,8.65999984741211,8.890000343322754,8.619999885559082,8.65999984741211,633500,0.0,0.0
2013-08-15 00:00:00-04:00,8.529999732971191,8.850000381469727,8.399999618530273,8.819999694824219,940000,0.0,0.0
2013-08-16 00:00:00-04:00,8.819999694824219,8.890000343322754,8.609999656677246,8.760000228881836,679100,0.0,0.0
2013-08-19 00:00:00-04:00,8.6899995803833,8.699999809265137,8.279999732971191,8.34000015258789,984700,0.0,0.0
2013-08-20 00:00:00-04:00,8.329999923706055,8.40999984741211,8.180000305175781,8.260000228881836,818700,0.0,0.0
2013-08-21 00:00:00-04:00,8.199999809265137,8.25,7.949999809265137,7.960000038146973,802600,0.0,0.0
2013-08-22 00:00:00-04:00,8.029999732971191,8.460000038146973,8.029999732971191,8.279999732971191,611100,0.0,0.0
2013-08-23 00:00:00-04:00,8.300000190734863,8.460000038146973,8.220000267028809,8.460000038146973,521500,0.0,0.0
2013-08-26 00:00:00-04:00,8.479999542236328,8.600000381469727,8.359999656677246,8.4399995803833,406800,0.0,0.0
2013-08-27 00:00:00-04:00,8.289999961853027,8.369999885559082,7.929999828338623,8.069999694824219,747100,0.0,0.0
2013-08-28 00:00:00-04:00,8.0600004196167,8.289999961853027,8.050000190734863,8.130000114440918,504200,0.0,0.0
2013-08-29 00:00:00-04:00,8.119999885559082,8.170000076293945,7.929999828338623,7.989999771118164,521700,0.0,0.0
2013-08-30 00:00:00-04:00,7.960000038146973,8.069999694824219,7.75,7.809999942779541,738900,0.0,0.0
2013-09-03 00:00:00-04:00,7.989999771118164,8.149999618530273,7.760000228881836,7.909999847412109,663500,0.0,0.0
2013-09-04 00:00:00-04:00,7.909999847412109,7.920000076293945,7.650000095367432,7.809999942779541,1072800,0.0,0.0
2013-09-05 00:00:00-04:00,7.789999961853027,8.09000015258789,7.760000228881836,7.980000019073486,609500,0.0,0.0
2013-09-06 00:00:00-04:00,8.09000015258789,8.170000076293945,7.940000057220459,8.130000114440918,680900,0.0,0.0
2013-09-09 00:00:00-04:00,8.170000076293945,8.4399995803833,8.149999618530273,8.399999618530273,718500,0.0,0.0
2013-09-10 00:00:00-04:00,8.479999542236328,8.710000038146973,8.449999809265137,8.65999984741211,656600,0.0,0.0
2013-09-11 00:00:00-04:00,8.670000076293945,8.899999618530273,8.600000381469727,8.880000114440918,682300,0.0,0.0
2013-09-12 00:00:00-04:00,8.739999771118164,8.850000381469727,8.229999542236328,8.3100004196167,1150100,0.0,0.0
2013-09-13 00:00:00-04:00,8.3100004196167,8.390000343322754,8.130000114440918,8.170000076293945,559900,0.0,0.0
2013-09-16 00:00:00-04:00,8.260000228881836,8.380000114440918,8.149999618530273,8.220000267028809,491800,0.0,0.0
2013-09-17 00:00:00-04:00,8.1899995803833,8.399999618530273,8.170000076293945,8.239999771118164,477300,0.0,0.0
2013-09-18 00:00:00-04:00,8.210000038146973,8.699999809265137,8.199999809265137,8.640000343322754,672200,0.0,0.0
2013-09-19 00:00:00-04:00,8.649999618530273,8.850000381469727,8.59000015258789,8.699999809265137,740500,0.0,0.0
2013-09-20 00:00:00-04:00,8.6899995803833,8.6899995803833,8.25,8.34000015258789,816200,0.0,0.0
2013-09-23 00:00:00-04:00,8.34000015258789,8.59000015258789,8.34000015258789,8.390000343322754,425900,0.0,0.0
2013-09-24 00:00:00-04:00,8.369999885559082,8.5600004196167,8.319999694824219,8.420000076293945,332600,0.0,0.0
2013-09-25 00:00:00-04:00,8.460000038146973,8.630000114440918,8.329999923706055,8.34000015258789,550400,0.0,0.0
2013-09-26 00:00:00-04:00,8.390000343322754,8.539999961853027,8.380000114440918,8.529999732971191,348700,0.0,0.0
2013-09-27 00:00:00-04:00,8.4399995803833,8.449999809265137,8.210000038146973,8.260000228881836,470700,0.0,0.0
2013-09-30 00:00:00-04:00,8.119999885559082,8.220000267028809,8.020000457763672,8.029999732971191,735400,0.0,0.0
2013-10-01 00:00:00-04:00,8.050000190734863,8.300000190734863,7.940000057220459,8.119999885559082,672300,0.0,0.0
2013-10-02 00:00:00-04:00,8.039999961853027,8.199999809265137,8.0,8.100000381469727,429400,0.0,0.0
2013-10-03 00:00:00-04:00,8.109999656677246,8.140000343322754,7.96999979019165,8.09000015258789,464700,0.0,0.0
2013-10-04 00:00:00-04:00,8.100000381469727,8.199999809265137,8.039999961853027,8.109999656677246,303800,0.0,0.0
2013-10-07 00:00:00-04:00,7.989999771118164,8.119999885559082,7.829999923706055,7.949999809265137,472800,0.0,0.0
2013-10-08 00:00:00-04:00,7.860000133514404,8.029999732971191,7.800000190734863,7.889999866485596,557200,0.0,0.0
2013-10-09 00:00:00-04:00,7.949999809265137,8.229999542236328,7.920000076293945,8.199999809265137,937200,0.0,0.0
2013-10-10 00:00:00-04:00,8.369999885559082,8.5,8.199999809265137,8.359999656677246,702900,0.0,0.0
2013-10-11 00:00:00-04:00,8.34000015258789,8.5,8.289999961853027,8.430000305175781,408000,0.0,0.0
2013-10-14 00:00:00-04:00,8.180000305175781,8.739999771118164,8.180000305175781,8.65999984741211,615700,0.0,0.0
2013-10-15 00:00:00-04:00,8.609999656677246,8.75,8.460000038146973,8.5,852400,0.0,0.0
2013-10-16 00:00:00-04:00,8.550000190734863,8.600000381469727,8.380000114440918,8.430000305175781,525000,0.0,0.0
2013-10-17 00:00:00-04:00,8.40999984741211,8.600000381469727,8.350000381469727,8.390000343322754,447800,0.0,0.0
2013-10-18 00:00:00-04:00,8.449999809265137,8.630000114440918,8.449999809265137,8.5,550500,0.0,0.0
2013-10-21 00:00:00-04:00,8.520000457763672,8.609999656677246,8.359999656677246,8.40999984741211,565000,0.0,0.0
2013-10-22 00:00:00-04:00,8.489999771118164,9.890000343322754,8.399999618530273,9.890000343322754,9113200,0.0,0.0
2013-10-23 00:00:00-04:00,9.779999732971191,9.880000114440918,8.930000305175781,9.069999694824219,3591600,0.0,0.0
2013-10-24 00:00:00-04:00,9.109999656677246,9.260000228881836,9.0,9.079999923706055,998700,0.0,0.0
2013-10-25 00:00:00-04:00,9.109999656677246,9.170000076293945,8.949999809265137,9.0600004196167,707200,0.0,0.0
2013-10-28 00:00:00-04:00,9.020000457763672,9.40999984741211,8.949999809265137,9.390000343322754,1077200,0.0,0.0
2013-10-29 00:00:00-04:00,9.449999809265137,9.479999542236328,9.100000381469727,9.239999771118164,820400,0.0,0.0
2013-10-30 00:00:00-04:00,9.260000228881836,9.319999694824219,8.90999984741211,8.970000267028809,695600,0.0,0.0
2013-10-31 00:00:00-04:00,8.979999542236328,9.199999809265137,8.680000305175781,8.680000305175781,937600,0.0,0.0
2013-11-01 00:00:00-04:00,8.670000076293945,8.880000114440918,8.600000381469727,8.779999732971191,765100,0.0,0.0
2013-11-04 00:00:00-05:00,8.869999885559082,9.260000228881836,8.869999885559082,9.260000228881836,1192700,0.0,0.0
2013-11-05 00:00:00-05:00,9.270000457763672,9.479999542236328,8.279999732971191,9.380000114440918,1897200,0.0,0.0
2013-11-06 00:00:00-05:00,9.470000267028809,9.529999732971191,9.279999732971191,9.289999961853027,612200,0.0,0.0
2013-11-07 00:00:00-05:00,9.329999923706055,9.369999885559082,8.460000038146973,8.539999961853027,1286600,0.0,0.0
2013-11-08 00:00:00-05:00,8.550000190734863,9.0,8.550000190734863,8.859999656677246,750200,0.0,0.0
2013-11-11 00:00:00-05:00,8.829999923706055,8.989999771118164,8.6899995803833,8.779999732971191,458800,0.0,0.0
2013-11-12 00:00:00-05:00,8.720000267028809,8.729999542236328,8.359999656677246,8.539999961853027,843800,0.0,0.0
2013-11-13 00:00:00-05:00,8.460000038146973,8.670000076293945,8.369999885559082,8.579999923706055,443400,0.0,0.0
2013-11-14 00:00:00-05:00,8.40999984741211,8.670000076293945,8.390000343322754,8.600000381469727,681900,0.0,0.0
2013-11-15 00:00:00-05:00,8.640000343322754,8.800000190734863,8.600000381469727,8.640000343322754,418100,0.0,0.0
2013-11-18 00:00:00-05:00,8.710000038146973,8.760000228881836,8.529999732971191,8.609999656677246,473600,0.0,0.0
2013-11-19 00:00:00-05:00,8.579999923706055,8.970000267028809,8.550000190734863,8.65999984741211,653000,0.0,0.0
2013-11-20 00:00:00-05:00,8.6899995803833,8.779999732971191,8.5600004196167,8.579999923706055,424000,0.0,0.0
2013-11-21 00:00:00-05:00,8.630000114440918,8.850000381469727,8.510000228881836,8.779999732971191,674400,0.0,0.0
2013-11-22 00:00:00-05:00,8.800000190734863,8.859999656677246,8.649999618530273,8.800000190734863,410800,0.0,0.0
2013-11-25 00:00:00-05:00,8.789999961853027,9.020000457763672,8.760000228881836,8.960000038146973,548500,0.0,0.0
2013-11-26 00:00:00-05:00,8.930000305175781,8.930000305175781,8.800000190734863,8.890000343322754,426200,0.0,0.0
2013-11-27 00:00:00-05:00,8.90999984741211,9.180000305175781,8.880000114440918,8.960000038146973,471300,0.0,0.0
2013-11-29 00:00:00-05:00,9.0,9.140000343322754,8.970000267028809,9.0,221700,0.0,0.0
2013-12-02 00:00:00-05:00,8.960000038146973,9.039999961853027,8.779999732971191,8.920000076293945,625800,0.0,0.0
2013-12-03 00:00:00-05:00,8.859999656677246,8.9399995803833,8.75,8.800000190734863,857900,0.0,0.0
2013-12-04 00:00:00-05:00,8.729999542236328,8.960000038146973,8.609999656677246,8.75,893300,0.0,0.0
2013-12-05 00:00:00-05:00,8.710000038146973,8.899999618530273,8.710000038146973,8.859999656677246,377200,0.0,0.0
2013-12-06 00:00:00-05:00,9.0,9.0,8.739999771118164,8.760000228881836,499500,0.0,0.0
2013-12-09 00:00:00-05:00,8.760000228881836,8.960000038146973,8.65999984741211,8.930000305175781,451400,0.0,0.0
2013-12-10 00:00:00-05:00,8.899999618530273,9.0,8.779999732971191,8.949999809265137,396500,0.0,0.0
2013-12-11 00:00:00-05:00,8.930000305175781,8.989999771118164,8.84000015258789,8.920000076293945,845600,0.0,0.0
2013-12-12 00:00:00-05:00,8.899999618530273,9.109999656677246,8.8100004196167,9.039999961853027,620700,0.0,0.0
2013-12-13 00:00:00-05:00,9.100000381469727,9.170000076293945,8.979999542236328,9.149999618530273,578600,0.0,0.0
2013-12-16 00:00:00-05:00,9.170000076293945,9.300000190734863,9.020000457763672,9.289999961853027,587600,0.0,0.0
2013-12-17 00:00:00-05:00,8.520000457763672,9.270000457763672,8.489999771118164,9.180000305175781,1229900,0.0,0.0
2013-12-18 00:00:00-05:00,9.239999771118164,9.350000381469727,9.109999656677246,9.220000267028809,891600,0.0,0.0
2013-12-19 00:00:00-05:00,9.180000305175781,9.399999618530273,9.180000305175781,9.239999771118164,879900,0.0,0.0
2013-12-20 00:00:00-05:00,9.289999961853027,9.539999961853027,9.229999542236328,9.510000228881836,1432500,0.0,0.0
2013-12-23 00:00:00-05:00,9.550000190734863,9.779999732971191,9.420000076293945,9.710000038146973,485600,0.0,0.0
2013-12-24 00:00:00-05:00,9.739999771118164,10.010000228881836,9.720000267028809,10.0,444800,0.0,0.0
2013-12-26 00:00:00-05:00,10.029999732971191,10.180000305175781,9.970000267028809,9.989999771118164,671300,0.0,0.0
2013-12-27 00:00:00-05:00,10.039999961853027,10.390000343322754,9.9399995803833,10.390000343322754,661700,0.0,0.0
2013-12-30 00:00:00-05:00,10.350000381469727,10.470000267028809,10.1899995803833,10.199999809265137,533100,0.0,0.0
2013-12-31 00:00:00-05:00,10.199999809265137,10.489999771118164,10.199999809265137,10.460000038146973,616600,0.0,0.0
2014-01-02 00:00:00-05:00,10.380000114440918,10.470000267028809,10.210000038146973,10.390000343322754,558400,0.0,0.0
2014-01-03 00:00:00-05:00,10.420000076293945,10.449999809265137,10.270000457763672,10.350000381469727,301400,0.0,0.0
2014-01-06 00:00:00-05:00,10.369999885559082,10.399999618530273,10.119999885559082,10.329999923706055,412100,0.0,0.0
2014-01-07 00:00:00-05:00,10.34000015258789,10.34000015258789,10.100000381469727,10.119999885559082,553200,0.0,0.0
2014-01-08 00:00:00-05:00,10.100000381469727,10.180000305175781,9.9399995803833,9.970000267028809,685100,0.0,0.0
2014-01-09 00:00:00-05:00,9.9399995803833,10.069999694824219,9.670000076293945,10.050000190734863,786600,0.0,0.0
2014-01-10 00:00:00-05:00,9.9399995803833,10.140000343322754,9.779999732971191,9.960000038146973,744300,0.0,0.0
2014-01-13 00:00:00-05:00,9.930000305175781,10.109999656677246,9.720000267028809,9.770000457763672,479200,0.0,0.0
2014-01-14 00:00:00-05:00,9.789999961853027,10.020000457763672,9.789999961853027,9.869999885559082,449600,0.0,0.0
2014-01-15 00:00:00-05:00,9.890000343322754,10.300000190734863,9.890000343322754,10.279999732971191,616000,0.0,0.0
2014-01-16 00:00:00-05:00,10.270000457763672,11.079999923706055,10.140000343322754,10.960000038146973,1248200,0.0,0.0
2014-01-17 00:00:00-05:00,10.979999542236328,11.420000076293945,10.979999542236328,11.119999885559082,1055000,0.0,0.0
2014-01-21 00:00:00-05:00,11.710000038146973,12.34000015258789,11.529999732971191,12.239999771118164,1698100,0.0,0.0
2014-01-22 00:00:00-05:00,12.289999961853027,12.579999923706055,12.029999732971191,12.319999694824219,1320600,0.0,0.0
2014-01-23 00:00:00-05:00,12.029999732971191,12.430000305175781,11.9399995803833,12.270000457763672,1030200,0.0,0.0
2014-01-24 00:00:00-05:00,12.180000305175781,12.180000305175781,11.420000076293945,11.5,1369400,0.0,0.0
2014-01-27 00:00:00-05:00,11.579999923706055,12.119999885559082,11.479999542236328,11.619999885559082,632000,0.0,0.0
2014-01-28 00:00:00-05:00,11.760000228881836,12.100000381469727,11.680000305175781,12.029999732971191,487500,0.0,0.0
2014-01-29 00:00:00-05:00,11.899999618530273,12.180000305175781,11.819999694824219,11.90999984741211,414100,0.0,0.0
2014-01-30 00:00:00-05:00,12.0,12.199999809265137,11.890000343322754,12.029999732971191,352400,0.0,0.0
2014-01-31 00:00:00-05:00,11.75,11.949999809265137,11.369999885559082,11.670000076293945,745900,0.0,0.0
2014-02-03 00:00:00-05:00,11.649999618530273,11.770000457763672,11.390000343322754,11.5,679600,0.0,0.0
2014-02-04 00:00:00-05:00,11.5600004196167,11.770000457763672,11.5,11.640000343322754,334200,0.0,0.0
2014-02-05 00:00:00-05:00,11.109999656677246,11.180000305175781,10.399999618530273,10.779999732971191,1260100,0.0,0.0
2014-02-06 00:00:00-05:00,10.800000190734863,10.979999542236328,10.729999542236328,10.880000114440918,411900,0.0,0.0
2014-02-07 00:00:00-05:00,10.9399995803833,11.039999961853027,10.770000457763672,10.880000114440918,479700,0.0,0.0
2014-02-10 00:00:00-05:00,10.880000114440918,11.039999961853027,10.819999694824219,10.869999885559082,447700,0.0,0.0
2014-02-11 00:00:00-05:00,10.9399995803833,11.180000305175781,10.890000343322754,11.09000015258789,605400,0.0,0.0
2014-02-12 00:00:00-05:00,11.149999618530273,11.34000015258789,11.039999961853027,11.0600004196167,428600,0.0,0.0
2014-02-13 00:00:00-05:00,10.979999542236328,11.5,10.920000076293945,11.359999656677246,349400,0.0,0.0
2014-02-14 00:00:00-05:00,11.329999923706055,11.579999923706055,11.329999923706055,11.420000076293945,289000,0.0,0.0
2014-02-18 00:00:00-05:00,11.5,11.550000190734863,11.34000015258789,11.4399995803833,335400,0.0,0.0
2014-02-19 00:00:00-05:00,11.430000305175781,11.84000015258789,11.359999656677246,11.630000114440918,636700,0.0,0.0
2014-02-20 00:00:00-05:00,11.65999984741211,12.15999984741211,11.529999732971191,12.15999984741211,1066400,0.0,0.0
2014-02-21 00:00:00-05:00,11.829999923706055,12.109999656677246,11.119999885559082,11.449999809265137,2112800,0.0,0.0
2014-02-24 00:00:00-05:00,11.420000076293945,11.550000190734863,11.270000457763672,11.319999694824219,553500,0.0,0.0
2014-02-25 00:00:00-05:00,11.350000381469727,11.40999984741211,11.010000228881836,11.359999656677246,747900,0.0,0.0
2014-02-26 00:00:00-05:00,11.399999618530273,11.800000190734863,11.399999618530273,11.710000038146973,658300,0.0,0.0
2014-02-27 00:00:00-05:00,11.720000267028809,11.829999923706055,11.609999656677246,11.800000190734863,431500,0.0,0.0
2014-02-28 00:00:00-05:00,11.84000015258789,11.970000267028809,11.649999618530273,11.84000015258789,775200,0.0,0.0
2014-03-03 00:00:00-05:00,11.6899995803833,11.859999656677246,11.479999542236328,11.609999656677246,486200,0.0,0.0
2014-03-04 00:00:00-05:00,11.869999885559082,12.399999618530273,11.770000457763672,12.1899995803833,960900,0.0,0.0
2014-03-05 00:00:00-05:00,12.15999984741211,12.399999618530273,12.0600004196167,12.239999771118164,497200,0.0,0.0
2014-03-06 00:00:00-05:00,12.3100004196167,12.869999885559082,12.25,12.59000015258789,572500,0.0,0.0
2014-03-07 00:00:00-05:00,12.619999885559082,12.640000343322754,12.180000305175781,12.510000228881836,473500,0.0,0.0
2014-03-10 00:00:00-04:00,12.40999984741211,12.40999984741211,12.0,12.050000190734863,742200,0.0,0.0
2014-03-11 00:00:00-04:00,12.069999694824219,12.470000267028809,12.010000228881836,12.399999618530273,849700,0.0,0.0
2014-03-12 00:00:00-04:00,12.350000381469727,12.720000267028809,12.279999732971191,12.609999656677246,643300,0.0,0.0
2014-03-13 00:00:00-04:00,12.670000076293945,12.729999542236328,12.170000076293945,12.390000343322754,635600,0.0,0.0
2014-03-14 00:00:00-04:00,12.359999656677246,12.449999809265137,12.25,12.369999885559082,598900,0.0,0.0
2014-03-17 00:00:00-04:00,12.4399995803833,12.619999885559082,12.279999732971191,12.59000015258789,643500,0.0,0.0
2014-03-18 00:00:00-04:00,12.649999618530273,13.119999885559082,12.489999771118164,13.050000190734863,818500,0.0,0.0
2014-03-19 00:00:00-04:00,13.029999732971191,13.09000015258789,12.760000228881836,12.880000114440918,733300,0.0,0.0
2014-03-20 00:00:00-04:00,12.800000190734863,12.9399995803833,12.569999694824219,12.619999885559082,910300,0.0,0.0
2014-03-21 00:00:00-04:00,12.710000038146973,13.029999732971191,12.470000267028809,12.489999771118164,1192800,0.0,0.0
2014-03-24 00:00:00-04:00,12.550000190734863,12.789999961853027,12.350000381469727,12.430000305175781,774400,0.0,0.0
2014-03-25 00:00:00-04:00,12.5600004196167,12.8100004196167,12.460000038146973,12.729999542236328,605600,0.0,0.0
2014-03-26 00:00:00-04:00,12.84000015258789,12.84000015258789,11.9399995803833,11.949999809265137,843000,0.0,0.0
2014-03-27 00:00:00-04:00,12.170000076293945,12.720000267028809,11.960000038146973,12.65999984741211,929800,0.0,0.0
2014-03-28 00:00:00-04:00,12.760000228881836,13.369999885559082,12.760000228881836,12.90999984741211,907800,0.0,0.0
2014-03-31 00:00:00-04:00,13.069999694824219,13.260000228881836,12.84000015258789,13.210000038146973,1146600,0.0,0.0
2014-04-01 00:00:00-04:00,13.220000267028809,13.600000381469727,13.140000343322754,13.380000114440918,593500,0.0,0.0
2014-04-02 00:00:00-04:00,13.350000381469727,13.550000190734863,12.880000114440918,13.449999809265137,728600,0.0,0.0
2014-04-03 00:00:00-04:00,13.430000305175781,13.479999542236328,13.229999542236328,13.350000381469727,500300,0.0,0.0
2014-04-04 00:00:00-04:00,13.460000038146973,13.609999656677246,13.0600004196167,13.079999923706055,494100,0.0,0.0
2014-04-07 00:00:00-04:00,13.079999923706055,13.760000228881836,12.630000114440918,12.859999656677246,1336100,0.0,0.0
2014-04-08 00:00:00-04:00,12.880000114440918,13.25,12.880000114440918,13.010000228881836,566300,0.0,0.0
2014-04-09 00:00:00-04:00,13.220000267028809,13.859999656677246,13.100000381469727,13.819999694824219,711200,0.0,0.0
2014-04-10 00:00:00-04:00,13.829999923706055,13.850000381469727,12.979999542236328,13.140000343322754,658300,0.0,0.0
2014-04-11 00:00:00-04:00,13.020000457763672,13.3100004196167,12.930000305175781,13.079999923706055,520800,0.0,0.0
2014-04-14 00:00:00-04:00,13.15999984741211,13.569999694824219,12.949999809265137,13.319999694824219,574300,0.0,0.0
2014-04-15 00:00:00-04:00,13.25,13.4399995803833,12.770000457763672,13.390000343322754,807500,0.0,0.0
2014-04-16 00:00:00-04:00,13.520000457763672,13.880000114440918,13.369999885559082,13.850000381469727,728400,0.0,0.0
2014-04-17 00:00:00-04:00,13.869999885559082,14.180000305175781,13.770000457763672,14.079999923706055,611300,0.0,0.0
2014-04-21 00:00:00-04:00,14.039999961853027,14.119999885559082,13.390000343322754,13.760000228881836,789800,0.0,0.0
2014-04-22 00:00:00-04:00,13.75,14.239999771118164,13.520000457763672,14.0,860200,0.0,0.0
2014-04-23 00:00:00-04:00,13.930000305175781,13.979999542236328,13.5600004196167,13.800000190734863,767300,0.0,0.0
2014-04-24 00:00:00-04:00,13.90999984741211,14.0,13.609999656677246,13.800000190734863,658100,0.0,0.0
2014-04-25 00:00:00-04:00,13.270000457763672,13.960000038146973,13.100000381469727,13.75,1007000,0.0,0.0
2014-04-28 00:00:00-04:00,13.760000228881836,13.859999656677246,13.380000114440918,13.640000343322754,606100,0.0,0.0
2014-04-29 00:00:00-04:00,13.75,14.0,13.579999923706055,13.949999809265137,634400,0.0,0.0
2014-04-30 00:00:00-04:00,13.930000305175781,14.069999694824219,13.65999984741211,13.75,736000,0.0,0.0
2014-05-01 00:00:00-04:00,13.710000038146973,14.229999542236328,13.65999984741211,14.130000114440918,667600,0.0,0.0
2014-05-02 00:00:00-04:00,14.1899995803833,14.640000343322754,14.100000381469727,14.289999961853027,598100,0.0,0.0
2014-05-05 00:00:00-04:00,14.220000267028809,14.319999694824219,13.720000267028809,14.239999771118164,530800,0.0,0.0
2014-05-06 00:00:00-04:00,14.229999542236328,14.270000457763672,13.800000190734863,13.819999694824219,501200,0.0,0.0
2014-05-07 00:00:00-04:00,14.020000457763672,14.140000343322754,13.670000076293945,14.130000114440918,524100,0.0,0.0
2014-05-08 00:00:00-04:00,14.0,14.279999732971191,13.670000076293945,13.800000190734863,530300,0.0,0.0
2014-05-09 00:00:00-04:00,13.760000228881836,13.819999694824219,13.5600004196167,13.800000190734863,534300,0.0,0.0
2014-05-12 00:00:00-04:00,13.930000305175781,14.800000190734863,13.930000305175781,14.510000228881836,730100,0.0,0.0
2014-05-13 00:00:00-04:00,14.520000457763672,14.59000015258789,14.180000305175781,14.270000457763672,589300,0.0,0.0
2014-05-14 00:00:00-04:00,14.300000190734863,14.329999923706055,13.930000305175781,13.9399995803833,399000,0.0,0.0
2014-05-15 00:00:00-04:00,13.890000343322754,13.960000038146973,13.380000114440918,13.720000267028809,572100,0.0,0.0
2014-05-16 00:00:00-04:00,13.6899995803833,14.010000228881836,13.390000343322754,14.0,667500,0.0,0.0
2014-05-19 00:00:00-04:00,13.880000114440918,14.130000114440918,13.84000015258789,13.9399995803833,358200,0.0,0.0
2014-05-20 00:00:00-04:00,13.859999656677246,13.890000343322754,13.260000228881836,13.329999923706055,749000,0.0,0.0
2014-05-21 00:00:00-04:00,13.470000267028809,13.550000190734863,13.210000038146973,13.40999984741211,377800,0.0,0.0
2014-05-22 00:00:00-04:00,13.489999771118164,13.569999694824219,13.329999923706055,13.350000381469727,284500,0.0,0.0
2014-05-23 00:00:00-04:00,13.289999961853027,13.970000267028809,13.289999961853027,13.84000015258789,460700,0.0,0.0
2014-05-27 00:00:00-04:00,13.890000343322754,14.119999885559082,13.729999542236328,13.850000381469727,454600,0.0,0.0
2014-05-28 00:00:00-04:00,13.789999961853027,13.800000190734863,13.4399995803833,13.550000190734863,356600,0.0,0.0
2014-05-29 00:00:00-04:00,13.5600004196167,13.9399995803833,13.460000038146973,13.779999732971191,490800,0.0,0.0
2014-05-30 00:00:00-04:00,13.75,13.850000381469727,13.550000190734863,13.649999618530273,421900,0.0,0.0
2014-06-02 00:00:00-04:00,14.09000015258789,14.430000305175781,13.850000381469727,13.930000305175781,1039500,0.0,0.0
2014-06-03 00:00:00-04:00,13.90999984741211,14.050000190734863,13.770000457763672,13.970000267028809,425500,0.0,0.0
2014-06-04 00:00:00-04:00,13.90999984741211,14.399999618530273,13.789999961853027,14.300000190734863,716800,0.0,0.0
2014-06-05 00:00:00-04:00,14.34000015258789,14.739999771118164,14.069999694824219,14.600000381469727,609600,0.0,0.0
2014-06-06 00:00:00-04:00,14.680000305175781,14.930000305175781,14.510000228881836,14.920000076293945,485900,0.0,0.0
2014-06-09 00:00:00-04:00,14.949999809265137,15.470000267028809,14.859999656677246,15.170000076293945,763100,0.0,0.0
2014-06-10 00:00:00-04:00,15.109999656677246,15.279999732971191,14.800000190734863,14.90999984741211,490200,0.0,0.0
2014-06-11 00:00:00-04:00,14.829999923706055,14.970000267028809,14.649999618530273,14.729999542236328,503200,0.0,0.0
2014-06-12 00:00:00-04:00,14.630000114440918,14.829999923706055,14.550000190734863,14.680000305175781,415200,0.0,0.0
2014-06-13 00:00:00-04:00,14.729999542236328,15.5,14.6899995803833,15.449999809265137,649200,0.0,0.0
2014-06-16 00:00:00-04:00,15.40999984741211,15.430000305175781,14.90999984741211,15.0,539200,0.0,0.0
2014-06-17 00:00:00-04:00,14.859999656677246,15.579999923706055,14.859999656677246,15.5600004196167,587800,0.0,0.0
2014-06-18 00:00:00-04:00,15.529999732971191,15.65999984741211,15.15999984741211,15.569999694824219,555100,0.0,0.0
2014-06-19 00:00:00-04:00,15.6899995803833,15.8100004196167,15.390000343322754,15.569999694824219,402700,0.0,0.0
2014-06-20 00:00:00-04:00,15.670000076293945,15.800000190734863,15.479999542236328,15.59000015258789,651300,0.0,0.0
2014-06-23 00:00:00-04:00,15.6899995803833,15.819999694824219,15.640000343322754,15.75,381300,0.0,0.0
2014-06-24 00:00:00-04:00,15.649999618530273,15.9399995803833,15.199999809265137,15.350000381469727,574600,0.0,0.0
2014-06-25 00:00:00-04:00,15.300000190734863,15.529999732971191,15.149999618530273,15.40999984741211,301200,0.0,0.0
2014-06-26 00:00:00-04:00,15.5,15.720000267028809,15.239999771118164,15.579999923706055,448200,0.0,0.0
2014-06-27 00:00:00-04:00,15.430000305175781,15.8100004196167,15.430000305175781,15.720000267028809,562300,0.0,0.0
2014-06-30 00:00:00-04:00,15.670000076293945,15.699999809265137,15.300000190734863,15.680000305175781,401600,0.0,0.0
2014-07-01 00:00:00-04:00,15.779999732971191,16.290000915527344,15.770000457763672,16.010000228881836,670000,0.0,0.0
2014-07-02 00:00:00-04:00,16.010000228881836,16.389999389648438,16.010000228881836,16.239999771118164,396800,0.0,0.0
2014-07-03 00:00:00-04:00,16.280000686645508,16.6200008392334,16.280000686645508,16.479999542236328,314600,0.0,0.0
2014-07-07 00:00:00-04:00,16.799999237060547,16.799999237060547,16.34000015258789,16.440000534057617,568900,0.0,0.0
2014-07-08 00:00:00-04:00,16.399999618530273,16.639999389648438,16.299999237060547,16.5,596400,0.0,0.0
2014-07-09 00:00:00-04:00,16.610000610351562,17.170000076293945,16.610000610351562,16.889999389648438,1165200,0.0,0.0
2014-07-10 00:00:00-04:00,16.479999542236328,17.170000076293945,16.3700008392334,16.799999237060547,844900,0.0,0.0
2014-07-11 00:00:00-04:00,16.65999984741211,17.350000381469727,16.59000015258789,17.219999313354492,683100,0.0,0.0
2014-07-14 00:00:00-04:00,17.489999771118164,17.5,17.149999618530273,17.469999313354492,643800,0.0,0.0
2014-07-15 00:00:00-04:00,17.510000228881836,17.700000762939453,17.25,17.579999923706055,946300,0.0,0.0
2014-07-16 00:00:00-04:00,17.770000457763672,18.010000228881836,17.610000610351562,17.920000076293945,1006800,0.0,0.0
2014-07-17 00:00:00-04:00,17.739999771118164,18.040000915527344,17.56999969482422,17.6200008392334,852800,0.0,0.0
2014-07-18 00:00:00-04:00,17.649999618530273,17.93000030517578,17.59000015258789,17.889999389648438,628500,0.0,0.0
2014-07-21 00:00:00-04:00,17.829999923706055,18.100000381469727,17.780000686645508,18.049999237060547,707800,0.0,0.0
2014-07-22 00:00:00-04:00,18.209999084472656,18.940000534057617,18.149999618530273,18.760000228881836,897700,0.0,0.0
2014-07-23 00:00:00-04:00,18.799999237060547,18.920000076293945,18.40999984741211,18.59000015258789,935800,0.0,0.0
2014-07-24 00:00:00-04:00,18.670000076293945,18.81999969482422,18.299999237060547,18.3700008392334,584600,0.0,0.0
2014-07-25 00:00:00-04:00,18.360000610351562,18.360000610351562,18.059999465942383,18.1299991607666,640100,0.0,0.0
2014-07-28 00:00:00-04:00,18.170000076293945,18.440000534057617,17.520000457763672,18.389999389648438,953600,0.0,0.0
2014-07-29 00:00:00-04:00,18.440000534057617,18.75,18.389999389648438,18.549999237060547,590100,0.0,0.0
2014-07-30 00:00:00-04:00,18.75,18.790000915527344,18.25,18.479999542236328,876300,0.0,0.0
2014-07-31 00:00:00-04:00,18.799999237060547,19.790000915527344,18.309999465942383,18.799999237060547,1644000,0.0,0.0
2014-08-01 00:00:00-04:00,18.709999084472656,19.940000534057617,18.690000534057617,19.8799991607666,2037100,0.0,0.0
2014-08-04 00:00:00-04:00,20.0,21.059999465942383,19.780000686645508,20.969999313354492,2091400,0.0,0.0
2014-08-05 00:00:00-04:00,20.899999618530273,21.079999923706055,20.309999465942383,20.5,1615700,0.0,0.0
2014-08-06 00:00:00-04:00,20.420000076293945,21.040000915527344,20.420000076293945,20.899999618530273,1114900,0.0,0.0
2014-08-07 00:00:00-04:00,20.8799991607666,21.020000457763672,20.420000076293945,20.559999465942383,831800,0.0,0.0
2014-08-08 00:00:00-04:00,20.469999313354492,20.959999084472656,20.350000381469727,20.6299991607666,597300,0.0,0.0
2014-08-11 00:00:00-04:00,20.940000534057617,21.3799991607666,20.68000030517578,21.260000228881836,1016700,0.0,0.0
2014-08-12 00:00:00-04:00,21.229999542236328,21.579999923706055,20.81999969482422,21.5,973500,0.0,0.0
2014-08-13 00:00:00-04:00,21.6200008392334,22.110000610351562,21.450000762939453,21.530000686645508,827000,0.0,0.0
2014-08-14 00:00:00-04:00,21.579999923706055,21.6299991607666,21.010000228881836,21.1299991607666,1013700,0.0,0.0
2014-08-15 00:00:00-04:00,21.360000610351562,21.510000228881836,21.059999465942383,21.139999389648438,598700,0.0,0.0
2014-08-18 00:00:00-04:00,21.34000015258789,21.68000030517578,21.079999923706055,21.600000381469727,673700,0.0,0.0
2014-08-19 00:00:00-04:00,21.719999313354492,21.719999313354492,21.34000015258789,21.559999465942383,754000,0.0,0.0
2014-08-20 00:00:00-04:00,21.549999237060547,22.690000534057617,21.5,22.530000686645508,1457900,0.0,0.0
2014-08-21 00:00:00-04:00,22.579999923706055,22.709999084472656,22.010000228881836,22.219999313354492,987100,0.0,0.0
2014-08-22 00:00:00-04:00,22.25,22.709999084472656,21.979999542236328,22.579999923706055,677200,0.0,0.0
2014-08-25 00:00:00-04:00,22.8799991607666,23.389999389648438,22.399999618530273,23.290000915527344,1255000,0.0,0.0
2014-08-26 00:00:00-04:00,23.420000076293945,24.15999984741211,23.290000915527344,23.979999542236328,1469800,0.0,0.0
2014-08-27 00:00:00-04:00,24.15999984741211,24.65999984741211,23.690000534057617,24.639999389648438,2589000,0.0,0.0
2014-08-28 00:00:00-04:00,24.399999618530273,24.899999618530273,23.75,24.610000610351562,2001600,0.0,0.0
2014-08-29 00:00:00-04:00,24.649999618530273,24.989999771118164,24.579999923706055,24.979999542236328,1001300,0.0,0.0
2014-09-02 00:00:00-04:00,25.649999618530273,27.3799991607666,25.6200008392334,26.969999313354492,2992100,0.0,0.0
2014-09-03 00:00:00-04:00,27.399999618530273,27.809999465942383,27.079999923706055,27.440000534057617,2247700,0.0,0.0
2014-09-04 00:00:00-04:00,27.549999237060547,28.6200008392334,27.25,28.079999923706055,2575500,0.0,0.0
2014-09-05 00:00:00-04:00,28.100000381469727,29.540000915527344,28.100000381469727,29.280000686645508,2889700,0.0,0.0
2014-09-08 00:00:00-04:00,29.299999237060547,29.299999237060547,28.260000228881836,28.469999313354492,2483500,0.0,0.0
2014-09-09 00:00:00-04:00,28.5,28.799999237060547,27.65999984741211,28.709999084472656,1663600,0.0,0.0
2014-09-10 00:00:00-04:00,28.790000915527344,28.829999923706055,26.389999389648438,27.260000228881836,2791500,0.0,0.0
2014-09-11 00:00:00-04:00,27.030000686645508,27.739999771118164,27.010000228881836,27.649999618530273,1549300,0.0,0.0
2014-09-12 00:00:00-04:00,27.600000381469727,28.059999465942383,27.3799991607666,27.600000381469727,1203400,0.0,0.0
2014-09-15 00:00:00-04:00,27.530000686645508,27.600000381469727,25.799999237060547,26.290000915527344,1642800,0.0,0.0
2014-09-16 00:00:00-04:00,26.010000228881836,27.190000534057617,25.65999984741211,26.959999084472656,1398500,0.0,0.0
2014-09-17 00:00:00-04:00,27.25,27.6299991607666,27.0,27.170000076293945,844400,0.0,0.0
2014-09-18 00:00:00-04:00,27.31999969482422,27.549999237060547,26.850000381469727,26.940000534057617,1078600,0.0,0.0
2014-09-19 00:00:00-04:00,27.1200008392334,27.309999465942383,26.100000381469727,26.510000228881836,1279100,0.0,0.0
2014-09-22 00:00:00-04:00,26.260000228881836,26.260000228881836,24.799999237060547,25.139999389648438,1792800,0.0,0.0
2014-09-23 00:00:00-04:00,25.010000228881836,25.809999465942383,24.969999313354492,25.139999389648438,852700,0.0,0.0
2014-09-24 00:00:00-04:00,25.260000228881836,26.059999465942383,24.520000457763672,25.920000076293945,1379800,0.0,0.0
2014-09-25 00:00:00-04:00,25.719999313354492,26.059999465942383,24.280000686645508,24.389999389648438,1662200,0.0,0.0
2014-09-26 00:00:00-04:00,24.540000915527344,25.09000015258789,24.40999984741211,24.56999969482422,992200,0.0,0.0
2014-09-29 00:00:00-04:00,24.209999084472656,24.639999389648438,23.649999618530273,23.860000610351562,1330400,0.0,0.0
2014-09-30 00:00:00-04:00,24.850000381469727,26.489999771118164,24.760000228881836,25.969999313354492,2432800,0.0,0.0
2014-10-01 00:00:00-04:00,26.110000610351562,26.34000015258789,24.020000457763672,24.229999542236328,1801400,0.0,0.0
2014-10-02 00:00:00-04:00,24.260000228881836,24.540000915527344,22.56999969482422,23.440000534057617,1986900,0.0,0.0
2014-10-03 00:00:00-04:00,23.600000381469727,24.520000457763672,23.520000457763672,24.190000534057617,1624400,0.0,0.0
2014-10-06 00:00:00-04:00,24.420000076293945,25.5,24.040000915527344,24.56999969482422,1235600,0.0,0.0
2014-10-07 00:00:00-04:00,24.31999969482422,24.43000030517578,23.690000534057617,23.790000915527344,982300,0.0,0.0
2014-10-08 00:00:00-04:00,23.600000381469727,24.18000030517578,22.850000381469727,24.149999618530273,995800,0.0,0.0
2014-10-09 00:00:00-04:00,24.399999618530273,24.5,23.079999923706055,23.459999084472656,1729600,0.0,0.0
2014-10-10 00:00:00-04:00,23.3799991607666,23.690000534057617,22.020000457763672,22.549999237060547,1269100,0.0,0.0
2014-10-13 00:00:00-04:00,22.639999389648438,23.440000534057617,21.600000381469727,21.709999084472656,1492800,0.0,0.0
2014-10-14 00:00:00-04:00,22.020000457763672,22.829999923706055,21.549999237060547,22.1299991607666,1087200,0.0,0.0
2014-10-15 00:00:00-04:00,21.690000534057617,23.100000381469727,20.790000915527344,22.760000228881836,1666100,0.0,0.0
2014-10-16 00:00:00-04:00,21.940000534057617,23.579999923706055,21.709999084472656,23.3799991607666,1027200,0.0,0.0
2014-10-17 00:00:00-04:00,23.950000762939453,25.1299991607666,23.8700008392334,24.299999237060547,1168000,0.0,0.0
2014-10-20 00:00:00-04:00,24.25,24.84000015258789,24.100000381469727,24.600000381469727,915600,0.0,0.0
2014-10-21 00:00:00-04:00,24.829999923706055,27.049999237060547,24.719999313354492,26.110000610351562,1996100,0.0,0.0
2014-10-22 00:00:00-04:00,26.1299991607666,26.68000030517578,25.520000457763672,25.829999923706055,1010700,0.0,0.0
2014-10-23 00:00:00-04:00,26.420000076293945,26.920000076293945,25.780000686645508,26.459999084472656,2561000,0.0,0.0
2014-10-24 00:00:00-04:00,26.600000381469727,28.170000076293945,26.31999969482422,28.100000381469727,1559100,0.0,0.0
2014-10-27 00:00:00-04:00,27.850000381469727,27.850000381469727,26.6200008392334,26.899999618530273,1212300,0.0,0.0
2014-10-28 00:00:00-04:00,27.31999969482422,27.65999984741211,26.950000762939453,27.209999084472656,1539800,0.0,0.0
2014-10-29 00:00:00-04:00,27.40999984741211,27.56999969482422,26.899999618530273,27.149999618530273,1161500,0.0,0.0
2014-10-30 00:00:00-04:00,26.110000610351562,28.209999084472656,24.68000030517578,28.1299991607666,1872700,0.0,0.0
2014-10-31 00:00:00-04:00,28.510000228881836,29.600000381469727,27.809999465942383,29.280000686645508,1782100,0.0,0.0
2014-11-03 00:00:00-05:00,29.110000610351562,29.440000534057617,28.510000228881836,29.40999984741211,1256000,0.0,0.0
2014-11-04 00:00:00-05:00,29.200000762939453,29.239999771118164,27.299999237060547,28.0,1566900,0.0,0.0
2014-11-05 00:00:00-05:00,28.229999542236328,28.270000457763672,26.889999389648438,27.110000610351562,1253700,0.0,0.0
2014-11-06 00:00:00-05:00,27.06999969482422,27.93000030517578,26.700000762939453,27.860000610351562,1003900,0.0,0.0
2014-11-07 00:00:00-05:00,27.940000534057617,28.579999923706055,27.770000457763672,28.139999389648438,1144100,0.0,0.0
2014-11-10 00:00:00-05:00,28.299999237060547,28.510000228881836,26.860000610351562,27.31999969482422,1084200,0.0,0.0
2014-11-11 00:00:00-05:00,27.139999389648438,27.520000457763672,26.8799991607666,27.440000534057617,853200,0.0,0.0
2014-11-12 00:00:00-05:00,27.350000381469727,27.84000015258789,26.829999923706055,27.760000228881836,700200,0.0,0.0
2014-11-13 00:00:00-05:00,27.75,28.0,27.170000076293945,27.559999465942383,833600,0.0,0.0
2014-11-14 00:00:00-05:00,27.43000030517578,27.81999969482422,26.68000030517578,27.530000686645508,804100,0.0,0.0
2014-11-17 00:00:00-05:00,27.459999084472656,27.81999969482422,26.770000457763672,27.09000015258789,944500,0.0,0.0
2014-11-18 00:00:00-05:00,27.489999771118164,29.18000030517578,27.030000686645508,27.899999618530273,1863700,0.0,0.0
2014-11-19 00:00:00-05:00,27.770000457763672,28.06999969482422,26.329999923706055,26.690000534057617,1126100,0.0,0.0
2014-11-20 00:00:00-05:00,26.489999771118164,27.3799991607666,26.280000686645508,27.270000457763672,819900,0.0,0.0
2014-11-21 00:00:00-05:00,27.899999618530273,29.06999969482422,27.610000610351562,27.84000015258789,1427300,0.0,0.0
2014-11-24 00:00:00-05:00,28.110000610351562,28.6200008392334,27.75,27.799999237060547,966900,0.0,0.0
2014-11-25 00:00:00-05:00,28.059999465942383,30.40999984741211,28.059999465942383,29.459999084472656,2432700,0.0,0.0
2014-11-26 00:00:00-05:00,29.68000030517578,31.200000762939453,29.190000534057617,31.100000381469727,2062400,0.0,0.0
2014-11-28 00:00:00-05:00,31.68000030517578,31.75,27.510000228881836,27.649999618530273,2034400,0.0,0.0
2014-12-01 00:00:00-05:00,27.600000381469727,27.709999084472656,25.84000015258789,27.639999389648438,2007600,0.0,0.0
2014-12-02 00:00:00-05:00,27.469999313354492,28.200000762939453,27.09000015258789,27.479999542236328,1244800,0.0,0.0
2014-12-03 00:00:00-05:00,27.479999542236328,28.34000015258789,26.969999313354492,27.15999984741211,1303900,0.0,0.0
2014-12-04 00:00:00-05:00,27.100000381469727,27.510000228881836,26.579999923706055,26.709999084472656,1041700,0.0,0.0
2014-12-05 00:00:00-05:00,26.579999923706055,27.34000015258789,26.25,26.309999465942383,881700,0.0,0.0
2014-12-08 00:00:00-05:00,26.06999969482422,26.25,24.8700008392334,25.06999969482422,1593800,0.0,0.0
2014-12-09 00:00:00-05:00,24.56999969482422,25.8700008392334,24.139999389648438,25.489999771118164,1495200,0.0,0.0
2014-12-10 00:00:00-05:00,25.479999542236328,25.540000915527344,24.700000762939453,24.850000381469727,989200,0.0,0.0
2014-12-11 00:00:00-05:00,24.889999389648438,25.100000381469727,22.889999389648438,22.989999771118164,1834100,0.0,0.0
2014-12-12 00:00:00-05:00,22.459999084472656,23.329999923706055,22.1299991607666,22.18000030517578,1380000,0.0,0.0
2014-12-15 00:00:00-05:00,22.6200008392334,22.6200008392334,21.90999984741211,22.1200008392334,1152400,0.0,0.0
2014-12-16 00:00:00-05:00,21.709999084472656,22.979999542236328,21.649999618530273,22.219999313354492,1400800,0.0,0.0
2014-12-17 00:00:00-05:00,22.190000534057617,24.309999465942383,22.15999984741211,24.110000610351562,1614100,0.0,0.0
2014-12-18 00:00:00-05:00,24.700000762939453,25.030000686645508,23.790000915527344,24.489999771118164,1073800,0.0,0.0
2014-12-19 00:00:00-05:00,24.510000228881836,25.100000381469727,24.059999465942383,24.729999542236328,1823600,0.0,0.0
2014-12-22 00:00:00-05:00,24.780000686645508,25.219999313354492,24.280000686645508,24.940000534057617,912200,0.0,0.0
2014-12-23 00:00:00-05:00,24.8799991607666,25.299999237060547,24.6200008392334,24.649999618530273,2374700,0.0,0.0
2014-12-24 00:00:00-05:00,24.68000030517578,25.1299991607666,24.15999984741211,25.0,330000,0.0,0.0
2014-12-26 00:00:00-05:00,25.170000076293945,25.56999969482422,24.899999618530273,25.020000457763672,430000,0.0,0.0
2014-12-29 00:00:00-05:00,25.15999984741211,25.3799991607666,24.520000457763672,24.610000610351562,579200,0.0,0.0
2014-12-30 00:00:00-05:00,24.459999084472656,25.09000015258789,24.190000534057617,24.420000076293945,737100,0.0,0.0
2014-12-31 00:00:00-05:00,24.420000076293945,25.059999465942383,24.280000686645508,24.399999618530273,937700,0.0,0.0
2015-01-02 00:00:00-05:00,24.520000457763672,24.850000381469727,24.200000762939453,24.65999984741211,643500,0.0,0.0
2015-01-05 00:00:00-05:00,24.389999389648438,24.450000762939453,22.93000030517578,23.110000610351562,830000,0.0,0.0
2015-01-06 00:00:00-05:00,22.959999084472656,23.219999313354492,22.18000030517578,22.329999923706055,1266300,0.0,0.0
2015-01-07 00:00:00-05:00,22.6299991607666,23.31999969482422,22.309999465942383,22.360000610351562,1528200,0.0,0.0
2015-01-08 00:00:00-05:00,22.600000381469727,23.610000610351562,22.219999313354492,23.43000030517578,1394100,0.0,0.0
2015-01-09 00:00:00-05:00,23.399999618530273,23.920000076293945,23.139999389648438,23.860000610351562,697000,0.0,0.0
2015-01-12 00:00:00-05:00,23.979999542236328,23.979999542236328,22.729999542236328,23.760000228881836,880200,0.0,0.0
2015-01-13 00:00:00-05:00,24.350000381469727,24.399999618530273,22.079999923706055,22.799999237060547,1207400,0.0,0.0
2015-01-14 00:00:00-05:00,22.139999389648438,22.139999389648438,20.059999465942383,21.020000457763672,1760100,0.0,0.0
2015-01-15 00:00:00-05:00,21.25,21.979999542236328,21.149999618530273,21.15999984741211,782400,0.0,0.0
2015-01-16 00:00:00-05:00,21.239999771118164,21.979999542236328,21.1299991607666,21.899999618530273,741400,0.0,0.0
2015-01-20 00:00:00-05:00,21.899999618530273,22.739999771118164,21.850000381469727,22.389999389648438,1049100,0.0,0.0
2015-01-21 00:00:00-05:00,22.360000610351562,23.770000457763672,22.350000381469727,23.59000015258789,917700,0.0,0.0
2015-01-22 00:00:00-05:00,23.780000686645508,25.100000381469727,23.5,24.84000015258789,1406200,0.0,0.0
2015-01-23 00:00:00-05:00,23.540000915527344,23.93000030517578,22.31999969482422,23.600000381469727,1820400,0.0,0.0
2015-01-26 00:00:00-05:00,23.649999618530273,24.229999542236328,23.469999313354492,23.579999923706055,1107300,0.0,0.0
2015-01-27 00:00:00-05:00,23.100000381469727,23.760000228881836,22.829999923706055,23.670000076293945,887700,0.0,0.0
2015-01-28 00:00:00-05:00,23.700000762939453,23.959999084472656,22.84000015258789,22.889999389648438,1342400,0.0,0.0
2015-01-29 00:00:00-05:00,22.889999389648438,23.920000076293945,22.520000457763672,23.90999984741211,892700,0.0,0.0
2015-01-30 00:00:00-05:00,23.579999923706055,23.8700008392334,22.68000030517578,23.110000610351562,956000,0.0,0.0
2015-02-02 00:00:00-05:00,23.219999313354492,23.93000030517578,22.899999618530273,23.850000381469727,858700,0.0,0.0
2015-02-03 00:00:00-05:00,24.700000762939453,25.299999237060547,24.280000686645508,25.1200008392334,997300,0.0,0.0
2015-02-04 00:00:00-05:00,24.90999984741211,25.559999465942383,24.600000381469727,25.309999465942383,671900,0.0,0.0
2015-02-05 00:00:00-05:00,25.510000228881836,26.969999313354492,25.280000686645508,26.850000381469727,988400,0.0,0.0
2015-02-06 00:00:00-05:00,26.75,26.850000381469727,24.93000030517578,25.270000457763672,1622800,0.0,0.0
2015-02-09 00:00:00-05:00,23.040000915527344,24.0,22.729999542236328,23.0,1589800,0.0,0.0
2015-02-10 00:00:00-05:00,23.170000076293945,23.200000762939453,22.290000915527344,22.84000015258789,960800,0.0,0.0
2015-02-11 00:00:00-05:00,22.59000015258789,22.81999969482422,21.700000762939453,22.239999771118164,903900,0.0,0.0
2015-02-12 00:00:00-05:00,22.729999542236328,23.399999618530273,22.610000610351562,23.270000457763672,892700,0.0,0.0
2015-02-13 00:00:00-05:00,23.5,23.8700008392334,22.719999313354492,23.100000381469727,849600,0.0,0.0
2015-02-17 00:00:00-05:00,23.049999237060547,23.06999969482422,22.56999969482422,22.770000457763672,847500,0.0,0.0
2015-02-18 00:00:00-05:00,22.510000228881836,22.920000076293945,22.299999237060547,22.459999084472656,682000,0.0,0.0
2015-02-19 00:00:00-05:00,22.170000076293945,22.469999313354492,21.739999771118164,22.15999984741211,1051400,0.0,0.0
2015-02-20 00:00:00-05:00,22.190000534057617,22.450000762939453,21.760000228881836,22.15999984741211,735000,0.0,0.0
2015-02-23 00:00:00-05:00,21.889999389648438,22.149999618530273,21.520000457763672,22.059999465942383,570100,0.0,0.0
2015-02-24 00:00:00-05:00,22.100000381469727,22.489999771118164,21.899999618530273,22.15999984741211,953200,0.0,0.0
2015-02-25 00:00:00-05:00,22.020000457763672,22.020000457763672,19.110000610351562,19.299999237060547,4223900,0.0,0.0
2015-02-26 00:00:00-05:00,19.25,20.0,19.219999313354492,19.68000030517578,1669000,0.0,0.0
2015-02-27 00:00:00-05:00,19.739999771118164,19.739999771118164,18.959999084472656,18.969999313354492,2844800,0.0,0.0
2015-03-02 00:00:00-05:00,19.280000686645508,20.200000762939453,19.020000457763672,20.079999923706055,1832100,0.0,0.0
2015-03-03 00:00:00-05:00,20.40999984741211,20.420000076293945,19.559999465942383,19.790000915527344,2121600,0.0,0.0
2015-03-04 00:00:00-05:00,18.450000762939453,18.450000762939453,16.5,16.510000228881836,5679900,0.0,0.0
2015-03-05 00:00:00-05:00,16.139999389648438,16.520000457763672,15.609999656677246,16.489999771118164,3382900,0.0,0.0
2015-03-06 00:00:00-05:00,16.739999771118164,16.93000030517578,15.960000038146973,16.079999923706055,2673000,0.0,0.0
2015-03-09 00:00:00-04:00,15.510000228881836,15.789999961853027,15.25,15.40999984741211,3698900,0.0,0.0
2015-03-10 00:00:00-04:00,15.010000228881836,15.390000343322754,14.59000015258789,14.850000381469727,2967800,0.0,0.0
2015-03-11 00:00:00-04:00,14.979999542236328,15.520000457763672,14.470000267028809,14.770000457763672,3442700,0.0,0.0
2015-03-12 00:00:00-04:00,14.899999618530273,15.15999984741211,14.569999694824219,14.829999923706055,2279100,0.0,0.0
2015-03-13 00:00:00-04:00,14.539999961853027,14.899999618530273,13.630000114440918,14.359999656677246,3725100,0.0,0.0
2015-03-16 00:00:00-04:00,14.399999618530273,14.520000457763672,13.859999656677246,14.1899995803833,2217000,0.0,0.0
2015-03-17 00:00:00-04:00,14.069999694824219,14.329999923706055,13.739999771118164,13.859999656677246,1905600,0.0,0.0
2015-03-18 00:00:00-04:00,13.680000305175781,14.729999542236328,13.630000114440918,14.609999656677246,3050300,0.0,0.0
2015-03-19 00:00:00-04:00,14.5,14.5,13.880000114440918,14.15999984741211,1687300,0.0,0.0
2015-03-20 00:00:00-04:00,14.350000381469727,14.529999732971191,13.9399995803833,14.039999961853027,2658000,0.0,0.0
2015-03-23 00:00:00-04:00,14.050000190734863,14.640000343322754,13.970000267028809,14.300000190734863,1740500,0.0,0.0
2015-03-24 00:00:00-04:00,13.399999618530273,13.920000076293945,12.869999885559082,13.899999618530273,3589300,0.0,0.0
2015-03-25 00:00:00-04:00,13.949999809265137,14.319999694824219,13.90999984741211,14.260000228881836,1893000,0.0,0.0
2015-03-26 00:00:00-04:00,14.289999961853027,14.859999656677246,14.069999694824219,14.569999694824219,2599000,0.0,0.0
2015-03-27 00:00:00-04:00,14.449999809265137,14.59000015258789,14.130000114440918,14.15999984741211,1284300,0.0,0.0
2015-03-30 00:00:00-04:00,14.270000457763672,14.779999732971191,14.199999809265137,14.539999961853027,1622900,0.0,0.0
2015-03-31 00:00:00-04:00,14.380000114440918,14.390000343322754,13.609999656677246,13.800000190734863,3170400,0.0,0.0
2015-04-01 00:00:00-04:00,13.670000076293945,14.279999732971191,13.210000038146973,14.119999885559082,3229000,0.0,0.0
2015-04-02 00:00:00-04:00,14.020000457763672,14.630000114440918,13.779999732971191,14.029999732971191,2825800,0.0,0.0
2015-04-06 00:00:00-04:00,14.0,14.670000076293945,13.960000038146973,14.579999923706055,2245300,0.0,0.0
2015-04-07 00:00:00-04:00,14.529999732971191,14.800000190734863,14.229999542236328,14.260000228881836,1631400,0.0,0.0
2015-04-08 00:00:00-04:00,14.529999732971191,14.720000267028809,14.130000114440918,14.289999961853027,2546100,0.0,0.0
2015-04-09 00:00:00-04:00,14.119999885559082,14.170000076293945,13.279999732971191,13.65999984741211,4504200,0.0,0.0
2015-04-10 00:00:00-04:00,13.84000015258789,13.84000015258789,13.369999885559082,13.489999771118164,2134500,0.0,0.0
2015-04-13 00:00:00-04:00,13.460000038146973,13.550000190734863,13.210000038146973,13.369999885559082,2831900,0.0,0.0
2015-04-14 00:00:00-04:00,13.369999885559082,13.680000305175781,13.319999694824219,13.489999771118164,2982300,0.0,0.0
2015-04-15 00:00:00-04:00,13.739999771118164,13.979999542236328,13.569999694824219,13.579999923706055,3809300,0.0,0.0
2015-04-16 00:00:00-04:00,13.619999885559082,13.779999732971191,13.289999961853027,13.34000015258789,3352300,0.0,0.0
2015-04-17 00:00:00-04:00,13.1899995803833,13.59000015258789,13.15999984741211,13.449999809265137,1838400,0.0,0.0
2015-04-20 00:00:00-04:00,13.510000228881836,13.779999732971191,13.449999809265137,13.529999732971191,1406800,0.0,0.0
2015-04-21 00:00:00-04:00,13.520000457763672,13.680000305175781,13.079999923706055,13.109999656677246,1296700,0.0,0.0
2015-04-22 00:00:00-04:00,13.170000076293945,13.399999618530273,13.050000190734863,13.279999732971191,1656100,0.0,0.0
2015-04-23 00:00:00-04:00,12.9399995803833,13.020000457763672,12.350000381469727,12.9399995803833,2940800,0.0,0.0
2015-04-24 00:00:00-04:00,12.9399995803833,13.430000305175781,12.899999618530273,13.039999961853027,1275900,0.0,0.0
2015-04-27 00:00:00-04:00,13.09000015258789,13.579999923706055,13.039999961853027,13.399999618530273,2674300,0.0,0.0
2015-04-28 00:00:00-04:00,13.449999809265137,13.84000015258789,13.180000305175781,13.239999771118164,2040300,0.0,0.0
2015-04-29 00:00:00-04:00,13.199999809265137,13.300000190734863,12.90999984741211,13.100000381469727,1933900,0.0,0.0
2015-04-30 00:00:00-04:00,12.989999771118164,13.140000343322754,12.600000381469727,12.890000343322754,3138800,0.0,0.0
2015-05-01 00:00:00-04:00,13.729999542236328,14.979999542236328,13.4399995803833,14.600000381469727,7615000,0.0,0.0
2015-05-04 00:00:00-04:00,14.520000457763672,14.739999771118164,14.229999542236328,14.329999923706055,3079300,0.0,0.0
2015-05-05 00:00:00-04:00,14.40999984741211,14.5600004196167,13.960000038146973,14.319999694824219,2606300,0.0,0.0
2015-05-06 00:00:00-04:00,14.3100004196167,14.449999809265137,13.25,13.539999961853027,3098600,0.0,0.0
2015-05-07 00:00:00-04:00,13.4399995803833,13.630000114440918,13.029999732971191,13.350000381469727,2366900,0.0,0.0
2015-05-08 00:00:00-04:00,13.600000381469727,13.989999771118164,13.300000190734863,13.930000305175781,2931700,0.0,0.0
2015-05-11 00:00:00-04:00,13.970000267028809,14.350000381469727,13.9399995803833,14.069999694824219,2537500,0.0,0.0
2015-05-12 00:00:00-04:00,14.029999732971191,14.199999809265137,13.739999771118164,14.15999984741211,2817900,0.0,0.0
2015-05-13 00:00:00-04:00,14.15999984741211,14.739999771118164,14.140000343322754,14.239999771118164,2300200,0.0,0.0
2015-05-14 00:00:00-04:00,14.359999656677246,14.739999771118164,14.09000015258789,14.170000076293945,1813200,0.0,0.0
2015-05-15 00:00:00-04:00,14.079999923706055,14.140000343322754,13.670000076293945,13.789999961853027,1922700,0.0,0.0
2015-05-18 00:00:00-04:00,13.720000267028809,13.779999732971191,13.449999809265137,13.720000267028809,1962700,0.0,0.0
2015-05-19 00:00:00-04:00,13.75,13.779999732971191,13.0,13.09000015258789,2033900,0.0,0.0
2015-05-20 00:00:00-04:00,13.229999542236328,13.229999542236328,12.520000457763672,12.609999656677246,2354800,0.0,0.0
2015-05-21 00:00:00-04:00,12.609999656677246,13.050000190734863,12.609999656677246,12.970000267028809,2089200,0.0,0.0
2015-05-22 00:00:00-04:00,12.920000076293945,13.069999694824219,12.680000305175781,12.729999542236328,1690700,0.0,0.0
2015-05-26 00:00:00-04:00,12.640000343322754,12.640000343322754,12.130000114440918,12.279999732971191,1794000,0.0,0.0
2015-05-27 00:00:00-04:00,12.279999732971191,12.420000076293945,12.09000015258789,12.289999961853027,1371600,0.0,0.0
2015-05-28 00:00:00-04:00,12.15999984741211,12.15999984741211,11.010000228881836,11.510000228881836,4636500,0.0,0.0
2015-05-29 00:00:00-04:00,11.4399995803833,11.470000267028809,11.109999656677246,11.180000305175781,3038900,0.0,0.0
2015-06-01 00:00:00-04:00,11.15999984741211,11.729999542236328,10.670000076293945,11.729999542236328,7162000,0.0,0.0
2015-06-02 00:00:00-04:00,11.760000228881836,12.600000381469727,11.680000305175781,12.210000038146973,3292000,0.0,0.0
2015-06-03 00:00:00-04:00,12.149999618530273,12.779999732971191,12.069999694824219,12.399999618530273,3275200,0.0,0.0
2015-06-04 00:00:00-04:00,12.279999732971191,12.380000114440918,11.899999618530273,12.0,2103800,0.0,0.0
2015-06-05 00:00:00-04:00,11.880000114440918,11.989999771118164,11.539999961853027,11.670000076293945,1774200,0.0,0.0
2015-06-08 00:00:00-04:00,11.649999618530273,11.800000190734863,11.25,11.289999961853027,1440900,0.0,0.0
2015-06-09 00:00:00-04:00,11.300000190734863,11.920000076293945,11.289999961853027,11.609999656677246,2203100,0.0,0.0
2015-06-10 00:00:00-04:00,11.789999961853027,11.920000076293945,11.449999809265137,11.59000015258789,1528300,0.0,0.0
2015-06-11 00:00:00-04:00,11.579999923706055,11.739999771118164,11.149999618530273,11.25,1459900,0.0,0.0
2015-06-12 00:00:00-04:00,11.510000228881836,11.890000343322754,11.40999984741211,11.670000076293945,1662600,0.0,0.0
2015-06-15 00:00:00-04:00,11.5,11.65999984741211,11.210000038146973,11.350000381469727,1545200,0.0,0.0
2015-06-16 00:00:00-04:00,11.329999923706055,11.539999961853027,11.130000114440918,11.40999984741211,1190500,0.0,0.0
2015-06-17 00:00:00-04:00,11.350000381469727,11.600000381469727,11.010000228881836,11.149999618530273,1762200,0.0,0.0
2015-06-18 00:00:00-04:00,11.229999542236328,11.489999771118164,11.0600004196167,11.460000038146973,2208000,0.0,0.0
2015-06-19 00:00:00-04:00,11.489999771118164,11.529999732971191,11.15999984741211,11.170000076293945,1772000,0.0,0.0
2015-06-22 00:00:00-04:00,11.260000228881836,11.369999885559082,11.050000190734863,11.289999961853027,1058700,0.0,0.0
2015-06-23 00:00:00-04:00,11.289999961853027,11.850000381469727,11.289999961853027,11.850000381469727,1861000,0.0,0.0
2015-06-24 00:00:00-04:00,11.859999656677246,11.880000114440918,11.180000305175781,11.25,2003200,0.0,0.0
2015-06-25 00:00:00-04:00,11.279999732971191,11.3100004196167,10.880000114440918,10.890000343322754,1841100,0.0,0.0
2015-06-26 00:00:00-04:00,10.90999984741211,11.319999694824219,10.789999961853027,11.300000190734863,2375300,0.0,0.0
2015-06-29 00:00:00-04:00,11.0,11.15999984741211,10.529999732971191,10.579999923706055,2448400,0.0,0.0
2015-06-30 00:00:00-04:00,10.760000228881836,10.84000015258789,10.130000114440918,10.430000305175781,2210400,0.0,0.0
2015-07-01 00:00:00-04:00,10.460000038146973,10.59000015258789,9.920000076293945,10.119999885559082,2135600,0.0,0.0
2015-07-02 00:00:00-04:00,10.1899995803833,10.430000305175781,10.130000114440918,10.420000076293945,2286300,0.0,0.0
2015-07-06 00:00:00-04:00,10.229999542236328,10.34000015258789,9.630000114440918,9.770000457763672,3026700,0.0,0.0
2015-07-07 00:00:00-04:00,9.630000114440918,10.100000381469727,9.350000381469727,9.920000076293945,3185900,0.0,0.0
2015-07-08 00:00:00-04:00,9.779999732971191,10.069999694824219,9.430000305175781,9.449999809265137,3063600,0.0,0.0
2015-07-09 00:00:00-04:00,9.75,10.029999732971191,9.699999809265137,9.859999656677246,2644100,0.0,0.0
2015-07-10 00:00:00-04:00,10.140000343322754,10.15999984741211,9.729999542236328,9.75,1597700,0.0,0.0
2015-07-13 00:00:00-04:00,9.819999694824219,10.149999618530273,9.600000381469727,10.100000381469727,1493600,0.0,0.0
2015-07-14 00:00:00-04:00,10.0,10.069999694824219,9.699999809265137,9.850000381469727,1602200,0.0,0.0
2015-07-15 00:00:00-04:00,9.859999656677246,9.90999984741211,9.430000305175781,9.520000457763672,1191600,0.0,0.0
2015-07-16 00:00:00-04:00,9.619999885559082,9.729999542236328,9.420000076293945,9.489999771118164,1516100,0.0,0.0
2015-07-17 00:00:00-04:00,9.470000267028809,9.609999656677246,9.3100004196167,9.539999961853027,1619100,0.0,0.0
2015-07-20 00:00:00-04:00,9.479999542236328,9.479999542236328,9.09000015258789,9.15999984741211,1651400,0.0,0.0
2015-07-21 00:00:00-04:00,9.069999694824219,9.479999542236328,9.069999694824219,9.210000038146973,2369700,0.0,0.0
2015-07-22 00:00:00-04:00,9.050000190734863,9.34000015258789,8.649999618530273,9.109999656677246,2142400,0.0,0.0
2015-07-23 00:00:00-04:00,9.170000076293945,9.260000228881836,8.609999656677246,8.65999984741211,2068100,0.0,0.0
2015-07-24 00:00:00-04:00,8.579999923706055,8.65999984741211,7.940000057220459,8.619999885559082,3559700,0.0,0.0
2015-07-27 00:00:00-04:00,8.579999923706055,9.109999656677246,8.399999618530273,8.529999732971191,1796000,0.0,0.0
2015-07-28 00:00:00-04:00,8.600000381469727,9.600000381469727,8.600000381469727,9.550000190734863,3006300,0.0,0.0
2015-07-29 00:00:00-04:00,9.550000190734863,10.029999732971191,9.25,9.930000305175781,2625900,0.0,0.0
2015-07-30 00:00:00-04:00,9.880000114440918,10.020000457763672,9.279999732971191,9.369999885559082,2734800,0.0,0.0
2015-07-31 00:00:00-04:00,9.479999542236328,9.720000267028809,9.239999771118164,9.319999694824219,1654300,0.0,0.0
2015-08-03 00:00:00-04:00,9.25,9.359999656677246,8.680000305175781,8.880000114440918,2099300,0.0,0.0
2015-08-04 00:00:00-04:00,8.960000038146973,9.199999809265137,8.390000343322754,8.390000343322754,4016000,0.0,0.0
2015-08-05 00:00:00-04:00,8.569999694824219,9.119999885559082,8.279999732971191,8.3100004196167,3717600,0.0,0.0
2015-08-06 00:00:00-04:00,8.229999542236328,8.579999923706055,8.010000228881836,8.220000267028809,3644100,0.0,0.0
2015-08-07 00:00:00-04:00,7.099999904632568,7.420000076293945,5.119999885559082,5.179999828338623,14682000,0.0,0.0
2015-08-10 00:00:00-04:00,5.199999809265137,6.360000133514404,5.199999809265137,6.309999942779541,7804800,0.0,0.0
2015-08-11 00:00:00-04:00,5.869999885559082,6.329999923706055,5.659999847412109,6.269999980926514,5849500,0.0,0.0
2015-08-12 00:00:00-04:00,6.190000057220459,6.389999866485596,5.960000038146973,6.21999979019165,4349300,0.0,0.0
2015-08-13 00:00:00-04:00,6.159999847412109,6.239999771118164,5.739999771118164,5.860000133514404,3171200,0.0,0.0
2015-08-14 00:00:00-04:00,5.900000095367432,6.159999847412109,5.869999885559082,6.070000171661377,2154500,0.0,0.0
2015-08-17 00:00:00-04:00,6.0,6.099999904632568,5.760000228881836,5.829999923706055,2496200,0.0,0.0
2015-08-18 00:00:00-04:00,5.599999904632568,5.659999847412109,5.099999904632568,5.320000171661377,5125300,0.0,0.0
2015-08-19 00:00:00-04:00,5.309999942779541,5.309999942779541,5.0,5.059999942779541,2930600,0.0,0.0
2015-08-20 00:00:00-04:00,5.099999904632568,5.409999847412109,5.099999904632568,5.230000019073486,2657400,0.0,0.0
2015-08-21 00:00:00-04:00,5.150000095367432,5.21999979019165,5.059999942779541,5.170000076293945,2757800,0.0,0.0
2015-08-24 00:00:00-04:00,4.739999771118164,5.079999923706055,4.579999923706055,4.599999904632568,2966700,0.0,0.0
2015-08-25 00:00:00-04:00,4.900000095367432,5.0,4.610000133514404,4.650000095367432,1983300,0.0,0.0
2015-08-26 00:00:00-04:00,4.489999771118164,4.630000114440918,4.070000171661377,4.369999885559082,2928200,0.0,0.0
2015-08-27 00:00:00-04:00,4.420000076293945,5.460000038146973,4.409999847412109,5.420000076293945,4505000,0.0,0.0
2015-08-28 00:00:00-04:00,5.190000057220459,5.590000152587891,5.179999828338623,5.510000228881836,3487000,0.0,0.0
2015-08-31 00:00:00-04:00,5.340000152587891,5.710000038146973,5.309999942779541,5.599999904632568,2442300,0.0,0.0
2015-09-01 00:00:00-04:00,5.429999828338623,5.559999942779541,5.25,5.320000171661377,2907500,0.0,0.0
2015-09-02 00:00:00-04:00,5.460000038146973,5.5,4.949999809265137,5.190000057220459,2795000,0.0,0.0
2015-09-03 00:00:00-04:00,5.130000114440918,5.480000019073486,5.079999923706055,5.239999771118164,2084000,0.0,0.0
2015-09-04 00:00:00-04:00,5.110000133514404,5.360000133514404,5.090000152587891,5.329999923706055,1670300,0.0,0.0
2015-09-08 00:00:00-04:00,5.449999809265137,5.599999904632568,5.309999942779541,5.420000076293945,1596800,0.0,0.0
2015-09-09 00:00:00-04:00,5.440000057220459,5.920000076293945,5.440000057220459,5.710000038146973,4175200,0.0,0.0
2015-09-10 00:00:00-04:00,5.590000152587891,5.71999979019165,5.5,5.630000114440918,2071200,0.0,0.0
2015-09-11 00:00:00-04:00,5.519999980926514,5.75,5.519999980926514,5.699999809265137,1418700,0.0,0.0
2015-09-14 00:00:00-04:00,5.610000133514404,5.699999809265137,5.21999979019165,5.269999980926514,1921500,0.0,0.0
2015-09-15 00:00:00-04:00,5.199999809265137,5.53000020980835,5.159999847412109,5.519999980926514,1829200,0.0,0.0
2015-09-16 00:00:00-04:00,5.5,5.800000190734863,5.480000019073486,5.730000019073486,1351500,0.0,0.0
2015-09-17 00:00:00-04:00,5.619999885559082,5.949999809265137,5.590000152587891,5.809999942779541,2162700,0.0,0.0
2015-09-18 00:00:00-04:00,5.730000019073486,5.940000057220459,5.610000133514404,5.630000114440918,5015800,0.0,0.0
2015-09-21 00:00:00-04:00,5.639999866485596,5.75,5.449999809265137,5.460000038146973,1665800,0.0,0.0
2015-09-22 00:00:00-04:00,5.230000019073486,5.440000057220459,5.119999885559082,5.28000020980835,2110600,0.0,0.0
2015-09-23 00:00:00-04:00,5.269999980926514,5.349999904632568,4.940000057220459,5.03000020980835,2001400,0.0,0.0
2015-09-24 00:00:00-04:00,4.900000095367432,5.170000076293945,4.860000133514404,5.059999942779541,1522600,0.0,0.0
2015-09-25 00:00:00-04:00,5.050000190734863,5.099999904632568,4.760000228881836,4.889999866485596,1711800,0.0,0.0
2015-09-28 00:00:00-04:00,4.840000152587891,4.840000152587891,4.610000133514404,4.650000095367432,1523900,0.0,0.0
2015-09-29 00:00:00-04:00,4.659999847412109,4.71999979019165,4.269999980926514,4.380000114440918,2872600,0.0,0.0
2015-09-30 00:00:00-04:00,4.480000019073486,4.659999847412109,4.309999942779541,4.599999904632568,3205400,0.0,0.0
2015-10-01 00:00:00-04:00,4.710000038146973,4.78000020980835,4.550000190734863,4.650000095367432,2747300,0.0,0.0
2015-10-02 00:00:00-04:00,4.610000133514404,4.690000057220459,4.489999771118164,4.639999866485596,1898300,0.0,0.0
2015-10-05 00:00:00-04:00,4.420000076293945,5.190000057220459,4.420000076293945,5.119999885559082,4693000,0.0,0.0
2015-10-06 00:00:00-04:00,5.050000190734863,5.650000095367432,5.050000190734863,5.599999904632568,3059400,0.0,0.0
2015-10-07 00:00:00-04:00,5.769999980926514,6.170000076293945,5.389999866485596,5.570000171661377,4849100,0.0,0.0
2015-10-08 00:00:00-04:00,5.599999904632568,5.96999979019165,5.510000228881836,5.940000057220459,2485900,0.0,0.0
2015-10-09 00:00:00-04:00,6.010000228881836,7.210000038146973,6.0,6.929999828338623,7765000,0.0,0.0
2015-10-12 00:00:00-04:00,7.0,7.0,5.929999828338623,5.940000057220459,3761500,0.0,0.0
2015-10-13 00:00:00-04:00,6.03000020980835,6.230000019073486,5.570000171661377,5.909999847412109,2353900,0.0,0.0
2015-10-14 00:00:00-04:00,5.949999809265137,6.039999961853027,5.539999961853027,5.579999923706055,2574400,0.0,0.0
2015-10-15 00:00:00-04:00,5.519999980926514,5.679999828338623,5.340000152587891,5.53000020980835,4350700,0.0,0.0
2015-10-16 00:00:00-04:00,5.559999942779541,5.679999828338623,5.210000038146973,5.25,3649600,0.0,0.0
2015-10-19 00:00:00-04:00,5.150000095367432,5.239999771118164,4.929999828338623,4.940000057220459,3404200,0.0,0.0
2015-10-20 00:00:00-04:00,4.909999847412109,5.170000076293945,4.809999942779541,4.860000133514404,3648300,0.0,0.0
2015-10-21 00:00:00-04:00,4.860000133514404,4.880000114440918,4.590000152587891,4.630000114440918,3380600,0.0,0.0
2015-10-22 00:00:00-04:00,4.699999809265137,4.849999904632568,4.340000152587891,4.380000114440918,3382600,0.0,0.0
2015-10-23 00:00:00-04:00,4.519999980926514,4.610000133514404,4.289999961853027,4.480000019073486,2827700,0.0,0.0
2015-10-26 00:00:00-04:00,4.510000228881836,4.53000020980835,4.159999847412109,4.170000076293945,2701200,0.0,0.0
2015-10-27 00:00:00-04:00,4.150000095367432,4.25,3.880000114440918,3.950000047683716,4364300,0.0,0.0
2015-10-28 00:00:00-04:00,3.930000066757202,4.440000057220459,3.9100000858306885,4.139999866485596,4694100,0.0,0.0
2015-10-29 00:00:00-04:00,4.079999923706055,4.369999885559082,4.059999942779541,4.289999961853027,3605800,0.0,0.0
2015-10-30 00:00:00-04:00,3.75,3.799999952316284,3.190000057220459,3.619999885559082,12083200,0.0,0.0
2015-11-02 00:00:00-05:00,3.690000057220459,3.890000104904175,3.630000114440918,3.700000047683716,6065300,0.0,0.0
2015-11-03 00:00:00-05:00,3.7799999713897705,4.389999866485596,3.7799999713897705,4.28000020980835,6438900,0.0,0.0
2015-11-04 00:00:00-05:00,4.289999961853027,4.440000057220459,4.070000171661377,4.230000019073486,3541800,0.0,0.0
2015-11-05 00:00:00-05:00,4.21999979019165,4.429999828338623,4.070000171661377,4.389999866485596,4572400,0.0,0.0
2015-11-06 00:00:00-05:00,4.28000020980835,4.579999923706055,4.159999847412109,4.489999771118164,3960200,0.0,0.0
2015-11-09 00:00:00-05:00,4.170000076293945,4.269999980926514,3.990000009536743,4.039999961853027,3604900,0.0,0.0
2015-11-10 00:00:00-05:00,3.9600000381469727,4.010000228881836,3.7100000381469727,3.75,3061700,0.0,0.0
2015-11-11 00:00:00-05:00,3.890000104904175,3.890000104904175,3.4200000762939453,3.490000009536743,4354900,0.0,0.0
2015-11-12 00:00:00-05:00,3.4000000953674316,3.809999942779541,3.359999895095825,3.7200000286102295,3235800,0.0,0.0
2015-11-13 00:00:00-05:00,3.690000057220459,3.8499999046325684,3.609999895095825,3.640000104904175,2168600,0.0,0.0
2015-11-16 00:00:00-05:00,3.630000114440918,3.8499999046325684,3.5899999141693115,3.799999952316284,2269200,0.0,0.0
2015-11-17 00:00:00-05:00,3.799999952316284,3.799999952316284,3.4800000190734863,3.4800000190734863,2048100,0.0,0.0
2015-11-18 00:00:00-05:00,3.5799999237060547,3.7100000381469727,3.5,3.680000066757202,2106800,0.0,0.0
2015-11-19 00:00:00-05:00,3.6500000953674316,3.75,3.4600000381469727,3.619999885559082,3537300,0.0,0.0
2015-11-20 00:00:00-05:00,3.6600000858306885,3.799999952316284,3.509999990463257,3.5299999713897705,2894100,0.0,0.0
2015-11-23 00:00:00-05:00,3.640000104904175,3.740000009536743,3.490000009536743,3.5999999046325684,1715600,0.0,0.0
2015-11-24 00:00:00-05:00,3.619999885559082,3.9200000762939453,3.619999885559082,3.9100000858306885,1897800,0.0,0.0
2015-11-25 00:00:00-05:00,3.8499999046325684,4.150000095367432,3.8399999141693115,3.990000009536743,1706600,0.0,0.0
2015-11-27 00:00:00-05:00,3.930000066757202,4.059999942779541,3.7899999618530273,3.819999933242798,1067900,0.0,0.0
2015-11-30 00:00:00-05:00,3.8299999237060547,3.9100000858306885,3.700000047683716,3.7300000190734863,1332900,0.0,0.0
2015-12-01 00:00:00-05:00,3.759999990463257,4.150000095367432,3.759999990463257,4.059999942779541,2363700,0.0,0.0
2015-12-02 00:00:00-05:00,3.9800000190734863,4.090000152587891,3.859999895095825,3.930000066757202,1696600,0.0,0.0
2015-12-03 00:00:00-05:00,3.9600000381469727,4.039999961853027,3.759999990463257,3.7699999809265137,1465700,0.0,0.0
2015-12-04 00:00:00-05:00,3.759999990463257,3.869999885559082,3.6600000858306885,3.819999933242798,1554000,0.0,0.0
2015-12-07 00:00:00-05:00,3.7100000381469727,3.859999895095825,3.5199999809265137,3.619999885559082,2883600,0.0,0.0
2015-12-08 00:00:00-05:00,3.5,3.569999933242798,3.369999885559082,3.369999885559082,1561300,0.0,0.0
2015-12-09 00:00:00-05:00,3.4600000381469727,3.549999952316284,3.240000009536743,3.299999952316284,1976100,0.0,0.0
2015-12-10 00:00:00-05:00,3.359999895095825,3.4700000286102295,3.299999952316284,3.450000047683716,1815200,0.0,0.0
2015-12-11 00:00:00-05:00,3.3499999046325684,3.450000047683716,3.200000047683716,3.440000057220459,2828900,0.0,0.0
2015-12-14 00:00:00-05:00,3.4200000762939453,3.690000057220459,3.380000114440918,3.6700000762939453,3679800,0.0,0.0
2015-12-15 00:00:00-05:00,3.700000047683716,3.8499999046325684,3.5399999618530273,3.7100000381469727,3030600,0.0,0.0
2015-12-16 00:00:00-05:00,3.75,3.930000066757202,3.7200000286102295,3.8299999237060547,2257700,0.0,0.0
2015-12-17 00:00:00-05:00,3.759999990463257,3.8499999046325684,3.509999990463257,3.5399999618530273,1650200,0.0,0.0
2015-12-18 00:00:00-05:00,3.5399999618530273,3.8299999237060547,3.5399999618530273,3.819999933242798,4459300,0.0,0.0
2015-12-21 00:00:00-05:00,3.880000114440918,4.010000228881836,3.75,3.940000057220459,1678700,0.0,0.0
2015-12-22 00:00:00-05:00,3.9100000858306885,4.25,3.809999942779541,4.230000019073486,2773900,0.0,0.0
2015-12-23 00:00:00-05:00,4.360000133514404,4.78000020980835,4.329999923706055,4.710000038146973,3057900,0.0,0.0
2015-12-24 00:00:00-05:00,4.71999979019165,4.849999904632568,4.570000171661377,4.75,1247000,0.0,0.0
2015-12-28 00:00:00-05:00,4.659999847412109,4.75,4.269999980926514,4.610000133514404,1750600,0.0,0.0
2015-12-29 00:00:00-05:00,4.650000095367432,4.75,4.550000190734863,4.699999809265137,1532700,0.0,0.0
2015-12-30 00:00:00-05:00,4.590000152587891,4.849999904632568,4.559999942779541,4.789999961853027,2242800,0.0,0.0
2015-12-31 00:00:00-05:00,4.769999980926514,4.869999885559082,4.420000076293945,4.420000076293945,1770800,0.0,0.0
2016-01-04 00:00:00-05:00,4.289999961853027,4.53000020980835,3.9700000286102295,4.53000020980835,2823500,0.0,0.0
2016-01-05 00:00:00-05:00,4.550000190734863,4.599999904632568,4.25,4.289999961853027,1787400,0.0,0.0
2016-01-06 00:00:00-05:00,4.199999809265137,4.230000019073486,3.859999895095825,3.950000047683716,3253300,0.0,0.0
2016-01-07 00:00:00-05:00,3.7799999713897705,3.9700000286102295,3.6500000953674316,3.9700000286102295,4514400,0.0,0.0
2016-01-08 00:00:00-05:00,4.0,4.039999961853027,3.5199999809265137,3.549999952316284,3632200,0.0,0.0
2016-01-11 00:00:00-05:00,3.619999885559082,3.700000047683716,3.2200000286102295,3.259999990463257,2057900,0.0,0.0
2016-01-12 00:00:00-05:00,3.259999990463257,3.3299999237060547,2.799999952316284,2.9800000190734863,3131200,0.0,0.0
2016-01-13 00:00:00-05:00,3.0199999809265137,3.109999895095825,2.759999990463257,2.799999952316284,2819300,0.0,0.0
2016-01-14 00:00:00-05:00,2.7899999618530273,3.059999942779541,2.630000114440918,3.049999952316284,2989700,0.0,0.0
2016-01-15 00:00:00-05:00,2.8399999141693115,3.059999942779541,2.819999933242798,3.049999952316284,2668100,0.0,0.0
2016-01-19 00:00:00-05:00,3.130000114440918,3.200000047683716,2.950000047683716,3.049999952316284,2812200,0.0,0.0
2016-01-20 00:00:00-05:00,2.9600000381469727,3.309999942779541,2.8399999141693115,3.25,2934800,0.0,0.0
2016-01-21 00:00:00-05:00,3.2300000190734863,3.5199999809265137,3.180000066757202,3.4200000762939453,2201400,0.0,0.0
2016-01-22 00:00:00-05:00,3.569999933242798,3.740000009536743,3.2899999618530273,3.569999933242798,4031500,0.0,0.0
2016-01-25 00:00:00-05:00,3.509999990463257,3.700000047683716,3.200000047683716,3.2300000190734863,1868500,0.0,0.0
2016-01-26 00:00:00-05:00,3.309999942779541,3.5399999618530273,3.2100000381469727,3.4800000190734863,1138000,0.0,0.0
2016-01-27 00:00:00-05:00,3.430000066757202,3.799999952316284,3.4100000858306885,3.6500000953674316,2004000,0.0,0.0
2016-01-28 00:00:00-05:00,3.7699999809265137,4.099999904632568,3.509999990463257,3.9800000190734863,3578800,0.0,0.0
2016-01-29 00:00:00-05:00,4.010000228881836,4.730000019073486,3.990000009536743,4.71999979019165,5116500,0.0,0.0
2016-02-01 00:00:00-05:00,4.570000171661377,4.690000057220459,4.28000020980835,4.360000133514404,2508600,0.0,0.0
2016-02-02 00:00:00-05:00,4.230000019073486,4.300000190734863,4.010000228881836,4.070000171661377,1695400,0.0,0.0
2016-02-03 00:00:00-05:00,4.159999847412109,4.440000057220459,3.9000000953674316,4.389999866485596,3324100,0.0,0.0
2016-02-04 00:00:00-05:00,4.480000019073486,5.880000114440918,4.480000019073486,4.860000133514404,6563100,0.0,0.0
2016-02-05 00:00:00-05:00,4.760000228881836,5.119999885559082,4.440000057220459,4.559999942779541,3778400,0.0,0.0
2016-02-08 00:00:00-05:00,4.400000095367432,5.070000171661377,4.329999923706055,4.800000190734863,3283300,0.0,0.0
2016-02-09 00:00:00-05:00,4.690000057220459,4.78000020980835,4.320000171661377,4.409999847412109,1801500,0.0,0.0
2016-02-10 00:00:00-05:00,4.380000114440918,4.550000190734863,4.170000076293945,4.28000020980835,1500800,0.0,0.0
2016-02-11 00:00:00-05:00,4.269999980926514,4.289999961853027,3.9600000381469727,4.170000076293945,2180900,0.0,0.0
2016-02-12 00:00:00-05:00,4.239999771118164,4.679999828338623,4.21999979019165,4.510000228881836,2454500,0.0,0.0
2016-02-16 00:00:00-05:00,4.579999923706055,4.880000114440918,4.53000020980835,4.679999828338623,2722100,0.0,0.0
2016-02-17 00:00:00-05:00,4.789999961853027,5.5,4.71999979019165,5.25,3430400,0.0,0.0
2016-02-18 00:00:00-05:00,5.300000190734863,5.360000133514404,4.869999885559082,5.179999828338623,2966700,0.0,0.0
2016-02-19 00:00:00-05:00,5.329999923706055,6.5,5.230000019073486,5.960000038146973,7537300,0.0,0.0
2016-02-22 00:00:00-05:00,6.159999847412109,7.300000190734863,6.159999847412109,7.21999979019165,9604800,0.0,0.0
2016-02-23 00:00:00-05:00,6.829999923706055,6.869999885559082,6.019999980926514,6.099999904632568,6191500,0.0,0.0
2016-02-24 00:00:00-05:00,5.909999847412109,6.380000114440918,5.869999885559082,6.369999885559082,3359800,0.0,0.0
2016-02-25 00:00:00-05:00,6.300000190734863,6.900000095367432,6.159999847412109,6.789999961853027,3648500,0.0,0.0
2016-02-26 00:00:00-05:00,7.0,7.449999809265137,6.690000057220459,6.769999980926514,4318800,0.0,0.0
2016-02-29 00:00:00-05:00,6.909999847412109,7.329999923706055,6.809999942779541,7.150000095367432,3287800,0.0,0.0
2016-03-01 00:00:00-05:00,7.320000171661377,7.400000095367432,6.800000190734863,7.210000038146973,2326900,0.0,0.0
2016-03-02 00:00:00-05:00,7.21999979019165,8.0,7.21999979019165,7.829999923706055,4495700,0.0,0.0
2016-03-03 00:00:00-05:00,7.769999980926514,8.279999732971191,7.630000114440918,8.050000190734863,4809800,0.0,0.0
2016-03-04 00:00:00-05:00,8.180000305175781,8.9399995803833,8.069999694824219,8.289999961853027,4337400,0.0,0.0
2016-03-07 00:00:00-05:00,8.3100004196167,8.789999961853027,8.149999618530273,8.4399995803833,4055900,0.0,0.0
2016-03-08 00:00:00-05:00,8.15999984741211,8.300000190734863,7.340000152587891,7.480000019073486,3411100,0.0,0.0
2016-03-09 00:00:00-05:00,7.96999979019165,7.96999979019165,7.130000114440918,7.510000228881836,2563000,0.0,0.0
2016-03-10 00:00:00-05:00,7.46999979019165,7.849999904632568,7.260000228881836,7.820000171661377,2994100,0.0,0.0
2016-03-11 00:00:00-05:00,7.940000057220459,8.020000457763672,7.260000228881836,7.369999885559082,2509300,0.0,0.0
2016-03-14 00:00:00-04:00,7.21999979019165,7.590000152587891,7.070000171661377,7.300000190734863,3014200,0.0,0.0
2016-03-15 00:00:00-04:00,7.110000133514404,7.269999980926514,6.71999979019165,6.96999979019165,2931200,0.0,0.0
2016-03-16 00:00:00-04:00,6.900000095367432,7.650000095367432,6.820000171661377,7.539999961853027,2344100,0.0,0.0
2016-03-17 00:00:00-04:00,7.639999866485596,8.09000015258789,7.360000133514404,8.029999732971191,2577300,0.0,0.0
2016-03-18 00:00:00-04:00,8.130000114440918,8.550000190734863,7.539999961853027,7.590000152587891,4518500,0.0,0.0
2016-03-21 00:00:00-04:00,7.539999961853027,7.590000152587891,7.099999904632568,7.380000114440918,2476700,0.0,0.0
2016-03-22 00:00:00-04:00,7.230000019073486,7.360000133514404,7.110000133514404,7.260000228881836,1635900,0.0,0.0
2016-03-23 00:00:00-04:00,7.099999904632568,7.239999771118164,6.630000114440918,6.670000076293945,2987000,0.0,0.0
2016-03-24 00:00:00-04:00,6.599999904632568,6.940000057220459,6.360000133514404,6.929999828338623,1984000,0.0,0.0
2016-03-28 00:00:00-04:00,6.989999771118164,7.28000020980835,6.730000019073486,7.090000152587891,1510200,0.0,0.0
2016-03-29 00:00:00-04:00,6.980000019073486,7.150000095367432,6.619999885559082,7.099999904632568,2369000,0.0,0.0
2016-03-30 00:00:00-04:00,7.239999771118164,7.579999923706055,7.139999866485596,7.239999771118164,2341600,0.0,0.0
2016-03-31 00:00:00-04:00,7.21999979019165,7.389999866485596,6.989999771118164,7.050000190734863,2002700,0.0,0.0
2016-04-01 00:00:00-04:00,6.889999866485596,7.269999980926514,6.849999904632568,7.159999847412109,1387300,0.0,0.0
2016-04-04 00:00:00-04:00,7.139999866485596,7.170000076293945,6.699999809265137,6.739999771118164,2634100,0.0,0.0
2016-04-05 00:00:00-04:00,6.659999847412109,6.900000095367432,6.619999885559082,6.619999885559082,1212300,0.0,0.0
2016-04-06 00:00:00-04:00,6.590000152587891,6.71999979019165,6.329999923706055,6.579999923706055,2181400,0.0,0.0
2016-04-07 00:00:00-04:00,6.449999809265137,6.769999980926514,6.28000020980835,6.400000095367432,3226600,0.0,0.0
2016-04-08 00:00:00-04:00,6.599999904632568,6.789999961853027,6.46999979019165,6.650000095367432,1260400,0.0,0.0
2016-04-11 00:00:00-04:00,6.800000190734863,7.25,6.739999771118164,6.989999771118164,2074100,0.0,0.0
2016-04-12 00:00:00-04:00,6.869999885559082,7.130000114440918,6.78000020980835,6.929999828338623,1749300,0.0,0.0
2016-04-13 00:00:00-04:00,7.099999904632568,7.539999961853027,7.050000190734863,7.170000076293945,3234300,0.0,0.0
2016-04-14 00:00:00-04:00,7.269999980926514,7.389999866485596,7.03000020980835,7.179999828338623,1515400,0.0,0.0
2016-04-15 00:00:00-04:00,7.099999904632568,7.53000020980835,7.050000190734863,7.28000020980835,1526000,0.0,0.0
2016-04-18 00:00:00-04:00,7.159999847412109,7.619999885559082,7.059999942779541,7.420000076293945,1752400,0.0,0.0
2016-04-19 00:00:00-04:00,7.630000114440918,8.779999732971191,7.610000133514404,8.479999542236328,5893700,0.0,0.0
2016-04-20 00:00:00-04:00,8.399999618530273,8.680000305175781,8.09000015258789,8.520000457763672,3642900,0.0,0.0
2016-04-21 00:00:00-04:00,8.640000343322754,8.800000190734863,8.220000267028809,8.369999885559082,2366000,0.0,0.0
2016-04-22 00:00:00-04:00,8.369999885559082,8.649999618530273,7.960000038146973,8.239999771118164,3811500,0.0,0.0
2016-04-25 00:00:00-04:00,8.149999618530273,8.34000015258789,8.0,8.319999694824219,2533900,0.0,0.0
2016-04-26 00:00:00-04:00,8.430000305175781,8.59000015258789,7.570000171661377,8.5600004196167,3602500,0.0,0.0
2016-04-27 00:00:00-04:00,8.470000267028809,9.239999771118164,8.470000267028809,9.210000038146973,3574400,0.0,0.0
2016-04-28 00:00:00-04:00,9.210000038146973,9.399999618530273,8.819999694824219,8.90999984741211,3020800,0.0,0.0
2016-04-29 00:00:00-04:00,9.140000343322754,9.270000457763672,8.5,8.819999694824219,3204900,0.0,0.0
2016-05-02 00:00:00-04:00,8.859999656677246,8.989999771118164,8.350000381469727,8.4399995803833,2485100,0.0,0.0
2016-05-03 00:00:00-04:00,8.34000015258789,8.34000015258789,7.760000228881836,7.849999904632568,3135400,0.0,0.0
2016-05-04 00:00:00-04:00,7.739999771118164,8.210000038146973,7.650000095367432,7.739999771118164,1582400,0.0,0.0
2016-05-05 00:00:00-04:00,7.829999923706055,7.989999771118164,7.460000038146973,7.480000019073486,2927100,0.0,0.0
2016-05-06 00:00:00-04:00,7.400000095367432,7.900000095367432,7.300000190734863,7.650000095367432,1984700,0.0,0.0
2016-05-09 00:00:00-04:00,7.389999866485596,7.449999809265137,6.760000228881836,6.769999980926514,2714300,0.0,0.0
2016-05-10 00:00:00-04:00,6.860000133514404,6.960000038146973,6.730000019073486,6.940000057220459,1229400,0.0,0.0
2016-05-11 00:00:00-04:00,7.0,7.21999979019165,6.730000019073486,6.96999979019165,1882700,0.0,0.0
2016-05-12 00:00:00-04:00,7.050000190734863,7.159999847412109,6.599999904632568,6.769999980926514,2060800,0.0,0.0
2016-05-13 00:00:00-04:00,6.71999979019165,6.920000076293945,6.539999961853027,6.539999961853027,1268500,0.0,0.0
2016-05-16 00:00:00-04:00,6.690000057220459,6.980000019073486,6.570000171661377,6.570000171661377,1583000,0.0,0.0
2016-05-17 00:00:00-04:00,6.610000133514404,6.889999866485596,6.440000057220459,6.789999961853027,2551500,0.0,0.0
2016-05-18 00:00:00-04:00,6.670000076293945,6.769999980926514,6.269999980926514,6.329999923706055,2420100,0.0,0.0
2016-05-19 00:00:00-04:00,6.21999979019165,6.5,6.099999904632568,6.420000076293945,1874100,0.0,0.0
2016-05-20 00:00:00-04:00,6.480000019073486,6.630000114440918,6.269999980926514,6.360000133514404,1505300,0.0,0.0
2016-05-23 00:00:00-04:00,6.309999942779541,6.599999904632568,6.25,6.510000228881836,1599300,0.0,0.0
2016-05-24 00:00:00-04:00,6.559999942779541,6.71999979019165,6.480000019073486,6.670000076293945,1584100,0.0,0.0
2016-05-25 00:00:00-04:00,6.75,6.960000038146973,6.699999809265137,6.809999942779541,1644600,0.0,0.0
2016-05-26 00:00:00-04:00,6.980000019073486,7.070000171661377,6.480000019073486,6.579999923706055,1660900,0.0,0.0
2016-05-27 00:00:00-04:00,6.570000171661377,6.699999809265137,6.460000038146973,6.599999904632568,1448100,0.0,0.0
2016-05-31 00:00:00-04:00,6.630000114440918,6.869999885559082,6.369999885559082,6.460000038146973,2222400,0.0,0.0
2016-06-01 00:00:00-04:00,6.360000133514404,6.449999809265137,6.150000095367432,6.239999771118164,2211100,0.0,0.0
2016-06-02 00:00:00-04:00,6.170000076293945,6.519999980926514,6.170000076293945,6.449999809265137,1449600,0.0,0.0
2016-06-03 00:00:00-04:00,6.539999961853027,6.820000171661377,6.480000019073486,6.769999980926514,1437600,0.0,0.0
2016-06-06 00:00:00-04:00,6.829999923706055,7.190000057220459,6.829999923706055,7.179999828338623,2159100,0.0,0.0
2016-06-07 00:00:00-04:00,7.159999847412109,7.349999904632568,7.010000228881836,7.25,1216200,0.0,0.0
2016-06-08 00:00:00-04:00,7.460000038146973,7.650000095367432,7.25,7.289999961853027,1532900,0.0,0.0
2016-06-09 00:00:00-04:00,7.139999866485596,7.289999961853027,6.75,6.840000152587891,2334500,0.0,0.0
2016-06-10 00:00:00-04:00,6.650000095367432,6.730000019073486,6.46999979019165,6.559999942779541,1347100,0.0,0.0
2016-06-13 00:00:00-04:00,6.489999771118164,6.599999904632568,6.25,6.389999866485596,2433000,0.0,0.0
2016-06-14 00:00:00-04:00,6.340000152587891,6.579999923706055,6.210000038146973,6.21999979019165,2134100,0.0,0.0
2016-06-15 00:00:00-04:00,6.300000190734863,6.860000133514404,6.300000190734863,6.539999961853027,2426900,0.0,0.0
2016-06-16 00:00:00-04:00,6.46999979019165,6.53000020980835,6.199999809265137,6.420000076293945,1482300,0.0,0.0
2016-06-17 00:00:00-04:00,6.510000228881836,6.679999828338623,6.429999828338623,6.510000228881836,1986500,0.0,0.0
2016-06-20 00:00:00-04:00,6.610000133514404,6.75,6.510000228881836,6.570000171661377,1535600,0.0,0.0
2016-06-21 00:00:00-04:00,6.570000171661377,6.570000171661377,6.25,6.489999771118164,1785500,0.0,0.0
2016-06-22 00:00:00-04:00,6.550000190734863,6.800000190734863,6.349999904632568,6.380000114440918,1270600,0.0,0.0
2016-06-23 00:00:00-04:00,6.550000190734863,6.940000057220459,6.409999847412109,6.889999866485596,2036100,0.0,0.0
2016-06-24 00:00:00-04:00,6.429999828338623,6.519999980926514,6.25,6.269999980926514,2524900,0.0,0.0
2016-06-27 00:00:00-04:00,6.139999866485596,6.199999809265137,5.639999866485596,5.860000133514404,2016400,0.0,0.0
2016-06-28 00:00:00-04:00,6.119999885559082,6.25,6.0,6.090000152587891,1157700,0.0,0.0
2016-06-29 00:00:00-04:00,6.239999771118164,6.25,5.980000019073486,6.059999942779541,1674100,0.0,0.0
2016-06-30 00:00:00-04:00,6.130000114440918,6.340000152587891,5.929999828338623,6.329999923706055,2418500,0.0,0.0
2016-07-01 00:00:00-04:00,6.320000171661377,6.949999809265137,6.210000038146973,6.889999866485596,2567600,0.0,0.0
2016-07-05 00:00:00-04:00,6.760000228881836,6.809999942779541,6.460000038146973,6.489999771118164,1754300,0.0,0.0
2016-07-06 00:00:00-04:00,6.420000076293945,6.849999904632568,6.420000076293945,6.539999961853027,1928500,0.0,0.0
2016-07-07 00:00:00-04:00,6.570000171661377,6.949999809265137,6.360000133514404,6.409999847412109,3085800,0.0,0.0
2016-07-08 00:00:00-04:00,6.510000228881836,6.940000057220459,6.480000019073486,6.929999828338623,2861000,0.0,0.0
2016-07-11 00:00:00-04:00,7.059999942779541,7.489999771118164,7.019999980926514,7.260000228881836,2155700,0.0,0.0
2016-07-12 00:00:00-04:00,7.550000190734863,8.039999961853027,7.489999771118164,8.0,3074200,0.0,0.0
2016-07-13 00:00:00-04:00,8.130000114440918,8.289999961853027,7.869999885559082,8.210000038146973,2012200,0.0,0.0
2016-07-14 00:00:00-04:00,8.329999923706055,8.449999809265137,8.0600004196167,8.300000190734863,1755100,0.0,0.0
2016-07-15 00:00:00-04:00,8.289999961853027,8.4399995803833,8.069999694824219,8.3100004196167,1787200,0.0,0.0
2016-07-18 00:00:00-04:00,8.220000267028809,8.220000267028809,7.909999847412109,8.039999961853027,1671000,0.0,0.0
2016-07-19 00:00:00-04:00,7.909999847412109,7.989999771118164,7.320000171661377,7.389999866485596,2231500,0.0,0.0
2016-07-20 00:00:00-04:00,7.25,7.349999904632568,7.059999942779541,7.170000076293945,2244500,0.0,0.0
2016-07-21 00:00:00-04:00,7.239999771118164,7.369999885559082,7.03000020980835,7.110000133514404,1827800,0.0,0.0
2016-07-22 00:00:00-04:00,7.050000190734863,7.139999866485596,6.900000095367432,6.989999771118164,1546200,0.0,0.0
2016-07-25 00:00:00-04:00,6.949999809265137,6.980000019073486,6.650000095367432,6.71999979019165,1603100,0.0,0.0
2016-07-26 00:00:00-04:00,6.659999847412109,7.050000190734863,6.619999885559082,6.900000095367432,1605200,0.0,0.0
2016-07-27 00:00:00-04:00,7.070000171661377,7.349999904632568,6.949999809265137,7.150000095367432,2914200,0.0,0.0
2016-07-28 00:00:00-04:00,7.059999942779541,7.130000114440918,6.880000114440918,7.059999942779541,1692700,0.0,0.0
2016-07-29 00:00:00-04:00,7.019999980926514,7.619999885559082,6.840000152587891,7.590000152587891,4224700,0.0,0.0
2016-08-01 00:00:00-04:00,7.599999904632568,7.690000057220459,7.010000228881836,7.110000133514404,2336900,0.0,0.0
2016-08-02 00:00:00-04:00,7.159999847412109,7.300000190734863,6.690000057220459,6.769999980926514,1733100,0.0,0.0
2016-08-03 00:00:00-04:00,6.71999979019165,7.110000133514404,6.570000171661377,7.090000152587891,2268900,0.0,0.0
2016-08-04 00:00:00-04:00,7.059999942779541,7.119999885559082,6.820000171661377,6.820000171661377,1395700,0.0,0.0
2016-08-05 00:00:00-04:00,6.860000133514404,7.019999980926514,6.820000171661377,6.900000095367432,1250000,0.0,0.0
2016-08-08 00:00:00-04:00,7.0,7.159999847412109,6.889999866485596,6.949999809265137,2316600,0.0,0.0
2016-08-09 00:00:00-04:00,6.929999828338623,6.980000019073486,6.78000020980835,6.929999828338623,2516600,0.0,0.0
2016-08-10 00:00:00-04:00,7.019999980926514,7.199999809265137,6.849999904632568,7.0,1720400,0.0,0.0
2016-08-11 00:00:00-04:00,7.03000020980835,7.21999979019165,6.929999828338623,7.139999866485596,1235800,0.0,0.0
2016-08-12 00:00:00-04:00,7.159999847412109,7.190000057220459,6.710000038146973,6.78000020980835,1799600,0.0,0.0
2016-08-15 00:00:00-04:00,6.829999923706055,7.300000190734863,6.800000190734863,7.090000152587891,1929700,0.0,0.0
2016-08-16 00:00:00-04:00,7.159999847412109,7.289999961853027,7.059999942779541,7.119999885559082,783300,0.0,0.0
2016-08-17 00:00:00-04:00,7.079999923706055,7.179999828338623,6.940000057220459,7.070000171661377,979600,0.0,0.0
2016-08-18 00:00:00-04:00,7.170000076293945,7.639999866485596,7.150000095367432,7.610000133514404,2393600,0.0,0.0
2016-08-19 00:00:00-04:00,7.489999771118164,7.610000133514404,7.210000038146973,7.349999904632568,1946800,0.0,0.0
2016-08-22 00:00:00-04:00,7.210000038146973,7.53000020980835,7.159999847412109,7.440000057220459,1319900,0.0,0.0
2016-08-23 00:00:00-04:00,7.539999961853027,7.789999961853027,7.480000019073486,7.550000190734863,1961800,0.0,0.0
2016-08-24 00:00:00-04:00,7.46999979019165,7.489999771118164,6.849999904632568,6.869999885559082,2761300,0.0,0.0
2016-08-25 00:00:00-04:00,6.889999866485596,6.96999979019165,6.659999847412109,6.769999980926514,3000600,0.0,0.0
2016-08-26 00:00:00-04:00,6.860000133514404,7.059999942779541,6.420000076293945,6.460000038146973,3455900,0.0,0.0
2016-08-29 00:00:00-04:00,6.400000095367432,6.730000019073486,6.360000133514404,6.630000114440918,1695300,0.0,0.0
2016-08-30 00:00:00-04:00,6.570000171661377,6.650000095367432,6.360000133514404,6.420000076293945,1378000,0.0,0.0
2016-08-31 00:00:00-04:00,6.349999904632568,6.349999904632568,6.119999885559082,6.28000020980835,1618100,0.0,0.0
2016-09-01 00:00:00-04:00,6.309999942779541,6.429999828338623,6.190000057220459,6.289999961853027,1273700,0.0,0.0
2016-09-02 00:00:00-04:00,6.420000076293945,6.489999771118164,6.179999828338623,6.210000038146973,1347200,0.0,0.0
2016-09-06 00:00:00-04:00,6.269999980926514,6.360000133514404,6.170000076293945,6.239999771118164,1345500,0.0,0.0
2016-09-07 00:00:00-04:00,6.210000038146973,6.369999885559082,6.199999809265137,6.300000190734863,1454800,0.0,0.0
2016-09-08 00:00:00-04:00,6.329999923706055,6.380000114440918,6.239999771118164,6.289999961853027,1074200,0.0,0.0
2016-09-09 00:00:00-04:00,6.210000038146973,6.28000020980835,5.760000228881836,5.869999885559082,3600500,0.0,0.0
2016-09-12 00:00:00-04:00,5.769999980926514,6.079999923706055,5.670000076293945,6.079999923706055,1904800,0.0,0.0
2016-09-13 00:00:00-04:00,5.909999847412109,5.96999979019165,5.550000190734863,5.630000114440918,2002000,0.0,0.0
2016-09-14 00:00:00-04:00,5.639999866485596,5.760000228881836,5.53000020980835,5.71999979019165,1433100,0.0,0.0
2016-09-15 00:00:00-04:00,5.739999771118164,5.869999885559082,5.659999847412109,5.829999923706055,936000,0.0,0.0
2016-09-16 00:00:00-04:00,5.760000228881836,5.929999828338623,5.71999979019165,5.920000076293945,1516000,0.0,0.0
2016-09-19 00:00:00-04:00,6.0,6.179999828338623,5.900000095367432,6.039999961853027,1194400,0.0,0.0
2016-09-20 00:00:00-04:00,6.079999923706055,6.130000114440918,5.909999847412109,6.050000190734863,874000,0.0,0.0
2016-09-21 00:00:00-04:00,6.139999866485596,6.25,5.980000019073486,6.230000019073486,1629000,0.0,0.0
2016-09-22 00:00:00-04:00,6.349999904632568,6.630000114440918,6.309999942779541,6.480000019073486,2273800,0.0,0.0
2016-09-23 00:00:00-04:00,6.449999809265137,6.690000057220459,6.449999809265137,6.590000152587891,1512000,0.0,0.0
2016-09-26 00:00:00-04:00,6.590000152587891,6.760000228881836,6.53000020980835,6.630000114440918,1191400,0.0,0.0
2016-09-27 00:00:00-04:00,6.570000171661377,6.679999828338623,6.420000076293945,6.489999771118164,1780600,0.0,0.0
2016-09-28 00:00:00-04:00,6.519999980926514,6.929999828338623,6.5,6.920000076293945,1909600,0.0,0.0
2016-09-29 00:00:00-04:00,6.869999885559082,7.090000152587891,6.71999979019165,6.820000171661377,1385800,0.0,0.0
2016-09-30 00:00:00-04:00,6.940000057220459,7.010000228881836,6.690000057220459,6.949999809265137,1562500,0.0,0.0
2016-10-03 00:00:00-04:00,7.019999980926514,7.079999923706055,6.840000152587891,6.980000019073486,1179400,0.0,0.0
2016-10-04 00:00:00-04:00,6.989999771118164,7.090000152587891,6.820000171661377,7.010000228881836,1909400,0.0,0.0
2016-10-05 00:00:00-04:00,7.110000133514404,7.25,7.050000190734863,7.179999828338623,1375600,0.0,0.0
2016-10-06 00:00:00-04:00,7.099999904632568,7.360000133514404,7.099999904632568,7.28000020980835,1408400,0.0,0.0
2016-10-07 00:00:00-04:00,7.380000114440918,7.429999828338623,7.170000076293945,7.25,1114100,0.0,0.0
2016-10-10 00:00:00-04:00,7.389999866485596,7.570000171661377,7.369999885559082,7.519999980926514,1189900,0.0,0.0
2016-10-11 00:00:00-04:00,7.349999904632568,7.579999923706055,7.25,7.460000038146973,3183700,0.0,0.0
2016-10-12 00:00:00-04:00,7.429999828338623,7.590000152587891,7.360000133514404,7.440000057220459,1026400,0.0,0.0
2016-10-13 00:00:00-04:00,7.289999961853027,7.440000057220459,6.800000190734863,7.369999885559082,1594400,0.0,0.0
2016-10-14 00:00:00-04:00,7.440000057220459,7.71999979019165,7.369999885559082,7.599999904632568,1518900,0.0,0.0
2016-10-17 00:00:00-04:00,7.570000171661377,7.599999904632568,7.269999980926514,7.320000171661377,1366200,0.0,0.0
2016-10-18 00:00:00-04:00,7.46999979019165,7.53000020980835,7.21999979019165,7.380000114440918,1371700,0.0,0.0
2016-10-19 00:00:00-04:00,7.46999979019165,7.519999980926514,7.28000020980835,7.440000057220459,1595400,0.0,0.0
2016-10-20 00:00:00-04:00,7.369999885559082,7.480000019073486,7.170000076293945,7.320000171661377,2588700,0.0,0.0
2016-10-21 00:00:00-04:00,7.21999979019165,7.28000020980835,7.150000095367432,7.210000038146973,2241500,0.0,0.0
2016-10-24 00:00:00-04:00,7.230000019073486,7.53000020980835,7.21999979019165,7.429999828338623,1952100,0.0,0.0
2016-10-25 00:00:00-04:00,7.559999942779541,8.010000228881836,7.409999847412109,7.449999809265137,1753900,0.0,0.0
2016-10-26 00:00:00-04:00,7.429999828338623,7.929999828338623,7.409999847412109,7.610000133514404,2397700,0.0,0.0
2016-10-27 00:00:00-04:00,7.619999885559082,7.760000228881836,7.380000114440918,7.639999866485596,2075100,0.0,0.0
2016-10-28 00:00:00-04:00,7.010000228881836,7.369999885559082,6.739999771118164,7.340000152587891,3261800,0.0,0.0
2016-10-31 00:00:00-04:00,7.329999923706055,7.380000114440918,7.059999942779541,7.309999942779541,1774100,0.0,0.0
2016-11-01 00:00:00-04:00,7.389999866485596,7.739999771118164,7.179999828338623,7.199999809265137,2815500,0.0,0.0
2016-11-02 00:00:00-04:00,7.139999866485596,7.210000038146973,6.840000152587891,6.860000133514404,1767200,0.0,0.0
2016-11-03 00:00:00-04:00,6.889999866485596,7.010000228881836,6.710000038146973,6.71999979019165,1379400,0.0,0.0
2016-11-04 00:00:00-04:00,6.710000038146973,6.960000038146973,6.510000228881836,6.889999866485596,2023200,0.0,0.0
2016-11-07 00:00:00-05:00,7.099999904632568,7.28000020980835,6.96999979019165,7.210000038146973,1630000,0.0,0.0
2016-11-08 00:00:00-05:00,7.170000076293945,7.559999942779541,7.130000114440918,7.409999847412109,1824300,0.0,0.0
2016-11-09 00:00:00-05:00,7.650000095367432,8.569999694824219,7.550000190734863,8.430000305175781,7238200,0.0,0.0
2016-11-10 00:00:00-05:00,8.65999984741211,9.380000114440918,8.460000038146973,9.220000267028809,4219600,0.0,0.0
2016-11-11 00:00:00-05:00,9.210000038146973,9.579999923706055,8.960000038146973,9.5600004196167,2219000,0.0,0.0
2016-11-14 00:00:00-05:00,9.760000228881836,10.069999694824219,9.6899995803833,9.9399995803833,2471200,0.0,0.0
2016-11-15 00:00:00-05:00,9.899999618530273,10.199999809265137,9.5600004196167,10.140000343322754,1913000,0.0,0.0
2016-11-16 00:00:00-05:00,9.920000076293945,10.239999771118164,9.850000381469727,10.1899995803833,1776800,0.0,0.0
2016-11-17 00:00:00-05:00,10.199999809265137,10.319999694824219,9.829999923706055,9.920000076293945,1655200,0.0,0.0
2016-11-18 00:00:00-05:00,9.84000015258789,10.029999732971191,9.720000267028809,9.960000038146973,1198000,0.0,0.0
2016-11-21 00:00:00-05:00,10.119999885559082,10.399999618530273,10.050000190734863,10.109999656677246,1349400,0.0,0.0
2016-11-22 00:00:00-05:00,10.260000228881836,10.6899995803833,10.180000305175781,10.59000015258789,2508000,0.0,0.0
2016-11-23 00:00:00-05:00,10.489999771118164,10.520000457763672,10.079999923706055,10.359999656677246,1954400,0.0,0.0
2016-11-25 00:00:00-05:00,10.329999923706055,10.539999961853027,10.260000228881836,10.449999809265137,692600,0.0,0.0
2016-11-28 00:00:00-05:00,10.4399995803833,10.550000190734863,9.829999923706055,9.859999656677246,1618300,0.0,0.0
2016-11-29 00:00:00-05:00,9.479999542236328,9.529999732971191,9.100000381469727,9.1899995803833,2167500,0.0,0.0
2016-11-30 00:00:00-05:00,9.359999656677246,9.739999771118164,9.149999618530273,9.220000267028809,2513900,0.0,0.0
2016-12-01 00:00:00-05:00,9.279999732971191,9.359999656677246,9.050000190734863,9.279999732971191,1694200,0.0,0.0
2016-12-02 00:00:00-05:00,9.229999542236328,9.470000267028809,9.100000381469727,9.25,1687300,0.0,0.0
2016-12-05 00:00:00-05:00,9.390000343322754,9.779999732971191,9.34000015258789,9.6899995803833,1801400,0.0,0.0
2016-12-06 00:00:00-05:00,9.609999656677246,9.829999923706055,9.550000190734863,9.720000267028809,1742300,0.0,0.0
2016-12-07 00:00:00-05:00,9.800000190734863,9.970000267028809,9.720000267028809,9.770000457763672,1289300,0.0,0.0
2016-12-08 00:00:00-05:00,9.869999885559082,10.050000190734863,9.34000015258789,9.520000457763672,2111500,0.0,0.0
2016-12-09 00:00:00-05:00,9.550000190734863,9.850000381469727,9.40999984741211,9.770000457763672,1566300,0.0,0.0
2016-12-12 00:00:00-05:00,9.869999885559082,10.359999656677246,9.470000267028809,9.529999732971191,1812000,0.0,0.0
2016-12-13 00:00:00-05:00,9.550000190734863,9.75,9.09000015258789,9.329999923706055,2107700,0.0,0.0
2016-12-14 00:00:00-05:00,9.279999732971191,9.529999732971191,9.130000114440918,9.149999618530273,1096900,0.0,0.0
2016-12-15 00:00:00-05:00,9.050000190734863,9.180000305175781,8.729999542236328,8.859999656677246,1732800,0.0,0.0
2016-12-16 00:00:00-05:00,8.880000114440918,9.079999923706055,8.449999809265137,8.65999984741211,8676900,0.0,0.0
2016-12-19 00:00:00-05:00,8.630000114440918,8.760000228881836,8.420000076293945,8.489999771118164,1524500,0.0,0.0
2016-12-20 00:00:00-05:00,8.569999694824219,9.600000381469727,8.510000228881836,9.510000228881836,3218300,0.0,0.0
2016-12-21 00:00:00-05:00,9.420000076293945,9.699999809265137,9.3100004196167,9.619999885559082,1692600,0.0,0.0
2016-12-22 00:00:00-05:00,9.539999961853027,9.770000457763672,9.1899995803833,9.289999961853027,1791500,0.0,0.0
2016-12-23 00:00:00-05:00,9.260000228881836,9.350000381469727,9.149999618530273,9.199999809265137,652600,0.0,0.0
2016-12-27 00:00:00-05:00,9.289999961853027,9.4399995803833,9.149999618530273,9.319999694824219,1066200,0.0,0.0
2016-12-28 00:00:00-05:00,9.390000343322754,9.600000381469727,9.119999885559082,9.3100004196167,1659300,0.0,0.0
2016-12-29 00:00:00-05:00,9.369999885559082,9.369999885559082,8.84000015258789,8.90999984741211,967900,0.0,0.0
2016-12-30 00:00:00-05:00,8.970000267028809,9.0600004196167,8.550000190734863,8.5600004196167,1003000,0.0,0.0
2017-01-03 00:00:00-05:00,8.729999542236328,8.800000190734863,8.390000343322754,8.5600004196167,1302700,0.0,0.0
2017-01-04 00:00:00-05:00,8.579999923706055,9.119999885559082,8.510000228881836,9.109999656677246,2008300,0.0,0.0
2017-01-05 00:00:00-05:00,9.079999923706055,9.449999809265137,8.949999809265137,9.279999732971191,1873600,0.0,0.0
2017-01-06 00:00:00-05:00,9.239999771118164,9.390000343322754,8.970000267028809,8.979999542236328,1084700,0.0,0.0
2017-01-09 00:00:00-05:00,8.899999618530273,8.979999542236328,8.460000038146973,8.529999732971191,1945100,0.0,0.0
2017-01-10 00:00:00-05:00,8.670000076293945,9.1899995803833,8.5600004196167,9.010000228881836,3533000,0.0,0.0
2017-01-11 00:00:00-05:00,8.970000267028809,9.100000381469727,8.729999542236328,8.989999771118164,2557300,0.0,0.0
2017-01-12 00:00:00-05:00,9.520000457763672,10.390000343322754,9.520000457763672,10.359999656677246,5378300,0.0,0.0
2017-01-13 00:00:00-05:00,10.399999618530273,11.609999656677246,10.100000381469727,11.520000457763672,4822400,0.0,0.0
2017-01-17 00:00:00-05:00,11.420000076293945,11.859999656677246,11.300000190734863,11.510000228881836,3234700,0.0,0.0
2017-01-18 00:00:00-05:00,11.510000228881836,12.220000267028809,11.329999923706055,12.15999984741211,3285700,0.0,0.0
2017-01-19 00:00:00-05:00,12.069999694824219,13.350000381469727,12.0,13.270000457763672,6799900,0.0,0.0
2017-01-20 00:00:00-05:00,13.25,13.84000015258789,13.069999694824219,13.75,5180300,0.0,0.0
2017-01-23 00:00:00-05:00,13.649999618530273,14.430000305175781,13.399999618530273,14.3100004196167,5824200,0.0,0.0
2017-01-24 00:00:00-05:00,14.579999923706055,16.239999771118164,14.550000190734863,15.720000267028809,9403500,0.0,0.0
2017-01-25 00:00:00-05:00,15.569999694824219,15.699999809265137,14.289999961853027,15.5600004196167,6952900,0.0,0.0
2017-01-26 00:00:00-05:00,15.520000457763672,15.850000381469727,14.8100004196167,15.09000015258789,3527900,0.0,0.0
2017-01-27 00:00:00-05:00,15.069999694824219,15.460000038146973,14.84000015258789,15.109999656677246,2781900,0.0,0.0
2017-01-30 00:00:00-05:00,15.1899995803833,15.25,14.630000114440918,14.979999542236328,2908200,0.0,0.0
2017-01-31 00:00:00-05:00,15.050000190734863,15.470000267028809,14.90999984741211,15.399999618530273,2593200,0.0,0.0
2017-02-01 00:00:00-05:00,15.420000076293945,15.819999694824219,15.0600004196167,15.449999809265137,2645000,0.0,0.0
2017-02-02 00:00:00-05:00,15.529999732971191,15.739999771118164,15.069999694824219,15.470000267028809,1928900,0.0,0.0
2017-02-03 00:00:00-05:00,15.5,15.829999923706055,15.15999984741211,15.399999618530273,3511800,0.0,0.0
2017-02-06 00:00:00-05:00,15.3100004196167,15.5600004196167,15.15999984741211,15.4399995803833,1917600,0.0,0.0
2017-02-07 00:00:00-05:00,15.470000267028809,16.530000686645508,15.430000305175781,16.059999465942383,3326300,0.0,0.0
2017-02-08 00:00:00-05:00,16.010000228881836,16.09000015258789,15.100000381469727,15.5,2470600,0.0,0.0
2017-02-09 00:00:00-05:00,15.550000190734863,15.729999542236328,15.270000457763672,15.609999656677246,2159200,0.0,0.0
2017-02-10 00:00:00-05:00,15.920000076293945,15.9399995803833,15.420000076293945,15.800000190734863,1955500,0.0,0.0
2017-02-13 00:00:00-05:00,16.100000381469727,16.450000762939453,15.710000038146973,15.930000305175781,2377200,0.0,0.0
2017-02-14 00:00:00-05:00,15.850000381469727,16.219999313354492,15.579999923706055,15.960000038146973,2079000,0.0,0.0
2017-02-15 00:00:00-05:00,15.850000381469727,15.869999885559082,15.569999694824219,15.770000457763672,1536400,0.0,0.0
2017-02-16 00:00:00-05:00,15.699999809265137,15.699999809265137,15.300000190734863,15.569999694824219,1890600,0.0,0.0
2017-02-17 00:00:00-05:00,15.449999809265137,15.520000457763672,14.9399995803833,15.25,2294200,0.0,0.0
2017-02-21 00:00:00-05:00,15.279999732971191,15.539999961853027,15.180000305175781,15.25,1654900,0.0,0.0
2017-02-22 00:00:00-05:00,15.010000228881836,15.220000267028809,14.329999923706055,14.479999542236328,2277500,0.0,0.0
2017-02-23 00:00:00-05:00,14.5600004196167,14.850000381469727,13.539999961853027,13.579999923706055,2768500,0.0,0.0
2017-02-24 00:00:00-05:00,13.039999961853027,14.850000381469727,12.770000457763672,13.489999771118164,4597500,0.0,0.0
2017-02-27 00:00:00-05:00,13.420000076293945,14.079999923706055,13.420000076293945,14.010000228881836,3788900,0.0,0.0
2017-02-28 00:00:00-05:00,13.449999809265137,14.130000114440918,13.369999885559082,14.09000015258789,3590000,0.0,0.0
2017-03-01 00:00:00-05:00,14.5,15.609999656677246,14.5,15.390000343322754,3211300,0.0,0.0
2017-03-02 00:00:00-05:00,15.289999961853027,15.34000015258789,14.300000190734863,14.319999694824219,2895700,0.0,0.0
2017-03-03 00:00:00-05:00,14.720000267028809,14.789999961853027,13.899999618530273,14.350000381469727,3434600,0.0,0.0
2017-03-06 00:00:00-05:00,14.25,14.430000305175781,13.770000457763672,13.869999885559082,2253600,0.0,0.0
2017-03-07 00:00:00-05:00,13.869999885559082,14.199999809265137,13.350000381469727,13.359999656677246,1680700,0.0,0.0
2017-03-08 00:00:00-05:00,13.329999923706055,13.510000228881836,13.0600004196167,13.109999656677246,1807000,0.0,0.0
2017-03-09 00:00:00-05:00,12.989999771118164,13.170000076293945,12.270000457763672,12.420000076293945,3501200,0.0,0.0
2017-03-10 00:00:00-05:00,12.800000190734863,13.069999694824219,12.199999809265137,12.369999885559082,3194600,0.0,0.0
2017-03-13 00:00:00-04:00,12.5600004196167,12.789999961853027,12.390000343322754,12.430000305175781,2326000,0.0,0.0
2017-03-14 00:00:00-04:00,12.229999542236328,12.34000015258789,11.699999809265137,12.130000114440918,3704800,0.0,0.0
2017-03-15 00:00:00-04:00,12.359999656677246,12.869999885559082,12.069999694824219,12.829999923706055,2538400,0.0,0.0
2017-03-16 00:00:00-04:00,13.050000190734863,13.430000305175781,12.5600004196167,12.65999984741211,1922200,0.0,0.0
2017-03-17 00:00:00-04:00,12.640000343322754,12.699999809265137,12.0,12.109999656677246,3394300,0.0,0.0
2017-03-20 00:00:00-04:00,12.050000190734863,12.470000267028809,11.90999984741211,12.40999984741211,2563700,0.0,0.0
2017-03-21 00:00:00-04:00,12.520000457763672,12.670000076293945,11.899999618530273,11.949999809265137,2612100,0.0,0.0
2017-03-22 00:00:00-04:00,11.920000076293945,12.329999923706055,11.869999885559082,12.220000267028809,1615800,0.0,0.0
2017-03-23 00:00:00-04:00,12.15999984741211,12.289999961853027,11.850000381469727,12.0,1325500,0.0,0.0
2017-03-24 00:00:00-04:00,12.079999923706055,12.170000076293945,11.739999771118164,11.800000190734863,1617400,0.0,0.0
2017-03-27 00:00:00-04:00,11.479999542236328,12.210000038146973,11.260000228881836,12.180000305175781,3106300,0.0,0.0
2017-03-28 00:00:00-04:00,12.170000076293945,12.529999732971191,11.960000038146973,12.399999618530273,1815100,0.0,0.0
2017-03-29 00:00:00-04:00,12.380000114440918,12.640000343322754,12.210000038146973,12.399999618530273,1324100,0.0,0.0
2017-03-30 00:00:00-04:00,12.430000305175781,12.720000267028809,12.380000114440918,12.630000114440918,2540100,0.0,0.0
2017-03-31 00:00:00-04:00,12.539999961853027,12.800000190734863,12.239999771118164,12.6899995803833,1911600,0.0,0.0
2017-04-03 00:00:00-04:00,12.739999771118164,12.9399995803833,12.260000228881836,12.470000267028809,1323000,0.0,0.0
2017-04-04 00:00:00-04:00,12.489999771118164,12.880000114440918,12.390000343322754,12.640000343322754,1212100,0.0,0.0
2017-04-05 00:00:00-04:00,12.829999923706055,13.119999885559082,12.300000190734863,12.520000457763672,2519500,0.0,0.0
2017-04-06 00:00:00-04:00,12.59000015258789,12.859999656677246,12.279999732971191,12.729999542236328,1984000,0.0,0.0
2017-04-07 00:00:00-04:00,12.720000267028809,13.079999923706055,12.460000038146973,12.829999923706055,2366100,0.0,0.0
2017-04-10 00:00:00-04:00,12.829999923706055,12.930000305175781,12.6899995803833,12.930000305175781,1096200,0.0,0.0
2017-04-11 00:00:00-04:00,12.930000305175781,13.489999771118164,12.739999771118164,13.380000114440918,2031100,0.0,0.0
2017-04-12 00:00:00-04:00,13.180000305175781,13.199999809265137,12.039999961853027,12.0600004196167,2622700,0.0,0.0
2017-04-13 00:00:00-04:00,12.029999732971191,12.140000343322754,11.619999885559082,11.640000343322754,2669200,0.0,0.0
2017-04-17 00:00:00-04:00,11.649999618530273,12.039999961853027,11.59000015258789,11.920000076293945,1990300,0.0,0.0
2017-04-18 00:00:00-04:00,11.760000228881836,12.149999618530273,11.600000381469727,11.800000190734863,1395000,0.0,0.0
2017-04-19 00:00:00-04:00,11.920000076293945,12.270000457763672,11.779999732971191,11.789999961853027,1663900,0.0,0.0
2017-04-20 00:00:00-04:00,12.029999732971191,12.399999618530273,12.0,12.029999732971191,1750300,0.0,0.0
2017-04-21 00:00:00-04:00,12.079999923706055,12.100000381469727,11.779999732971191,11.880000114440918,1028600,0.0,0.0
2017-04-24 00:00:00-04:00,12.210000038146973,12.739999771118164,12.09000015258789,12.630000114440918,1945400,0.0,0.0
2017-04-25 00:00:00-04:00,12.869999885559082,13.880000114440918,12.819999694824219,13.619999885559082,4821900,0.0,0.0
2017-04-26 00:00:00-04:00,13.859999656677246,14.970000267028809,13.510000228881836,14.8100004196167,3750200,0.0,0.0
2017-04-27 00:00:00-04:00,14.65999984741211,14.930000305175781,13.819999694824219,14.0,3172500,0.0,0.0
2017-04-28 00:00:00-04:00,14.100000381469727,14.15999984741211,13.619999885559082,13.640000343322754,2511100,0.0,0.0
2017-05-01 00:00:00-04:00,13.6899995803833,14.020000457763672,13.479999542236328,13.979999542236328,2033000,0.0,0.0
2017-05-02 00:00:00-04:00,13.84000015258789,14.1899995803833,13.800000190734863,13.970000267028809,2560400,0.0,0.0
2017-05-03 00:00:00-04:00,13.789999961853027,13.880000114440918,13.359999656677246,13.729999542236328,4414800,0.0,0.0
2017-05-04 00:00:00-04:00,13.520000457763672,13.619999885559082,12.59000015258789,12.90999984741211,2371500,0.0,0.0
2017-05-05 00:00:00-04:00,13.010000228881836,13.529999732971191,12.84000015258789,13.15999984741211,2770700,0.0,0.0
2017-05-08 00:00:00-04:00,13.0,13.050000190734863,12.529999732971191,12.829999923706055,1294800,0.0,0.0
2017-05-09 00:00:00-04:00,12.84000015258789,13.010000228881836,12.59000015258789,12.800000190734863,1235900,0.0,0.0
2017-05-10 00:00:00-04:00,12.890000343322754,13.1899995803833,12.800000190734863,12.979999542236328,1722000,0.0,0.0
2017-05-11 00:00:00-04:00,13.020000457763672,13.180000305175781,12.739999771118164,12.90999984741211,1757200,0.0,0.0
2017-05-12 00:00:00-04:00,12.960000038146973,13.569999694824219,12.84000015258789,13.520000457763672,1697400,0.0,0.0
2017-05-15 00:00:00-04:00,13.75,14.220000267028809,13.75,13.9399995803833,1729600,0.0,0.0
2017-05-16 00:00:00-04:00,13.920000076293945,14.020000457763672,13.430000305175781,13.630000114440918,1288000,0.0,0.0
2017-05-17 00:00:00-04:00,13.470000267028809,13.539999961853027,13.170000076293945,13.239999771118164,863500,0.0,0.0
2017-05-18 00:00:00-04:00,13.020000457763672,13.65999984741211,12.789999961853027,13.510000228881836,1144900,0.0,0.0
2017-05-19 00:00:00-04:00,13.649999618530273,14.260000228881836,13.579999923706055,13.880000114440918,1322700,0.0,0.0
2017-05-22 00:00:00-04:00,14.079999923706055,14.40999984741211,14.050000190734863,14.289999961853027,1092400,0.0,0.0
2017-05-23 00:00:00-04:00,14.260000228881836,14.699999809265137,13.760000228881836,14.59000015258789,1277500,0.0,0.0
2017-05-24 00:00:00-04:00,14.569999694824219,15.079999923706055,14.479999542236328,14.890000343322754,1707200,0.0,0.0
2017-05-25 00:00:00-04:00,14.9399995803833,15.369999885559082,14.550000190734863,14.829999923706055,1577000,0.0,0.0
2017-05-26 00:00:00-04:00,14.8100004196167,14.970000267028809,14.630000114440918,14.829999923706055,595200,0.0,0.0
2017-05-30 00:00:00-04:00,14.680000305175781,15.119999885559082,14.399999618530273,14.779999732971191,1200500,0.0,0.0
2017-05-31 00:00:00-04:00,14.720000267028809,14.75,13.65999984741211,14.420000076293945,2019500,0.0,0.0
2017-06-01 00:00:00-04:00,14.390000343322754,14.699999809265137,14.25,14.550000190734863,1939200,0.0,0.0
2017-06-02 00:00:00-04:00,14.449999809265137,14.649999618530273,13.979999542236328,14.039999961853027,1499400,0.0,0.0
2017-06-05 00:00:00-04:00,13.850000381469727,14.770000457763672,13.710000038146973,14.739999771118164,2800900,0.0,0.0
2017-06-06 00:00:00-04:00,14.789999961853027,15.0,14.3100004196167,14.880000114440918,2318200,0.0,0.0
2017-06-07 00:00:00-04:00,14.819999694824219,14.859999656677246,14.390000343322754,14.789999961853027,1864400,0.0,0.0
2017-06-08 00:00:00-04:00,14.720000267028809,16.969999313354492,14.720000267028809,16.899999618530273,4934200,0.0,0.0
2017-06-09 00:00:00-04:00,16.8799991607666,17.280000686645508,16.15999984741211,16.3799991607666,2859900,0.0,0.0
2017-06-12 00:00:00-04:00,16.3799991607666,16.829999923706055,16.1200008392334,16.43000030517578,3448800,0.0,0.0
2017-06-13 00:00:00-04:00,16.450000762939453,16.780000686645508,16.15999984741211,16.260000228881836,2505600,0.0,0.0
2017-06-14 00:00:00-04:00,16.389999389648438,16.399999618530273,15.649999618530273,16.049999237060547,3817500,0.0,0.0
2017-06-15 00:00:00-04:00,15.5,16.18000030517578,15.079999923706055,15.140000343322754,3538900,0.0,0.0
2017-06-16 00:00:00-04:00,15.130000114440918,15.460000038146973,14.220000267028809,14.350000381469727,4319700,0.0,0.0
2017-06-19 00:00:00-04:00,14.520000457763672,14.6899995803833,14.109999656677246,14.420000076293945,1848100,0.0,0.0
2017-06-20 00:00:00-04:00,14.260000228881836,14.5,13.949999809265137,14.180000305175781,1742500,0.0,0.0
2017-06-21 00:00:00-04:00,14.239999771118164,14.260000228881836,13.520000457763672,13.550000190734863,1886300,0.0,0.0
2017-06-22 00:00:00-04:00,13.630000114440918,13.989999771118164,13.550000190734863,13.859999656677246,1741200,0.0,0.0
2017-06-23 00:00:00-04:00,14.279999732971191,15.130000114440918,13.9399995803833,15.09000015258789,2905500,0.0,0.0
2017-06-26 00:00:00-04:00,15.1899995803833,15.5600004196167,14.930000305175781,15.3100004196167,2211100,0.0,0.0
2017-06-27 00:00:00-04:00,15.380000114440918,15.920000076293945,15.350000381469727,15.579999923706055,2805900,0.0,0.0
2017-06-28 00:00:00-04:00,15.859999656677246,16.190000534057617,15.640000343322754,16.040000915527344,3436500,0.0,0.0
2017-06-29 00:00:00-04:00,16.290000915527344,16.540000915527344,15.550000190734863,15.779999732971191,1887200,0.0,0.0
2017-06-30 00:00:00-04:00,15.859999656677246,15.930000305175781,15.5,15.579999923706055,1472700,0.0,0.0
2017-07-03 00:00:00-04:00,15.619999885559082,16.290000915527344,15.600000381469727,16.200000762939453,928300,0.0,0.0
2017-07-05 00:00:00-04:00,16.239999771118164,16.489999771118164,15.800000190734863,16.25,1863500,0.0,0.0
2017-07-06 00:00:00-04:00,16.139999389648438,16.40999984741211,16.020000457763672,16.149999618530273,1771500,0.0,0.0
2017-07-07 00:00:00-04:00,16.139999389648438,16.139999389648438,15.729999542236328,15.90999984741211,2367300,0.0,0.0
2017-07-10 00:00:00-04:00,15.770000457763672,16.690000534057617,15.5,16.309999465942383,1924100,0.0,0.0
2017-07-11 00:00:00-04:00,16.329999923706055,16.600000381469727,15.970000267028809,16.530000686645508,1371800,0.0,0.0
2017-07-12 00:00:00-04:00,16.719999313354492,16.719999313354492,15.34000015258789,15.640000343322754,2730000,0.0,0.0
2017-07-13 00:00:00-04:00,15.75,16.59000015258789,15.75,16.440000534057617,2659600,0.0,0.0
2017-07-14 00:00:00-04:00,16.5,16.979999542236328,16.329999923706055,16.790000915527344,2288800,0.0,0.0
2017-07-17 00:00:00-04:00,16.920000076293945,17.829999923706055,16.8799991607666,17.600000381469727,2504800,0.0,0.0
2017-07-18 00:00:00-04:00,17.3799991607666,17.780000686645508,17.139999389648438,17.600000381469727,1619400,0.0,0.0
2017-07-19 00:00:00-04:00,17.760000228881836,18.059999465942383,17.110000610351562,17.68000030517578,2207400,0.0,0.0
2017-07-20 00:00:00-04:00,17.6299991607666,18.43000030517578,17.540000915527344,18.34000015258789,2674200,0.0,0.0
2017-07-21 00:00:00-04:00,18.43000030517578,18.43000030517578,17.729999542236328,18.149999618530273,2246200,0.0,0.0
2017-07-24 00:00:00-04:00,18.149999618530273,18.149999618530273,17.639999389648438,18.100000381469727,1370300,0.0,0.0
2017-07-25 00:00:00-04:00,18.43000030517578,19.079999923706055,18.1200008392334,18.389999389648438,1615000,0.0,0.0
2017-07-26 00:00:00-04:00,18.450000762939453,18.450000762939453,17.989999771118164,18.299999237060547,1909000,0.0,0.0
2017-07-27 00:00:00-04:00,18.43000030517578,18.6299991607666,17.579999923706055,17.93000030517578,2143200,0.0,0.0
2017-07-28 00:00:00-04:00,17.920000076293945,17.920000076293945,16.760000228881836,16.799999237060547,2571000,0.0,0.0
2017-07-31 00:00:00-04:00,16.90999984741211,17.18000030517578,16.6200008392334,16.780000686645508,1636900,0.0,0.0
2017-08-01 00:00:00-04:00,16.59000015258789,17.09000015258789,16.56999969482422,16.690000534057617,2282700,0.0,0.0
2017-08-02 00:00:00-04:00,16.65999984741211,16.950000762939453,16.469999313354492,16.739999771118164,3706200,0.0,0.0
2017-08-03 00:00:00-04:00,14.949999809265137,15.039999961853027,13.130000114440918,13.329999923706055,12747100,0.0,0.0
2017-08-04 00:00:00-04:00,13.3100004196167,13.460000038146973,12.9399995803833,13.25,4830400,0.0,0.0
2017-08-07 00:00:00-04:00,13.770000457763672,13.880000114440918,13.34000015258789,13.579999923706055,3380200,0.0,0.0
2017-08-08 00:00:00-04:00,13.680000305175781,14.279999732971191,13.670000076293945,14.119999885559082,3671200,0.0,0.0
2017-08-09 00:00:00-04:00,14.020000457763672,14.34000015258789,13.979999542236328,14.039999961853027,2623900,0.0,0.0
2017-08-10 00:00:00-04:00,13.970000267028809,14.239999771118164,13.710000038146973,13.800000190734863,2136500,0.0,0.0
2017-08-11 00:00:00-04:00,13.770000457763672,14.4399995803833,13.579999923706055,14.359999656677246,3015800,0.0,0.0
2017-08-14 00:00:00-04:00,14.300000190734863,14.350000381469727,13.970000267028809,14.119999885559082,1601100,0.0,0.0
2017-08-15 00:00:00-04:00,14.140000343322754,14.640000343322754,14.100000381469727,14.329999923706055,1517900,0.0,0.0
2017-08-16 00:00:00-04:00,14.510000228881836,15.149999618530273,14.5,15.109999656677246,2648100,0.0,0.0
2017-08-17 00:00:00-04:00,14.9399995803833,14.989999771118164,14.609999656677246,14.819999694824219,1958700,0.0,0.0
2017-08-18 00:00:00-04:00,14.850000381469727,15.1899995803833,14.699999809265137,15.010000228881836,1913900,0.0,0.0
2017-08-21 00:00:00-04:00,15.800000190734863,16.239999771118164,15.649999618530273,16.15999984741211,3125000,0.0,0.0
2017-08-22 00:00:00-04:00,16.219999313354492,17.260000228881836,16.219999313354492,17.18000030517578,2781500,0.0,0.0
2017-08-23 00:00:00-04:00,16.920000076293945,17.959999084472656,16.920000076293945,17.940000534057617,2612300,0.0,0.0
2017-08-24 00:00:00-04:00,17.940000534057617,18.450000762939453,17.81999969482422,18.260000228881836,2840400,0.0,0.0
2017-08-25 00:00:00-04:00,18.420000076293945,18.420000076293945,17.780000686645508,18.09000015258789,2270200,0.0,0.0
2017-08-28 00:00:00-04:00,18.25,18.889999389648438,17.989999771118164,18.649999618530273,2740100,0.0,0.0
2017-08-29 00:00:00-04:00,18.40999984741211,19.280000686645508,18.25,19.280000686645508,1970900,0.0,0.0
2017-08-30 00:00:00-04:00,19.06999969482422,19.56999969482422,18.809999465942383,19.1299991607666,2336800,0.0,0.0
2017-08-31 00:00:00-04:00,19.459999084472656,19.600000381469727,19.299999237060547,19.520000457763672,1798500,0.0,0.0
2017-09-01 00:00:00-04:00,19.690000534057617,20.6299991607666,19.479999542236328,20.559999465942383,2765600,0.0,0.0
2017-09-05 00:00:00-04:00,20.459999084472656,20.56999969482422,18.93000030517578,19.530000686645508,3634200,0.0,0.0
2017-09-06 00:00:00-04:00,19.600000381469727,19.75,19.3700008392334,19.600000381469727,1364100,0.0,0.0
2017-09-07 00:00:00-04:00,19.639999389648438,19.690000534057617,19.010000228881836,19.40999984741211,2457700,0.0,0.0
2017-09-08 00:00:00-04:00,19.389999389648438,19.489999771118164,18.649999618530273,18.899999618530273,2475200,0.0,0.0
2017-09-11 00:00:00-04:00,19.15999984741211,19.3700008392334,18.829999923706055,19.280000686645508,1442600,0.0,0.0
2017-09-12 00:00:00-04:00,19.40999984741211,20.010000228881836,19.239999771118164,19.860000610351562,1259200,0.0,0.0
2017-09-13 00:00:00-04:00,19.450000762939453,19.969999313354492,18.989999771118164,19.81999969482422,2138200,0.0,0.0
2017-09-14 00:00:00-04:00,19.6200008392334,19.690000534057617,18.950000762939453,19.389999389648438,1640800,0.0,0.0
2017-09-15 00:00:00-04:00,19.360000610351562,19.579999923706055,18.959999084472656,19.110000610351562,2784800,0.0,0.0
2017-09-18 00:00:00-04:00,19.06999969482422,19.469999313354492,19.0,19.260000228881836,1234000,0.0,0.0
2017-09-19 00:00:00-04:00,19.360000610351562,19.75,18.979999542236328,19.719999313354492,1342300,0.0,0.0
2017-09-20 00:00:00-04:00,20.329999923706055,20.68000030517578,19.56999969482422,20.3799991607666,3748800,0.0,0.0
2017-09-21 00:00:00-04:00,20.190000534057617,20.559999465942383,19.219999313354492,19.389999389648438,1595800,0.0,0.0
2017-09-22 00:00:00-04:00,18.920000076293945,19.0,17.959999084472656,18.09000015258789,2519200,0.0,0.0
2017-09-25 00:00:00-04:00,17.989999771118164,18.3700008392334,17.860000610351562,18.0,1839700,0.0,0.0
2017-09-26 00:00:00-04:00,17.889999389648438,18.020000457763672,17.149999618530273,17.15999984741211,1993900,0.0,0.0
2017-09-27 00:00:00-04:00,17.280000686645508,17.520000457763672,16.950000762939453,17.209999084472656,2149800,0.0,0.0
2017-09-28 00:00:00-04:00,17.18000030517578,17.18000030517578,16.40999984741211,16.90999984741211,3790000,0.0,0.0
2017-09-29 00:00:00-04:00,17.030000686645508,17.030000686645508,16.510000228881836,16.579999923706055,2026000,0.0,0.0
2017-10-02 00:00:00-04:00,16.479999542236328,17.18000030517578,16.40999984741211,16.860000610351562,1947200,0.0,0.0
2017-10-03 00:00:00-04:00,16.969999313354492,17.100000381469727,16.59000015258789,16.940000534057617,1410000,0.0,0.0
2017-10-04 00:00:00-04:00,16.940000534057617,17.540000915527344,16.799999237060547,17.010000228881836,1934800,0.0,0.0
2017-10-05 00:00:00-04:00,17.010000228881836,17.440000534057617,16.979999542236328,17.030000686645508,1081200,0.0,0.0
2017-10-06 00:00:00-04:00,16.81999969482422,17.010000228881836,16.510000228881836,16.860000610351562,1292600,0.0,0.0
2017-10-09 00:00:00-04:00,16.860000610351562,17.170000076293945,16.729999542236328,16.8700008392334,1660600,0.0,0.0
2017-10-10 00:00:00-04:00,16.8700008392334,16.8700008392334,16.170000076293945,16.290000915527344,1695800,0.0,0.0
2017-10-11 00:00:00-04:00,16.270000457763672,16.329999923706055,15.760000228881836,16.09000015258789,1566300,0.0,0.0
2017-10-12 00:00:00-04:00,16.09000015258789,16.420000076293945,15.960000038146973,16.020000457763672,1734200,0.0,0.0
2017-10-13 00:00:00-04:00,16.420000076293945,16.5,15.199999809265137,15.350000381469727,2863600,0.0,0.0
2017-10-16 00:00:00-04:00,15.510000228881836,15.989999771118164,15.380000114440918,15.5,1950000,0.0,0.0
2017-10-17 00:00:00-04:00,15.9399995803833,16.18000030517578,15.3100004196167,15.529999732971191,2051500,0.0,0.0
2017-10-18 00:00:00-04:00,15.600000381469727,15.649999618530273,15.079999923706055,15.460000038146973,1528600,0.0,0.0
2017-10-19 00:00:00-04:00,15.149999618530273,15.529999732971191,15.050000190734863,15.289999961853027,2152200,0.0,0.0
2017-10-20 00:00:00-04:00,15.420000076293945,16.040000915527344,15.329999923706055,15.350000381469727,2472900,0.0,0.0
2017-10-23 00:00:00-04:00,15.449999809265137,15.479999542236328,14.979999542236328,15.25,2304500,0.0,0.0
2017-10-24 00:00:00-04:00,15.239999771118164,15.84000015258789,15.1899995803833,15.470000267028809,2790900,0.0,0.0
2017-10-25 00:00:00-04:00,15.260000228881836,15.380000114440918,14.739999771118164,15.119999885559082,2367600,0.0,0.0
2017-10-26 00:00:00-04:00,15.180000305175781,15.680000305175781,15.180000305175781,15.220000267028809,3723800,0.0,0.0
2017-10-27 00:00:00-04:00,14.460000038146973,15.329999923706055,13.699999809265137,15.180000305175781,3413700,0.0,0.0
2017-10-30 00:00:00-04:00,14.109999656677246,14.65999984741211,13.369999885559082,13.5,5754000,0.0,0.0
2017-10-31 00:00:00-04:00,13.5,14.260000228881836,13.350000381469727,14.0,3006800,0.0,0.0
2017-11-01 00:00:00-04:00,14.390000343322754,14.75,13.619999885559082,13.710000038146973,2393200,0.0,0.0
2017-11-02 00:00:00-04:00,13.6899995803833,14.220000267028809,13.579999923706055,13.619999885559082,2446300,0.0,0.0
2017-11-03 00:00:00-04:00,13.649999618530273,14.0,13.569999694824219,13.8100004196167,1809600,0.0,0.0
2017-11-06 00:00:00-05:00,13.850000381469727,14.739999771118164,13.770000457763672,14.619999885559082,3214400,0.0,0.0
2017-11-07 00:00:00-05:00,14.4399995803833,14.829999923706055,14.289999961853027,14.800000190734863,2064400,0.0,0.0
2017-11-08 00:00:00-05:00,14.670000076293945,14.920000076293945,14.5,14.710000038146973,1544100,0.0,0.0
2017-11-09 00:00:00-05:00,14.470000267028809,14.710000038146973,14.079999923706055,14.25,2432000,0.0,0.0
2017-11-10 00:00:00-05:00,14.239999771118164,14.800000190734863,14.220000267028809,14.34000015258789,1208400,0.0,0.0
2017-11-13 00:00:00-05:00,14.239999771118164,14.479999542236328,14.100000381469727,14.329999923706055,1533000,0.0,0.0
2017-11-14 00:00:00-05:00,14.210000038146973,14.470000267028809,13.699999809265137,14.100000381469727,1732500,0.0,0.0
2017-11-15 00:00:00-05:00,13.9399995803833,14.380000114440918,13.680000305175781,14.239999771118164,1409700,0.0,0.0
2017-11-16 00:00:00-05:00,14.25,14.760000228881836,14.220000267028809,14.710000038146973,1604100,0.0,0.0
2017-11-17 00:00:00-05:00,14.710000038146973,15.1899995803833,14.65999984741211,15.140000343322754,1533800,0.0,0.0
2017-11-20 00:00:00-05:00,14.710000038146973,14.75,13.369999885559082,13.5,3679800,0.0,0.0
2017-11-21 00:00:00-05:00,13.609999656677246,13.75,13.079999923706055,13.40999984741211,3068500,0.0,0.0
2017-11-22 00:00:00-05:00,13.479999542236328,13.670000076293945,13.380000114440918,13.640000343322754,2109100,0.0,0.0
2017-11-24 00:00:00-05:00,13.640000343322754,14.010000228881836,13.600000381469727,13.65999984741211,909900,0.0,0.0
2017-11-27 00:00:00-05:00,13.640000343322754,13.920000076293945,13.380000114440918,13.760000228881836,1457300,0.0,0.0
2017-11-28 00:00:00-05:00,13.670000076293945,14.800000190734863,13.420000076293945,14.760000228881836,4385200,0.0,0.0
2017-11-29 00:00:00-05:00,14.079999923706055,14.180000305175781,13.0,13.100000381469727,4619600,0.0,0.0
2017-11-30 00:00:00-05:00,13.1899995803833,13.489999771118164,13.130000114440918,13.25,2655200,0.0,0.0
2017-12-01 00:00:00-05:00,13.25,13.59000015258789,13.0600004196167,13.380000114440918,2098100,0.0,0.0
2017-12-04 00:00:00-05:00,13.529999732971191,13.869999885559082,13.5,13.670000076293945,1839600,0.0,0.0
2017-12-05 00:00:00-05:00,13.470000267028809,13.739999771118164,13.25,13.649999618530273,1406800,0.0,0.0
2017-12-06 00:00:00-05:00,13.529999732971191,13.729999542236328,13.229999542236328,13.399999618530273,1638600,0.0,0.0
2017-12-07 00:00:00-05:00,13.350000381469727,13.819999694824219,13.130000114440918,13.680000305175781,2132000,0.0,0.0
2017-12-08 00:00:00-05:00,13.710000038146973,14.5,13.710000038146973,14.079999923706055,1862900,0.0,0.0
2017-12-11 00:00:00-05:00,14.109999656677246,15.850000381469727,14.109999656677246,15.760000228881836,4514000,0.0,0.0
2017-12-12 00:00:00-05:00,15.75,16.049999237060547,15.369999885559082,15.670000076293945,4051900,0.0,0.0
2017-12-13 00:00:00-05:00,15.699999809265137,15.90999984741211,15.390000343322754,15.819999694824219,1248600,0.0,0.0
2017-12-14 00:00:00-05:00,15.829999923706055,15.920000076293945,15.600000381469727,15.670000076293945,1109100,0.0,0.0
2017-12-15 00:00:00-05:00,15.869999885559082,16.049999237060547,15.5600004196167,15.670000076293945,2820600,0.0,0.0
2017-12-18 00:00:00-05:00,15.75,16.040000915527344,15.520000457763672,16.030000686645508,1937300,0.0,0.0
2017-12-19 00:00:00-05:00,15.970000267028809,17.06999969482422,15.859999656677246,16.93000030517578,2077000,0.0,0.0
2017-12-20 00:00:00-05:00,16.68000030517578,18.010000228881836,16.540000915527344,17.989999771118164,3683000,0.0,0.0
2017-12-21 00:00:00-05:00,18.06999969482422,18.270000457763672,17.440000534057617,17.56999969482422,1868400,0.0,0.0
2017-12-22 00:00:00-05:00,17.690000534057617,18.15999984741211,17.350000381469727,18.030000686645508,1314000,0.0,0.0
2017-12-26 00:00:00-05:00,18.049999237060547,18.260000228881836,17.729999542236328,18.190000534057617,852800,0.0,0.0
2017-12-27 00:00:00-05:00,18.209999084472656,18.540000915527344,18.020000457763672,18.270000457763672,1147400,0.0,0.0
2017-12-28 00:00:00-05:00,18.290000915527344,20.0,18.15999984741211,19.860000610351562,3026500,0.0,0.0
2017-12-29 00:00:00-05:00,19.969999313354492,20.299999237060547,19.559999465942383,19.639999389648438,1881100,0.0,0.0
2018-01-02 00:00:00-05:00,19.790000915527344,21.780000686645508,19.59000015258789,21.3799991607666,3165400,0.0,0.0
2018-01-03 00:00:00-05:00,20.81999969482422,20.889999389648438,19.899999618530273,20.479999542236328,3553400,0.0,0.0
2018-01-04 00:00:00-05:00,20.6299991607666,20.719999313354492,20.06999969482422,20.540000915527344,1681400,0.0,0.0
2018-01-05 00:00:00-05:00,20.510000228881836,20.6299991607666,19.700000762939453,19.940000534057617,1851000,0.0,0.0
2018-01-08 00:00:00-05:00,19.940000534057617,19.940000534057617,19.34000015258789,19.709999084472656,2208200,0.0,0.0
2018-01-09 00:00:00-05:00,19.690000534057617,19.93000030517578,19.360000610351562,19.579999923706055,1485800,0.0,0.0
2018-01-10 00:00:00-05:00,19.639999389648438,20.6200008392334,19.639999389648438,20.610000610351562,2951600,0.0,0.0
2018-01-11 00:00:00-05:00,20.649999618530273,21.030000686645508,20.3700008392334,21.010000228881836,2010700,0.0,0.0
2018-01-12 00:00:00-05:00,21.200000762939453,22.299999237060547,21.15999984741211,21.739999771118164,3423500,0.0,0.0
2018-01-16 00:00:00-05:00,21.209999084472656,21.889999389648438,20.5,21.149999618530273,1904400,0.0,0.0
2018-01-17 00:00:00-05:00,21.260000228881836,22.06999969482422,20.959999084472656,21.809999465942383,1280200,0.0,0.0
2018-01-18 00:00:00-05:00,21.030000686645508,21.530000686645508,20.360000610351562,21.420000076293945,1662600,0.0,0.0
2018-01-19 00:00:00-05:00,21.600000381469727,22.3700008392334,21.59000015258789,22.139999389648438,1217500,0.0,0.0
2018-01-22 00:00:00-05:00,22.040000915527344,23.06999969482422,21.799999237060547,23.040000915527344,2683300,0.0,0.0
2018-01-23 00:00:00-05:00,22.90999984741211,23.010000228881836,21.389999389648438,22.770000457763672,2002800,0.0,0.0
2018-01-24 00:00:00-05:00,22.90999984741211,23.770000457763672,22.809999465942383,23.190000534057617,1258600,0.0,0.0
2018-01-25 00:00:00-05:00,23.440000534057617,23.940000534057617,23.31999969482422,23.799999237060547,1276400,0.0,0.0
2018-01-26 00:00:00-05:00,23.6200008392334,24.389999389648438,23.389999389648438,24.34000015258789,1375100,0.0,0.0
2018-01-29 00:00:00-05:00,24.299999237060547,24.760000228881836,23.59000015258789,23.6299991607666,1425300,0.0,0.0
2018-01-30 00:00:00-05:00,23.540000915527344,23.579999923706055,22.59000015258789,22.610000610351562,2090400,0.0,0.0
2018-01-31 00:00:00-05:00,22.93000030517578,23.420000076293945,22.030000686645508,22.25,1905900,0.0,0.0
2018-02-01 00:00:00-05:00,22.0,23.280000686645508,21.790000915527344,22.829999923706055,1189200,0.0,0.0
2018-02-02 00:00:00-05:00,22.510000228881836,22.520000457763672,20.969999313354492,21.020000457763672,1907900,0.0,0.0
2018-02-05 00:00:00-05:00,21.020000457763672,22.549999237060547,20.719999313354492,20.90999984741211,2808100,0.0,0.0
2018-02-06 00:00:00-05:00,20.309999465942383,22.149999618530273,19.760000228881836,21.979999542236328,2091400,0.0,0.0
2018-02-07 00:00:00-05:00,21.729999542236328,22.030000686645508,21.049999237060547,21.139999389648438,1241400,0.0,0.0
2018-02-08 00:00:00-05:00,21.1299991607666,21.770000457763672,20.649999618530273,20.829999923706055,1929500,0.0,0.0
2018-02-09 00:00:00-05:00,21.049999237060547,21.5,19.989999771118164,21.190000534057617,1596300,0.0,0.0
2018-02-12 00:00:00-05:00,21.450000762939453,21.850000381469727,20.8700008392334,21.639999389648438,1994200,0.0,0.0
2018-02-13 00:00:00-05:00,21.59000015258789,22.469999313354492,21.299999237060547,21.760000228881836,2720500,0.0,0.0
2018-02-14 00:00:00-05:00,21.600000381469727,22.93000030517578,21.309999465942383,22.75,2528700,0.0,0.0
2018-02-15 00:00:00-05:00,23.030000686645508,23.219999313354492,21.639999389648438,22.270000457763672,2067200,0.0,0.0
2018-02-16 00:00:00-05:00,22.149999618530273,24.770000457763672,21.81999969482422,24.1200008392334,4969200,0.0,0.0
2018-02-20 00:00:00-05:00,23.829999923706055,24.270000457763672,23.209999084472656,23.3799991607666,1979200,0.0,0.0
2018-02-21 00:00:00-05:00,23.59000015258789,23.719999313354492,22.700000762939453,22.719999313354492,2428700,0.0,0.0
2018-02-22 00:00:00-05:00,22.90999984741211,23.06999969482422,21.600000381469727,21.75,5374300,0.0,0.0
2018-02-23 00:00:00-05:00,21.979999542236328,22.56999969482422,20.65999984741211,20.93000030517578,3231000,0.0,0.0
2018-02-26 00:00:00-05:00,21.200000762939453,21.479999542236328,19.8799991607666,20.510000228881836,2245300,0.0,0.0
2018-02-27 00:00:00-05:00,20.309999465942383,20.6299991607666,19.600000381469727,19.799999237060547,1595200,0.0,0.0
2018-02-28 00:00:00-05:00,19.899999618530273,20.06999969482422,18.959999084472656,19.049999237060547,1693300,0.0,0.0
2018-03-01 00:00:00-05:00,20.1299991607666,21.84000015258789,19.299999237060547,20.479999542236328,5696000,0.0,0.0
2018-03-02 00:00:00-05:00,20.149999618530273,21.450000762939453,19.559999465942383,20.940000534057617,3020000,0.0,0.0
2018-03-05 00:00:00-05:00,20.670000076293945,20.850000381469727,19.90999984741211,19.979999542236328,2449300,0.0,0.0
2018-03-06 00:00:00-05:00,20.020000457763672,20.719999313354492,19.559999465942383,20.450000762939453,2247500,0.0,0.0
2018-03-07 00:00:00-05:00,20.299999237060547,22.1299991607666,20.299999237060547,21.25,2294200,0.0,0.0
2018-03-08 00:00:00-05:00,21.450000762939453,21.459999084472656,19.1200008392334,19.65999984741211,4789300,0.0,0.0
2018-03-09 00:00:00-05:00,20.360000610351562,20.389999389648438,19.1299991607666,20.149999618530273,3610600,0.0,0.0
2018-03-12 00:00:00-04:00,20.780000686645508,21.700000762939453,20.299999237060547,20.809999465942383,3126800,0.0,0.0
2018-03-13 00:00:00-04:00,21.940000534057617,22.940000534057617,21.5,21.579999923706055,6060900,0.0,0.0
2018-03-14 00:00:00-04:00,22.149999618530273,22.270000457763672,20.209999084472656,20.450000762939453,4211600,0.0,0.0
2018-03-15 00:00:00-04:00,20.450000762939453,21.0,19.709999084472656,20.559999465942383,2696100,0.0,0.0
2018-03-16 00:00:00-04:00,20.56999969482422,21.06999969482422,20.15999984741211,20.829999923706055,4044900,0.0,0.0
2018-03-19 00:00:00-04:00,20.559999465942383,20.739999771118164,19.6299991607666,19.950000762939453,2027200,0.0,0.0
2018-03-20 00:00:00-04:00,19.889999389648438,20.270000457763672,19.639999389648438,19.809999465942383,1570200,0.0,0.0
2018-03-21 00:00:00-04:00,19.969999313354492,20.540000915527344,19.889999389648438,20.399999618530273,1417400,0.0,0.0
2018-03-22 00:00:00-04:00,20.100000381469727,20.110000610351562,16.700000762939453,16.760000228881836,6222500,0.0,0.0
2018-03-23 00:00:00-04:00,17.030000686645508,17.049999237060547,16.229999542236328,16.670000076293945,3672800,0.0,0.0
2018-03-26 00:00:00-04:00,16.860000610351562,17.5,16.350000381469727,17.309999465942383,2304000,0.0,0.0
2018-03-27 00:00:00-04:00,17.440000534057617,17.469999313354492,15.970000267028809,16.219999313354492,2540400,0.0,0.0
2018-03-28 00:00:00-04:00,16.06999969482422,16.34000015258789,15.5600004196167,16.200000762939453,2002500,0.0,0.0
2018-03-29 00:00:00-04:00,16.25,16.739999771118164,16.1200008392334,16.540000915527344,2640800,0.0,0.0
2018-04-02 00:00:00-04:00,16.469999313354492,17.139999389648438,16.190000534057617,16.360000610351562,1642500,0.0,0.0
2018-04-03 00:00:00-04:00,16.6299991607666,17.049999237060547,16.59000015258789,16.690000534057617,2015700,0.0,0.0
2018-04-04 00:00:00-04:00,16.219999313354492,16.969999313354492,16.020000457763672,16.84000015258789,1927100,0.0,0.0
2018-04-05 00:00:00-04:00,16.950000762939453,17.459999084472656,16.920000076293945,17.020000457763672,2046600,0.0,0.0
2018-04-06 00:00:00-04:00,16.760000228881836,17.31999969482422,16.229999542236328,16.790000915527344,3137100,0.0,0.0
2018-04-09 00:00:00-04:00,17.6299991607666,19.280000686645508,17.600000381469727,18.81999969482422,5170200,0.0,0.0
2018-04-10 00:00:00-04:00,19.219999313354492,20.190000534057617,18.56999969482422,19.920000076293945,4142600,0.0,0.0
2018-04-11 00:00:00-04:00,19.850000381469727,19.860000610351562,18.850000381469727,19.1200008392334,4137400,0.0,0.0
2018-04-12 00:00:00-04:00,18.889999389648438,19.100000381469727,17.799999237060547,18.639999389648438,3599300,0.0,0.0
2018-04-13 00:00:00-04:00,18.549999237060547,18.790000915527344,18.059999465942383,18.149999618530273,1734200,0.0,0.0
2018-04-16 00:00:00-04:00,18.299999237060547,18.469999313354492,17.700000762939453,18.030000686645508,2202600,0.0,0.0
2018-04-17 00:00:00-04:00,18.0,18.459999084472656,17.969999313354492,18.229999542236328,1435100,0.0,0.0
2018-04-18 00:00:00-04:00,18.709999084472656,19.3799991607666,18.200000762939453,18.309999465942383,2182200,0.0,0.0
2018-04-19 00:00:00-04:00,18.329999923706055,18.950000762939453,18.18000030517578,18.309999465942383,2060800,0.0,0.0
2018-04-20 00:00:00-04:00,18.270000457763672,18.290000915527344,17.56999969482422,17.649999618530273,1917000,0.0,0.0
2018-04-23 00:00:00-04:00,16.389999389648438,17.399999618530273,16.270000457763672,16.719999313354492,4523000,0.0,0.0
2018-04-24 00:00:00-04:00,16.850000381469727,16.920000076293945,16.329999923706055,16.709999084472656,1395400,0.0,0.0
2018-04-25 00:00:00-04:00,16.59000015258789,17.65999984741211,16.510000228881836,17.309999465942383,1664200,0.0,0.0
2018-04-26 00:00:00-04:00,17.520000457763672,17.969999313354492,17.209999084472656,17.610000610351562,1643600,0.0,0.0
2018-04-27 00:00:00-04:00,17.440000534057617,17.579999923706055,16.8799991607666,17.309999465942383,948500,0.0,0.0
2018-04-30 00:00:00-04:00,17.260000228881836,17.610000610351562,17.18000030517578,17.469999313354492,909000,0.0,0.0
2018-05-01 00:00:00-04:00,17.3700008392334,17.3700008392334,16.309999465942383,16.780000686645508,1363500,0.0,0.0
2018-05-02 00:00:00-04:00,16.90999984741211,17.209999084472656,16.399999618530273,16.479999542236328,2378500,0.0,0.0
2018-05-03 00:00:00-04:00,16.510000228881836,16.760000228881836,16.329999923706055,16.399999618530273,1577100,0.0,0.0
2018-05-04 00:00:00-04:00,14.739999771118164,15.670000076293945,14.140000343322754,14.760000228881836,6914300,0.0,0.0
2018-05-07 00:00:00-04:00,14.8100004196167,15.399999618530273,14.600000381469727,15.0,2350900,0.0,0.0
2018-05-08 00:00:00-04:00,15.039999961853027,15.850000381469727,15.0,15.390000343322754,1961500,0.0,0.0
2018-05-09 00:00:00-04:00,15.420000076293945,15.859999656677246,15.319999694824219,15.359999656677246,2716300,0.0,0.0
2018-05-10 00:00:00-04:00,15.399999618530273,16.0,15.399999618530273,15.800000190734863,1400700,0.0,0.0
2018-05-11 00:00:00-04:00,15.859999656677246,16.100000381469727,15.600000381469727,15.880000114440918,775100,0.0,0.0
2018-05-14 00:00:00-04:00,15.9399995803833,16.3700008392334,15.859999656677246,15.90999984741211,2373600,0.0,0.0
2018-05-15 00:00:00-04:00,15.680000305175781,16.729999542236328,15.600000381469727,16.649999618530273,2514400,0.0,0.0
2018-05-16 00:00:00-04:00,16.639999389648438,17.260000228881836,16.639999389648438,16.940000534057617,2308000,0.0,0.0
2018-05-17 00:00:00-04:00,16.84000015258789,17.760000228881836,16.84000015258789,17.34000015258789,1755000,0.0,0.0
2018-05-18 00:00:00-04:00,17.290000915527344,17.610000610351562,17.200000762939453,17.5,2207000,0.0,0.0
2018-05-21 00:00:00-04:00,17.56999969482422,17.56999969482422,16.889999389648438,17.350000381469727,1323000,0.0,0.0
2018-05-22 00:00:00-04:00,17.3700008392334,17.600000381469727,16.700000762939453,16.760000228881836,2272300,0.0,0.0
2018-05-23 00:00:00-04:00,16.549999237060547,16.610000610351562,16.030000686645508,16.18000030517578,2842400,0.0,0.0
2018-05-24 00:00:00-04:00,16.209999084472656,16.559999465942383,15.850000381469727,16.34000015258789,2048800,0.0,0.0
2018-05-25 00:00:00-04:00,16.18000030517578,16.40999984741211,16.040000915527344,16.280000686645508,790500,0.0,0.0
2018-05-29 00:00:00-04:00,16.010000228881836,16.84000015258789,15.949999809265137,16.520000457763672,1203300,0.0,0.0
2018-05-30 00:00:00-04:00,16.649999618530273,17.18000030517578,16.649999618530273,17.149999618530273,1161000,0.0,0.0
2018-05-31 00:00:00-04:00,17.899999618530273,18.690000534057617,17.600000381469727,17.719999313354492,3077100,0.0,0.0
2018-06-01 00:00:00-04:00,17.850000381469727,17.989999771118164,17.190000534057617,17.709999084472656,1883600,0.0,0.0
2018-06-04 00:00:00-04:00,17.790000915527344,18.1299991607666,17.5,17.600000381469727,1300600,0.0,0.0
2018-06-05 00:00:00-04:00,17.649999618530273,17.729999542236328,17.260000228881836,17.639999389648438,1382300,0.0,0.0
2018-06-06 00:00:00-04:00,17.81999969482422,17.889999389648438,17.510000228881836,17.81999969482422,807700,0.0,0.0
2018-06-07 00:00:00-04:00,17.809999465942383,17.809999465942383,17.059999465942383,17.260000228881836,911400,0.0,0.0
2018-06-08 00:00:00-04:00,17.18000030517578,17.479999542236328,17.1200008392334,17.190000534057617,557400,0.0,0.0
2018-06-11 00:00:00-04:00,17.190000534057617,17.520000457763672,16.829999923706055,17.170000076293945,2159100,0.0,0.0
2018-06-12 00:00:00-04:00,17.149999618530273,17.309999465942383,16.75,16.93000030517578,843400,0.0,0.0
2018-06-13 00:00:00-04:00,16.940000534057617,17.059999465942383,16.6299991607666,16.780000686645508,674100,0.0,0.0
2018-06-14 00:00:00-04:00,16.8700008392334,16.8700008392334,16.40999984741211,16.489999771118164,1453100,0.0,0.0
2018-06-15 00:00:00-04:00,16.43000030517578,16.43000030517578,15.920000076293945,16.389999389648438,2106900,0.0,0.0
2018-06-18 00:00:00-04:00,16.309999465942383,16.780000686645508,16.25,16.690000534057617,771600,0.0,0.0
2018-06-19 00:00:00-04:00,16.229999542236328,16.229999542236328,15.329999923706055,15.75,1562300,0.0,0.0
2018-06-20 00:00:00-04:00,15.970000267028809,16.059999465942383,15.6899995803833,15.90999984741211,706200,0.0,0.0
2018-06-21 00:00:00-04:00,16.139999389648438,17.1200008392334,16.110000610351562,16.829999923706055,1694800,0.0,0.0
2018-06-22 00:00:00-04:00,16.950000762939453,17.40999984741211,16.899999618530273,17.239999771118164,1159700,0.0,0.0
2018-06-25 00:00:00-04:00,16.969999313354492,17.059999465942383,15.899999618530273,16.34000015258789,2326900,0.0,0.0
2018-06-26 00:00:00-04:00,16.399999618530273,16.59000015258789,16.049999237060547,16.520000457763672,717800,0.0,0.0
2018-06-27 00:00:00-04:00,16.530000686645508,16.75,15.5,15.619999885559082,1526400,0.0,0.0
2018-06-28 00:00:00-04:00,15.569999694824219,15.8100004196167,15.100000381469727,15.6899995803833,1174600,0.0,0.0
2018-06-29 00:00:00-04:00,15.8100004196167,16.139999389648438,15.720000267028809,15.75,927500,0.0,0.0
2018-07-02 00:00:00-04:00,15.539999961853027,15.539999961853027,15.020000457763672,15.15999984741211,1419100,0.0,0.0
2018-07-03 00:00:00-04:00,15.300000190734863,15.359999656677246,14.600000381469727,14.8100004196167,913500,0.0,0.0
2018-07-05 00:00:00-04:00,14.960000038146973,15.109999656677246,14.819999694824219,14.84000015258789,2039500,0.0,0.0
2018-07-06 00:00:00-04:00,14.84000015258789,15.34000015258789,14.739999771118164,15.229999542236328,1043400,0.0,0.0
2018-07-09 00:00:00-04:00,15.3100004196167,15.579999923706055,15.180000305175781,15.460000038146973,912000,0.0,0.0
2018-07-10 00:00:00-04:00,15.390000343322754,15.5600004196167,14.729999542236328,14.920000076293945,1405300,0.0,0.0
2018-07-11 00:00:00-04:00,14.680000305175781,15.119999885559082,14.210000038146973,14.550000190734863,1531900,0.0,0.0
2018-07-12 00:00:00-04:00,14.739999771118164,14.739999771118164,14.470000267028809,14.569999694824219,574200,0.0,0.0
2018-07-13 00:00:00-04:00,14.5,14.569999694824219,14.180000305175781,14.239999771118164,799800,0.0,0.0
2018-07-16 00:00:00-04:00,14.380000114440918,14.649999618530273,14.069999694824219,14.350000381469727,1202500,0.0,0.0
2018-07-17 00:00:00-04:00,14.369999885559082,14.9399995803833,14.369999885559082,14.770000457763672,1405600,0.0,0.0
2018-07-18 00:00:00-04:00,14.760000228881836,15.029999732971191,14.350000381469727,14.899999618530273,1113300,0.0,0.0
2018-07-19 00:00:00-04:00,14.569999694824219,14.600000381469727,13.050000190734863,13.09000015258789,3588100,0.0,0.0
2018-07-20 00:00:00-04:00,13.130000114440918,13.25,12.760000228881836,12.970000267028809,2222500,0.0,0.0
2018-07-23 00:00:00-04:00,12.960000038146973,13.489999771118164,12.600000381469727,13.390000343322754,1339300,0.0,0.0
2018-07-24 00:00:00-04:00,13.619999885559082,13.75,13.170000076293945,13.229999542236328,2010300,0.0,0.0
2018-07-25 00:00:00-04:00,13.199999809265137,13.350000381469727,12.920000076293945,13.210000038146973,1221000,0.0,0.0
2018-07-26 00:00:00-04:00,13.100000381469727,13.289999961853027,12.960000038146973,13.210000038146973,845000,0.0,0.0
2018-07-27 00:00:00-04:00,13.199999809265137,13.369999885559082,13.020000457763672,13.039999961853027,721800,0.0,0.0
2018-07-30 00:00:00-04:00,13.079999923706055,13.220000267028809,12.869999885559082,12.920000076293945,948900,0.0,0.0
2018-07-31 00:00:00-04:00,13.029999732971191,13.119999885559082,12.75,12.8100004196167,917500,0.0,0.0
2018-08-01 00:00:00-04:00,12.819999694824219,13.0600004196167,12.529999732971191,12.970000267028809,2170100,0.0,0.0
2018-08-02 00:00:00-04:00,13.460000038146973,13.800000190734863,13.010000228881836,13.109999656677246,3593900,0.0,0.0
2018-08-03 00:00:00-04:00,13.0,13.170000076293945,12.609999656677246,12.770000457763672,2666000,0.0,0.0
2018-08-06 00:00:00-04:00,12.829999923706055,13.100000381469727,12.550000190734863,12.789999961853027,1982900,0.0,0.0
2018-08-07 00:00:00-04:00,12.869999885559082,12.949999809265137,12.350000381469727,12.359999656677246,1441300,0.0,0.0
2018-08-08 00:00:00-04:00,12.3100004196167,12.3100004196167,12.0,12.020000457763672,3426400,0.0,0.0
2018-08-09 00:00:00-04:00,12.09000015258789,12.270000457763672,12.020000457763672,12.140000343322754,858900,0.0,0.0
2018-08-10 00:00:00-04:00,11.960000038146973,12.329999923706055,11.770000457763672,12.149999618530273,1402400,0.0,0.0
2018-08-13 00:00:00-04:00,12.149999618530273,12.149999618530273,11.800000190734863,12.0600004196167,1010000,0.0,0.0
2018-08-14 00:00:00-04:00,12.069999694824219,12.619999885559082,12.069999694824219,12.460000038146973,2056600,0.0,0.0
2018-08-15 00:00:00-04:00,12.220000267028809,12.220000267028809,11.039999961853027,11.09000015258789,2911800,0.0,0.0
2018-08-16 00:00:00-04:00,11.3100004196167,12.109999656677246,11.3100004196167,12.100000381469727,1833600,0.0,0.0
2018-08-17 00:00:00-04:00,12.050000190734863,12.109999656677246,11.680000305175781,12.020000457763672,2058900,0.0,0.0
2018-08-20 00:00:00-04:00,12.149999618530273,12.329999923706055,11.859999656677246,11.930000305175781,1759300,0.0,0.0
2018-08-21 00:00:00-04:00,11.9399995803833,12.470000267028809,11.899999618530273,12.319999694824219,1273800,0.0,0.0
2018-08-22 00:00:00-04:00,12.329999923706055,12.640000343322754,12.109999656677246,12.390000343322754,1225300,0.0,0.0
2018-08-23 00:00:00-04:00,12.3100004196167,12.34000015258789,11.8100004196167,11.949999809265137,1769100,0.0,0.0
2018-08-24 00:00:00-04:00,12.119999885559082,12.609999656677246,12.039999961853027,12.529999732971191,2461200,0.0,0.0
2018-08-27 00:00:00-04:00,12.619999885559082,12.819999694824219,12.460000038146973,12.569999694824219,1511700,0.0,0.0
2018-08-28 00:00:00-04:00,12.699999809265137,13.039999961853027,12.520000457763672,12.729999542236328,1241500,0.0,0.0
2018-08-29 00:00:00-04:00,12.720000267028809,13.170000076293945,12.579999923706055,13.010000228881836,1466000,0.0,0.0
2018-08-30 00:00:00-04:00,12.90999984741211,13.029999732971191,12.239999771118164,12.569999694824219,1563600,0.0,0.0
2018-08-31 00:00:00-04:00,12.470000267028809,12.75,12.300000190734863,12.619999885559082,1029000,0.0,0.0
2018-09-04 00:00:00-04:00,12.4399995803833,12.449999809265137,11.670000076293945,12.029999732971191,1857500,0.0,0.0
2018-09-05 00:00:00-04:00,12.0,12.180000305175781,11.850000381469727,11.859999656677246,1324500,0.0,0.0
2018-09-06 00:00:00-04:00,12.0,13.140000343322754,11.850000381469727,12.020000457763672,2399200,0.0,0.0
2018-09-07 00:00:00-04:00,11.970000267028809,12.100000381469727,11.220000267028809,11.600000381469727,2257100,0.0,0.0
2018-09-10 00:00:00-04:00,11.739999771118164,12.4399995803833,11.739999771118164,12.1899995803833,2087100,0.0,0.0
2018-09-11 00:00:00-04:00,11.949999809265137,12.109999656677246,11.760000228881836,12.039999961853027,1092400,0.0,0.0
2018-09-12 00:00:00-04:00,11.890000343322754,12.039999961853027,11.319999694824219,11.850000381469727,2208300,0.0,0.0
2018-09-13 00:00:00-04:00,11.949999809265137,12.069999694824219,11.359999656677246,11.369999885559082,2192200,0.0,0.0
2018-09-14 00:00:00-04:00,11.350000381469727,11.510000228881836,11.15999984741211,11.319999694824219,1326000,0.0,0.0
2018-09-17 00:00:00-04:00,11.329999923706055,12.029999732971191,11.300000190734863,11.779999732971191,2156600,0.0,0.0
2018-09-18 00:00:00-04:00,12.020000457763672,13.100000381469727,12.010000228881836,12.9399995803833,4131300,0.0,0.0
2018-09-19 00:00:00-04:00,13.0600004196167,13.319999694824219,12.75,12.859999656677246,1887300,0.0,0.0
2018-09-20 00:00:00-04:00,13.260000228881836,13.420000076293945,12.899999618530273,13.119999885559082,1866900,0.0,0.0
2018-09-21 00:00:00-04:00,13.09000015258789,13.470000267028809,13.0,13.25,4543200,0.0,0.0
2018-09-24 00:00:00-04:00,13.119999885559082,13.25,11.8100004196167,11.890000343322754,3687800,0.0,0.0
2018-09-25 00:00:00-04:00,12.010000228881836,12.609999656677246,11.729999542236328,12.59000015258789,3350400,0.0,0.0
2018-09-26 00:00:00-04:00,12.489999771118164,12.5600004196167,11.75,11.859999656677246,2383300,0.0,0.0
2018-09-27 00:00:00-04:00,11.819999694824219,11.869999885559082,11.369999885559082,11.380000114440918,2878300,0.0,0.0
2018-09-28 00:00:00-04:00,11.539999961853027,12.369999885559082,11.399999618530273,11.970000267028809,5890900,0.0,0.0
2018-10-01 00:00:00-04:00,12.010000228881836,12.25,11.720000267028809,12.069999694824219,1846600,0.0,0.0
2018-10-02 00:00:00-04:00,11.729999542236328,12.100000381469727,11.619999885559082,11.899999618530273,1986900,0.0,0.0
2018-10-03 00:00:00-04:00,10.600000381469727,10.949999809265137,9.850000381469727,10.520000457763672,11446600,0.0,0.0
2018-10-04 00:00:00-04:00,10.609999656677246,10.829999923706055,10.199999809265137,10.229999542236328,3662300,0.0,0.0
2018-10-05 00:00:00-04:00,10.380000114440918,10.380000114440918,9.880000114440918,9.970000267028809,3546500,0.0,0.0
2018-10-08 00:00:00-04:00,10.5,10.90999984741211,10.25,10.739999771118164,3856800,0.0,0.0
2018-10-09 00:00:00-04:00,10.420000076293945,11.15999984741211,10.420000076293945,10.819999694824219,2186700,0.0,0.0
2018-10-10 00:00:00-04:00,10.550000190734863,10.859999656677246,10.079999923706055,10.180000305175781,2255400,0.0,0.0
2018-10-11 00:00:00-04:00,10.100000381469727,10.329999923706055,9.970000267028809,10.09000015258789,1482100,0.0,0.0
2018-10-12 00:00:00-04:00,10.350000381469727,10.569999694824219,10.0,10.15999984741211,1709300,0.0,0.0
2018-10-15 00:00:00-04:00,10.180000305175781,10.550000190734863,10.119999885559082,10.15999984741211,1627500,0.0,0.0
2018-10-16 00:00:00-04:00,10.260000228881836,10.260000228881836,9.920000076293945,10.15999984741211,1221600,0.0,0.0
2018-10-17 00:00:00-04:00,10.130000114440918,10.1899995803833,9.899999618530273,10.140000343322754,1300000,0.0,0.0
2018-10-18 00:00:00-04:00,10.210000038146973,10.4399995803833,9.899999618530273,9.920000076293945,2648800,0.0,0.0
2018-10-19 00:00:00-04:00,9.920000076293945,10.130000114440918,9.789999961853027,9.800000190734863,1373100,0.0,0.0
2018-10-22 00:00:00-04:00,9.819999694824219,9.930000305175781,9.460000038146973,9.890000343322754,2761100,0.0,0.0
2018-10-23 00:00:00-04:00,9.630000114440918,9.6899995803833,9.180000305175781,9.600000381469727,1807300,0.0,0.0
2018-10-24 00:00:00-04:00,9.539999961853027,9.779999732971191,8.960000038146973,8.989999771118164,2092200,0.0,0.0
2018-10-25 00:00:00-04:00,9.100000381469727,9.640000343322754,9.020000457763672,9.479999542236328,1970200,0.0,0.0
2018-10-26 00:00:00-04:00,9.010000228881836,9.289999961853027,7.650000095367432,7.71999979019165,7774900,0.0,0.0
2018-10-29 00:00:00-04:00,7.869999885559082,8.470000267028809,7.800000190734863,8.020000457763672,4221800,0.0,0.0
2018-10-30 00:00:00-04:00,8.050000190734863,8.279999732971191,7.769999980926514,7.829999923706055,3696600,0.0,0.0
2018-10-31 00:00:00-04:00,7.940000057220459,8.210000038146973,7.820000171661377,7.940000057220459,2893000,0.0,0.0
2018-11-01 00:00:00-04:00,8.229999542236328,8.850000381469727,8.140000343322754,8.84000015258789,2957800,0.0,0.0
2018-11-02 00:00:00-04:00,8.890000343322754,9.850000381469727,8.890000343322754,9.729999542236328,2805700,0.0,0.0
2018-11-05 00:00:00-05:00,9.670000076293945,9.84000015258789,9.460000038146973,9.779999732971191,2427500,0.0,0.0
2018-11-06 00:00:00-05:00,9.789999961853027,10.029999732971191,9.619999885559082,9.949999809265137,1897900,0.0,0.0
2018-11-07 00:00:00-05:00,10.079999923706055,10.140000343322754,9.670000076293945,9.789999961853027,1840100,0.0,0.0
2018-11-08 00:00:00-05:00,9.710000038146973,9.819999694824219,9.479999542236328,9.630000114440918,1394200,0.0,0.0
2018-11-09 00:00:00-05:00,9.449999809265137,9.680000305175781,9.130000114440918,9.319999694824219,1194000,0.0,0.0
2018-11-12 00:00:00-05:00,9.300000190734863,9.300000190734863,8.65999984741211,8.680000305175781,1884500,0.0,0.0
2018-11-13 00:00:00-05:00,8.720000267028809,9.119999885559082,8.569999694824219,8.899999618530273,979200,0.0,0.0
2018-11-14 00:00:00-05:00,8.989999771118164,9.149999618530273,8.520000457763672,8.6899995803833,1274800,0.0,0.0
2018-11-15 00:00:00-05:00,8.649999618530273,9.010000228881836,8.510000228881836,8.979999542236328,931500,0.0,0.0
2018-11-16 00:00:00-05:00,8.890000343322754,9.390000343322754,8.8100004196167,9.34000015258789,1750100,0.0,0.0
2018-11-19 00:00:00-05:00,9.270000457763672,9.470000267028809,8.65999984741211,8.869999885559082,2073300,0.0,0.0
2018-11-20 00:00:00-05:00,8.770000457763672,8.770000457763672,8.180000305175781,8.579999923706055,1013100,0.0,0.0
2018-11-21 00:00:00-05:00,8.710000038146973,9.0600004196167,8.699999809265137,8.84000015258789,760800,0.0,0.0
2018-11-23 00:00:00-05:00,8.609999656677246,8.880000114440918,8.59000015258789,8.8100004196167,557400,0.0,0.0
2018-11-26 00:00:00-05:00,8.84000015258789,9.34000015258789,8.720000267028809,9.15999984741211,1272300,0.0,0.0
2018-11-27 00:00:00-05:00,9.0,9.300000190734863,8.520000457763672,8.84000015258789,1481900,0.0,0.0
2018-11-28 00:00:00-05:00,8.880000114440918,9.34000015258789,8.479999542236328,9.34000015258789,2506400,0.0,0.0
2018-11-29 00:00:00-05:00,9.199999809265137,9.4399995803833,8.960000038146973,9.0,1042700,0.0,0.0
2018-11-30 00:00:00-05:00,8.930000305175781,9.100000381469727,8.899999618530273,8.979999542236328,808000,0.0,0.0
2018-12-03 00:00:00-05:00,9.380000114440918,9.600000381469727,9.210000038146973,9.5,1330500,0.0,0.0
2018-12-04 00:00:00-05:00,9.479999542236328,9.579999923706055,8.859999656677246,9.0,1237400,0.0,0.0
2018-12-06 00:00:00-05:00,8.720000267028809,8.819999694824219,8.40999984741211,8.649999618530273,1730400,0.0,0.0
2018-12-07 00:00:00-05:00,8.720000267028809,9.239999771118164,8.5600004196167,8.600000381469727,1223900,0.0,0.0
2018-12-10 00:00:00-05:00,8.5600004196167,8.739999771118164,8.010000228881836,8.289999961853027,1298200,0.0,0.0
2018-12-11 00:00:00-05:00,8.520000457763672,8.720000267028809,8.1899995803833,8.380000114440918,1318700,0.0,0.0
2018-12-12 00:00:00-05:00,8.520000457763672,8.760000228881836,8.420000076293945,8.470000267028809,1513500,0.0,0.0
2018-12-13 00:00:00-05:00,8.5600004196167,8.609999656677246,8.3100004196167,8.359999656677246,809800,0.0,0.0
2018-12-14 00:00:00-05:00,8.25,8.430000305175781,8.09000015258789,8.149999618530273,1083900,0.0,0.0
2018-12-17 00:00:00-05:00,8.09000015258789,8.739999771118164,8.050000190734863,8.270000457763672,1678000,0.0,0.0
2018-12-18 00:00:00-05:00,8.369999885559082,8.579999923706055,8.1899995803833,8.260000228881836,1229600,0.0,0.0
2018-12-19 00:00:00-05:00,8.329999923706055,8.649999618530273,7.769999980926514,7.800000190734863,2392400,0.0,0.0
2018-12-20 00:00:00-05:00,7.880000114440918,8.109999656677246,7.320000171661377,7.559999942779541,1699700,0.0,0.0
2018-12-21 00:00:00-05:00,7.53000020980835,7.53000020980835,6.539999961853027,6.909999847412109,3428900,0.0,0.0
2018-12-24 00:00:00-05:00,6.889999866485596,6.900000095367432,6.659999847412109,6.809999942779541,779900,0.0,0.0
2018-12-26 00:00:00-05:00,6.880000114440918,7.409999847412109,6.539999961853027,7.389999866485596,1692400,0.0,0.0
2018-12-27 00:00:00-05:00,7.199999809265137,7.400000095367432,6.929999828338623,7.340000152587891,1174400,0.0,0.0
2018-12-28 00:00:00-05:00,7.369999885559082,7.650000095367432,7.28000020980835,7.400000095367432,1102700,0.0,0.0
2018-12-31 00:00:00-05:00,7.480000019073486,7.590000152587891,7.110000133514404,7.309999942779541,847600,0.0,0.0
2019-01-02 00:00:00-05:00,7.179999828338623,7.849999904632568,6.980000019073486,7.550000190734863,1828900,0.0,0.0
2019-01-03 00:00:00-05:00,7.420000076293945,7.630000114440918,7.28000020980835,7.309999942779541,1601400,0.0,0.0
2019-01-04 00:00:00-05:00,7.550000190734863,8.470000267028809,7.429999828338623,8.380000114440918,3632000,0.0,0.0
2019-01-07 00:00:00-05:00,8.5,8.760000228881836,8.149999618530273,8.699999809265137,2608300,0.0,0.0
2019-01-08 00:00:00-05:00,8.770000457763672,8.829999923706055,8.119999885559082,8.359999656677246,2196700,0.0,0.0
2019-01-09 00:00:00-05:00,8.399999618530273,8.779999732971191,8.319999694824219,8.710000038146973,1423500,0.0,0.0
2019-01-10 00:00:00-05:00,8.630000114440918,8.829999923706055,8.510000228881836,8.729999542236328,757500,0.0,0.0
2019-01-11 00:00:00-05:00,8.699999809265137,8.779999732971191,8.510000228881836,8.569999694824219,1235700,0.0,0.0
2019-01-14 00:00:00-05:00,8.729999542236328,9.109999656677246,8.430000305175781,8.529999732971191,1188400,0.0,0.0
2019-01-15 00:00:00-05:00,8.479999542236328,8.520000457763672,8.0,8.149999618530273,1897600,0.0,0.0
2019-01-16 00:00:00-05:00,8.479999542236328,8.84000015258789,8.210000038146973,8.5,1927700,0.0,0.0
2019-01-17 00:00:00-05:00,8.390000343322754,9.319999694824219,8.239999771118164,9.09000015258789,2188400,0.0,0.0
2019-01-18 00:00:00-05:00,9.1899995803833,9.430000305175781,9.039999961853027,9.3100004196167,1672700,0.0,0.0
2019-01-22 00:00:00-05:00,9.170000076293945,9.34000015258789,8.699999809265137,8.819999694824219,2057000,0.0,0.0
2019-01-23 00:00:00-05:00,8.90999984741211,9.199999809265137,8.819999694824219,9.069999694824219,2092200,0.0,0.0
2019-01-24 00:00:00-05:00,9.0,9.039999961853027,8.670000076293945,8.850000381469727,1296300,0.0,0.0
2019-01-25 00:00:00-05:00,9.0600004196167,9.15999984741211,8.850000381469727,9.029999732971191,1253800,0.0,0.0
2019-01-28 00:00:00-05:00,8.899999618530273,8.899999618530273,8.510000228881836,8.539999961853027,1241100,0.0,0.0
2019-01-29 00:00:00-05:00,8.609999656677246,8.789999961853027,8.460000038146973,8.630000114440918,1093600,0.0,0.0
2019-01-30 00:00:00-05:00,8.729999542236328,9.010000228881836,8.680000305175781,8.949999809265137,2078600,0.0,0.0
2019-01-31 00:00:00-05:00,8.899999618530273,9.34000015258789,8.899999618530273,9.199999809265137,1024800,0.0,0.0
2019-02-01 00:00:00-05:00,9.210000038146973,9.3100004196167,8.90999984741211,9.0,793800,0.0,0.0
2019-02-04 00:00:00-05:00,8.979999542236328,9.220000267028809,8.90999984741211,9.109999656677246,873500,0.0,0.0
2019-02-05 00:00:00-05:00,9.119999885559082,9.319999694824219,9.069999694824219,9.210000038146973,1464400,0.0,0.0
2019-02-06 00:00:00-05:00,9.170000076293945,9.210000038146973,9.0,9.039999961853027,696900,0.0,0.0
2019-02-07 00:00:00-05:00,8.869999885559082,8.970000267028809,8.380000114440918,8.470000267028809,2135300,0.0,0.0
2019-02-08 00:00:00-05:00,8.470000267028809,8.640000343322754,8.279999732971191,8.460000038146973,1310700,0.0,0.0
2019-02-11 00:00:00-05:00,8.460000038146973,8.569999694824219,8.369999885559082,8.449999809265137,1086700,0.0,0.0
2019-02-12 00:00:00-05:00,8.569999694824219,8.729999542236328,8.40999984741211,8.470000267028809,810900,0.0,0.0
2019-02-13 00:00:00-05:00,8.569999694824219,8.770000457763672,8.529999732971191,8.5600004196167,807900,0.0,0.0
2019-02-14 00:00:00-05:00,8.470000267028809,8.550000190734863,8.390000343322754,8.470000267028809,928200,0.0,0.0
2019-02-15 00:00:00-05:00,8.600000381469727,8.789999961853027,8.539999961853027,8.569999694824219,881500,0.0,0.0
2019-02-19 00:00:00-05:00,8.529999732971191,8.819999694824219,8.529999732971191,8.75,1305100,0.0,0.0
2019-02-20 00:00:00-05:00,8.779999732971191,9.260000228881836,8.739999771118164,9.180000305175781,1763400,0.0,0.0
2019-02-21 00:00:00-05:00,9.180000305175781,9.34000015258789,9.15999984741211,9.289999961853027,1415200,0.0,0.0
2019-02-22 00:00:00-05:00,9.25,9.979999542236328,8.979999542236328,9.260000228881836,1884500,0.0,0.0
2019-02-25 00:00:00-05:00,9.229999542236328,9.390000343322754,8.819999694824219,9.119999885559082,1877300,0.0,0.0
2019-02-26 00:00:00-05:00,9.109999656677246,9.529999732971191,9.109999656677246,9.350000381469727,1826200,0.0,0.0
2019-02-27 00:00:00-05:00,9.350000381469727,9.4399995803833,8.930000305175781,8.989999771118164,1741600,0.0,0.0
2019-02-28 00:00:00-05:00,8.979999542236328,9.029999732971191,8.59000015258789,8.630000114440918,2343800,0.0,0.0
2019-03-01 00:00:00-05:00,8.720000267028809,8.949999809265137,8.609999656677246,8.930000305175781,1116700,0.0,0.0
2019-03-04 00:00:00-05:00,8.9399995803833,8.9399995803833,8.550000190734863,8.789999961853027,1140600,0.0,0.0
2019-03-05 00:00:00-05:00,8.760000228881836,8.850000381469727,8.640000343322754,8.739999771118164,1318900,0.0,0.0
2019-03-06 00:00:00-05:00,8.760000228881836,8.8100004196167,8.449999809265137,8.460000038146973,1543500,0.0,0.0
2019-03-07 00:00:00-05:00,8.399999618530273,8.460000038146973,8.010000228881836,8.020000457763672,1435000,0.0,0.0
2019-03-08 00:00:00-05:00,7.889999866485596,7.900000095367432,7.480000019073486,7.639999866485596,2130600,0.0,0.0
2019-03-11 00:00:00-04:00,7.670000076293945,7.920000076293945,7.590000152587891,7.920000076293945,1372600,0.0,0.0
2019-03-12 00:00:00-04:00,7.940000057220459,8.270000457763672,7.920000076293945,8.180000305175781,846100,0.0,0.0
2019-03-13 00:00:00-04:00,8.220000267028809,8.380000114440918,8.199999809265137,8.289999961853027,885200,0.0,0.0
2019-03-14 00:00:00-04:00,8.239999771118164,8.390000343322754,8.239999771118164,8.34000015258789,1159400,0.0,0.0
2019-03-15 00:00:00-04:00,8.350000381469727,8.520000457763672,8.329999923706055,8.470000267028809,2288400,0.0,0.0
2019-03-18 00:00:00-04:00,8.630000114440918,8.949999809265137,8.569999694824219,8.930000305175781,1865200,0.0,0.0
2019-03-19 00:00:00-04:00,9.010000228881836,9.149999618530273,8.8100004196167,8.90999984741211,1431400,0.0,0.0
2019-03-20 00:00:00-04:00,8.920000076293945,8.970000267028809,8.569999694824219,8.890000343322754,1037800,0.0,0.0
2019-03-21 00:00:00-04:00,8.829999923706055,9.050000190734863,8.760000228881836,8.970000267028809,1096300,0.0,0.0
2019-03-22 00:00:00-04:00,8.859999656677246,8.920000076293945,8.1899995803833,8.300000190734863,1547900,0.0,0.0
2019-03-25 00:00:00-04:00,8.300000190734863,8.460000038146973,8.109999656677246,8.229999542236328,817700,0.0,0.0
2019-03-26 00:00:00-04:00,8.229999542236328,8.279999732971191,7.789999961853027,8.1899995803833,2687100,0.0,0.0
2019-03-27 00:00:00-04:00,8.199999809265137,8.579999923706055,8.109999656677246,8.550000190734863,1329000,0.0,0.0
2019-03-28 00:00:00-04:00,8.5600004196167,8.890000343322754,8.489999771118164,8.859999656677246,1129600,0.0,0.0
2019-03-29 00:00:00-04:00,9.010000228881836,9.199999809265137,8.850000381469727,8.880000114440918,1778100,0.0,0.0
2019-04-01 00:00:00-04:00,9.079999923706055,9.319999694824219,8.949999809265137,9.109999656677246,1239600,0.0,0.0
2019-04-02 00:00:00-04:00,9.0600004196167,9.100000381469727,8.829999923706055,8.850000381469727,847000,0.0,0.0
2019-04-03 00:00:00-04:00,9.0,9.079999923706055,8.720000267028809,8.779999732971191,941200,0.0,0.0
2019-04-04 00:00:00-04:00,8.720000267028809,9.09000015258789,8.670000076293945,9.09000015258789,688100,0.0,0.0
2019-04-05 00:00:00-04:00,9.069999694824219,9.359999656677246,9.069999694824219,9.329999923706055,848200,0.0,0.0
2019-04-08 00:00:00-04:00,9.3100004196167,9.390000343322754,9.180000305175781,9.350000381469727,527200,0.0,0.0
2019-04-09 00:00:00-04:00,9.3100004196167,9.3100004196167,8.960000038146973,9.039999961853027,1081300,0.0,0.0
2019-04-10 00:00:00-04:00,9.109999656677246,9.239999771118164,8.989999771118164,9.140000343322754,906100,0.0,0.0
2019-04-11 00:00:00-04:00,9.149999618530273,9.399999618530273,9.050000190734863,9.15999984741211,858900,0.0,0.0
2019-04-12 00:00:00-04:00,9.289999961853027,9.579999923706055,9.149999618530273,9.369999885559082,1049500,0.0,0.0
2019-04-15 00:00:00-04:00,9.399999618530273,9.5,9.199999809265137,9.220000267028809,832100,0.0,0.0
2019-04-16 00:00:00-04:00,9.300000190734863,9.779999732971191,9.270000457763672,9.75,1945600,0.0,0.0
2019-04-17 00:00:00-04:00,9.829999923706055,9.90999984741211,9.479999542236328,9.699999809265137,1526700,0.0,0.0
2019-04-18 00:00:00-04:00,9.510000228881836,9.65999984741211,8.470000267028809,8.609999656677246,3152500,0.0,0.0
2019-04-22 00:00:00-04:00,8.600000381469727,8.729999542236328,8.279999732971191,8.649999618530273,2457200,0.0,0.0
2019-04-23 00:00:00-04:00,8.609999656677246,8.949999809265137,8.579999923706055,8.75,1164300,0.0,0.0
2019-04-24 00:00:00-04:00,8.6899995803833,8.869999885559082,8.630000114440918,8.850000381469727,904300,0.0,0.0
2019-04-25 00:00:00-04:00,8.84000015258789,8.84000015258789,8.380000114440918,8.4399995803833,877300,0.0,0.0
2019-04-26 00:00:00-04:00,8.380000114440918,8.579999923706055,8.319999694824219,8.529999732971191,968400,0.0,0.0
2019-04-29 00:00:00-04:00,8.510000228881836,8.630000114440918,8.40999984741211,8.569999694824219,645300,0.0,0.0
2019-04-30 00:00:00-04:00,8.479999542236328,8.510000228881836,8.3100004196167,8.40999984741211,1315700,0.0,0.0
2019-05-01 00:00:00-04:00,8.430000305175781,8.630000114440918,7.880000114440918,7.920000076293945,1948200,0.0,0.0
2019-05-02 00:00:00-04:00,7.940000057220459,8.140000343322754,7.699999809265137,7.929999828338623,2063500,0.0,0.0
2019-05-03 00:00:00-04:00,8.069999694824219,8.520000457763672,8.0,8.369999885559082,1693900,0.0,0.0
2019-05-06 00:00:00-04:00,8.039999961853027,8.3100004196167,7.909999847412109,8.279999732971191,1333400,0.0,0.0
2019-05-07 00:00:00-04:00,8.109999656677246,8.239999771118164,7.989999771118164,8.0600004196167,1046700,0.0,0.0
2019-05-08 00:00:00-04:00,8.010000228881836,8.119999885559082,7.909999847412109,7.920000076293945,809700,0.0,0.0
2019-05-09 00:00:00-04:00,7.789999961853027,7.989999771118164,7.659999847412109,7.900000095367432,825500,0.0,0.0
2019-05-10 00:00:00-04:00,7.809999942779541,7.929999828338623,7.71999979019165,7.880000114440918,900200,0.0,0.0
2019-05-13 00:00:00-04:00,7.619999885559082,7.619999885559082,7.03000020980835,7.179999828338623,2006900,0.0,0.0
2019-05-14 00:00:00-04:00,7.289999961853027,7.389999866485596,7.159999847412109,7.309999942779541,998400,0.0,0.0
2019-05-15 00:00:00-04:00,7.179999828338623,7.210000038146973,7.039999961853027,7.150000095367432,1095400,0.0,0.0
2019-05-16 00:00:00-04:00,7.199999809265137,7.440000057220459,7.090000152587891,7.170000076293945,1313000,0.0,0.0
2019-05-17 00:00:00-04:00,7.059999942779541,7.099999904632568,6.690000057220459,6.760000228881836,2749400,0.0,0.0
2019-05-20 00:00:00-04:00,6.659999847412109,6.699999809265137,6.460000038146973,6.539999961853027,2169400,0.0,0.0
2019-05-21 00:00:00-04:00,6.610000133514404,6.679999828338623,6.460000038146973,6.510000228881836,1461100,0.0,0.0
2019-05-22 00:00:00-04:00,6.429999828338623,6.460000038146973,6.21999979019165,6.349999904632568,1201400,0.0,0.0
2019-05-23 00:00:00-04:00,6.21999979019165,6.25,5.940000057220459,6.010000228881836,1698600,0.0,0.0
2019-05-24 00:00:00-04:00,6.110000133514404,6.139999866485596,5.980000019073486,6.03000020980835,1507200,0.0,0.0
2019-05-28 00:00:00-04:00,6.099999904632568,6.099999904632568,5.860000133514404,5.889999866485596,1208700,0.0,0.0
2019-05-29 00:00:00-04:00,5.760000228881836,6.050000190734863,5.75,6.03000020980835,837400,0.0,0.0
2019-05-30 00:00:00-04:00,6.019999980926514,6.139999866485596,5.789999961853027,5.829999923706055,911300,0.0,0.0
2019-05-31 00:00:00-04:00,5.71999979019165,5.829999923706055,5.550000190734863,5.590000152587891,1251500,0.0,0.0
2019-06-03 00:00:00-04:00,5.599999904632568,5.71999979019165,5.480000019073486,5.630000114440918,1563800,0.0,0.0
2019-06-04 00:00:00-04:00,5.710000038146973,5.829999923706055,5.659999847412109,5.800000190734863,1649600,0.0,0.0
2019-06-05 00:00:00-04:00,5.829999923706055,5.900000095367432,5.559999942779541,5.619999885559082,966100,0.0,0.0
2019-06-06 00:00:00-04:00,5.630000114440918,5.71999979019165,5.389999866485596,5.570000171661377,1009200,0.0,0.0
2019-06-07 00:00:00-04:00,5.53000020980835,5.599999904632568,5.369999885559082,5.559999942779541,793100,0.0,0.0
2019-06-10 00:00:00-04:00,5.690000057220459,5.800000190734863,5.639999866485596,5.670000076293945,890200,0.0,0.0
2019-06-11 00:00:00-04:00,5.829999923706055,5.960000038146973,5.78000020980835,5.809999942779541,1149200,0.0,0.0
2019-06-12 00:00:00-04:00,5.730000019073486,5.78000020980835,5.650000095367432,5.690000057220459,697100,0.0,0.0
2019-06-13 00:00:00-04:00,5.78000020980835,6.429999828338623,5.78000020980835,6.300000190734863,3184700,0.0,0.0
2019-06-14 00:00:00-04:00,6.239999771118164,6.340000152587891,6.130000114440918,6.21999979019165,1601200,0.0,0.0
2019-06-17 00:00:00-04:00,6.150000095367432,6.309999942779541,6.090000152587891,6.239999771118164,1134400,0.0,0.0
2019-06-18 00:00:00-04:00,6.329999923706055,6.739999771118164,6.320000171661377,6.559999942779541,1726500,0.0,0.0
2019-06-19 00:00:00-04:00,6.559999942779541,6.630000114440918,6.440000057220459,6.559999942779541,1520300,0.0,0.0
2019-06-20 00:00:00-04:00,6.829999923706055,7.090000152587891,6.739999771118164,6.909999847412109,2832300,0.0,0.0
2019-06-21 00:00:00-04:00,6.980000019073486,7.130000114440918,6.840000152587891,6.929999828338623,4987300,0.0,0.0
2019-06-24 00:00:00-04:00,6.909999847412109,7.03000020980835,6.630000114440918,6.670000076293945,1455900,0.0,0.0
2019-06-25 00:00:00-04:00,6.670000076293945,6.710000038146973,6.369999885559082,6.610000133514404,1569200,0.0,0.0
2019-06-26 00:00:00-04:00,6.849999904632568,6.860000133514404,6.619999885559082,6.730000019073486,1191700,0.0,0.0
2019-06-27 00:00:00-04:00,6.739999771118164,6.949999809265137,6.710000038146973,6.820000171661377,940400,0.0,0.0
2019-06-28 00:00:00-04:00,6.849999904632568,6.929999828338623,6.820000171661377,6.909999847412109,1230900,0.0,0.0
2019-07-01 00:00:00-04:00,7.019999980926514,7.099999904632568,6.840000152587891,6.920000076293945,1191900,0.0,0.0
2019-07-02 00:00:00-04:00,6.900000095367432,6.900000095367432,6.659999847412109,6.670000076293945,1066500,0.0,0.0
2019-07-03 00:00:00-04:00,6.699999809265137,6.710000038146973,6.559999942779541,6.659999847412109,532800,0.0,0.0
2019-07-05 00:00:00-04:00,6.53000020980835,6.869999885559082,6.53000020980835,6.829999923706055,699300,0.0,0.0
2019-07-08 00:00:00-04:00,6.800000190734863,6.96999979019165,6.699999809265137,6.849999904632568,1147900,0.0,0.0
2019-07-09 00:00:00-04:00,6.760000228881836,6.789999961853027,6.230000019073486,6.710000038146973,2414300,0.0,0.0
2019-07-10 00:00:00-04:00,6.820000171661377,6.989999771118164,6.690000057220459,6.900000095367432,1650700,0.0,0.0
2019-07-11 00:00:00-04:00,6.889999866485596,6.929999828338623,6.739999771118164,6.880000114440918,768300,0.0,0.0
2019-07-12 00:00:00-04:00,6.860000133514404,7.059999942779541,6.820000171661377,6.940000057220459,853900,0.0,0.0
2019-07-15 00:00:00-04:00,7.050000190734863,7.21999979019165,6.980000019073486,7.110000133514404,2273500,0.0,0.0
2019-07-16 00:00:00-04:00,7.119999885559082,7.349999904632568,7.039999961853027,7.130000114440918,799300,0.0,0.0
2019-07-17 00:00:00-04:00,7.119999885559082,7.159999847412109,6.940000057220459,7.019999980926514,863500,0.0,0.0
2019-07-18 00:00:00-04:00,6.980000019073486,7.21999979019165,6.940000057220459,7.159999847412109,1115000,0.0,0.0
2019-07-19 00:00:00-04:00,7.190000057220459,7.5,7.159999847412109,7.389999866485596,1343500,0.0,0.0
2019-07-22 00:00:00-04:00,7.389999866485596,7.590000152587891,7.28000020980835,7.440000057220459,1543000,0.0,0.0
2019-07-23 00:00:00-04:00,7.579999923706055,7.670000076293945,7.429999828338623,7.53000020980835,986300,0.0,0.0
2019-07-24 00:00:00-04:00,7.460000038146973,7.889999866485596,7.460000038146973,7.829999923706055,1144100,0.0,0.0
2019-07-25 00:00:00-04:00,7.829999923706055,7.829999923706055,7.150000095367432,7.320000171661377,1774400,0.0,0.0
2019-07-26 00:00:00-04:00,7.320000171661377,7.389999866485596,7.230000019073486,7.329999923706055,994500,0.0,0.0
2019-07-29 00:00:00-04:00,7.420000076293945,7.420000076293945,6.940000057220459,7.139999866485596,1373200,0.0,0.0
2019-07-30 00:00:00-04:00,7.010000228881836,7.429999828338623,6.949999809265137,7.369999885559082,1063000,0.0,0.0
2019-07-31 00:00:00-04:00,7.380000114440918,7.420000076293945,7.079999923706055,7.190000057220459,1261100,0.0,0.0
2019-08-01 00:00:00-04:00,7.079999923706055,7.340000152587891,6.960000038146973,7.03000020980835,1465900,0.0,0.0
2019-08-02 00:00:00-04:00,7.519999980926514,7.519999980926514,6.800000190734863,7.019999980926514,1415300,0.0,0.0
2019-08-05 00:00:00-04:00,6.820000171661377,7.059999942779541,6.639999866485596,7.019999980926514,902700,0.0,0.0
2019-08-06 00:00:00-04:00,7.150000095367432,7.190000057220459,6.739999771118164,6.860000133514404,872800,0.0,0.0
2019-08-07 00:00:00-04:00,6.690000057220459,6.829999923706055,6.599999904632568,6.809999942779541,899400,0.0,0.0
2019-08-08 00:00:00-04:00,6.840000152587891,7.130000114440918,6.809999942779541,7.110000133514404,836000,0.0,0.0
2019-08-09 00:00:00-04:00,7.090000152587891,7.090000152587891,6.679999828338623,6.690000057220459,769500,0.0,0.0
2019-08-12 00:00:00-04:00,6.619999885559082,6.619999885559082,6.309999942779541,6.320000171661377,1003300,0.0,0.0
2019-08-13 00:00:00-04:00,6.309999942779541,6.619999885559082,6.230000019073486,6.480000019073486,1421900,0.0,0.0
2019-08-14 00:00:00-04:00,6.159999847412109,6.329999923706055,5.829999923706055,5.880000114440918,1065400,0.0,0.0
2019-08-15 00:00:00-04:00,5.889999866485596,5.96999979019165,5.590000152587891,5.670000076293945,1066300,0.0,0.0
2019-08-16 00:00:00-04:00,5.760000228881836,6.019999980926514,5.760000228881836,5.96999979019165,800500,0.0,0.0
2019-08-19 00:00:00-04:00,6.110000133514404,6.300000190734863,6.090000152587891,6.210000038146973,1896700,0.0,0.0
2019-08-20 00:00:00-04:00,6.159999847412109,6.300000190734863,6.090000152587891,6.170000076293945,1257900,0.0,0.0
2019-08-21 00:00:00-04:00,6.28000020980835,6.289999961853027,6.070000171661377,6.070000171661377,395300,0.0,0.0
2019-08-22 00:00:00-04:00,6.079999923706055,6.099999904632568,5.789999961853027,5.800000190734863,600100,0.0,0.0
2019-08-23 00:00:00-04:00,5.849999904632568,5.849999904632568,5.46999979019165,5.480000019073486,1317100,0.0,0.0
2019-08-26 00:00:00-04:00,5.599999904632568,5.599999904632568,5.380000114440918,5.46999979019165,509700,0.0,0.0
2019-08-27 00:00:00-04:00,5.519999980926514,5.550000190734863,5.130000114440918,5.150000095367432,868000,0.0,0.0
2019-08-28 00:00:00-04:00,5.110000133514404,5.360000133514404,5.019999980926514,5.260000228881836,866600,0.0,0.0
2019-08-29 00:00:00-04:00,5.369999885559082,5.570000171661377,5.329999923706055,5.510000228881836,868400,0.0,0.0
2019-08-30 00:00:00-04:00,5.579999923706055,5.710000038146973,5.460000038146973,5.510000228881836,1483900,0.0,0.0
2019-09-03 00:00:00-04:00,5.340000152587891,5.5,5.210000038146973,5.260000228881836,1033700,0.0,0.0
2019-09-04 00:00:00-04:00,5.409999847412109,5.599999904632568,5.380000114440918,5.489999771118164,761700,0.0,0.0
2019-09-05 00:00:00-04:00,5.650000095367432,5.860000133514404,5.650000095367432,5.789999961853027,756500,0.0,0.0
2019-09-06 00:00:00-04:00,5.849999904632568,5.900000095367432,5.610000133514404,5.679999828338623,1179900,0.0,0.0
2019-09-09 00:00:00-04:00,5.78000020980835,6.099999904632568,5.670000076293945,6.010000228881836,1266900,0.0,0.0
2019-09-10 00:00:00-04:00,6.039999961853027,6.639999866485596,5.96999979019165,6.619999885559082,1144400,0.0,0.0
2019-09-11 00:00:00-04:00,6.610000133514404,6.980000019073486,6.409999847412109,6.889999866485596,1335900,0.0,0.0
2019-09-12 00:00:00-04:00,6.840000152587891,7.03000020980835,6.510000228881836,6.929999828338623,1414700,0.0,0.0
2019-09-13 00:00:00-04:00,7.079999923706055,7.289999961853027,6.949999809265137,7.050000190734863,804100,0.0,0.0
2019-09-16 00:00:00-04:00,7.0,7.340000152587891,6.880000114440918,7.239999771118164,877900,0.0,0.0
2019-09-17 00:00:00-04:00,7.119999885559082,7.150000095367432,6.880000114440918,7.079999923706055,987100,0.0,0.0
2019-09-18 00:00:00-04:00,7.039999961853027,7.150000095367432,6.900000095367432,7.010000228881836,1012700,0.0,0.0
2019-09-19 00:00:00-04:00,6.989999771118164,7.239999771118164,6.980000019073486,7.019999980926514,759800,0.0,0.0
2019-09-20 00:00:00-04:00,6.989999771118164,7.300000190734863,6.989999771118164,7.179999828338623,2057900,0.0,0.0
2019-09-23 00:00:00-04:00,7.039999961853027,7.360000133514404,6.980000019073486,7.269999980926514,826400,0.0,0.0
2019-09-24 00:00:00-04:00,7.269999980926514,7.309999942779541,6.539999961853027,6.550000190734863,1808000,0.0,0.0
2019-09-25 00:00:00-04:00,6.519999980926514,7.010000228881836,6.519999980926514,7.0,1027400,0.0,0.0
2019-09-26 00:00:00-04:00,6.940000057220459,6.940000057220459,6.53000020980835,6.579999923706055,1004500,0.0,0.0
2019-09-27 00:00:00-04:00,6.550000190734863,6.829999923706055,6.550000190734863,6.679999828338623,715000,0.0,0.0
2019-09-30 00:00:00-04:00,6.650000095367432,6.75,6.559999942779541,6.639999866485596,1049800,0.0,0.0
2019-10-01 00:00:00-04:00,6.690000057220459,6.980000019073486,6.440000057220459,6.489999771118164,1010600,0.0,0.0
2019-10-02 00:00:00-04:00,6.420000076293945,6.420000076293945,6.170000076293945,6.309999942779541,744500,0.0,0.0
2019-10-03 00:00:00-04:00,6.21999979019165,6.400000095367432,6.139999866485596,6.320000171661377,872800,0.0,0.0
2019-10-04 00:00:00-04:00,6.360000133514404,6.449999809265137,6.230000019073486,6.349999904632568,534300,0.0,0.0
2019-10-07 00:00:00-04:00,6.349999904632568,6.610000133514404,6.269999980926514,6.360000133514404,1034900,0.0,0.0
2019-10-08 00:00:00-04:00,6.25,6.329999923706055,6.119999885559082,6.309999942779541,862000,0.0,0.0
2019-10-09 00:00:00-04:00,6.400000095367432,6.429999828338623,6.179999828338623,6.309999942779541,575000,0.0,0.0
2019-10-10 00:00:00-04:00,6.329999923706055,6.460000038146973,6.119999885559082,6.159999847412109,896300,0.0,0.0
2019-10-11 00:00:00-04:00,6.239999771118164,6.53000020980835,6.210000038146973,6.420000076293945,921800,0.0,0.0
2019-10-14 00:00:00-04:00,6.360000133514404,6.360000133514404,6.119999885559082,6.199999809265137,1023000,0.0,0.0
2019-10-15 00:00:00-04:00,6.190000057220459,6.420000076293945,5.96999979019165,6.25,1260300,0.0,0.0
2019-10-16 00:00:00-04:00,6.199999809265137,6.309999942779541,6.070000171661377,6.159999847412109,1340300,0.0,0.0
2019-10-17 00:00:00-04:00,6.230000019073486,6.380000114440918,6.079999923706055,6.170000076293945,1032400,0.0,0.0
2019-10-18 00:00:00-04:00,6.170000076293945,6.440000057220459,6.150000095367432,6.369999885559082,1063200,0.0,0.0
2019-10-21 00:00:00-04:00,6.510000228881836,6.610000133514404,6.099999904632568,6.099999904632568,1066800,0.0,0.0
2019-10-22 00:00:00-04:00,6.150000095367432,6.21999979019165,5.929999828338623,6.039999961853027,1563400,0.0,0.0
2019-10-23 00:00:00-04:00,6.039999961853027,6.300000190734863,5.940000057220459,6.21999979019165,1073000,0.0,0.0
2019-10-24 00:00:00-04:00,6.21999979019165,6.28000020980835,5.809999942779541,5.820000171661377,1400200,0.0,0.0
2019-10-25 00:00:00-04:00,5.820000171661377,6.119999885559082,5.800000190734863,6.019999980926514,1643200,0.0,0.0
2019-10-28 00:00:00-04:00,6.130000114440918,6.320000171661377,6.110000133514404,6.170000076293945,1572000,0.0,0.0
2019-10-29 00:00:00-04:00,6.170000076293945,6.329999923706055,6.03000020980835,6.329999923706055,1217400,0.0,0.0
2019-10-30 00:00:00-04:00,6.300000190734863,6.309999942779541,6.050000190734863,6.099999904632568,1818900,0.0,0.0
2019-10-31 00:00:00-04:00,6.03000020980835,6.190000057220459,5.800000190734863,5.829999923706055,1815800,0.0,0.0
2019-11-01 00:00:00-04:00,5.960000038146973,6.429999828338623,5.949999809265137,6.409999847412109,3385500,0.0,0.0
2019-11-04 00:00:00-05:00,6.599999904632568,6.900000095367432,6.429999828338623,6.889999866485596,2069300,0.0,0.0
2019-11-05 00:00:00-05:00,6.900000095367432,7.130000114440918,6.730000019073486,7.050000190734863,2647800,0.0,0.0
2019-11-06 00:00:00-05:00,6.659999847412109,8.399999618530273,6.659999847412109,7.860000133514404,5586000,0.0,0.0
2019-11-07 00:00:00-05:00,8.109999656677246,8.420000076293945,8.09000015258789,8.329999923706055,2018000,0.0,0.0
2019-11-08 00:00:00-05:00,8.350000381469727,8.40999984741211,8.130000114440918,8.279999732971191,1496400,0.0,0.0
2019-11-11 00:00:00-05:00,8.09000015258789,8.09000015258789,7.769999980926514,7.920000076293945,1336500,0.0,0.0
2019-11-12 00:00:00-05:00,7.989999771118164,8.010000228881836,7.269999980926514,7.480000019073486,2711100,0.0,0.0
2019-11-13 00:00:00-05:00,7.300000190734863,7.550000190734863,7.230000019073486,7.389999866485596,1204300,0.0,0.0
2019-11-14 00:00:00-05:00,7.300000190734863,7.400000095367432,7.059999942779541,7.079999923706055,1060500,0.0,0.0
2019-11-15 00:00:00-05:00,7.179999828338623,7.349999904632568,7.039999961853027,7.119999885559082,727600,0.0,0.0
2019-11-18 00:00:00-05:00,7.159999847412109,7.170000076293945,6.869999885559082,7.010000228881836,1052300,0.0,0.0
2019-11-19 00:00:00-05:00,7.059999942779541,7.110000133514404,6.940000057220459,6.980000019073486,577100,0.0,0.0
2019-11-20 00:00:00-05:00,6.929999828338623,7.21999979019165,6.909999847412109,7.010000228881836,973700,0.0,0.0
2019-11-21 00:00:00-05:00,6.980000019073486,7.03000020980835,6.880000114440918,6.920000076293945,640200,0.0,0.0
2019-11-22 00:00:00-05:00,6.949999809265137,7.099999904632568,6.78000020980835,6.809999942779541,757700,0.0,0.0
2019-11-25 00:00:00-05:00,6.769999980926514,6.980000019073486,6.760000228881836,6.929999828338623,1911800,0.0,0.0
2019-11-26 00:00:00-05:00,6.949999809265137,7.090000152587891,6.880000114440918,7.019999980926514,988600,0.0,0.0
2019-11-27 00:00:00-05:00,7.039999961853027,7.130000114440918,6.849999904632568,7.099999904632568,990200,0.0,0.0
2019-11-29 00:00:00-05:00,7.03000020980835,7.059999942779541,6.889999866485596,7.050000190734863,464500,0.0,0.0
2019-12-02 00:00:00-05:00,7.099999904632568,7.349999904632568,7.059999942779541,7.070000171661377,1040400,0.0,0.0
2019-12-03 00:00:00-05:00,6.980000019073486,7.039999961853027,6.710000038146973,6.800000190734863,1415800,0.0,0.0
2019-12-04 00:00:00-05:00,6.869999885559082,6.989999771118164,6.78000020980835,6.940000057220459,1069300,0.0,0.0
2019-12-05 00:00:00-05:00,6.980000019073486,7.03000020980835,6.809999942779541,6.849999904632568,663200,0.0,0.0
2019-12-06 00:00:00-05:00,6.929999828338623,7.139999866485596,6.849999904632568,6.940000057220459,1952900,0.0,0.0
2019-12-09 00:00:00-05:00,6.940000057220459,7.199999809265137,6.900000095367432,7.159999847412109,1223700,0.0,0.0
2019-12-10 00:00:00-05:00,7.159999847412109,7.320000171661377,7.139999866485596,7.28000020980835,648300,0.0,0.0
2019-12-11 00:00:00-05:00,7.369999885559082,7.489999771118164,7.289999961853027,7.489999771118164,1040600,0.0,0.0
2019-12-12 00:00:00-05:00,7.5,7.889999866485596,7.360000133514404,7.840000152587891,1394200,0.0,0.0
2019-12-13 00:00:00-05:00,7.869999885559082,8.100000381469727,7.710000038146973,7.75,1732200,0.0,0.0
2019-12-16 00:00:00-05:00,7.900000095367432,8.0,7.840000152587891,7.900000095367432,881500,0.0,0.0
2019-12-17 00:00:00-05:00,7.869999885559082,7.989999771118164,7.739999771118164,7.78000020980835,1140100,0.0,0.0
2019-12-18 00:00:00-05:00,7.710000038146973,7.789999961853027,7.639999866485596,7.760000228881836,692200,0.0,0.0
2019-12-19 00:00:00-05:00,7.760000228881836,7.860000133514404,7.619999885559082,7.849999904632568,936200,0.0,0.0
2019-12-20 00:00:00-05:00,7.889999866485596,7.889999866485596,7.53000020980835,7.599999904632568,1593400,0.0,0.0
2019-12-23 00:00:00-05:00,7.610000133514404,7.650000095367432,7.449999809265137,7.570000171661377,660400,0.0,0.0
2019-12-24 00:00:00-05:00,7.570000171661377,7.670000076293945,7.519999980926514,7.579999923706055,396400,0.0,0.0
2019-12-26 00:00:00-05:00,7.659999847412109,7.820000171661377,7.440000057220459,7.480000019073486,1355300,0.0,0.0
2019-12-27 00:00:00-05:00,7.590000152587891,7.650000095367432,7.389999866485596,7.400000095367432,819500,0.0,0.0
2019-12-30 00:00:00-05:00,7.449999809265137,7.5,7.309999942779541,7.420000076293945,841900,0.0,0.0
2019-12-31 00:00:00-05:00,7.349999904632568,7.559999942779541,7.260000228881836,7.519999980926514,918600,0.0,0.0
2020-01-02 00:00:00-05:00,7.650000095367432,7.78000020980835,7.599999904632568,7.71999979019165,1683800,0.0,0.0
2020-01-03 00:00:00-05:00,7.539999961853027,7.909999847412109,7.53000020980835,7.800000190734863,1237600,0.0,0.0
2020-01-06 00:00:00-05:00,7.71999979019165,8.050000190734863,7.619999885559082,7.949999809265137,1978600,0.0,0.0
2020-01-07 00:00:00-05:00,7.909999847412109,8.229999542236328,7.900000095367432,8.020000457763672,2391000,0.0,0.0
2020-01-08 00:00:00-05:00,7.96999979019165,8.010000228881836,7.429999828338623,7.5,1486000,0.0,0.0
2020-01-09 00:00:00-05:00,7.46999979019165,7.489999771118164,6.860000133514404,7.059999942779541,3029200,0.0,0.0
2020-01-10 00:00:00-05:00,7.070000171661377,7.099999904632568,6.900000095367432,6.989999771118164,1717300,0.0,0.0
2020-01-13 00:00:00-05:00,7.019999980926514,7.320000171661377,6.889999866485596,7.289999961853027,2134700,0.0,0.0
2020-01-14 00:00:00-05:00,7.309999942779541,7.659999847412109,7.230000019073486,7.570000171661377,1001300,0.0,0.0
2020-01-15 00:00:00-05:00,7.579999923706055,7.75,7.539999961853027,7.739999771118164,904500,0.0,0.0
2020-01-16 00:00:00-05:00,7.769999980926514,7.769999980926514,7.190000057220459,7.269999980926514,1848400,0.0,0.0
2020-01-17 00:00:00-05:00,7.269999980926514,7.449999809265137,7.059999942779541,7.179999828338623,1222600,0.0,0.0
2020-01-21 00:00:00-05:00,7.159999847412109,7.170000076293945,6.739999771118164,6.78000020980835,2505900,0.0,0.0
2020-01-22 00:00:00-05:00,6.760000228881836,6.869999885559082,6.619999885559082,6.659999847412109,876900,0.0,0.0
2020-01-23 00:00:00-05:00,6.53000020980835,6.550000190734863,6.269999980926514,6.400000095367432,1312300,0.0,0.0
2020-01-24 00:00:00-05:00,6.369999885559082,6.400000095367432,5.940000057220459,6.019999980926514,1413900,0.0,0.0
2020-01-27 00:00:00-05:00,5.829999923706055,5.920000076293945,5.610000133514404,5.630000114440918,1761700,0.0,0.0
2020-01-28 00:00:00-05:00,5.71999979019165,5.800000190734863,5.429999828338623,5.480000019073486,1729400,0.0,0.0
2020-01-29 00:00:00-05:00,5.519999980926514,5.559999942779541,5.21999979019165,5.329999923706055,1551800,0.0,0.0
2020-01-30 00:00:00-05:00,5.21999979019165,5.510000228881836,5.130000114440918,5.400000095367432,1861900,0.0,0.0
2020-01-31 00:00:00-05:00,5.360000133514404,5.449999809265137,5.170000076293945,5.289999961853027,1734700,0.0,0.0
2020-02-03 00:00:00-05:00,5.309999942779541,5.449999809265137,5.179999828338623,5.210000038146973,1926600,0.0,0.0
2020-02-04 00:00:00-05:00,5.369999885559082,5.409999847412109,5.269999980926514,5.289999961853027,1350100,0.0,0.0
2020-02-05 00:00:00-05:00,5.429999828338623,5.730000019073486,5.429999828338623,5.71999979019165,1453300,0.0,0.0
2020-02-06 00:00:00-05:00,5.769999980926514,5.980000019073486,5.690000057220459,5.860000133514404,2571700,0.0,0.0
2020-02-07 00:00:00-05:00,5.800000190734863,5.829999923706055,5.489999771118164,5.579999923706055,1681600,0.0,0.0
2020-02-10 00:00:00-05:00,5.539999961853027,5.690000057220459,5.440000057220459,5.650000095367432,1035400,0.0,0.0
2020-02-11 00:00:00-05:00,5.730000019073486,5.96999979019165,5.639999866485596,5.829999923706055,2046500,0.0,0.0
2020-02-12 00:00:00-05:00,5.960000038146973,6.210000038146973,5.849999904632568,5.949999809265137,1289400,0.0,0.0
2020-02-13 00:00:00-05:00,5.900000095367432,6.03000020980835,5.880000114440918,5.989999771118164,750300,0.0,0.0
2020-02-14 00:00:00-05:00,5.989999771118164,6.0,5.590000152587891,5.670000076293945,1499700,0.0,0.0
2020-02-18 00:00:00-05:00,5.579999923706055,5.829999923706055,5.440000057220459,5.800000190734863,1454700,0.0,0.0
2020-02-19 00:00:00-05:00,5.800000190734863,6.139999866485596,5.800000190734863,5.940000057220459,1626900,0.0,0.0
2020-02-20 00:00:00-05:00,5.980000019073486,6.070000171661377,5.760000228881836,5.760000228881836,1403600,0.0,0.0
2020-02-21 00:00:00-05:00,6.150000095367432,6.53000020980835,5.760000228881836,6.389999866485596,6319000,0.0,0.0
2020-02-24 00:00:00-05:00,6.039999961853027,6.579999923706055,5.889999866485596,6.539999961853027,3409500,0.0,0.0
2020-02-25 00:00:00-05:00,6.599999904632568,6.599999904632568,5.989999771118164,6.130000114440918,2614700,0.0,0.0
2020-02-26 00:00:00-05:00,6.130000114440918,6.210000038146973,5.650000095367432,5.730000019073486,2363900,0.0,0.0
2020-02-27 00:00:00-05:00,5.510000228881836,5.579999923706055,5.150000095367432,5.380000114440918,1824600,0.0,0.0
2020-02-28 00:00:00-05:00,5.159999847412109,5.920000076293945,5.150000095367432,5.800000190734863,1947100,0.0,0.0
2020-03-02 00:00:00-05:00,5.800000190734863,5.880000114440918,5.510000228881836,5.769999980926514,2837500,0.0,0.0
2020-03-03 00:00:00-05:00,5.78000020980835,6.019999980926514,5.570000171661377,5.699999809265137,2295000,0.0,0.0
2020-03-04 00:00:00-05:00,5.860000133514404,5.889999866485596,5.579999923706055,5.710000038146973,1570800,0.0,0.0
2020-03-05 00:00:00-05:00,5.510000228881836,5.570000171661377,5.25,5.420000076293945,1845200,0.0,0.0
2020-03-06 00:00:00-05:00,5.210000038146973,5.420000076293945,4.809999942779541,4.840000152587891,1856700,0.0,0.0
2020-03-09 00:00:00-04:00,4.150000095367432,4.599999904632568,4.0,4.079999923706055,2384200,0.0,0.0
2020-03-10 00:00:00-04:00,4.409999847412109,4.869999885559082,4.139999866485596,4.75,2798800,0.0,0.0
2020-03-11 00:00:00-04:00,4.5,4.900000095367432,4.340000152587891,4.800000190734863,4141600,0.0,0.0
2020-03-12 00:00:00-04:00,4.46999979019165,5.099999904632568,4.309999942779541,5.059999942779541,1626500,0.0,0.0
2020-03-13 00:00:00-04:00,5.199999809265137,5.300000190734863,4.800000190734863,4.860000133514404,2090700,0.0,0.0
2020-03-16 00:00:00-04:00,4.25,4.46999979019165,3.680000066757202,3.9800000190734863,2199600,0.0,0.0
2020-03-17 00:00:00-04:00,4.099999904632568,4.139999866485596,3.569999933242798,3.680000066757202,2539900,0.0,0.0
2020-03-18 00:00:00-04:00,3.509999990463257,3.5999999046325684,3.009999990463257,3.430000066757202,1645400,0.0,0.0
2020-03-19 00:00:00-04:00,3.4000000953674316,3.740000009536743,3.25,3.359999895095825,1346300,0.0,0.0
2020-03-20 00:00:00-04:00,3.4100000858306885,3.609999895095825,3.049999952316284,3.1500000953674316,1768000,0.0,0.0
2020-03-23 00:00:00-04:00,3.190000057220459,3.3399999141693115,3.009999990463257,3.1700000762939453,2260700,0.0,0.0
2020-03-24 00:00:00-04:00,3.25,3.680000066757202,3.1700000762939453,3.6700000762939453,1908000,0.0,0.0
2020-03-25 00:00:00-04:00,3.690000057220459,3.880000114440918,3.450000047683716,3.6700000762939453,3151800,0.0,0.0
2020-03-26 00:00:00-04:00,3.6600000858306885,4.199999809265137,3.609999895095825,3.7699999809265137,2901500,0.0,0.0
2020-03-27 00:00:00-04:00,3.5999999046325684,3.7899999618530273,3.380000114440918,3.75,932100,0.0,0.0
2020-03-30 00:00:00-04:00,3.680000066757202,3.75,3.299999952316284,3.369999885559082,1155200,0.0,0.0
2020-03-31 00:00:00-04:00,3.369999885559082,3.759999990463257,3.369999885559082,3.619999885559082,831000,0.0,0.0
2020-04-01 00:00:00-04:00,3.5,3.6600000858306885,3.25,3.359999895095825,1739000,0.0,0.0
2020-04-02 00:00:00-04:00,3.4000000953674316,3.549999952316284,3.1500000953674316,3.309999942779541,1099300,0.0,0.0
2020-04-03 00:00:00-04:00,3.319999933242798,3.4100000858306885,2.9100000858306885,3.0399999618530273,1410100,0.0,0.0
2020-04-06 00:00:00-04:00,3.1600000858306885,3.559999942779541,3.1600000858306885,3.5199999809265137,1211500,0.0,0.0
2020-04-07 00:00:00-04:00,3.6500000953674316,4.079999923706055,3.630000114440918,3.7699999809265137,1677500,0.0,0.0
2020-04-08 00:00:00-04:00,3.819999933242798,4.0,3.819999933242798,3.9100000858306885,826600,0.0,0.0
2020-04-09 00:00:00-04:00,4.03000020980835,4.329999923706055,4.010000228881836,4.119999885559082,2424200,0.0,0.0
2020-04-13 00:00:00-04:00,4.190000057220459,4.320000171661377,4.039999961853027,4.139999866485596,1078200,0.0,0.0
2020-04-14 00:00:00-04:00,4.150000095367432,4.510000228881836,4.150000095367432,4.309999942779541,1502300,0.0,0.0
2020-04-15 00:00:00-04:00,4.090000152587891,4.139999866485596,3.869999885559082,3.950000047683716,781600,0.0,0.0
2020-04-16 00:00:00-04:00,3.9100000858306885,4.130000114440918,3.8299999237060547,3.890000104904175,622800,0.0,0.0
2020-04-17 00:00:00-04:00,4.050000190734863,4.159999847412109,3.9700000286102295,4.039999961853027,839100,0.0,0.0
2020-04-20 00:00:00-04:00,3.9700000286102295,4.199999809265137,3.890000104904175,4.0,846400,0.0,0.0
2020-04-21 00:00:00-04:00,3.9100000858306885,4.300000190734863,3.759999990463257,3.7899999618530273,1086300,0.0,0.0
2020-04-22 00:00:00-04:00,3.9000000953674316,3.9800000190734863,3.7100000381469727,3.7100000381469727,573500,0.0,0.0
2020-04-23 00:00:00-04:00,3.7699999809265137,4.150000095367432,3.7200000286102295,4.019999980926514,1055500,0.0,0.0
2020-04-24 00:00:00-04:00,4.070000171661377,4.170000076293945,3.9200000762939453,4.059999942779541,555000,0.0,0.0
2020-04-27 00:00:00-04:00,4.130000114440918,4.349999904632568,3.990000009536743,4.300000190734863,2529700,0.0,0.0
2020-04-28 00:00:00-04:00,4.389999866485596,4.46999979019165,4.179999828338623,4.340000152587891,855500,0.0,0.0
2020-04-29 00:00:00-04:00,4.489999771118164,4.760000228881836,4.440000057220459,4.679999828338623,1034100,0.0,0.0
2020-04-30 00:00:00-04:00,4.639999866485596,4.639999866485596,4.309999942779541,4.349999904632568,1018200,0.0,0.0
2020-05-01 00:00:00-04:00,4.650000095367432,5.230000019073486,4.320000171661377,4.550000190734863,3265300,0.0,0.0
2020-05-04 00:00:00-04:00,4.460000038146973,4.989999771118164,4.409999847412109,4.730000019073486,1708800,0.0,0.0
2020-05-05 00:00:00-04:00,4.849999904632568,5.199999809265137,4.820000171661377,4.929999828338623,1485000,0.0,0.0
2020-05-06 00:00:00-04:00,4.940000057220459,5.050000190734863,4.510000228881836,4.539999961853027,1046000,0.0,0.0
2020-05-07 00:00:00-04:00,4.460000038146973,4.78000020980835,4.460000038146973,4.630000114440918,588000,0.0,0.0
2020-05-08 00:00:00-04:00,4.710000038146973,4.840000152587891,4.639999866485596,4.840000152587891,852300,0.0,0.0
2020-05-11 00:00:00-04:00,4.760000228881836,4.769999980926514,4.53000020980835,4.659999847412109,1454600,0.0,0.0
2020-05-12 00:00:00-04:00,4.670000076293945,4.880000114440918,4.480000019073486,4.550000190734863,2669700,0.0,0.0
2020-05-13 00:00:00-04:00,4.599999904632568,4.599999904632568,4.190000057220459,4.289999961853027,1015200,0.0,0.0
2020-05-14 00:00:00-04:00,4.300000190734863,4.400000095367432,4.079999923706055,4.300000190734863,640800,0.0,0.0
2020-05-15 00:00:00-04:00,4.269999980926514,4.420000076293945,4.21999979019165,4.369999885559082,750900,0.0,0.0
2020-05-18 00:00:00-04:00,4.579999923706055,5.0,4.579999923706055,4.920000076293945,1019000,0.0,0.0
2020-05-19 00:00:00-04:00,4.909999847412109,5.159999847412109,4.760000228881836,4.900000095367432,900100,0.0,0.0
2020-05-20 00:00:00-04:00,5.019999980926514,5.199999809265137,5.010000228881836,5.099999904632568,554400,0.0,0.0
2020-05-21 00:00:00-04:00,5.059999942779541,5.119999885559082,4.769999980926514,4.840000152587891,1165300,0.0,0.0
2020-05-22 00:00:00-04:00,4.869999885559082,4.920000076293945,4.71999979019165,4.889999866485596,711700,0.0,0.0
2020-05-26 00:00:00-04:00,5.139999866485596,5.269999980926514,5.039999961853027,5.179999828338623,1814800,0.0,0.0
2020-05-27 00:00:00-04:00,5.28000020980835,5.739999771118164,5.199999809265137,5.739999771118164,2227600,0.0,0.0
2020-05-28 00:00:00-04:00,5.739999771118164,6.110000133514404,5.730000019073486,5.900000095367432,2405200,0.0,0.0
2020-05-29 00:00:00-04:00,5.889999866485596,5.989999771118164,5.559999942779541,5.960000038146973,1990500,0.0,0.0
2020-06-01 00:00:00-04:00,5.989999771118164,6.269999980926514,5.869999885559082,6.079999923706055,1351100,0.0,0.0
2020-06-02 00:00:00-04:00,6.150000095367432,6.25,6.119999885559082,6.179999828338623,585600,0.0,0.0
2020-06-03 00:00:00-04:00,6.289999961853027,6.659999847412109,6.199999809265137,6.630000114440918,1870900,0.0,0.0
2020-06-04 00:00:00-04:00,6.579999923706055,6.860000133514404,6.429999828338623,6.739999771118164,1682300,0.0,0.0
2020-06-05 00:00:00-04:00,6.860000133514404,7.590000152587891,6.820000171661377,7.429999828338623,2633700,0.0,0.0
2020-06-08 00:00:00-04:00,7.5,7.889999866485596,7.5,7.869999885559082,1361800,0.0,0.0
2020-06-09 00:00:00-04:00,7.599999904632568,7.900000095367432,7.550000190734863,7.829999923706055,1131800,0.0,0.0
2020-06-10 00:00:00-04:00,7.800000190734863,7.849999904632568,7.570000171661377,7.639999866485596,1955300,0.0,0.0
2020-06-11 00:00:00-04:00,7.340000152587891,7.340000152587891,6.110000133514404,6.119999885559082,1482500,0.0,0.0
2020-06-12 00:00:00-04:00,6.480000019073486,6.730000019073486,6.400000095367432,6.699999809265137,1184300,0.0,0.0
2020-06-15 00:00:00-04:00,6.480000019073486,6.820000171661377,6.300000190734863,6.690000057220459,1157100,0.0,0.0
2020-06-16 00:00:00-04:00,7.329999923706055,7.329999923706055,6.900000095367432,7.059999942779541,1012100,0.0,0.0
2020-06-17 00:00:00-04:00,7.059999942779541,7.260000228881836,6.900000095367432,7.079999923706055,996200,0.0,0.0
2020-06-18 00:00:00-04:00,7.019999980926514,7.150000095367432,6.880000114440918,6.929999828338623,573100,0.0,0.0
2020-06-19 00:00:00-04:00,7.03000020980835,7.090000152587891,6.78000020980835,6.849999904632568,680100,0.0,0.0
2020-06-22 00:00:00-04:00,6.789999961853027,6.989999771118164,6.610000133514404,6.96999979019165,693100,0.0,0.0
2020-06-23 00:00:00-04:00,7.159999847412109,7.300000190734863,7.110000133514404,7.289999961853027,866600,0.0,0.0
2020-06-24 00:00:00-04:00,7.150000095367432,7.28000020980835,6.800000190734863,6.909999847412109,1676300,0.0,0.0
2020-06-25 00:00:00-04:00,6.420000076293945,6.75,6.260000228881836,6.71999979019165,1238200,0.0,0.0
2020-06-26 00:00:00-04:00,6.630000114440918,6.789999961853027,6.480000019073486,6.769999980926514,1928700,0.0,0.0
2020-06-29 00:00:00-04:00,6.880000114440918,7.190000057220459,6.71999979019165,6.960000038146973,1614200,0.0,0.0
2020-06-30 00:00:00-04:00,6.900000095367432,7.230000019073486,6.679999828338623,7.130000114440918,2251600,0.0,0.0
2020-07-01 00:00:00-04:00,7.119999885559082,7.199999809265137,6.71999979019165,6.809999942779541,1231100,0.0,0.0
2020-07-02 00:00:00-04:00,6.980000019073486,7.260000228881836,6.940000057220459,6.960000038146973,912300,0.0,0.0
2020-07-06 00:00:00-04:00,7.21999979019165,7.300000190734863,7.019999980926514,7.25,1751500,0.0,0.0
2020-07-07 00:00:00-04:00,7.170000076293945,7.170000076293945,6.920000076293945,6.989999771118164,647300,0.0,0.0
2020-07-08 00:00:00-04:00,7.0,7.239999771118164,7.0,7.199999809265137,831600,0.0,0.0
2020-07-09 00:00:00-04:00,7.230000019073486,7.369999885559082,6.960000038146973,6.96999979019165,787600,0.0,0.0
2020-07-10 00:00:00-04:00,6.96999979019165,7.340000152587891,6.940000057220459,7.329999923706055,863400,0.0,0.0
2020-07-13 00:00:00-04:00,7.420000076293945,7.619999885559082,7.119999885559082,7.150000095367432,811600,0.0,0.0
2020-07-14 00:00:00-04:00,7.099999904632568,7.460000038146973,7.059999942779541,7.460000038146973,1183300,0.0,0.0
2020-07-15 00:00:00-04:00,7.630000114440918,7.670000076293945,7.309999942779541,7.610000133514404,901200,0.0,0.0
2020-07-16 00:00:00-04:00,7.489999771118164,7.840000152587891,7.420000076293945,7.670000076293945,908400,0.0,0.0
2020-07-17 00:00:00-04:00,7.699999809265137,7.840000152587891,7.610000133514404,7.730000019073486,880000,0.0,0.0
2020-07-20 00:00:00-04:00,7.659999847412109,7.800000190734863,7.579999923706055,7.650000095367432,474500,0.0,0.0
2020-07-21 00:00:00-04:00,7.78000020980835,7.929999828338623,7.739999771118164,7.809999942779541,1343200,0.0,0.0
2020-07-22 00:00:00-04:00,7.75,7.900000095367432,7.650000095367432,7.710000038146973,758100,0.0,0.0
2020-07-23 00:00:00-04:00,7.730000019073486,7.829999923706055,7.440000057220459,7.53000020980835,1162700,0.0,0.0
2020-07-24 00:00:00-04:00,7.429999828338623,7.619999885559082,7.210000038146973,7.46999979019165,1089200,0.0,0.0
2020-07-27 00:00:00-04:00,7.53000020980835,7.760000228881836,7.460000038146973,7.739999771118164,1070400,0.0,0.0
2020-07-28 00:00:00-04:00,7.670000076293945,7.730000019073486,7.539999961853027,7.590000152587891,927400,0.0,0.0
2020-07-29 00:00:00-04:00,7.639999866485596,7.809999942779541,7.570000171661377,7.769999980926514,455500,0.0,0.0
2020-07-30 00:00:00-04:00,7.550000190734863,7.730000019073486,7.400000095367432,7.679999828338623,513100,0.0,0.0
2020-07-31 00:00:00-04:00,7.639999866485596,8.739999771118164,7.599999904632568,8.710000038146973,5058900,0.0,0.0
2020-08-03 00:00:00-04:00,8.739999771118164,9.539999961853027,8.729999542236328,9.270000457763672,2582700,0.0,0.0
2020-08-04 00:00:00-04:00,9.239999771118164,9.65999984741211,9.109999656677246,9.569999694824219,1548900,0.0,0.0
2020-08-05 00:00:00-04:00,9.789999961853027,10.760000228881836,9.600000381469727,10.319999694824219,2487800,0.0,0.0
2020-08-06 00:00:00-04:00,8.829999923706055,10.949999809265137,8.600000381469727,10.5600004196167,3427700,0.0,0.0
2020-08-07 00:00:00-04:00,10.4399995803833,10.5600004196167,9.649999618530273,10.529999732971191,1058300,0.0,0.0
2020-08-10 00:00:00-04:00,10.609999656677246,11.329999923706055,10.5,10.829999923706055,1544000,0.0,0.0
2020-08-11 00:00:00-04:00,11.0,11.050000190734863,10.180000305175781,10.239999771118164,1242100,0.0,0.0
2020-08-12 00:00:00-04:00,10.5600004196167,10.6899995803833,10.130000114440918,10.3100004196167,876500,0.0,0.0
2020-08-13 00:00:00-04:00,10.329999923706055,10.40999984741211,10.029999732971191,10.109999656677246,735300,0.0,0.0
2020-08-14 00:00:00-04:00,10.0,10.069999694824219,9.670000076293945,9.9399995803833,642800,0.0,0.0
2020-08-17 00:00:00-04:00,10.039999961853027,10.100000381469727,9.770000457763672,9.850000381469727,469600,0.0,0.0
2020-08-18 00:00:00-04:00,9.899999618530273,9.979999542236328,9.630000114440918,9.649999618530273,429300,0.0,0.0
2020-08-19 00:00:00-04:00,9.630000114440918,9.970000267028809,9.430000305175781,9.680000305175781,727500,0.0,0.0
2020-08-20 00:00:00-04:00,9.489999771118164,9.529999732971191,9.079999923706055,9.430000305175781,614100,0.0,0.0
2020-08-21 00:00:00-04:00,9.329999923706055,9.329999923706055,9.010000228881836,9.069999694824219,804400,0.0,0.0
2020-08-24 00:00:00-04:00,9.180000305175781,9.289999961853027,9.029999732971191,9.239999771118164,719800,0.0,0.0
2020-08-25 00:00:00-04:00,9.479999542236328,9.479999542236328,9.09000015258789,9.319999694824219,836200,0.0,0.0
2020-08-26 00:00:00-04:00,9.329999923706055,9.479999542236328,9.279999732971191,9.319999694824219,452900,0.0,0.0
2020-08-27 00:00:00-04:00,9.359999656677246,9.380000114440918,9.050000190734863,9.289999961853027,612400,0.0,0.0
2020-08-28 00:00:00-04:00,9.399999618530273,9.90999984741211,9.220000267028809,9.899999618530273,1636400,0.0,0.0
2020-08-31 00:00:00-04:00,9.979999542236328,10.0600004196167,9.729999542236328,9.869999885559082,1365300,0.0,0.0
2020-09-01 00:00:00-04:00,9.90999984741211,10.170000076293945,9.550000190734863,10.170000076293945,802000,0.0,0.0
2020-09-02 00:00:00-04:00,10.140000343322754,10.350000381469727,9.760000228881836,10.319999694824219,889000,0.0,0.0
2020-09-03 00:00:00-04:00,10.210000038146973,10.390000343322754,10.0,10.149999618530273,819700,0.0,0.0
2020-09-04 00:00:00-04:00,10.34000015258789,10.40999984741211,9.59000015258789,9.819999694824219,748900,0.0,0.0
2020-09-08 00:00:00-04:00,9.600000381469727,9.729999542236328,9.270000457763672,9.420000076293945,660100,0.0,0.0
2020-09-09 00:00:00-04:00,9.5600004196167,9.630000114440918,9.279999732971191,9.4399995803833,1500900,0.0,0.0
2020-09-10 00:00:00-04:00,9.40999984741211,9.75,9.40999984741211,9.579999923706055,996200,0.0,0.0
2020-09-11 00:00:00-04:00,9.649999618530273,10.020000457763672,9.59000015258789,9.6899995803833,685000,0.0,0.0
2020-09-14 00:00:00-04:00,9.869999885559082,11.109999656677246,9.859999656677246,10.510000228881836,2282600,0.0,0.0
2020-09-15 00:00:00-04:00,10.65999984741211,11.079999923706055,9.270000457763672,9.329999923706055,3350300,0.0,0.0
2020-09-16 00:00:00-04:00,9.5,9.829999923706055,9.210000038146973,9.6899995803833,1696300,0.0,0.0
2020-09-17 00:00:00-04:00,9.430000305175781,9.630000114440918,9.229999542236328,9.350000381469727,938100,0.0,0.0
2020-09-18 00:00:00-04:00,9.449999809265137,9.619999885559082,8.970000267028809,9.199999809265137,4374100,0.0,0.0
2020-09-21 00:00:00-04:00,8.789999961853027,8.819999694824219,7.929999828338623,7.989999771118164,1521200,0.0,0.0
2020-09-22 00:00:00-04:00,8.079999923706055,8.149999618530273,7.789999961853027,7.960000038146973,641300,0.0,0.0
2020-09-23 00:00:00-04:00,7.920000076293945,8.050000190734863,7.489999771118164,7.489999771118164,927900,0.0,0.0
2020-09-24 00:00:00-04:00,7.449999809265137,7.559999942779541,7.199999809265137,7.269999980926514,897000,0.0,0.0
2020-09-25 00:00:00-04:00,7.159999847412109,7.28000020980835,7.03000020980835,7.110000133514404,880400,0.0,0.0
2020-09-28 00:00:00-04:00,7.349999904632568,7.53000020980835,7.239999771118164,7.349999904632568,1321700,0.0,0.0
2020-09-29 00:00:00-04:00,7.309999942779541,7.429999828338623,7.039999961853027,7.130000114440918,973700,0.0,0.0
2020-09-30 00:00:00-04:00,7.090000152587891,7.309999942779541,6.980000019073486,7.119999885559082,1064300,0.0,0.0
2020-10-01 00:00:00-04:00,7.170000076293945,7.190000057220459,6.659999847412109,6.940000057220459,1244700,0.0,0.0
2020-10-02 00:00:00-04:00,6.710000038146973,7.239999771118164,6.710000038146973,7.130000114440918,701300,0.0,0.0
2020-10-05 00:00:00-04:00,7.230000019073486,7.360000133514404,7.010000228881836,7.150000095367432,888800,0.0,0.0
2020-10-06 00:00:00-04:00,7.300000190734863,7.460000038146973,6.869999885559082,6.880000114440918,1179500,0.0,0.0
2020-10-07 00:00:00-04:00,7.070000171661377,7.360000133514404,7.019999980926514,7.210000038146973,744200,0.0,0.0
2020-10-08 00:00:00-04:00,7.349999904632568,7.610000133514404,7.269999980926514,7.590000152587891,895500,0.0,0.0
2020-10-09 00:00:00-04:00,7.840000152587891,8.140000343322754,7.650000095367432,7.96999979019165,1439600,0.0,0.0
2020-10-12 00:00:00-04:00,7.980000019073486,8.039999961853027,7.630000114440918,7.78000020980835,1474600,0.0,0.0
2020-10-13 00:00:00-04:00,7.590000152587891,7.800000190734863,7.5,7.739999771118164,549500,0.0,0.0
2020-10-14 00:00:00-04:00,7.809999942779541,8.079999923706055,7.730000019073486,7.980000019073486,853800,0.0,0.0
2020-10-15 00:00:00-04:00,7.710000038146973,7.900000095367432,7.579999923706055,7.829999923706055,631100,0.0,0.0
2020-10-16 00:00:00-04:00,7.800000190734863,7.840000152587891,7.550000190734863,7.659999847412109,694300,0.0,0.0
2020-10-19 00:00:00-04:00,7.75,8.029999732971191,7.480000019073486,7.5,925300,0.0,0.0
2020-10-20 00:00:00-04:00,7.659999847412109,7.829999923706055,7.559999942779541,7.730000019073486,587600,0.0,0.0
2020-10-21 00:00:00-04:00,7.679999828338623,7.78000020980835,7.579999923706055,7.610000133514404,734900,0.0,0.0
2020-10-22 00:00:00-04:00,7.599999904632568,7.599999904632568,7.289999961853027,7.539999961853027,802900,0.0,0.0
2020-10-23 00:00:00-04:00,7.670000076293945,7.800000190734863,7.519999980926514,7.599999904632568,816600,0.0,0.0
2020-10-26 00:00:00-04:00,7.420000076293945,7.489999771118164,7.110000133514404,7.210000038146973,853100,0.0,0.0
2020-10-27 00:00:00-04:00,7.179999828338623,7.289999961853027,7.079999923706055,7.190000057220459,552400,0.0,0.0
2020-10-28 00:00:00-04:00,7.0,7.010000228881836,6.730000019073486,6.739999771118164,538600,0.0,0.0
2020-10-29 00:00:00-04:00,6.670000076293945,7.079999923706055,6.449999809265137,7.010000228881836,868100,0.0,0.0
2020-10-30 00:00:00-04:00,6.75,6.920000076293945,6.269999980926514,6.579999923706055,1029400,0.0,0.0
2020-11-02 00:00:00-05:00,6.610000133514404,6.78000020980835,6.5,6.699999809265137,779400,0.0,0.0
2020-11-03 00:00:00-05:00,6.849999904632568,7.289999961853027,6.820000171661377,7.239999771118164,994400,0.0,0.0
2020-11-04 00:00:00-05:00,7.119999885559082,7.179999828338623,6.730000019073486,6.760000228881836,1132000,0.0,0.0
2020-11-05 00:00:00-05:00,6.889999866485596,7.289999961853027,6.829999923706055,7.090000152587891,1067600,0.0,0.0
2020-11-06 00:00:00-05:00,7.179999828338623,7.360000133514404,7.019999980926514,7.260000228881836,1015000,0.0,0.0
2020-11-09 00:00:00-05:00,7.710000038146973,8.25,7.5,7.760000228881836,1012800,0.0,0.0
2020-11-10 00:00:00-05:00,7.880000114440918,8.029999732971191,7.75,7.989999771118164,736000,0.0,0.0
2020-11-11 00:00:00-05:00,8.069999694824219,8.069999694824219,7.760000228881836,7.960000038146973,755700,0.0,0.0
2020-11-12 00:00:00-05:00,7.820000171661377,8.050000190734863,7.659999847412109,7.820000171661377,1124800,0.0,0.0
2020-11-13 00:00:00-05:00,7.989999771118164,8.920000076293945,7.989999771118164,8.880000114440918,1258800,0.0,0.0
2020-11-16 00:00:00-05:00,9.130000114440918,9.239999771118164,8.890000343322754,9.1899995803833,1058900,0.0,0.0
2020-11-17 00:00:00-05:00,9.050000190734863,9.369999885559082,8.829999923706055,9.329999923706055,875200,0.0,0.0
2020-11-18 00:00:00-05:00,9.399999618530273,9.649999618530273,9.3100004196167,9.3100004196167,3016500,0.0,0.0
2020-11-19 00:00:00-05:00,9.25,9.75,9.100000381469727,9.739999771118164,735300,0.0,0.0
2020-11-20 00:00:00-05:00,9.680000305175781,9.84000015258789,9.489999771118164,9.649999618530273,536700,0.0,0.0
2020-11-23 00:00:00-05:00,9.770000457763672,10.380000114440918,9.770000457763672,10.289999961853027,1093500,0.0,0.0
2020-11-24 00:00:00-05:00,10.350000381469727,10.859999656677246,10.34000015258789,10.640000343322754,1195800,0.0,0.0
2020-11-25 00:00:00-05:00,10.529999732971191,10.75,10.1899995803833,10.34000015258789,690500,0.0,0.0
2020-11-27 00:00:00-05:00,10.579999923706055,10.699999809265137,10.149999618530273,10.399999618530273,305600,0.0,0.0
2020-11-30 00:00:00-05:00,10.350000381469727,10.380000114440918,9.930000305175781,10.149999618530273,747700,0.0,0.0
2020-12-01 00:00:00-05:00,10.5600004196167,11.0600004196167,10.539999961853027,10.9399995803833,1478700,0.0,0.0
2020-12-02 00:00:00-05:00,10.970000267028809,11.09000015258789,10.579999923706055,10.989999771118164,826300,0.0,0.0
2020-12-03 00:00:00-05:00,11.100000381469727,11.59000015258789,10.8100004196167,11.1899995803833,1167800,0.0,0.0
2020-12-04 00:00:00-05:00,11.350000381469727,12.140000343322754,11.1899995803833,12.039999961853027,865800,0.0,0.0
2020-12-07 00:00:00-05:00,12.039999961853027,12.850000381469727,11.640000343322754,11.829999923706055,2169100,0.0,0.0
2020-12-08 00:00:00-05:00,11.649999618530273,12.270000457763672,11.390000343322754,12.09000015258789,1276800,0.0,0.0
2020-12-09 00:00:00-05:00,12.25,12.4399995803833,11.260000228881836,11.550000190734863,860900,0.0,0.0
2020-12-10 00:00:00-05:00,11.170000076293945,12.0600004196167,11.170000076293945,12.0,752300,0.0,0.0
2020-12-11 00:00:00-05:00,11.800000190734863,11.800000190734863,11.399999618530273,11.619999885559082,881800,0.0,0.0
2020-12-14 00:00:00-05:00,11.850000381469727,11.920000076293945,10.6899995803833,10.720000267028809,953300,0.0,0.0
2020-12-15 00:00:00-05:00,10.9399995803833,11.050000190734863,10.539999961853027,10.710000038146973,646600,0.0,0.0
2020-12-16 00:00:00-05:00,10.6899995803833,10.6899995803833,10.40999984741211,10.630000114440918,700100,0.0,0.0
2020-12-17 00:00:00-05:00,10.970000267028809,11.539999961853027,10.960000038146973,11.09000015258789,961200,0.0,0.0
2020-12-18 00:00:00-05:00,11.09000015258789,11.180000305175781,10.729999542236328,10.970000267028809,2387800,0.0,0.0
2020-12-21 00:00:00-05:00,10.670000076293945,11.199999809265137,10.460000038146973,11.109999656677246,968400,0.0,0.0
2020-12-22 00:00:00-05:00,11.220000267028809,11.25,10.289999961853027,10.390000343322754,809100,0.0,0.0
2020-12-23 00:00:00-05:00,10.539999961853027,10.779999732971191,10.380000114440918,10.680000305175781,634100,0.0,0.0
2020-12-24 00:00:00-05:00,10.760000228881836,10.869999885559082,10.460000038146973,10.479999542236328,252700,0.0,0.0
2020-12-28 00:00:00-05:00,10.640000343322754,10.850000381469727,10.199999809265137,10.319999694824219,779800,0.0,0.0
2020-12-29 00:00:00-05:00,10.449999809265137,10.5,9.800000190734863,10.229999542236328,1072500,0.0,0.0
2020-12-30 00:00:00-05:00,10.319999694824219,10.770000457763672,10.260000228881836,10.739999771118164,592500,0.0,0.0
2020-12-31 00:00:00-05:00,10.829999923706055,11.140000343322754,10.59000015258789,11.029999732971191,721300,0.0,0.0
2021-01-04 00:00:00-05:00,11.350000381469727,11.65999984741211,11.100000381469727,11.15999984741211,689900,0.0,0.0
2021-01-05 00:00:00-05:00,11.199999809265137,12.220000267028809,11.199999809265137,12.069999694824219,1137800,0.0,0.0
2021-01-06 00:00:00-05:00,12.4399995803833,14.399999618530273,12.359999656677246,13.529999732971191,2489400,0.0,0.0
2021-01-07 00:00:00-05:00,13.989999771118164,13.989999771118164,13.210000038146973,13.460000038146973,721200,0.0,0.0
2021-01-08 00:00:00-05:00,13.470000267028809,13.5,12.970000267028809,13.270000457763672,633600,0.0,0.0
2021-01-11 00:00:00-05:00,12.90999984741211,13.479999542236328,12.720000267028809,13.300000190734863,714800,0.0,0.0
2021-01-12 00:00:00-05:00,13.5,14.350000381469727,13.420000076293945,13.90999984741211,841800,0.0,0.0
2021-01-13 00:00:00-05:00,13.819999694824219,13.880000114440918,12.960000038146973,13.069999694824219,844700,0.0,0.0
2021-01-14 00:00:00-05:00,13.25,13.9399995803833,13.220000267028809,13.649999618530273,734000,0.0,0.0
2021-01-15 00:00:00-05:00,13.170000076293945,13.399999618530273,12.890000343322754,13.100000381469727,655800,0.0,0.0
2021-01-19 00:00:00-05:00,13.350000381469727,13.529999732971191,12.65999984741211,12.710000038146973,721600,0.0,0.0
2021-01-20 00:00:00-05:00,12.859999656677246,12.960000038146973,12.069999694824219,12.1899995803833,707400,0.0,0.0
2021-01-21 00:00:00-05:00,12.039999961853027,12.279999732971191,11.260000228881836,11.539999961853027,953600,0.0,0.0
2021-01-22 00:00:00-05:00,11.239999771118164,11.510000228881836,11.15999984741211,11.460000038146973,503700,0.0,0.0
2021-01-25 00:00:00-05:00,11.449999809265137,11.449999809265137,10.569999694824219,11.039999961853027,747700,0.0,0.0
2021-01-26 00:00:00-05:00,11.239999771118164,11.239999771118164,10.279999732971191,10.279999732971191,634600,0.0,0.0
2021-01-27 00:00:00-05:00,10.010000228881836,10.34000015258789,9.039999961853027,9.819999694824219,1270600,0.0,0.0
2021-01-28 00:00:00-05:00,10.149999618530273,10.489999771118164,9.899999618530273,10.289999961853027,888100,0.0,0.0
2021-01-29 00:00:00-05:00,10.239999771118164,10.449999809265137,9.470000267028809,9.75,1172400,0.0,0.0
2021-02-01 00:00:00-05:00,10.09000015258789,10.119999885559082,9.479999542236328,9.829999923706055,920600,0.0,0.0
2021-02-02 00:00:00-05:00,9.880000114440918,10.970000267028809,9.75,10.569999694824219,2732700,0.0,0.0
2021-02-03 00:00:00-05:00,10.600000381469727,10.859999656677246,10.220000267028809,10.680000305175781,904200,0.0,0.0
2021-02-04 00:00:00-05:00,10.859999656677246,11.079999923706055,10.600000381469727,11.079999923706055,1198100,0.0,0.0
2021-02-05 00:00:00-05:00,11.25,12.180000305175781,11.100000381469727,11.720000267028809,1791900,0.0,0.0
2021-02-08 00:00:00-05:00,12.020000457763672,13.020000457763672,12.020000457763672,12.960000038146973,1088700,0.0,0.0
2021-02-09 00:00:00-05:00,12.869999885559082,13.15999984741211,12.6899995803833,12.8100004196167,793700,0.0,0.0
2021-02-10 00:00:00-05:00,12.720000267028809,14.1899995803833,12.720000267028809,13.319999694824219,1739900,0.0,0.0
2021-02-11 00:00:00-05:00,13.260000228881836,14.9399995803833,13.1899995803833,14.760000228881836,1559600,0.0,0.0
2021-02-12 00:00:00-05:00,14.529999732971191,14.8100004196167,14.09000015258789,14.680000305175781,877200,0.0,0.0
2021-02-16 00:00:00-05:00,14.9399995803833,15.25,13.0600004196167,13.430000305175781,2642100,0.0,0.0
2021-02-17 00:00:00-05:00,13.609999656677246,13.75,12.539999961853027,12.890000343322754,1168600,0.0,0.0
2021-02-18 00:00:00-05:00,12.84000015258789,13.239999771118164,12.510000228881836,12.5600004196167,935400,0.0,0.0
2021-02-19 00:00:00-05:00,12.0,13.420000076293945,11.90999984741211,13.199999809265137,1379700,0.0,0.0
2021-02-22 00:00:00-05:00,12.800000190734863,14.479999542236328,12.800000190734863,14.140000343322754,1576000,0.0,0.0
2021-02-23 00:00:00-05:00,13.90999984741211,13.90999984741211,12.449999809265137,13.710000038146973,1045200,0.0,0.0
2021-02-24 00:00:00-05:00,14.069999694824219,15.6899995803833,13.949999809265137,15.649999618530273,1557100,0.0,0.0
2021-02-25 00:00:00-05:00,15.5600004196167,15.850000381469727,14.670000076293945,14.8100004196167,1537900,0.0,0.0
2021-02-26 00:00:00-05:00,14.789999961853027,14.789999961853027,13.539999961853027,13.729999542236328,917700,0.0,0.0
2021-03-01 00:00:00-05:00,14.149999618530273,15.489999771118164,14.100000381469727,15.420000076293945,1169600,0.0,0.0
2021-03-02 00:00:00-05:00,15.5,17.040000915527344,14.789999961853027,16.860000610351562,1738400,0.0,0.0
2021-03-03 00:00:00-05:00,17.18000030517578,17.969999313354492,16.850000381469727,17.790000915527344,1575100,0.0,0.0
2021-03-04 00:00:00-05:00,17.15999984741211,17.510000228881836,15.34000015258789,16.399999618530273,1522800,0.0,0.0
2021-03-05 00:00:00-05:00,17.0,17.520000457763672,15.430000305175781,16.639999389648438,995100,0.0,0.0
2021-03-08 00:00:00-05:00,16.809999465942383,17.059999465942383,16.110000610351562,16.860000610351562,3903600,0.0,0.0
2021-03-09 00:00:00-05:00,16.979999542236328,17.469999313354492,15.789999961853027,17.399999618530273,1433500,0.0,0.0
2021-03-10 00:00:00-05:00,17.530000686645508,18.479999542236328,17.459999084472656,18.40999984741211,1263400,0.0,0.0
2021-03-11 00:00:00-05:00,18.649999618530273,19.600000381469727,18.530000686645508,19.049999237060547,1397400,0.0,0.0
2021-03-12 00:00:00-05:00,18.719999313354492,19.06999969482422,17.719999313354492,18.0,1218100,0.0,0.0
2021-03-15 00:00:00-04:00,17.8799991607666,18.309999465942383,17.309999465942383,17.920000076293945,1037600,0.0,0.0
2021-03-16 00:00:00-04:00,17.790000915527344,17.920000076293945,16.690000534057617,17.270000457763672,992700,0.0,0.0
2021-03-17 00:00:00-04:00,17.229999542236328,17.690000534057617,16.950000762939453,17.559999465942383,1469200,0.0,0.0
2021-03-18 00:00:00-04:00,17.56999969482422,18.040000915527344,16.239999771118164,16.290000915527344,1116400,0.0,0.0
2021-03-19 00:00:00-04:00,16.139999389648438,16.959999084472656,15.0,16.559999465942383,4374200,0.0,0.0
2021-03-22 00:00:00-04:00,17.139999389648438,17.68000030517578,16.799999237060547,17.040000915527344,1516700,0.0,0.0
2021-03-23 00:00:00-04:00,15.869999885559082,16.399999618530273,15.050000190734863,15.289999961853027,1399400,0.0,0.0
2021-03-24 00:00:00-04:00,15.800000190734863,16.420000076293945,15.5,15.6899995803833,1161800,0.0,0.0
2021-03-25 00:00:00-04:00,15.380000114440918,15.9399995803833,14.90999984741211,15.779999732971191,1170400,0.0,0.0
2021-03-26 00:00:00-04:00,16.360000610351562,18.959999084472656,16.049999237060547,18.530000686645508,3185600,0.0,0.0
2021-03-29 00:00:00-04:00,18.389999389648438,18.530000686645508,17.3799991607666,17.399999618530273,1214300,0.0,0.0
2021-03-30 00:00:00-04:00,17.420000076293945,17.719999313354492,17.040000915527344,17.299999237060547,996100,0.0,0.0
2021-03-31 00:00:00-04:00,17.6200008392334,18.139999389648438,17.280000686645508,17.65999984741211,1149100,0.0,0.0
2021-04-01 00:00:00-04:00,17.860000610351562,17.90999984741211,17.139999389648438,17.25,694900,0.0,0.0
2021-04-05 00:00:00-04:00,16.469999313354492,16.479999542236328,15.619999885559082,16.15999984741211,1947100,0.0,0.0
2021-04-06 00:00:00-04:00,16.31999969482422,16.719999313354492,14.920000076293945,15.300000190734863,3849300,0.0,0.0
2021-04-07 00:00:00-04:00,15.180000305175781,15.789999961853027,14.829999923706055,15.229999542236328,2815900,0.0,0.0
2021-04-08 00:00:00-04:00,15.640000343322754,15.640000343322754,14.550000190734863,15.140000343322754,1904400,0.0,0.0
2021-04-09 00:00:00-04:00,15.149999618530273,15.149999618530273,14.539999961853027,14.930000305175781,1023400,0.0,0.0
2021-04-12 00:00:00-04:00,14.859999656677246,14.930000305175781,13.960000038146973,14.1899995803833,1391700,0.0,0.0
2021-04-13 00:00:00-04:00,14.430000305175781,15.130000114440918,14.09000015258789,14.960000038146973,1991500,0.0,0.0
2021-04-14 00:00:00-04:00,15.050000190734863,16.530000686645508,15.050000190734863,16.100000381469727,1720300,0.0,0.0
2021-04-15 00:00:00-04:00,16.299999237060547,16.56999969482422,15.720000267028809,16.190000534057617,1274100,0.0,0.0
2021-04-16 00:00:00-04:00,16.459999084472656,17.1299991607666,16.280000686645508,16.920000076293945,1381600,0.0,0.0
2021-04-19 00:00:00-04:00,16.90999984741211,17.139999389648438,16.43000030517578,16.5,1515800,0.0,0.0
2021-04-20 00:00:00-04:00,16.5,16.5,14.050000190734863,14.869999885559082,2115000,0.0,0.0
2021-04-21 00:00:00-04:00,14.65999984741211,16.170000076293945,14.369999885559082,15.979999542236328,1503300,0.0,0.0
2021-04-22 00:00:00-04:00,15.880000114440918,15.899999618530273,15.0,15.069999694824219,1502600,0.0,0.0
2021-04-23 00:00:00-04:00,15.4399995803833,15.90999984741211,15.15999984741211,15.529999732971191,1087500,0.0,0.0
2021-04-26 00:00:00-04:00,15.75,16.3700008392334,15.609999656677246,16.190000534057617,847300,0.0,0.0
2021-04-27 00:00:00-04:00,16.059999465942383,16.40999984741211,15.479999542236328,16.020000457763672,1032200,0.0,0.0
2021-04-28 00:00:00-04:00,15.899999618530273,16.309999465942383,15.649999618530273,16.139999389648438,848400,0.0,0.0
2021-04-29 00:00:00-04:00,16.389999389648438,16.59000015258789,15.619999885559082,16.010000228881836,1015400,0.0,0.0
2021-04-30 00:00:00-04:00,15.399999618530273,16.5,15.399999618530273,15.65999984741211,1498900,0.0,0.0
2021-05-03 00:00:00-04:00,15.989999771118164,16.770000457763672,15.6899995803833,16.399999618530273,1562600,0.0,0.0
2021-05-04 00:00:00-04:00,16.260000228881836,17.260000228881836,15.84000015258789,17.059999465942383,2414400,0.0,0.0
2021-05-05 00:00:00-04:00,17.34000015258789,17.940000534057617,16.709999084472656,17.239999771118164,2012800,0.0,0.0
2021-05-06 00:00:00-04:00,16.510000228881836,16.979999542236328,14.180000305175781,15.239999771118164,3842000,0.0,0.0
2021-05-07 00:00:00-04:00,15.3100004196167,15.90999984741211,14.569999694824219,15.8100004196167,3302000,0.0,0.0
2021-05-10 00:00:00-04:00,16.469999313354492,17.489999771118164,15.880000114440918,16.1299991607666,2495600,0.0,0.0
2021-05-11 00:00:00-04:00,15.380000114440918,17.760000228881836,15.359999656677246,17.350000381469727,3198200,0.0,0.0
2021-05-12 00:00:00-04:00,17.0,17.18000030517578,14.600000381469727,15.34000015258789,2191000,0.0,0.0
2021-05-13 00:00:00-04:00,15.140000343322754,15.859999656677246,14.5,14.960000038146973,2446100,0.0,0.0
2021-05-14 00:00:00-04:00,15.0600004196167,15.619999885559082,14.739999771118164,15.109999656677246,2395300,0.0,0.0
2021-05-17 00:00:00-04:00,15.15999984741211,16.239999771118164,15.010000228881836,16.209999084472656,1961500,0.0,0.0
2021-05-18 00:00:00-04:00,16.15999984741211,16.389999389648438,15.449999809265137,15.470000267028809,1210500,0.0,0.0
2021-05-19 00:00:00-04:00,14.829999923706055,15.109999656677246,13.520000457763672,13.65999984741211,2658700,0.0,0.0
2021-05-20 00:00:00-04:00,13.869999885559082,13.899999618530273,12.729999542236328,12.760000228881836,3367900,0.0,0.0
2021-05-21 00:00:00-04:00,13.3100004196167,13.319999694824219,12.609999656677246,12.739999771118164,2160500,0.0,0.0
2021-05-24 00:00:00-04:00,12.75,12.920000076293945,12.270000457763672,12.789999961853027,1542500,0.0,0.0
2021-05-25 00:00:00-04:00,12.75,12.75,11.979999542236328,12.069999694824219,2071400,0.0,0.0
2021-05-26 00:00:00-04:00,12.25,12.930000305175781,12.25,12.729999542236328,1914400,0.0,0.0
2021-05-27 00:00:00-04:00,13.010000228881836,14.050000190734863,13.010000228881836,13.699999809265137,2216800,0.0,0.0
2021-05-28 00:00:00-04:00,13.3100004196167,13.710000038146973,13.149999618530273,13.609999656677246,1845600,0.0,0.0
2021-06-01 00:00:00-04:00,13.979999542236328,14.279999732971191,13.130000114440918,13.220000267028809,2203200,0.0,0.0
2021-06-02 00:00:00-04:00,13.149999618530273,13.329999923706055,12.619999885559082,13.289999961853027,2536400,0.0,0.0
2021-06-03 00:00:00-04:00,12.9399995803833,13.0600004196167,12.520000457763672,12.829999923706055,1478900,0.0,0.0
2021-06-04 00:00:00-04:00,13.050000190734863,13.140000343322754,12.680000305175781,12.859999656677246,1295800,0.0,0.0
2021-06-07 00:00:00-04:00,12.800000190734863,12.930000305175781,12.539999961853027,12.649999618530273,1175700,0.0,0.0
2021-06-08 00:00:00-04:00,12.619999885559082,13.390000343322754,12.369999885559082,13.149999618530273,1711500,0.0,0.0
2021-06-09 00:00:00-04:00,13.270000457763672,13.460000038146973,12.920000076293945,13.079999923706055,1151900,0.0,0.0
2021-06-10 00:00:00-04:00,13.3100004196167,13.670000076293945,12.800000190734863,12.84000015258789,1571200,0.0,0.0
2021-06-11 00:00:00-04:00,13.119999885559082,13.289999961853027,12.949999809265137,13.140000343322754,1181000,0.0,0.0
2021-06-14 00:00:00-04:00,13.4399995803833,13.460000038146973,12.949999809265137,13.09000015258789,2044600,0.0,0.0
2021-06-15 00:00:00-04:00,12.979999542236328,13.449999809265137,12.390000343322754,13.420000076293945,2178300,0.0,0.0
2021-06-16 00:00:00-04:00,13.1899995803833,13.449999809265137,12.699999809265137,13.329999923706055,1815600,0.0,0.0
2021-06-17 00:00:00-04:00,13.069999694824219,13.460000038146973,11.640000343322754,12.260000228881836,2836900,0.0,0.0
2021-06-18 00:00:00-04:00,11.979999542236328,12.25,11.40999984741211,11.4399995803833,6701500,0.0,0.0
2021-06-21 00:00:00-04:00,11.40999984741211,12.029999732971191,11.40999984741211,12.010000228881836,2022400,0.0,0.0
2021-06-22 00:00:00-04:00,12.010000228881836,12.3100004196167,11.760000228881836,12.210000038146973,1033800,0.0,0.0
2021-06-23 00:00:00-04:00,12.470000267028809,12.609999656677246,12.279999732971191,12.3100004196167,1640700,0.0,0.0
2021-06-24 00:00:00-04:00,12.579999923706055,12.920000076293945,12.260000228881836,12.75,1359700,0.0,0.0
2021-06-25 00:00:00-04:00,13.050000190734863,13.210000038146973,12.550000190734863,12.670000076293945,3126600,0.0,0.0
2021-06-28 00:00:00-04:00,12.670000076293945,12.699999809265137,12.100000381469727,12.1899995803833,1200500,0.0,0.0
2021-06-29 00:00:00-04:00,12.34000015258789,13.40999984741211,12.210000038146973,12.789999961853027,1778500,0.0,0.0
2021-06-30 00:00:00-04:00,12.699999809265137,13.0,12.5,12.890000343322754,1780000,0.0,0.0
2021-07-01 00:00:00-04:00,13.130000114440918,13.199999809265137,12.529999732971191,12.609999656677246,826200,0.0,0.0
2021-07-02 00:00:00-04:00,12.760000228881836,13.25,12.449999809265137,13.1899995803833,1365200,0.0,0.0
2021-07-06 00:00:00-04:00,13.140000343322754,13.289999961853027,12.210000038146973,12.319999694824219,1063600,0.0,0.0
2021-07-07 00:00:00-04:00,12.369999885559082,12.59000015258789,11.880000114440918,12.1899995803833,1149800,0.0,0.0
2021-07-08 00:00:00-04:00,11.710000038146973,12.140000343322754,11.470000267028809,11.779999732971191,921100,0.0,0.0
2021-07-09 00:00:00-04:00,12.149999618530273,12.8100004196167,11.979999542236328,12.710000038146973,1206300,0.0,0.0
2021-07-12 00:00:00-04:00,12.399999618530273,12.770000457763672,12.149999618530273,12.449999809265137,919300,0.0,0.0
2021-07-13 00:00:00-04:00,12.359999656677246,12.390000343322754,11.720000267028809,12.010000228881836,1034500,0.0,0.0
2021-07-14 00:00:00-04:00,12.1899995803833,12.420000076293945,11.699999809265137,11.789999961853027,1026200,0.0,0.0
2021-07-15 00:00:00-04:00,11.699999809265137,12.15999984741211,11.609999656677246,11.90999984741211,1056100,0.0,0.0
2021-07-16 00:00:00-04:00,12.119999885559082,12.119999885559082,11.420000076293945,11.539999961853027,1630900,0.0,0.0
2021-07-19 00:00:00-04:00,11.079999923706055,11.149999618530273,10.390000343322754,10.729999542236328,2171000,0.0,0.0
2021-07-20 00:00:00-04:00,10.739999771118164,11.930000305175781,10.529999732971191,11.699999809265137,1602800,0.0,0.0
2021-07-21 00:00:00-04:00,11.949999809265137,12.949999809265137,11.949999809265137,12.829999923706055,1599600,0.0,0.0
2021-07-22 00:00:00-04:00,12.829999923706055,12.949999809265137,12.279999732971191,12.75,1144800,0.0,0.0
2021-07-23 00:00:00-04:00,12.920000076293945,12.949999809265137,12.270000457763672,12.430000305175781,1249100,0.0,0.0
2021-07-26 00:00:00-04:00,12.489999771118164,13.079999923706055,12.479999542236328,13.039999961853027,953700,0.0,0.0
2021-07-27 00:00:00-04:00,13.510000228881836,13.550000190734863,13.0,13.420000076293945,1827700,0.0,0.0
2021-07-28 00:00:00-04:00,13.65999984741211,13.800000190734863,13.220000267028809,13.449999809265137,989300,0.0,0.0
2021-07-29 00:00:00-04:00,13.8100004196167,14.800000190734863,13.75,14.40999984741211,2002900,0.0,0.0
2021-07-30 00:00:00-04:00,14.140000343322754,14.680000305175781,14.050000190734863,14.5600004196167,1201700,0.0,0.0
2021-08-02 00:00:00-04:00,14.779999732971191,15.09000015258789,14.149999618530273,14.390000343322754,1472500,0.0,0.0
2021-08-03 00:00:00-04:00,14.350000381469727,15.020000457763672,14.130000114440918,14.899999618530273,2055900,0.0,0.0
2021-08-04 00:00:00-04:00,14.539999961853027,14.779999732971191,13.449999809265137,13.5,1678100,0.0,0.0
2021-08-05 00:00:00-04:00,12.850000381469727,12.920000076293945,10.789999961853027,10.920000076293945,6253300,0.0,0.0
2021-08-06 00:00:00-04:00,11.020000457763672,11.600000381469727,10.920000076293945,11.470000267028809,2183100,0.0,0.0
2021-08-09 00:00:00-04:00,11.470000267028809,11.640000343322754,11.050000190734863,11.329999923706055,1271000,0.0,0.0
2021-08-10 00:00:00-04:00,11.25,12.539999961853027,11.25,12.380000114440918,1695900,0.0,0.0
2021-08-11 00:00:00-04:00,12.380000114440918,12.789999961853027,12.020000457763672,12.649999618530273,1115200,0.0,0.0
2021-08-12 00:00:00-04:00,12.640000343322754,12.640000343322754,12.050000190734863,12.460000038146973,1015000,0.0,0.0
2021-08-13 00:00:00-04:00,12.4399995803833,12.449999809265137,12.109999656677246,12.279999732971191,868100,0.0,0.0
2021-08-16 00:00:00-04:00,11.930000305175781,12.050000190734863,11.430000305175781,11.84000015258789,887000,0.0,0.0
2021-08-17 00:00:00-04:00,11.699999809265137,11.699999809265137,11.210000038146973,11.609999656677246,919600,0.0,0.0
2021-08-18 00:00:00-04:00,11.5,11.850000381469727,11.369999885559082,11.390000343322754,951700,0.0,0.0
2021-08-19 00:00:00-04:00,10.989999771118164,11.15999984741211,10.470000267028809,10.579999923706055,1176800,0.0,0.0
2021-08-20 00:00:00-04:00,10.529999732971191,10.829999923706055,10.489999771118164,10.739999771118164,1025100,0.0,0.0
2021-08-23 00:00:00-04:00,11.479999542236328,11.550000190734863,10.979999542236328,11.449999809265137,1148100,0.0,0.0
2021-08-24 00:00:00-04:00,11.710000038146973,12.0600004196167,11.710000038146973,11.800000190734863,894600,0.0,0.0
2021-08-25 00:00:00-04:00,11.890000343322754,11.920000076293945,11.539999961853027,11.600000381469727,760300,0.0,0.0
2021-08-26 00:00:00-04:00,11.420000076293945,11.9399995803833,11.3100004196167,11.430000305175781,761900,0.0,0.0
2021-08-27 00:00:00-04:00,11.579999923706055,12.550000190734863,11.5,12.399999618530273,1827000,0.0,0.0
2021-08-30 00:00:00-04:00,12.670000076293945,12.670000076293945,11.949999809265137,12.390000343322754,1078400,0.0,0.0
2021-08-31 00:00:00-04:00,12.5,12.829999923706055,12.300000190734863,12.819999694824219,1502600,0.0,0.0
2021-09-01 00:00:00-04:00,12.649999618530273,12.75,11.649999618530273,12.460000038146973,1963600,0.0,0.0
2021-09-02 00:00:00-04:00,12.539999961853027,13.289999961853027,12.34000015258789,12.600000381469727,1372900,0.0,0.0
2021-09-03 00:00:00-04:00,12.729999542236328,12.930000305175781,12.479999542236328,12.699999809265137,721100,0.0,0.0
2021-09-07 00:00:00-04:00,12.850000381469727,13.300000190734863,12.670000076293945,12.710000038146973,979700,0.0,0.0
2021-09-08 00:00:00-04:00,12.609999656677246,12.899999618530273,11.9399995803833,12.079999923706055,1696500,0.0,0.0
2021-09-09 00:00:00-04:00,11.979999542236328,12.609999656677246,11.949999809265137,12.449999809265137,1642800,0.0,0.0
2021-09-10 00:00:00-04:00,12.680000305175781,13.079999923706055,12.5600004196167,12.829999923706055,1647900,0.0,0.0
2021-09-13 00:00:00-04:00,12.890000343322754,13.380000114440918,12.5600004196167,13.0,1987100,0.0,0.0
2021-09-14 00:00:00-04:00,13.0,13.0,12.550000190734863,12.720000267028809,1403000,0.0,0.0
2021-09-15 00:00:00-04:00,12.880000114440918,13.680000305175781,12.8100004196167,13.5600004196167,1985000,0.0,0.0
2021-09-16 00:00:00-04:00,13.25,13.420000076293945,12.449999809265137,13.050000190734863,1866300,0.0,0.0
2021-09-17 00:00:00-04:00,13.050000190734863,13.069999694824219,12.40999984741211,13.029999732971191,4315900,0.0,0.0
2021-09-20 00:00:00-04:00,12.229999542236328,12.680000305175781,12.0,12.520000457763672,1560200,0.0,0.0
2021-09-21 00:00:00-04:00,12.880000114440918,12.989999771118164,11.8100004196167,12.180000305175781,1828400,0.0,0.0
2021-09-22 00:00:00-04:00,12.619999885559082,13.770000457763672,12.619999885559082,13.550000190734863,4225800,0.0,0.0
2021-09-23 00:00:00-04:00,13.65999984741211,14.109999656677246,13.539999961853027,14.050000190734863,1668900,0.0,0.0
2021-09-24 00:00:00-04:00,13.819999694824219,13.920000076293945,13.380000114440918,13.6899995803833,2140500,0.0,0.0
2021-09-27 00:00:00-04:00,13.65999984741211,14.289999961853027,13.569999694824219,14.180000305175781,2121700,0.0,0.0
2021-09-28 00:00:00-04:00,14.069999694824219,14.65999984741211,13.970000267028809,14.279999732971191,1925000,0.0,0.0
2021-09-29 00:00:00-04:00,14.460000038146973,14.470000267028809,13.300000190734863,13.300000190734863,1649700,0.0,0.0
2021-09-30 00:00:00-04:00,13.140000343322754,13.670000076293945,13.140000343322754,13.449999809265137,1246300,0.0,0.0
2021-10-01 00:00:00-04:00,13.579999923706055,14.199999809265137,13.430000305175781,14.020000457763672,1493000,0.0,0.0
2021-10-04 00:00:00-04:00,14.25,14.510000228881836,14.0,14.020000457763672,1034300,0.0,0.0
2021-10-05 00:00:00-04:00,14.079999923706055,14.680000305175781,13.829999923706055,14.619999885559082,1193600,0.0,0.0
2021-10-06 00:00:00-04:00,14.1899995803833,14.479999542236328,13.619999885559082,14.359999656677246,1624400,0.0,0.0
2021-10-07 00:00:00-04:00,14.6899995803833,14.8100004196167,14.220000267028809,14.359999656677246,1250800,0.0,0.0
2021-10-08 00:00:00-04:00,14.390000343322754,14.539999961853027,14.079999923706055,14.350000381469727,949500,0.0,0.0
2021-10-11 00:00:00-04:00,14.84000015258789,16.510000228881836,14.8100004196167,16.280000686645508,2807900,0.0,0.0
2021-10-12 00:00:00-04:00,16.209999084472656,16.790000915527344,15.75,15.869999885559082,1908900,0.0,0.0
2021-10-13 00:00:00-04:00,15.880000114440918,16.040000915527344,15.350000381469727,15.829999923706055,1433900,0.0,0.0
2021-10-14 00:00:00-04:00,16.420000076293945,16.59000015258789,16.010000228881836,16.110000610351562,930100,0.0,0.0
2021-10-15 00:00:00-04:00,16.969999313354492,17.649999618530273,16.65999984741211,17.25,1630600,0.0,0.0
2021-10-18 00:00:00-04:00,16.8799991607666,17.420000076293945,16.6200008392334,17.40999984741211,1024400,0.0,0.0
2021-10-19 00:00:00-04:00,17.389999389648438,17.399999618530273,16.030000686645508,16.200000762939453,1571800,0.0,0.0
2021-10-20 00:00:00-04:00,15.880000114440918,16.15999984741211,15.550000190734863,16.049999237060547,1339600,0.0,0.0
2021-10-21 00:00:00-04:00,15.600000381469727,15.779999732971191,15.0600004196167,15.430000305175781,1338400,0.0,0.0
2021-10-22 00:00:00-04:00,15.59000015258789,15.949999809265137,15.329999923706055,15.630000114440918,1049300,0.0,0.0
2021-10-25 00:00:00-04:00,15.8100004196167,16.020000457763672,15.479999542236328,15.729999542236328,1315500,0.0,0.0
2021-10-26 00:00:00-04:00,15.960000038146973,15.960000038146973,14.880000114440918,15.109999656677246,1310000,0.0,0.0
2021-10-27 00:00:00-04:00,14.5,14.859999656677246,14.079999923706055,14.180000305175781,1193900,0.0,0.0
2021-10-28 00:00:00-04:00,14.350000381469727,14.579999923706055,14.100000381469727,14.390000343322754,1044300,0.0,0.0
2021-10-29 00:00:00-04:00,14.229999542236328,14.260000228881836,12.899999618530273,13.210000038146973,2187600,0.0,0.0
2021-11-01 00:00:00-04:00,13.289999961853027,13.529999732971191,12.859999656677246,13.279999732971191,1961500,0.0,0.0
2021-11-02 00:00:00-04:00,13.180000305175781,13.329999923706055,12.739999771118164,13.1899995803833,1352000,0.0,0.0
2021-11-03 00:00:00-04:00,13.109999656677246,13.850000381469727,12.960000038146973,13.550000190734863,2084900,0.0,0.0
2021-11-04 00:00:00-04:00,13.880000114440918,14.0,12.649999618530273,13.020000457763672,2432100,0.0,0.0
2021-11-05 00:00:00-04:00,13.199999809265137,13.470000267028809,12.979999542236328,13.140000343322754,1325600,0.0,0.0
2021-11-08 00:00:00-05:00,13.470000267028809,13.930000305175781,13.34000015258789,13.819999694824219,1732300,0.0,0.0
2021-11-09 00:00:00-05:00,13.649999618530273,14.34000015258789,13.649999618530273,14.09000015258789,1710800,0.0,0.0
2021-11-10 00:00:00-05:00,14.010000228881836,14.270000457763672,13.460000038146973,13.600000381469727,1560700,0.0,0.0
2021-11-11 00:00:00-05:00,14.0600004196167,15.670000076293945,14.0600004196167,15.449999809265137,2022600,0.0,0.0
2021-11-12 00:00:00-05:00,15.300000190734863,16.200000762939453,15.239999771118164,16.0,1555700,0.0,0.0
2021-11-15 00:00:00-05:00,15.789999961853027,15.850000381469727,14.819999694824219,15.34000015258789,1507500,0.0,0.0
2021-11-16 00:00:00-05:00,15.300000190734863,15.300000190734863,14.260000228881836,14.329999923706055,1236400,0.0,0.0
2021-11-17 00:00:00-05:00,14.649999618530273,15.130000114440918,14.149999618530273,14.210000038146973,1016100,0.0,0.0
2021-11-18 00:00:00-05:00,14.0,14.300000190734863,13.680000305175781,14.260000228881836,876100,0.0,0.0
2021-11-19 00:00:00-05:00,14.100000381469727,14.399999618530273,13.739999771118164,13.890000343322754,1285200,0.0,0.0
2021-11-22 00:00:00-05:00,13.850000381469727,14.5600004196167,13.850000381469727,14.210000038146973,862100,0.0,0.0
2021-11-23 00:00:00-05:00,14.289999961853027,14.899999618530273,14.25,14.449999809265137,875400,0.0,0.0
2021-11-24 00:00:00-05:00,14.350000381469727,14.779999732971191,14.0,14.550000190734863,822200,0.0,0.0
2021-11-26 00:00:00-05:00,13.729999542236328,13.970000267028809,13.350000381469727,13.949999809265137,1112700,0.0,0.0
2021-11-29 00:00:00-05:00,14.380000114440918,14.539999961853027,13.84000015258789,14.020000457763672,1184600,0.0,0.0
2021-11-30 00:00:00-05:00,13.789999961853027,14.1899995803833,12.75,13.229999542236328,2033900,0.0,0.0
2021-12-01 00:00:00-05:00,13.779999732971191,14.0,12.800000190734863,12.869999885559082,1352300,0.0,0.0
2021-12-02 00:00:00-05:00,12.989999771118164,13.40999984741211,12.890000343322754,13.170000076293945,702400,0.0,0.0
2021-12-03 00:00:00-05:00,13.229999542236328,13.4399995803833,12.920000076293945,13.199999809265137,930900,0.0,0.0
2021-12-06 00:00:00-05:00,13.399999618530273,13.710000038146973,13.09000015258789,13.40999984741211,759000,0.0,0.0
2021-12-07 00:00:00-05:00,13.890000343322754,13.949999809265137,13.239999771118164,13.300000190734863,1093600,0.0,0.0
2021-12-08 00:00:00-05:00,13.430000305175781,13.890000343322754,13.180000305175781,13.6899995803833,751200,0.0,0.0
2021-12-09 00:00:00-05:00,13.40999984741211,13.779999732971191,13.020000457763672,13.670000076293945,916900,0.0,0.0
2021-12-10 00:00:00-05:00,13.899999618530273,13.899999618530273,13.34000015258789,13.670000076293945,1080400,0.0,0.0
2021-12-13 00:00:00-05:00,13.720000267028809,13.850000381469727,13.229999542236328,13.529999732971191,954200,0.0,0.0
2021-12-14 00:00:00-05:00,13.40999984741211,13.880000114440918,13.180000305175781,13.229999542236328,1205000,0.0,0.0
2021-12-15 00:00:00-05:00,13.119999885559082,13.300000190734863,12.34000015258789,13.289999961853027,1857600,0.0,0.0
2021-12-16 00:00:00-05:00,13.420000076293945,14.09000015258789,13.300000190734863,13.420000076293945,1255500,0.0,0.0
2021-12-17 00:00:00-05:00,13.239999771118164,14.130000114440918,13.050000190734863,14.039999961853027,2147300,0.0,0.0
2021-12-20 00:00:00-05:00,13.770000457763672,14.119999885559082,13.5,14.079999923706055,1241600,0.0,0.0
2021-12-21 00:00:00-05:00,14.4399995803833,15.489999771118164,14.399999618530273,15.430000305175781,1737600,0.0,0.0
2021-12-22 00:00:00-05:00,15.489999771118164,16.899999618530273,15.470000267028809,16.84000015258789,2247900,0.0,0.0
2021-12-23 00:00:00-05:00,16.709999084472656,17.15999984741211,16.530000686645508,16.770000457763672,1862300,0.0,0.0
2021-12-27 00:00:00-05:00,16.65999984741211,16.940000534057617,16.15999984741211,16.850000381469727,995900,0.0,0.0
2021-12-28 00:00:00-05:00,16.860000610351562,16.979999542236328,16.59000015258789,16.639999389648438,647300,0.0,0.0
2021-12-29 00:00:00-05:00,16.549999237060547,17.079999923706055,16.520000457763672,16.600000381469727,882600,0.0,0.0
2021-12-30 00:00:00-05:00,16.5,16.899999618530273,16.34000015258789,16.450000762939453,834500,0.0,0.0
2021-12-31 00:00:00-05:00,16.3799991607666,16.6200008392334,16.329999923706055,16.559999465942383,503200,0.0,0.0
2022-01-03 00:00:00-05:00,16.68000030517578,17.3799991607666,16.479999542236328,16.639999389648438,910000,0.0,0.0
2022-01-04 00:00:00-05:00,16.850000381469727,17.09000015258789,16.579999923706055,16.600000381469727,984800,0.0,0.0
2022-01-05 00:00:00-05:00,16.84000015258789,17.639999389648438,16.559999465942383,16.56999969482422,1065400,0.0,0.0
2022-01-06 00:00:00-05:00,16.34000015258789,17.25,16.34000015258789,17.0,1561900,0.0,0.0
2022-01-07 00:00:00-05:00,17.239999771118164,17.850000381469727,17.219999313354492,17.540000915527344,840400,0.0,0.0
2022-01-10 00:00:00-05:00,17.360000610351562,17.559999465942383,16.860000610351562,17.149999618530273,1778000,0.0,0.0
2022-01-11 00:00:00-05:00,16.850000381469727,17.399999618530273,16.639999389648438,17.399999618530273,1125900,0.0,0.0
2022-01-12 00:00:00-05:00,17.899999618530273,18.15999984741211,16.8700008392334,17.049999237060547,1195600,0.0,0.0
2022-01-13 00:00:00-05:00,17.030000686645508,17.56999969482422,16.700000762939453,16.770000457763672,1082100,0.0,0.0
2022-01-14 00:00:00-05:00,16.5,16.969999313354492,16.270000457763672,16.8799991607666,659800,0.0,0.0
2022-01-18 00:00:00-05:00,16.760000228881836,17.479999542236328,16.5,17.34000015258789,966400,0.0,0.0
2022-01-19 00:00:00-05:00,17.56999969482422,17.829999923706055,16.920000076293945,17.1299991607666,1026900,0.0,0.0
2022-01-20 00:00:00-05:00,17.579999923706055,18.299999237060547,16.860000610351562,17.0,2053800,0.0,0.0
2022-01-21 00:00:00-05:00,16.549999237060547,16.760000228881836,15.850000381469727,15.899999618530273,2192900,0.0,0.0
2022-01-24 00:00:00-05:00,15.09000015258789,16.610000610351562,15.0,16.600000381469727,1657300,0.0,0.0
2022-01-25 00:00:00-05:00,16.739999771118164,17.360000610351562,15.9399995803833,17.139999389648438,1560300,0.0,0.0
2022-01-26 00:00:00-05:00,17.489999771118164,17.610000610351562,16.290000915527344,16.479999542236328,1187500,0.0,0.0
2022-01-27 00:00:00-05:00,16.56999969482422,16.770000457763672,15.34000015258789,15.510000228881836,1195800,0.0,0.0
2022-01-28 00:00:00-05:00,15.359999656677246,15.630000114440918,14.890000343322754,15.630000114440918,1082600,0.0,0.0
2022-01-31 00:00:00-05:00,15.470000267028809,15.470000267028809,14.850000381469727,15.34000015258789,1841500,0.0,0.0
2022-02-01 00:00:00-05:00,15.680000305175781,15.920000076293945,15.369999885559082,15.84000015258789,1242200,0.0,0.0
2022-02-02 00:00:00-05:00,15.84000015258789,15.949999809265137,15.079999923706055,15.630000114440918,1101600,0.0,0.0
2022-02-03 00:00:00-05:00,15.520000457763672,16.25,15.319999694824219,15.819999694824219,868800,0.0,0.0
2022-02-04 00:00:00-05:00,15.8100004196167,16.440000534057617,15.529999732971191,16.280000686645508,1211700,0.0,0.0
2022-02-07 00:00:00-05:00,16.1200008392334,16.579999923706055,15.880000114440918,16.100000381469727,827400,0.0,0.0
2022-02-08 00:00:00-05:00,16.600000381469727,18.440000534057617,16.530000686645508,18.010000228881836,2454500,0.0,0.0
2022-02-09 00:00:00-05:00,18.059999465942383,18.969999313354492,18.010000228881836,18.450000762939453,1971800,0.0,0.0
2022-02-10 00:00:00-05:00,18.270000457763672,19.110000610351562,18.100000381469727,18.25,2079700,0.0,0.0
2022-02-11 00:00:00-05:00,17.950000762939453,18.670000076293945,17.440000534057617,18.639999389648438,2082500,0.0,0.0
2022-02-14 00:00:00-05:00,18.90999984741211,19.18000030517578,18.18000030517578,19.09000015258789,1540200,0.0,0.0
2022-02-15 00:00:00-05:00,18.799999237060547,20.420000076293945,18.610000610351562,20.350000381469727,1885400,0.0,0.0
2022-02-16 00:00:00-05:00,20.299999237060547,21.360000610351562,20.219999313354492,21.290000915527344,1759900,0.0,0.0
2022-02-17 00:00:00-05:00,21.09000015258789,21.639999389648438,20.6299991607666,21.190000534057617,1333300,0.0,0.0
2022-02-18 00:00:00-05:00,21.25,21.510000228881836,20.81999969482422,21.329999923706055,1028600,0.0,0.0
2022-02-22 00:00:00-05:00,21.700000762939453,22.049999237060547,20.200000762939453,21.059999465942383,2141300,0.0,0.0
2022-02-23 00:00:00-05:00,21.219999313354492,21.920000076293945,21.100000381469727,21.399999618530273,2213000,0.0,0.0
2022-02-24 00:00:00-05:00,21.079999923706055,21.739999771118164,20.280000686645508,20.68000030517578,4245200,0.0,0.0
2022-02-25 00:00:00-05:00,20.690000534057617,23.420000076293945,19.75,22.979999542236328,3024000,0.0,0.0
2022-02-28 00:00:00-05:00,22.959999084472656,24.030000686645508,22.81999969482422,23.6200008392334,2490700,0.0,0.0
2022-03-01 00:00:00-05:00,24.100000381469727,27.18000030517578,23.989999771118164,26.350000381469727,4390500,0.0,0.0
2022-03-02 00:00:00-05:00,26.68000030517578,27.219999313354492,25.8700008392334,26.989999771118164,2781000,0.0,0.0
2022-03-03 00:00:00-05:00,27.149999618530273,29.149999618530273,26.989999771118164,28.450000762939453,2797500,0.0,0.0
2022-03-04 00:00:00-05:00,28.200000762939453,29.989999771118164,27.780000686645508,29.489999771118164,3097700,0.0,0.0
2022-03-07 00:00:00-05:00,29.950000762939453,30.360000610351562,27.290000915527344,28.360000610351562,3375200,0.0,0.0
2022-03-08 00:00:00-05:00,26.520000457763672,27.670000076293945,24.809999465942383,25.770000457763672,3525400,0.0,0.0
2022-03-09 00:00:00-05:00,25.350000381469727,25.899999618530273,24.399999618530273,25.389999389648438,3477300,0.0,0.0
2022-03-10 00:00:00-05:00,26.1299991607666,26.709999084472656,25.40999984741211,26.209999084472656,2076100,0.0,0.0
2022-03-11 00:00:00-05:00,25.459999084472656,26.389999389648438,23.850000381469727,23.950000762939453,1746400,0.0,0.0
2022-03-14 00:00:00-04:00,23.25,23.610000610351562,22.170000076293945,22.760000228881836,2099700,0.0,0.0
2022-03-15 00:00:00-04:00,22.030000686645508,22.610000610351562,21.719999313354492,22.59000015258789,1492800,0.0,0.0
2022-03-16 00:00:00-04:00,23.020000457763672,23.8799991607666,21.799999237060547,22.399999618530273,2108200,0.0,0.0
2022-03-17 00:00:00-04:00,22.899999618530273,24.399999618530273,22.700000762939453,24.170000076293945,1790100,0.0,0.0
2022-03-18 00:00:00-04:00,24.059999465942383,24.43000030517578,23.209999084472656,24.3799991607666,4995800,0.0,0.0
2022-03-21 00:00:00-04:00,25.530000686645508,27.790000915527344,25.489999771118164,27.09000015258789,2433600,0.0,0.0
2022-03-22 00:00:00-04:00,27.079999923706055,28.059999465942383,26.559999465942383,27.1299991607666,1351300,0.0,0.0
2022-03-23 00:00:00-04:00,27.299999237060547,29.809999465942383,27.290000915527344,29.18000030517578,1661400,0.0,0.0
2022-03-24 00:00:00-04:00,29.09000015258789,29.850000381469727,28.229999542236328,28.81999969482422,2041200,0.0,0.0
2022-03-25 00:00:00-04:00,28.850000381469727,29.06999969482422,28.049999237060547,28.34000015258789,1566200,0.0,0.0
2022-03-28 00:00:00-04:00,27.649999618530273,27.940000534057617,26.8700008392334,27.799999237060547,1716800,0.0,0.0
2022-03-29 00:00:00-04:00,26.469999313354492,26.530000686645508,24.760000228881836,26.31999969482422,1752800,0.0,0.0
2022-03-30 00:00:00-04:00,26.940000534057617,27.43000030517578,26.299999237060547,26.709999084472656,1038500,0.0,0.0
2022-03-31 00:00:00-04:00,26.59000015258789,27.049999237060547,26.25,26.309999465942383,1150400,0.0,0.0
2022-04-01 00:00:00-04:00,26.700000762939453,27.739999771118164,26.1299991607666,26.84000015258789,1391200,0.0,0.0
2022-04-04 00:00:00-04:00,26.989999771118164,27.270000457763672,26.420000076293945,26.6200008392334,1519800,0.0,0.0
2022-04-05 00:00:00-04:00,26.969999313354492,27.920000076293945,25.68000030517578,26.520000457763672,2152300,0.0,0.0
2022-04-06 00:00:00-04:00,26.670000076293945,27.889999389648438,26.020000457763672,27.190000534057617,2195300,0.0,0.0
2022-04-07 00:00:00-04:00,27.15999984741211,27.760000228881836,26.549999237060547,27.34000015258789,1312900,0.0,0.0
2022-04-08 00:00:00-04:00,27.3700008392334,29.239999771118164,26.030000686645508,26.65999984741211,2351000,0.0,0.0
2022-04-11 00:00:00-04:00,26.299999237060547,26.299999237060547,24.450000762939453,24.780000686645508,1912700,0.0,0.0
2022-04-12 00:00:00-04:00,25.299999237060547,25.850000381469727,24.739999771118164,24.760000228881836,1457800,0.0,0.0
2022-04-13 00:00:00-04:00,25.059999465942383,26.200000762939453,24.639999389648438,26.139999389648438,2215700,0.0,0.0
2022-04-14 00:00:00-04:00,26.09000015258789,27.700000762939453,26.079999923706055,27.40999984741211,1633400,0.0,0.0
2022-04-18 00:00:00-04:00,27.6200008392334,28.100000381469727,27.079999923706055,27.549999237060547,1425300,0.0,0.0
2022-04-19 00:00:00-04:00,27.030000686645508,27.110000610351562,25.549999237060547,25.90999984741211,1765900,0.0,0.0
2022-04-20 00:00:00-04:00,25.6200008392334,25.649999618530273,24.350000381469727,24.84000015258789,2533300,0.0,0.0
2022-04-21 00:00:00-04:00,23.969999313354492,24.0,21.25,21.959999084472656,3762900,0.0,0.0
2022-04-22 00:00:00-04:00,21.950000762939453,22.1299991607666,20.520000457763672,20.700000762939453,2278100,0.0,0.0
2022-04-25 00:00:00-04:00,19.540000915527344,20.530000686645508,19.06999969482422,20.149999618530273,2258300,0.0,0.0
2022-04-26 00:00:00-04:00,19.979999542236328,20.450000762939453,19.200000762939453,19.459999084472656,1576700,0.0,0.0
2022-04-27 00:00:00-04:00,19.920000076293945,20.329999923706055,19.329999923706055,19.700000762939453,1467400,0.0,0.0
2022-04-28 00:00:00-04:00,19.510000228881836,19.65999984741211,18.510000228881836,19.329999923706055,1427500,0.0,0.0
2022-04-29 00:00:00-04:00,17.989999771118164,18.65999984741211,16.510000228881836,16.8700008392334,3582300,0.0,0.0
2022-05-02 00:00:00-04:00,16.549999237060547,16.799999237060547,15.479999542236328,16.25,2257400,0.0,0.0
2022-05-03 00:00:00-04:00,16.049999237060547,16.1299991607666,15.109999656677246,15.289999961853027,2991900,0.0,0.0
2022-05-04 00:00:00-04:00,15.430000305175781,15.819999694824219,14.65999984741211,15.460000038146973,3113800,0.0,0.0
2022-05-05 00:00:00-04:00,15.550000190734863,15.720000267028809,14.140000343322754,14.569999694824219,1802300,0.0,0.0
2022-05-06 00:00:00-04:00,14.369999885559082,14.449999809265137,13.680000305175781,13.770000457763672,1777800,0.0,0.0
2022-05-09 00:00:00-04:00,13.369999885559082,13.369999885559082,12.020000457763672,12.15999984741211,2395600,0.0,0.0
2022-05-10 00:00:00-04:00,12.380000114440918,12.739999771118164,11.800000190734863,12.40999984741211,2737300,0.0,0.0
2022-05-11 00:00:00-04:00,12.670000076293945,13.399999618530273,12.420000076293945,12.489999771118164,2289700,0.0,0.0
2022-05-12 00:00:00-04:00,12.100000381469727,12.260000228881836,11.449999809265137,11.850000381469727,2434100,0.0,0.0
2022-05-13 00:00:00-04:00,12.380000114440918,13.100000381469727,12.329999923706055,12.789999961853027,2401700,0.0,0.0
2022-05-16 00:00:00-04:00,13.029999732971191,13.600000381469727,13.029999732971191,13.260000228881836,1524600,0.0,0.0
2022-05-17 00:00:00-04:00,13.859999656677246,14.15999984741211,13.550000190734863,13.789999961853027,2329300,0.0,0.0
2022-05-18 00:00:00-04:00,12.970000267028809,13.170000076293945,11.420000076293945,11.539999961853027,5031400,0.0,0.0
2022-05-19 00:00:00-04:00,11.460000038146973,12.359999656677246,11.380000114440918,12.119999885559082,2212400,0.0,0.0
2022-05-20 00:00:00-04:00,12.3100004196167,12.510000228881836,11.039999961853027,11.670000076293945,2583000,0.0,0.0
2022-05-23 00:00:00-04:00,12.050000190734863,12.600000381469727,11.899999618530273,12.489999771118164,2100000,0.0,0.0
2022-05-24 00:00:00-04:00,12.1899995803833,12.350000381469727,11.699999809265137,11.869999885559082,1785600,0.0,0.0
2022-05-25 00:00:00-04:00,11.59000015258789,11.850000381469727,11.300000190734863,11.649999618530273,2164800,0.0,0.0
2022-05-26 00:00:00-04:00,11.649999618530273,11.949999809265137,11.380000114440918,11.760000228881836,1949600,0.0,0.0
2022-05-27 00:00:00-04:00,11.960000038146973,12.380000114440918,11.65999984741211,12.369999885559082,2216900,0.0,0.0
2022-05-31 00:00:00-04:00,12.609999656677246,12.710000038146973,11.739999771118164,11.800000190734863,2552200,0.0,0.0
2022-06-01 00:00:00-04:00,11.859999656677246,12.100000381469727,11.4399995803833,11.800000190734863,2461300,0.0,0.0
2022-06-02 00:00:00-04:00,11.960000038146973,12.600000381469727,11.960000038146973,12.539999961853027,2092900,0.0,0.0
2022-06-03 00:00:00-04:00,12.300000190734863,12.40999984741211,11.84000015258789,12.369999885559082,2015500,0.0,0.0
2022-06-06 00:00:00-04:00,12.6899995803833,12.6899995803833,11.970000267028809,12.329999923706055,1754000,0.0,0.0
2022-06-07 00:00:00-04:00,12.050000190734863,12.720000267028809,11.960000038146973,12.670000076293945,1635300,0.0,0.0
2022-06-08 00:00:00-04:00,12.539999961853027,12.739999771118164,11.979999542236328,12.140000343322754,1897700,0.0,0.0
2022-06-09 00:00:00-04:00,12.0,12.010000228881836,11.300000190734863,11.359999656677246,2548800,0.0,0.0
2022-06-10 00:00:00-04:00,10.90999984741211,11.399999618530273,10.829999923706055,11.260000228881836,2264500,0.0,0.0
2022-06-13 00:00:00-04:00,10.640000343322754,10.779999732971191,10.130000114440918,10.430000305175781,2445600,0.0,0.0
2022-06-14 00:00:00-04:00,10.5600004196167,10.819999694824219,10.199999809265137,10.75,3363100,0.0,0.0
2022-06-15 00:00:00-04:00,10.949999809265137,11.029999732971191,10.359999656677246,10.59000015258789,2669700,0.0,0.0
2022-06-16 00:00:00-04:00,10.199999809265137,10.489999771118164,9.880000114440918,9.960000038146973,3389900,0.0,0.0
2022-06-17 00:00:00-04:00,10.010000228881836,10.100000381469727,9.199999809265137,9.229999542236328,12167200,0.0,0.0
2022-06-21 00:00:00-04:00,9.479999542236328,9.739999771118164,9.229999542236328,9.329999923706055,2329800,0.0,0.0
2022-06-22 00:00:00-04:00,8.979999542236328,8.979999542236328,8.4399995803833,8.539999961853027,3400400,0.0,0.0
2022-06-23 00:00:00-04:00,8.300000190734863,8.489999771118164,6.929999828338623,7.110000133514404,5543800,0.0,0.0
2022-06-24 00:00:00-04:00,7.179999828338623,8.069999694824219,7.079999923706055,8.020000457763672,6199000,0.0,0.0
2022-06-27 00:00:00-04:00,8.1899995803833,8.350000381469727,7.909999847412109,8.319999694824219,2881400,0.0,0.0
2022-06-28 00:00:00-04:00,8.520000457763672,8.550000190734863,7.809999942779541,7.869999885559082,2170500,0.0,0.0
2022-06-29 00:00:00-04:00,7.880000114440918,7.909999847412109,7.309999942779541,7.440000057220459,1855500,0.0,0.0
2022-06-30 00:00:00-04:00,7.239999771118164,7.539999961853027,7.090000152587891,7.369999885559082,1652500,0.0,0.0
2022-07-01 00:00:00-04:00,7.159999847412109,7.420000076293945,6.960000038146973,7.28000020980835,2223400,0.0,0.0
2022-07-05 00:00:00-04:00,7.0,7.179999828338623,6.699999809265137,6.840000152587891,2684900,0.0,0.0
2022-07-06 00:00:00-04:00,6.840000152587891,7.0,6.579999923706055,6.889999866485596,2227600,0.0,0.0
2022-07-07 00:00:00-04:00,7.230000019073486,7.690000057220459,7.190000057220459,7.619999885559082,2348900,0.0,0.0
2022-07-08 00:00:00-04:00,7.619999885559082,7.690000057220459,7.230000019073486,7.28000020980835,1332700,0.0,0.0
2022-07-11 00:00:00-04:00,7.170000076293945,7.25,6.980000019073486,7.059999942779541,1570700,0.0,0.0
2022-07-12 00:00:00-04:00,6.829999923706055,7.289999961853027,6.75,7.079999923706055,1226600,0.0,0.0
2022-07-13 00:00:00-04:00,7.03000020980835,7.289999961853027,6.900000095367432,7.230000019073486,1254100,0.0,0.0
2022-07-14 00:00:00-04:00,6.929999828338623,6.980000019073486,6.619999885559082,6.71999979019165,1892100,0.0,0.0
2022-07-15 00:00:00-04:00,6.869999885559082,7.179999828338623,6.710000038146973,7.179999828338623,1988900,0.0,0.0
2022-07-18 00:00:00-04:00,7.519999980926514,7.639999866485596,7.039999961853027,7.070000171661377,2049400,0.0,0.0
2022-07-19 00:00:00-04:00,7.119999885559082,7.300000190734863,7.019999980926514,7.28000020980835,1799500,0.0,0.0
2022-07-20 00:00:00-04:00,7.230000019073486,7.269999980926514,6.989999771118164,7.150000095367432,1744600,0.0,0.0
2022-07-21 00:00:00-04:00,7.050000190734863,7.21999979019165,6.75,6.989999771118164,2246200,0.0,0.0
2022-07-22 00:00:00-04:00,7.130000114440918,7.429999828338623,6.880000114440918,7.010000228881836,2590200,0.0,0.0
2022-07-25 00:00:00-04:00,7.150000095367432,7.340000152587891,7.010000228881836,7.150000095367432,2945100,0.0,0.0
2022-07-26 00:00:00-04:00,7.090000152587891,7.190000057220459,6.789999961853027,7.039999961853027,1810500,0.0,0.0
2022-07-27 00:00:00-04:00,7.110000133514404,7.559999942779541,6.860000133514404,7.449999809265137,2033300,0.0,0.0
2022-07-28 00:00:00-04:00,7.53000020980835,7.769999980926514,7.159999847412109,7.630000114440918,1320000,0.0,0.0
2022-07-29 00:00:00-04:00,7.730000019073486,7.980000019073486,7.480000019073486,7.889999866485596,1577000,0.0,0.0
2022-08-01 00:00:00-04:00,7.849999904632568,7.900000095367432,7.519999980926514,7.760000228881836,1679500,0.0,0.0
2022-08-02 00:00:00-04:00,7.659999847412109,8.09000015258789,7.590000152587891,7.889999866485596,1419600,0.0,0.0
2022-08-03 00:00:00-04:00,8.010000228881836,8.020000457763672,7.730000019073486,7.889999866485596,1423400,0.0,0.0
2022-08-04 00:00:00-04:00,7.869999885559082,8.020000457763672,7.570000171661377,7.599999904632568,1408700,0.0,0.0
2022-08-05 00:00:00-04:00,7.559999942779541,7.949999809265137,7.369999885559082,7.860000133514404,1911100,0.0,0.0
2022-08-08 00:00:00-04:00,8.020000457763672,8.229999542236328,7.849999904632568,7.860000133514404,1406200,0.0,0.0
2022-08-09 00:00:00-04:00,7.920000076293945,8.149999618530273,7.860000133514404,8.050000190734863,1702600,0.0,0.0
2022-08-10 00:00:00-04:00,8.199999809265137,9.699999809265137,8.100000381469727,9.550000190734863,3527500,0.0,0.0
2022-08-11 00:00:00-04:00,9.59000015258789,10.210000038146973,9.479999542236328,9.880000114440918,3838600,0.0,0.0
2022-08-12 00:00:00-04:00,9.850000381469727,10.020000457763672,9.449999809265137,9.6899995803833,2928900,0.0,0.0
2022-08-15 00:00:00-04:00,9.319999694824219,9.319999694824219,8.680000305175781,8.890000343322754,1750300,0.0,0.0
2022-08-16 00:00:00-04:00,9.109999656677246,9.270000457763672,8.960000038146973,9.029999732971191,1656800,0.0,0.0
2022-08-17 00:00:00-04:00,8.8100004196167,8.859999656677246,8.510000228881836,8.600000381469727,1343700,0.0,0.0
2022-08-18 00:00:00-04:00,8.75,9.020000457763672,8.720000267028809,8.979999542236328,1247500,0.0,0.0
2022-08-19 00:00:00-04:00,8.6899995803833,8.760000228881836,8.180000305175781,8.210000038146973,1550800,0.0,0.0
2022-08-22 00:00:00-04:00,7.949999809265137,8.130000114440918,7.820000171661377,7.96999979019165,1183000,0.0,0.0
2022-08-23 00:00:00-04:00,8.149999618530273,8.6899995803833,8.140000343322754,8.569999694824219,1618600,0.0,0.0
2022-08-24 00:00:00-04:00,8.420000076293945,8.869999885559082,8.369999885559082,8.869999885559082,1075700,0.0,0.0
2022-08-25 00:00:00-04:00,9.0,9.220000267028809,8.850000381469727,9.15999984741211,1325400,0.0,0.0
2022-08-26 00:00:00-04:00,9.289999961853027,9.34000015258789,8.5600004196167,8.569999694824219,1344200,0.0,0.0
2022-08-29 00:00:00-04:00,8.399999618530273,8.609999656677246,8.289999961853027,8.460000038146973,1592200,0.0,0.0
2022-08-30 00:00:00-04:00,8.430000305175781,8.430000305175781,7.840000152587891,7.920000076293945,1713600,0.0,0.0
2022-08-31 00:00:00-04:00,7.869999885559082,7.920000076293945,7.610000133514404,7.71999979019165,1569900,0.0,0.0
2022-09-01 00:00:00-04:00,7.400000095367432,7.489999771118164,7.159999847412109,7.369999885559082,1826600,0.0,0.0
2022-09-02 00:00:00-04:00,7.730000019073486,7.820000171661377,7.360000133514404,7.380000114440918,1684000,0.0,0.0
2022-09-06 00:00:00-04:00,7.570000171661377,7.659999847412109,7.210000038146973,7.309999942779541,1545200,0.0,0.0
2022-09-07 00:00:00-04:00,7.210000038146973,7.460000038146973,7.050000190734863,7.400000095367432,1306400,0.0,0.0
2022-09-08 00:00:00-04:00,7.46999979019165,7.730000019073486,7.349999904632568,7.659999847412109,1123900,0.0,0.0
2022-09-09 00:00:00-04:00,7.96999979019165,8.359999656677246,7.940000057220459,8.3100004196167,1634500,0.0,0.0
2022-09-12 00:00:00-04:00,8.600000381469727,9.020000457763672,8.4399995803833,8.609999656677246,2935800,0.0,0.0
2022-09-13 00:00:00-04:00,8.199999809265137,8.609999656677246,8.109999656677246,8.279999732971191,2334700,0.0,0.0
2022-09-14 00:00:00-04:00,8.039999961853027,8.039999961853027,7.260000228881836,7.429999828338623,2719700,0.0,0.0
2022-09-15 00:00:00-04:00,7.260000228881836,7.710000038146973,7.260000228881836,7.400000095367432,1422200,0.0,0.0
2022-09-16 00:00:00-04:00,7.239999771118164,7.300000190734863,7.03000020980835,7.199999809265137,3662900,0.0,0.0
2022-09-19 00:00:00-04:00,7.0,7.75,6.920000076293945,7.650000095367432,2006400,0.0,0.0
2022-09-20 00:00:00-04:00,7.449999809265137,7.46999979019165,6.820000171661377,6.880000114440918,2109200,0.0,0.0
2022-09-21 00:00:00-04:00,6.940000057220459,7.050000190734863,6.699999809265137,6.710000038146973,2099800,0.0,0.0
2022-09-22 00:00:00-04:00,6.789999961853027,6.909999847412109,6.340000152587891,6.340000152587891,1562300,0.0,0.0
2022-09-23 00:00:00-04:00,6.0,6.150000095367432,5.809999942779541,5.949999809265137,2382700,0.0,0.0
2022-09-26 00:00:00-04:00,5.849999904632568,6.110000133514404,5.730000019073486,5.769999980926514,1885100,0.0,0.0
2022-09-27 00:00:00-04:00,5.960000038146973,6.389999866485596,5.960000038146973,6.090000152587891,2370900,0.0,0.0
2022-09-28 00:00:00-04:00,6.150000095367432,6.300000190734863,6.010000228881836,6.170000076293945,1682400,0.0,0.0
2022-09-29 00:00:00-04:00,6.480000019073486,6.630000114440918,5.929999828338623,6.460000038146973,3291700,0.0,0.0
2022-09-30 00:00:00-04:00,5.929999828338623,6.099999904632568,5.269999980926514,5.28000020980835,4404900,0.0,0.0
2022-10-03 00:00:00-04:00,5.449999809265137,6.400000095367432,5.440000057220459,6.269999980926514,3208500,0.0,0.0
2022-10-04 00:00:00-04:00,6.53000020980835,6.690000057220459,6.400000095367432,6.659999847412109,2642300,0.0,0.0
2022-10-05 00:00:00-04:00,6.420000076293945,6.789999961853027,6.170000076293945,6.659999847412109,2957400,0.0,0.0
2022-10-06 00:00:00-04:00,6.460000038146973,6.659999847412109,6.380000114440918,6.5,1971100,0.0,0.0
2022-10-07 00:00:00-04:00,6.320000171661377,6.389999866485596,6.039999961853027,6.079999923706055,1852200,0.0,0.0
2022-10-10 00:00:00-04:00,6.230000019073486,6.309999942779541,6.050000190734863,6.170000076293945,1854500,0.0,0.0
2022-10-11 00:00:00-04:00,5.96999979019165,6.139999866485596,5.630000114440918,5.71999979019165,2506500,0.0,0.0
2022-10-12 00:00:00-04:00,5.670000076293945,6.289999961853027,5.320000171661377,6.269999980926514,6988400,0.0,0.0
2022-10-13 00:00:00-04:00,5.949999809265137,6.570000171661377,5.769999980926514,6.510000228881836,3036100,0.0,0.0
2022-10-14 00:00:00-04:00,6.590000152587891,6.590000152587891,5.71999979019165,5.760000228881836,2483100,0.0,0.0
2022-10-17 00:00:00-04:00,6.019999980926514,6.449999809265137,5.949999809265137,6.329999923706055,2120100,0.0,0.0
2022-10-18 00:00:00-04:00,6.550000190734863,6.599999904632568,6.079999923706055,6.170000076293945,1758100,0.0,0.0
2022-10-19 00:00:00-04:00,6.099999904632568,6.179999828338623,5.829999923706055,5.909999847412109,1305800,0.0,0.0
2022-10-20 00:00:00-04:00,5.730000019073486,6.519999980926514,5.71999979019165,6.269999980926514,2171700,0.0,0.0
2022-10-21 00:00:00-04:00,6.269999980926514,6.849999904632568,6.21999979019165,6.78000020980835,2061500,0.0,0.0
2022-10-24 00:00:00-04:00,6.690000057220459,6.699999809265137,6.380000114440918,6.579999923706055,1515100,0.0,0.0
2022-10-25 00:00:00-04:00,6.460000038146973,7.150000095367432,6.389999866485596,6.980000019073486,2075600,0.0,0.0
2022-10-26 00:00:00-04:00,7.050000190734863,7.739999771118164,6.989999771118164,7.489999771118164,2557900,0.0,0.0
2022-10-27 00:00:00-04:00,7.5,7.559999942779541,7.210000038146973,7.369999885559082,1561900,0.0,0.0
2022-10-28 00:00:00-04:00,7.110000133514404,7.420000076293945,7.03000020980835,7.159999847412109,1934300,0.0,0.0
2022-10-31 00:00:00-04:00,7.070000171661377,7.429999828338623,7.010000228881836,7.210000038146973,1290500,0.0,0.0
2022-11-01 00:00:00-04:00,7.429999828338623,7.730000019073486,7.199999809265137,7.300000190734863,1720200,0.0,0.0
2022-11-02 00:00:00-04:00,7.289999961853027,7.289999961853027,6.550000190734863,6.550000190734863,1674100,0.0,0.0
2022-11-03 00:00:00-04:00,6.380000114440918,6.579999923706055,6.309999942779541,6.409999847412109,1401100,0.0,0.0
2022-11-04 00:00:00-04:00,6.900000095367432,7.519999980926514,6.849999904632568,7.28000020980835,2425600,0.0,0.0
2022-11-07 00:00:00-05:00,7.389999866485596,7.409999847412109,7.050000190734863,7.28000020980835,1882700,0.0,0.0
2022-11-08 00:00:00-05:00,7.539999961853027,8.170000076293945,7.46999979019165,7.880000114440918,2592600,0.0,0.0
2022-11-09 00:00:00-05:00,7.690000057220459,7.800000190734863,6.769999980926514,6.900000095367432,2573800,0.0,0.0
2022-11-10 00:00:00-05:00,7.510000228881836,8.069999694824219,7.289999961853027,7.960000038146973,2659100,0.0,0.0
2022-11-11 00:00:00-05:00,8.350000381469727,10.229999542236328,8.329999923706055,9.479999542236328,7369100,0.0,0.0
2022-11-14 00:00:00-05:00,9.270000457763672,9.489999771118164,8.930000305175781,9.069999694824219,2961800,0.0,0.0
2022-11-15 00:00:00-05:00,9.329999923706055,9.630000114440918,9.029999732971191,9.170000076293945,2483000,0.0,0.0
2022-11-16 00:00:00-05:00,8.949999809265137,8.970000267028809,8.640000343322754,8.920000076293945,1337000,0.0,0.0
2022-11-17 00:00:00-05:00,8.5,8.59000015258789,8.050000190734863,8.390000343322754,1453000,0.0,0.0
2022-11-18 00:00:00-05:00,8.479999542236328,8.789999961853027,8.3100004196167,8.479999542236328,1674300,0.0,0.0
2022-11-21 00:00:00-05:00,8.319999694824219,8.329999923706055,7.78000020980835,8.270000457763672,1840200,0.0,0.0
2022-11-22 00:00:00-05:00,8.420000076293945,8.670000076293945,8.399999618530273,8.630000114440918,1111300,0.0,0.0
2022-11-23 00:00:00-05:00,8.5,8.739999771118164,8.350000381469727,8.729999542236328,1232100,0.0,0.0
2022-11-25 00:00:00-05:00,8.8100004196167,8.90999984741211,8.399999618530273,8.4399995803833,619100,0.0,0.0
2022-11-28 00:00:00-05:00,8.239999771118164,8.369999885559082,7.96999979019165,8.020000457763672,1562800,0.0,0.0
2022-11-29 00:00:00-05:00,8.260000228881836,8.630000114440918,8.220000267028809,8.430000305175781,1532700,0.0,0.0
2022-11-30 00:00:00-05:00,8.640000343322754,9.029999732971191,8.319999694824219,9.010000228881836,1666900,0.0,0.0
2022-12-01 00:00:00-05:00,9.010000228881836,9.199999809265137,8.760000228881836,8.8100004196167,1211000,0.0,0.0
2022-12-02 00:00:00-05:00,8.550000190734863,9.550000190734863,8.520000457763672,9.470000267028809,1656400,0.0,0.0
2022-12-05 00:00:00-05:00,9.479999542236328,9.640000343322754,8.109999656677246,8.180000305175781,2231500,0.0,0.0
2022-12-06 00:00:00-05:00,8.270000457763672,8.649999618530273,8.15999984741211,8.369999885559082,1698900,0.0,0.0
2022-12-07 00:00:00-05:00,8.270000457763672,8.380000114440918,8.050000190734863,8.069999694824219,1150200,0.0,0.0
2022-12-08 00:00:00-05:00,8.3100004196167,8.550000190734863,8.079999923706055,8.130000114440918,1731500,0.0,0.0
2022-12-09 00:00:00-05:00,8.079999923706055,8.239999771118164,7.739999771118164,7.75,1907600,0.0,0.0
2022-12-12 00:00:00-05:00,7.679999828338623,8.15999984741211,7.550000190734863,8.0600004196167,1877200,0.0,0.0
2022-12-13 00:00:00-05:00,8.59000015258789,8.59000015258789,7.840000152587891,8.170000076293945,2383800,0.0,0.0
2022-12-14 00:00:00-05:00,8.069999694824219,8.34000015258789,7.860000133514404,8.15999984741211,2320800,0.0,0.0
2022-12-15 00:00:00-05:00,7.960000038146973,7.989999771118164,7.320000171661377,7.349999904632568,2446300,0.0,0.0
2022-12-16 00:00:00-05:00,7.210000038146973,7.420000076293945,7.059999942779541,7.309999942779541,6217200,0.0,0.0
2022-12-19 00:00:00-05:00,7.369999885559082,7.46999979019165,7.039999961853027,7.150000095367432,1760900,0.0,0.0
2022-12-20 00:00:00-05:00,7.170000076293945,7.809999942779541,7.159999847412109,7.739999771118164,1822000,0.0,0.0
2022-12-21 00:00:00-05:00,7.980000019073486,8.3100004196167,7.769999980926514,8.0600004196167,2163600,0.0,0.0
2022-12-22 00:00:00-05:00,8.029999732971191,8.069999694824219,7.429999828338623,7.769999980926514,1560100,0.0,0.0
2022-12-23 00:00:00-05:00,7.809999942779541,8.0,7.650000095367432,7.880000114440918,1457500,0.0,0.0
2022-12-27 00:00:00-05:00,7.949999809265137,8.199999809265137,7.809999942779541,7.900000095367432,1118800,0.0,0.0
2022-12-28 00:00:00-05:00,7.869999885559082,7.949999809265137,7.590000152587891,7.599999904632568,1301100,0.0,0.0
2022-12-29 00:00:00-05:00,7.760000228881836,8.34000015258789,7.670000076293945,8.329999923706055,1739500,0.0,0.0
2022-12-30 00:00:00-05:00,8.180000305175781,8.4399995803833,8.050000190734863,8.180000305175781,1475500,0.0,0.0
2023-01-03 00:00:00-05:00,8.34000015258789,8.579999923706055,8.010000228881836,8.149999618530273,1853400,0.0,0.0
2023-01-04 00:00:00-05:00,8.170000076293945,8.319999694824219,8.0600004196167,8.100000381469727,1126700,0.0,0.0
2023-01-05 00:00:00-05:00,8.119999885559082,8.539999961853027,7.869999885559082,8.470000267028809,1240800,0.0,0.0
2023-01-06 00:00:00-05:00,8.699999809265137,9.40999984741211,8.550000190734863,9.319999694824219,2136300,0.0,0.0
2023-01-09 00:00:00-05:00,9.680000305175781,9.890000343322754,9.359999656677246,9.600000381469727,1682500,0.0,0.0
2023-01-10 00:00:00-05:00,9.520000457763672,10.34000015258789,9.350000381469727,10.289999961853027,1918400,0.0,0.0
2023-01-11 00:00:00-05:00,10.399999618530273,10.5,9.819999694824219,9.960000038146973,1927200,0.0,0.0
2023-01-12 00:00:00-05:00,10.130000114440918,10.260000228881836,9.239999771118164,9.880000114440918,2009100,0.0,0.0
2023-01-13 00:00:00-05:00,9.710000038146973,10.069999694824219,9.670000076293945,10.010000228881836,884200,0.0,0.0
2023-01-17 00:00:00-05:00,9.899999618530273,10.5,9.890000343322754,10.479999542236328,1632100,0.0,0.0
2023-01-18 00:00:00-05:00,10.699999809265137,11.430000305175781,10.609999656677246,10.640000343322754,2666400,0.0,0.0
2023-01-19 00:00:00-05:00,10.300000190734863,10.470000267028809,9.960000038146973,10.119999885559082,1665500,0.0,0.0
2023-01-20 00:00:00-05:00,10.100000381469727,10.680000305175781,9.84000015258789,10.640000343322754,1075300,0.0,0.0
2023-01-23 00:00:00-05:00,10.680000305175781,10.75,10.390000343322754,10.630000114440918,1448400,0.0,0.0
2023-01-24 00:00:00-05:00,10.449999809265137,11.15999984741211,10.289999961853027,11.039999961853027,2621000,0.0,0.0
2023-01-25 00:00:00-05:00,10.75,11.199999809265137,10.579999923706055,11.039999961853027,1673600,0.0,0.0
2023-01-26 00:00:00-05:00,11.100000381469727,11.220000267028809,10.59000015258789,11.199999809265137,1895400,0.0,0.0
2023-01-27 00:00:00-05:00,11.069999694824219,11.25,10.779999732971191,10.989999771118164,1255100,0.0,0.0
2023-01-30 00:00:00-05:00,10.6899995803833,10.779999732971191,10.470000267028809,10.479999542236328,1342400,0.0,0.0
2023-01-31 00:00:00-05:00,10.449999809265137,11.40999984741211,10.3100004196167,11.239999771118164,2755600,0.0,0.0
2023-02-01 00:00:00-05:00,11.180000305175781,11.399999618530273,10.550000190734863,11.329999923706055,2335400,0.0,0.0
2023-02-02 00:00:00-05:00,11.449999809265137,11.880000114440918,11.359999656677246,11.579999923706055,4185100,0.0,0.0
2023-02-03 00:00:00-05:00,11.329999923706055,11.40999984741211,10.859999656677246,10.9399995803833,2580800,0.0,0.0
2023-02-06 00:00:00-05:00,11.380000114440918,11.869999885559082,10.350000381469727,10.550000190734863,3118900,0.0,0.0
2023-02-07 00:00:00-05:00,10.579999923706055,11.489999771118164,10.5600004196167,11.4399995803833,3034900,0.0,0.0
2023-02-08 00:00:00-05:00,11.279999732971191,11.34000015258789,10.510000228881836,10.760000228881836,2588700,0.0,0.0
2023-02-09 00:00:00-05:00,10.930000305175781,11.09000015258789,10.369999885559082,10.529999732971191,1845400,0.0,0.0
2023-02-10 00:00:00-05:00,10.390000343322754,10.420000076293945,9.989999771118164,10.220000267028809,1186000,0.0,0.0
2023-02-13 00:00:00-05:00,10.239999771118164,10.359999656677246,10.010000228881836,10.220000267028809,1255400,0.0,0.0
2023-02-14 00:00:00-05:00,10.119999885559082,10.59000015258789,9.920000076293945,10.539999961853027,1230600,0.0,0.0
2023-02-15 00:00:00-05:00,10.319999694824219,10.800000190734863,10.119999885559082,10.770000457763672,1189100,0.0,0.0
2023-02-16 00:00:00-05:00,10.609999656677246,11.100000381469727,10.569999694824219,10.640000343322754,1533900,0.0,0.0
2023-02-17 00:00:00-05:00,10.460000038146973,10.470000267028809,10.119999885559082,10.359999656677246,1542600,0.0,0.0
2023-02-21 00:00:00-05:00,10.399999618530273,10.550000190734863,10.220000267028809,10.270000457763672,1781500,0.0,0.0
2023-02-22 00:00:00-05:00,10.199999809265137,10.6899995803833,10.149999618530273,10.430000305175781,1605000,0.0,0.0
2023-02-23 00:00:00-05:00,10.380000114440918,10.489999771118164,9.789999961853027,10.359999656677246,2100000,0.0,0.0
2023-02-24 00:00:00-05:00,10.729999542236328,10.739999771118164,9.800000190734863,10.640000343322754,2816800,0.0,0.0
2023-02-27 00:00:00-05:00,10.890000343322754,11.380000114440918,10.729999542236328,11.279999732971191,2254300,0.0,0.0
2023-02-28 00:00:00-05:00,11.239999771118164,12.199999809265137,11.239999771118164,12.069999694824219,2665200,0.0,0.0
2023-03-01 00:00:00-05:00,12.020000457763672,12.649999618530273,11.949999809265137,12.279999732971191,2167300,0.0,0.0
2023-03-02 00:00:00-05:00,11.899999618530273,12.5600004196167,11.739999771118164,12.520000457763672,1572500,0.0,0.0
2023-03-03 00:00:00-05:00,12.609999656677246,12.970000267028809,12.449999809265137,12.899999618530273,1886300,0.0,0.0
2023-03-06 00:00:00-05:00,12.710000038146973,12.850000381469727,12.149999618530273,12.34000015258789,1612900,0.0,0.0
2023-03-07 00:00:00-05:00,12.199999809265137,12.270000457763672,11.84000015258789,12.010000228881836,2160500,0.0,0.0
2023-03-08 00:00:00-05:00,12.069999694824219,12.210000038146973,11.680000305175781,12.079999923706055,1371900,0.0,0.0
2023-03-09 00:00:00-05:00,12.09000015258789,12.210000038146973,11.260000228881836,11.329999923706055,2035900,0.0,0.0
2023-03-10 00:00:00-05:00,11.319999694824219,11.319999694824219,10.0,10.079999923706055,2693000,0.0,0.0
2023-03-13 00:00:00-04:00,9.800000190734863,9.90999984741211,9.300000190734863,9.6899995803833,2729700,0.0,0.0
2023-03-14 00:00:00-04:00,9.979999542236328,10.399999618530273,9.859999656677246,10.140000343322754,2584200,0.0,0.0
2023-03-15 00:00:00-04:00,9.619999885559082,9.619999885559082,8.680000305175781,9.0600004196167,3138900,0.0,0.0
2023-03-16 00:00:00-04:00,8.930000305175781,9.270000457763672,8.680000305175781,9.15999984741211,2088500,0.0,0.0
2023-03-17 00:00:00-04:00,9.039999961853027,9.140000343322754,8.619999885559082,8.65999984741211,3715100,0.0,0.0
2023-03-20 00:00:00-04:00,8.84000015258789,9.050000190734863,8.739999771118164,8.9399995803833,1795800,0.0,0.0
2023-03-21 00:00:00-04:00,9.220000267028809,9.350000381469727,9.020000457763672,9.149999618530273,1357800,0.0,0.0
2023-03-22 00:00:00-04:00,9.199999809265137,9.380000114440918,8.729999542236328,8.75,1402600,0.0,0.0
2023-03-23 00:00:00-04:00,8.869999885559082,9.289999961853027,8.789999961853027,9.010000228881836,1407500,0.0,0.0
2023-03-24 00:00:00-04:00,8.779999732971191,9.039999961853027,8.520000457763672,8.970000267028809,1562700,0.0,0.0
2023-03-27 00:00:00-04:00,9.100000381469727,9.3100004196167,8.960000038146973,9.210000038146973,964600,0.0,0.0
2023-03-28 00:00:00-04:00,9.210000038146973,9.449999809265137,9.199999809265137,9.289999961853027,660500,0.0,0.0
2023-03-29 00:00:00-04:00,9.5,9.800000190734863,9.489999771118164,9.649999618530273,1141500,0.0,0.0
2023-03-30 00:00:00-04:00,9.880000114440918,9.960000038146973,9.59000015258789,9.760000228881836,1095400,0.0,0.0
2023-03-31 00:00:00-04:00,9.850000381469727,10.09000015258789,9.8100004196167,10.0,1338900,0.0,0.0
2023-04-03 00:00:00-04:00,10.029999732971191,10.1899995803833,9.84000015258789,10.079999923706055,1263500,0.0,0.0
2023-04-04 00:00:00-04:00,10.0600004196167,10.079999923706055,9.210000038146973,9.550000190734863,1515800,0.0,0.0
2023-04-05 00:00:00-04:00,9.350000381469727,9.470000267028809,9.100000381469727,9.239999771118164,1038300,0.0,0.0
2023-04-06 00:00:00-04:00,9.220000267028809,9.3100004196167,8.970000267028809,9.300000190734863,735400,0.0,0.0
2023-04-10 00:00:00-04:00,9.180000305175781,9.609999656677246,9.180000305175781,9.579999923706055,794700,0.0,0.0
2023-04-11 00:00:00-04:00,9.739999771118164,9.920000076293945,9.640000343322754,9.640000343322754,1195500,0.0,0.0
2023-04-12 00:00:00-04:00,9.859999656677246,9.859999656677246,9.239999771118164,9.3100004196167,992100,0.0,0.0
2023-04-13 00:00:00-04:00,9.569999694824219,9.760000228881836,9.470000267028809,9.710000038146973,951900,0.0,0.0
2023-04-14 00:00:00-04:00,9.779999732971191,9.859999656677246,9.260000228881836,9.449999809265137,939200,0.0,0.0
2023-04-17 00:00:00-04:00,9.510000228881836,9.670000076293945,9.350000381469727,9.649999618530273,702600,0.0,0.0
2023-04-18 00:00:00-04:00,9.819999694824219,9.869999885559082,9.619999885559082,9.859999656677246,947000,0.0,0.0
2023-04-19 00:00:00-04:00,9.569999694824219,9.899999618530273,9.34000015258789,9.779999732971191,1482700,0.0,0.0
2023-04-20 00:00:00-04:00,9.529999732971191,9.84000015258789,9.260000228881836,9.369999885559082,1238300,0.0,0.0
2023-04-21 00:00:00-04:00,9.25,9.25,8.579999923706055,8.760000228881836,1759500,0.0,0.0
2023-04-24 00:00:00-04:00,8.720000267028809,8.90999984741211,8.710000038146973,8.84000015258789,886600,0.0,0.0
2023-04-25 00:00:00-04:00,8.649999618530273,8.649999618530273,8.100000381469727,8.140000343322754,1615300,0.0,0.0
2023-04-26 00:00:00-04:00,8.300000190734863,8.329999923706055,8.0600004196167,8.180000305175781,1040200,0.0,0.0
2023-04-27 00:00:00-04:00,8.210000038146973,8.420000076293945,8.199999809265137,8.399999618530273,1142500,0.0,0.0
2023-04-28 00:00:00-04:00,8.399999618530273,8.619999885559082,8.300000190734863,8.59000015258789,877000,0.0,0.0
2023-05-01 00:00:00-04:00,8.800000190734863,8.850000381469727,8.399999618530273,8.569999694824219,776300,0.0,0.0
2023-05-02 00:00:00-04:00,8.380000114440918,8.449999809265137,8.069999694824219,8.279999732971191,1197100,0.0,0.0
2023-05-03 00:00:00-04:00,8.220000267028809,8.430000305175781,8.050000190734863,8.100000381469727,905900,0.0,0.0
2023-05-04 00:00:00-04:00,8.069999694824219,8.119999885559082,7.760000228881836,7.929999828338623,1024900,0.0,0.0
2023-05-05 00:00:00-04:00,8.239999771118164,8.319999694824219,8.0600004196167,8.289999961853027,986700,0.0,0.0
2023-05-08 00:00:00-04:00,8.579999923706055,8.670000076293945,8.359999656677246,8.460000038146973,1208800,0.0,0.0
2023-05-09 00:00:00-04:00,7.909999847412109,8.180000305175781,7.519999980926514,7.800000190734863,2250200,0.0,0.0
2023-05-10 00:00:00-04:00,7.929999828338623,8.039999961853027,7.440000057220459,7.599999904632568,1800100,0.0,0.0
2023-05-11 00:00:00-04:00,7.320000171661377,7.550000190734863,7.179999828338623,7.199999809265137,1470000,0.0,0.0
2023-05-12 00:00:00-04:00,7.300000190734863,7.389999866485596,7.210000038146973,7.340000152587891,1535800,0.0,0.0
2023-05-15 00:00:00-04:00,7.46999979019165,7.78000020980835,7.449999809265137,7.639999866485596,1627600,0.0,0.0
2023-05-16 00:00:00-04:00,7.590000152587891,7.920000076293945,7.559999942779541,7.639999866485596,1371700,0.0,0.0
2023-05-17 00:00:00-04:00,7.849999904632568,8.079999923706055,7.739999771118164,8.010000228881836,999000,0.0,0.0
2023-05-18 00:00:00-04:00,7.940000057220459,8.130000114440918,7.71999979019165,8.050000190734863,870100,0.0,0.0
2023-05-19 00:00:00-04:00,8.210000038146973,8.220000267028809,7.889999866485596,7.96999979019165,907600,0.0,0.0
2023-05-22 00:00:00-04:00,7.96999979019165,8.300000190734863,7.900000095367432,8.229999542236328,922200,0.0,0.0
2023-05-23 00:00:00-04:00,8.180000305175781,8.404999732971191,7.96999979019165,8.180000305175781,1202736,0.0,0.0
