Date,Open,High,Low,Close,Volume,Dividends,Stock Splits
1993-12-13 00:00:00-05:00,0.5692460016354862,0.9107939736382303,0.5692460016354862,0.8681002259254456,45762216,0.0,0.0
1993-12-14 00:00:00-05:00,0.8396376967430115,0.8681001408997006,0.8396376967430115,0.8396376967430115,3795356,0.0,0.0
1993-12-15 00:00:00-05:00,0.8681002259254456,0.8681002259254456,0.839637778981013,0.8681002259254456,3045853,0.0,0.0
1993-12-16 00:00:00-05:00,0.8681001408997006,0.8681001408997006,0.8396376967430115,0.8396376967430115,1454203,0.0,0.0
1993-12-17 00:00:00-05:00,0.8681001408997006,0.8681001408997006,0.8396376967430115,0.8396376967430115,1925016,0.0,0.0
1993-12-20 00:00:00-05:00,0.8431962354248778,0.8681002259254456,0.839637778981013,0.8681002259254456,1003134,0.0,0.0
1993-12-21 00:00:00-05:00,0.8396376989150177,0.8681001431453346,0.7684823870658875,0.7684823870658875,1602281,0.0,0.0
1993-12-22 00:00:00-05:00,0.7542511820793151,0.782713679459035,0.7329047728213228,0.7542511820793152,4981500,0.0,0.0
1993-12-23 00:00:00-05:00,0.7542512212038568,0.7542512212038568,0.5692460092541872,0.583477258682251,1800478,0.0,0.0
1993-12-27 00:00:00-05:00,0.5692460030089306,0.6404021978378296,0.5692460030089306,0.6404021978378296,947700,0.0,0.0
1993-12-28 00:00:00-05:00,0.5977084040641785,0.6261709004195569,0.5834772074172426,0.5977084040641785,606741,0.0,0.0
1993-12-29 00:00:00-05:00,0.6261709004195569,0.6261709004195569,0.5834772074172426,0.5977084040641785,460941,0.0,0.0
1993-12-30 00:00:00-05:00,0.5977084040641785,0.6261709004195569,0.5977084040641785,0.5977084040641785,367538,0.0,0.0
1993-12-31 00:00:00-05:00,0.6119396843228492,0.640402182170376,0.5834772380060784,0.6261709332466125,1659234,0.0,0.0
1994-01-03 00:00:00-05:00,0.6546335816383362,0.6546335816383362,0.6261710772453692,0.6546335816383362,277172,0.0,0.0
1994-01-04 00:00:00-05:00,0.6261709332466125,0.6546334310941395,0.6261709332466125,0.6261709332466125,489797,0.0,0.0
1994-01-05 00:00:00-05:00,0.6546333967749353,0.6546333967749353,0.5692459592395535,0.5977084040641785,1053253,0.0,0.0
1994-01-06 00:00:00-05:00,0.6546335816383362,0.6546335816383362,0.5977085728524023,0.6546335816383362,498909,0.0,0.0
1994-01-07 00:00:00-05:00,0.6546334471097608,0.6546334471097608,0.5977084500220358,0.6404021978378296,253631,0.0,0.0
1994-01-10 00:00:00-05:00,0.6546333967749353,0.6546333967749353,0.5977084040641785,0.5977084040641785,1037306,0.0,0.0
1994-01-11 00:00:00-05:00,0.6546335816383362,0.6546335816383362,0.5977085728524023,0.6546335816383362,975038,0.0,0.0
1994-01-12 00:00:00-05:00,0.6546333518780454,0.6830949187278748,0.5977083630713899,0.6830949187278748,1780734,0.0,0.0
1994-01-13 00:00:00-05:00,0.6830951020175057,0.6830951020175057,0.6404022765105764,0.6688647270202637,990225,0.0,0.0
1994-01-14 00:00:00-05:00,0.6688647823040517,0.6688647823040517,0.6404023294418527,0.6546335816383362,576366,0.0,0.0
1994-01-17 00:00:00-05:00,0.6261709485658983,0.6546334471097608,0.6261709485658983,0.6404021978378296,1365356,0.0,0.0
1994-01-18 00:00:00-05:00,0.6261709332466125,0.640402182170376,0.6261709332466125,0.6261709332466125,211866,0.0,0.0
1994-01-19 00:00:00-05:00,0.6261710772453692,0.6546335816383362,0.6261710772453692,0.6546335816383362,4547897,0.0,0.0
1994-01-20 00:00:00-05:00,0.6546333518780454,0.6830949187278748,0.6404021046763815,0.6830949187278748,2534794,0.0,0.0
1994-01-21 00:00:00-05:00,0.6830950180999901,0.6830950180999901,0.6404021978378296,0.6404021978378296,4260853,0.0,0.0
1994-01-24 00:00:00-05:00,0.6546334471097608,0.6546334471097608,0.6404021978378296,0.6404021978378296,953016,0.0,0.0
1994-01-25 00:00:00-05:00,0.6546333512601774,0.6546333512601774,0.6404021040719455,0.6475172638893127,452588,0.0,0.0
1994-01-26 00:00:00-05:00,0.6546334471097608,0.6546334471097608,0.6404021978378296,0.6404021978378296,823922,0.0,0.0
1994-01-27 00:00:00-05:00,0.6546334471097608,0.6546334471097608,0.611939699293967,0.6404021978378296,1451166,0.0,0.0
1994-01-28 00:00:00-05:00,0.6404021978378296,0.6404021978378296,0.611939699293967,0.6404021978378296,1230947,0.0,0.0
1994-01-31 00:00:00-05:00,0.6404022905281429,0.6404022905281429,0.6119397878646851,0.6119397878646851,207309,0.0,0.0
1994-02-01 00:00:00-05:00,0.611939699293967,0.6404021978378296,0.611939699293967,0.6404021978378296,1369153,0.0,0.0
1994-02-02 00:00:00-05:00,0.640402182170376,0.6546334310941395,0.6261709332466125,0.6261709332466125,514097,0.0,0.0
1994-02-03 00:00:00-05:00,0.6546334310941395,0.6546334310941395,0.6261709332466125,0.6261709332466125,1059328,0.0,0.0
1994-02-04 00:00:00-05:00,0.6546334471097608,0.6546334471097608,0.6261709485658983,0.6404021978378296,1164122,0.0,0.0
1994-02-07 00:00:00-05:00,0.6261709332466125,0.6546334310941395,0.6261709332466125,0.6261709332466125,877838,0.0,0.0
1994-02-08 00:00:00-05:00,0.5977084565795567,0.6404022048637481,0.5692460092541872,0.583477258682251,1341816,0.0,0.0
1994-02-09 00:00:00-05:00,0.5692459524122944,0.5692459524122944,0.512321887937819,0.5265522599220276,1770103,0.0,0.0
1994-02-10 00:00:00-05:00,0.5692461204095961,0.5692461204095961,0.4553970818384418,0.46962833404541016,2349506,0.0,0.0
1994-02-11 00:00:00-05:00,0.5265523320823737,0.5265523320823737,0.45539700984954834,0.45539700984954834,425250,0.0,0.0
1994-02-14 00:00:00-05:00,0.45539691350541234,0.4625120732019348,0.3984719514846802,0.3984719514846802,748744,0.0,0.0
1994-02-15 00:00:00-05:00,0.3984719514846802,0.45539691350541234,0.3984719514846802,0.3984719514846802,77456,0.0,0.0
1994-02-16 00:00:00-05:00,0.3984719514846802,0.45539691350541234,0.384240730303528,0.3984719514846802,5020228,0.0,0.0
1994-02-17 00:00:00-05:00,0.426934419612359,0.426934419612359,0.3415478912520552,0.3984719514846802,1257525,0.0,0.0
1994-02-18 00:00:00-05:00,0.3415479362010956,0.39847200392514986,0.3415479362010956,0.3415479362010956,419934,0.0,0.0
1994-02-22 00:00:00-05:00,0.3415479362010956,0.39847200392514986,0.3415479362010956,0.3415479362010956,160228,0.0,0.0
1994-02-23 00:00:00-05:00,0.3415479362010956,0.39847200392514986,0.3415479362010956,0.3415479362010956,605981,0.0,0.0
1994-02-24 00:00:00-05:00,0.34154795862925735,0.3842408061027527,0.34154795862925735,0.3842408061027527,577884,0.0,0.0
1994-02-25 00:00:00-05:00,0.3415479362010956,0.38424078087111324,0.3415479362010956,0.3415479362010956,1158806,0.0,0.0
1994-02-28 00:00:00-05:00,0.3415479362010956,0.3415479362010956,0.3415479362010956,0.3415479362010956,56953,0.0,0.0
1994-03-01 00:00:00-05:00,0.38424078087111324,0.38424078087111324,0.3415479362010956,0.3415479362010956,291600,0.0,0.0
1994-03-02 00:00:00-05:00,0.38424077848716165,0.4127032501840226,0.35577918281314325,0.3700104057788849,767728,0.0,0.0
1994-03-03 00:00:00-05:00,0.3700104057788849,0.4127032501840226,0.3700104057788849,0.3700104057788849,311344,0.0,0.0
1994-03-04 00:00:00-05:00,0.41270327568054205,0.41270327568054205,0.3700104286378701,0.412703275680542,770766,0.0,0.0
1994-03-07 00:00:00-05:00,0.4127032501840226,0.4127032501840226,0.3700104057788849,0.3700104057788849,47841,0.0,0.0
1994-03-08 00:00:00-05:00,0.41270327568054205,0.41270327568054205,0.3700104286378701,0.412703275680542,561178,0.0,0.0
1994-03-09 00:00:00-05:00,0.37001035937973403,0.41270319843120684,0.37001035937973403,0.3984719514846802,1688850,0.0,0.0
1994-03-10 00:00:00-05:00,0.3700104057788849,0.4127032501840226,0.3700104057788849,0.3700104057788849,429047,0.0,0.0
1994-03-11 00:00:00-05:00,0.41270327568054205,0.41270327568054205,0.3700104286378701,0.412703275680542,306028,0.0,0.0
1994-03-14 00:00:00-05:00,0.39847200392514986,0.39847200392514986,0.3415479362010956,0.3415479362010956,745706,0.0,0.0
1994-03-15 00:00:00-05:00,0.3628943434019039,0.37712559213302327,0.34154793408202394,0.3700104057788849,1312200,0.0,0.0
1994-03-16 00:00:00-05:00,0.3415479362010956,0.3700104080745467,0.3415479362010956,0.3415479362010956,176175,0.0,0.0
1994-03-17 00:00:00-05:00,0.34154792273179974,0.35577917098999023,0.34154792273179974,0.35577917098999023,300713,0.0,0.0
1994-03-18 00:00:00-05:00,0.3415479362010956,0.3700104080745467,0.3415479362010956,0.3415479362010956,1771622,0.0,0.0
1994-03-21 00:00:00-05:00,0.3415479362010956,0.3700104080745467,0.3415479362010956,0.3415479362010956,109350,0.0,0.0
1994-03-22 00:00:00-05:00,0.3415479362010956,0.3415479362010956,0.3415479362010956,0.3415479362010956,200475,0.0,0.0
1994-03-23 00:00:00-05:00,0.3415479362010956,0.3415479362010956,0.3415479362010956,0.3415479362010956,25819,0.0,0.0
1994-03-24 00:00:00-05:00,0.3700104080745467,0.3700104080745467,0.3415479362010956,0.3415479362010956,91884,0.0,0.0
1994-03-25 00:00:00-05:00,0.3415479362010956,0.3415479362010956,0.3415479362010956,0.3415479362010956,16706,0.0,0.0
1994-03-28 00:00:00-05:00,0.3700104080745467,0.3700104080745467,0.3415479362010956,0.3415479362010956,94922,0.0,0.0
1994-03-29 00:00:00-05:00,0.3700104057788849,0.3700104057788849,0.34154793408202394,0.3700104057788849,910491,0.0,0.0
1994-03-30 00:00:00-05:00,0.37001041078760394,0.37001041078760394,0.3130854666233063,0.3130854666233063,1906031,0.0,0.0
1994-03-31 00:00:00-05:00,0.35577918762921856,0.35577918762921856,0.3130854666233063,0.3130854666233063,155672,0.0,0.0
1994-04-04 00:00:00-04:00,0.3130854666233063,0.3130854666233063,0.3130854666233063,0.3130854666233063,49359,0.0,0.0
1994-04-05 00:00:00-04:00,0.3130854666233063,0.35577918762921856,0.3130854666233063,0.3130854666233063,259706,0.0,0.0
1994-04-06 00:00:00-04:00,0.3130854666233063,0.3130854666233063,0.29885421769954285,0.3130854666233063,372094,0.0,0.0
1994-04-07 00:00:00-04:00,0.31308545020977846,0.31308545020977846,0.29885420203208923,0.29885420203208923,115425,0.0,0.0
1994-04-08 00:00:00-04:00,0.29885421769954285,0.3130854666233063,0.29885421769954285,0.3130854666233063,227813,0.0,0.0
1994-04-11 00:00:00-04:00,0.29885420203208923,0.31308545020977846,0.29885420203208923,0.29885420203208923,1237781,0.0,0.0
1994-04-12 00:00:00-04:00,0.29885417021142185,0.29885417021142185,0.27039170265197754,0.27039170265197754,563456,0.0,0.0
1994-04-13 00:00:00-04:00,0.2846229493143867,0.2846229493143867,0.27039170265197754,0.27039170265197754,108591,0.0,0.0
1994-04-14 00:00:00-04:00,0.27039175090437684,0.29885422354305374,0.25616052746772766,0.25616052746772766,546750,0.0,0.0
1994-04-15 00:00:00-04:00,0.25616052746772766,0.28462300010640457,0.25616052746772766,0.25616052746772766,394875,0.0,0.0
1994-04-18 00:00:00-04:00,0.25616052746772766,0.25616052746772766,0.25616052746772766,0.25616052746772766,53916,0.0,0.0
1994-04-19 00:00:00-04:00,0.28462300010640457,0.28462300010640457,0.25616052746772766,0.25616052746772766,402469,0.0,0.0
1994-04-20 00:00:00-04:00,0.25616052746772766,0.25616052746772766,0.25616052746772766,0.25616052746772766,2090559,0.0,0.0
1994-04-21 00:00:00-04:00,0.27039175090437684,0.27039175090437684,0.25616052746772766,0.25616052746772766,2230284,0.0,0.0
1994-04-22 00:00:00-04:00,0.2561604817549424,0.27039170265197754,0.2561604817549424,0.27039170265197754,396394,0.0,0.0
1994-04-25 00:00:00-04:00,0.25616052746772766,0.25616052746772766,0.25616052746772766,0.25616052746772766,269578,0.0,0.0
1994-04-26 00:00:00-04:00,0.2561604817549424,0.27039170265197754,0.2561604817549424,0.27039170265197754,107831,0.0,0.0
1994-04-28 00:00:00-04:00,0.25616052746772766,0.25616052746772766,0.25616052746772766,0.25616052746772766,18984,0.0,0.0
1994-04-29 00:00:00-04:00,0.25616052746772766,0.25616052746772766,0.21346768164989455,0.25616052746772766,1573425,0.0,0.0
1994-05-02 00:00:00-04:00,0.24192925097078524,0.2561604985672168,0.21346765756607056,0.21346765756607056,725203,0.0,0.0
1994-05-03 00:00:00-04:00,0.21346768121928014,0.2419292777776718,0.21346768121928014,0.24192927777767181,136688,0.0,0.0
1994-05-04 00:00:00-04:00,0.21346765756607056,0.21346765756607056,0.21346765756607056,0.21346765756607056,143522,0.0,0.0
1994-05-05 00:00:00-04:00,0.2134676894166206,0.2419292870679617,0.1992364525794983,0.1992364525794983,529284,0.0,0.0
1994-05-06 00:00:00-04:00,0.1992364525794983,0.2419292870679617,0.1992364525794983,0.1992364525794983,203513,0.0,0.0
1994-05-09 00:00:00-04:00,0.19923644492864945,0.2419292777776718,0.19923644492864945,0.24192927777767181,110109,0.0,0.0
1994-05-10 00:00:00-04:00,0.19923644492864945,0.2419292777776718,0.19923644492864945,0.24192927777767181,127575,0.0,0.0
1994-05-11 00:00:00-04:00,0.2419292777776718,0.2419292777776718,0.19923644492864945,0.24192927777767181,375891,0.0,0.0
1994-05-12 00:00:00-04:00,0.1992364525794983,0.1992364525794983,0.1992364525794983,0.1992364525794983,71381,0.0,0.0
1994-05-13 00:00:00-04:00,0.19923646104739987,0.22769807279109955,0.19923646104739987,0.22769807279109955,107072,0.0,0.0
1994-05-16 00:00:00-04:00,0.2419292870679617,0.2419292870679617,0.1992364525794983,0.1992364525794983,614334,0.0,0.0
1994-05-17 00:00:00-04:00,0.2419292777776718,0.2419292777776718,0.17077397234738803,0.24192927777767181,2810447,0.0,0.0
1994-05-18 00:00:00-04:00,0.2419292777776718,0.2419292777776718,0.19923644492864945,0.24192927777767181,1666069,0.0,0.0
1994-05-19 00:00:00-04:00,0.2419292870679617,0.2419292870679617,0.1992364525794983,0.1992364525794983,741909,0.0,0.0
1994-05-20 00:00:00-04:00,0.2419292777776718,0.2419292777776718,0.19923644492864945,0.24192927777767181,4013297,0.0,0.0
1994-05-23 00:00:00-04:00,0.2134676714774874,0.22058285772800448,0.2134676714774874,0.22058285772800446,4556,0.0,0.0
1994-05-24 00:00:00-04:00,0.21346765756607056,0.21346765756607056,0.21346765756607056,0.21346765756607056,455625,0.0,0.0
1994-05-25 00:00:00-04:00,0.21346765756607056,0.22769802913972936,0.21346765756607056,0.21346765756607056,196678,0.0,0.0
1994-05-26 00:00:00-04:00,0.21346769848937489,0.22769807279109955,0.19923646104739987,0.22769807279109955,306028,0.0,0.0
1994-05-27 00:00:00-04:00,0.1992364525794983,0.1992364525794983,0.1992364525794983,0.1992364525794983,142003,0.0,0.0
1994-05-31 00:00:00-04:00,0.22769807279109955,0.22769807279109955,0.22769807279109955,0.22769807279109955,7594,0.0,0.0
1994-06-01 00:00:00-04:00,0.22769807279109955,0.22769807279109955,0.22769807279109955,0.22769807279109955,0,0.0,0.0
1994-06-02 00:00:00-04:00,0.22769807279109955,0.22769807279109955,0.22769807279109955,0.22769807279109955,2278,0.0,0.0
1994-06-03 00:00:00-04:00,0.22769807279109955,0.22769807279109955,0.22769807279109955,0.22769807279109955,60750,0.0,0.0
1994-06-06 00:00:00-04:00,0.22769807279109955,0.22769807279109955,0.22769807279109955,0.22769807279109955,0,0.0,0.0
1994-06-07 00:00:00-04:00,0.2276980631135292,0.2276980631135292,0.1992364525794983,0.1992364525794983,2393550,0.0,0.0
1994-06-08 00:00:00-04:00,0.1992364525794983,0.1992364525794983,0.1992364525794983,0.1992364525794983,312103,0.0,0.0
1994-06-09 00:00:00-04:00,0.1992364525794983,0.1992364525794983,0.1992364525794983,0.1992364525794983,0,0.0,0.0
1994-06-10 00:00:00-04:00,0.19923646104739987,0.24192929735038426,0.19923646104739987,0.22769807279109955,249834,0.0,0.0
1994-06-13 00:00:00-04:00,0.22769807279109955,0.24192929735038426,0.22769807279109955,0.22769807279109955,483722,0.0,0.0
1994-06-14 00:00:00-04:00,0.2561605476750496,0.2561605476750496,0.22769807279109955,0.22769807279109955,280209,0.0,0.0
1994-06-15 00:00:00-04:00,0.22769807279109955,0.24192929735038426,0.22769807279109955,0.22769807279109955,4400578,0.0,0.0
1994-06-16 00:00:00-04:00,0.22769807279109955,0.24192929735038426,0.22769807279109955,0.22769807279109955,3570581,0.0,0.0
1994-06-17 00:00:00-04:00,0.2419292756639484,0.3130854693781033,0.2276980523803444,0.28462299704551697,8593847,0.0,0.0
1994-06-20 00:00:00-04:00,0.25616052746772766,0.28462300010640457,0.25616052746772766,0.25616052746772766,255150,0.0,0.0
1994-06-21 00:00:00-04:00,0.27039170265197754,0.2846229493143867,0.2561604817549424,0.27039170265197754,2579597,0.0,0.0
1994-06-22 00:00:00-04:00,0.2561605247129307,0.28462299704551697,0.2561605247129307,0.28462299704551697,1665309,0.0,0.0
1994-06-23 00:00:00-04:00,0.2846229493143867,0.29885417021142185,0.2561604817549424,0.27039170265197754,4933659,0.0,0.0
1994-06-24 00:00:00-04:00,0.27039170265197754,0.2846229493143867,0.27039170265197754,0.27039170265197754,270338,0.0,0.0
1994-06-27 00:00:00-04:00,0.28462300010640457,0.29885422354305374,0.25616052746772766,0.25616052746772766,4335272,0.0,0.0
1994-06-28 00:00:00-04:00,0.29885417021142185,0.29885417021142185,0.27039170265197754,0.27039170265197754,2862844,0.0,0.0
1994-06-29 00:00:00-04:00,0.2703917314420875,0.29885420203208923,0.2703917314420875,0.29885420203208923,161747,0.0,0.0
1994-06-30 00:00:00-04:00,0.28462300010640457,0.28462300010640457,0.25616052746772766,0.25616052746772766,740391,0.0,0.0
1994-07-01 00:00:00-04:00,0.2703917479965347,0.28462299704551697,0.2703917479965347,0.28462299704551697,152634,0.0,0.0
1994-07-05 00:00:00-04:00,0.28106541667167606,0.28462299704551697,0.2703917479965347,0.28462299704551697,612056,0.0,0.0
1994-07-06 00:00:00-04:00,0.29885420372260507,0.35577917098999023,0.28462298122979146,0.35577917098999023,8072156,0.0,0.0
1994-07-07 00:00:00-04:00,0.35577916897746936,0.35577916897746936,0.29529662187605743,0.29885420203208923,5367263,0.0,0.0
1994-07-08 00:00:00-04:00,0.3273166845604739,0.3273166845604739,0.2952966094017029,0.2952966094017029,598388,0.0,0.0
1994-07-11 00:00:00-04:00,0.29885421769954285,0.32731671554706976,0.29885421769954285,0.3130854666233063,1307644,0.0,0.0
1994-07-12 00:00:00-04:00,0.2988541894074501,0.313085436983962,0.2952966094017029,0.2952966094017029,506503,0.0,0.0
1994-07-13 00:00:00-04:00,0.29885420203208923,0.34154792079978014,0.29885420203208923,0.29885420203208923,2878791,0.0,0.0
1994-07-14 00:00:00-04:00,0.32731669838746763,0.32731669838746763,0.29885420203208923,0.29885420203208923,2786906,0.0,0.0
1994-07-15 00:00:00-04:00,0.32731671554706976,0.32731671554706976,0.29885421769954285,0.3130854666233063,1505841,0.0,0.0
1994-07-18 00:00:00-04:00,0.30596947451291495,0.3273167908191681,0.29885428642620115,0.3273167908191681,1347891,0.0,0.0
1994-07-19 00:00:00-04:00,0.3273167908191681,0.3344319531404979,0.3130855386226846,0.3273167908191681,3496922,0.0,0.0
1994-07-20 00:00:00-04:00,0.33443187377996436,0.3415479362010956,0.32731671314705896,0.3415479362010956,1672144,0.0,0.0
1994-07-21 00:00:00-04:00,0.34154792273179974,0.3700103934828039,0.3273167002389861,0.35577917098999023,1862747,0.0,0.0
1994-07-22 00:00:00-04:00,0.37001035937973403,0.3984719514846802,0.35577913819858187,0.3984719514846802,7225453,0.0,0.0
1994-07-25 00:00:00-04:00,0.38424076571818094,0.3984719882109946,0.32020063809848415,0.35577917098999023,1206647,0.0,0.0
1994-07-26 00:00:00-04:00,0.3557791850205101,0.3557791850205101,0.3415479362010956,0.3415479362010956,342478,0.0,0.0
1994-07-27 00:00:00-04:00,0.3700104323717314,0.3842408061027527,0.34154795862925735,0.3842408061027527,417656,0.0,0.0
1994-07-28 00:00:00-04:00,0.3700103934828039,0.3700103934828039,0.35577917098999023,0.35577917098999023,262744,0.0,0.0
1994-07-29 00:00:00-04:00,0.34154793408202394,0.3700104057788849,0.34154793408202394,0.3700104057788849,2612250,0.0,0.0
1994-08-01 00:00:00-04:00,0.3700104080745467,0.3700104080745467,0.3415479362010956,0.3415479362010956,528525,0.0,0.0
1994-08-02 00:00:00-04:00,0.3700104080745467,0.3700104080745467,0.3415479362010956,0.3415479362010956,1006931,0.0,0.0
1994-08-03 00:00:00-04:00,0.3700104057788849,0.3700104057788849,0.34154793408202394,0.3700104057788849,2110303,0.0,0.0
1994-08-04 00:00:00-04:00,0.3700104057788849,0.3700104057788849,0.34154793408202394,0.3700104057788849,18225,0.0,0.0
1994-08-05 00:00:00-04:00,0.3700104057788849,0.3700104057788849,0.34154793408202394,0.3700104057788849,115425,0.0,0.0
1994-08-08 00:00:00-04:00,0.3415479362010956,0.34866312259937887,0.3415479362010956,0.3415479362010956,1178550,0.0,0.0
1994-08-09 00:00:00-04:00,0.3415478912520552,0.41270319843120684,0.3415478912520552,0.3984719514846802,845184,0.0,0.0
1994-08-10 00:00:00-04:00,0.3700105100398645,0.3984721137337488,0.34154803032289077,0.3628944456577301,832275,0.0,0.0
1994-08-11 00:00:00-04:00,0.3628943456534155,0.3628943456534155,0.3415479362010956,0.3415479362010956,487519,0.0,0.0
1994-08-12 00:00:00-04:00,0.3628943434019039,0.4127032501840226,0.34154793408202394,0.3700104057788849,492075,0.0,0.0
1994-08-15 00:00:00-04:00,0.3700104057788849,0.4127032501840226,0.3700104057788849,0.3700104057788849,160228,0.0,0.0
1994-08-16 00:00:00-04:00,0.3700104323717314,0.426934503833774,0.3700104323717314,0.3842408061027527,528525,0.0,0.0
1994-08-17 00:00:00-04:00,0.42693447579860105,0.42693447579860105,0.3415479362010956,0.3415479362010956,2003231,0.0,0.0
1994-08-18 00:00:00-04:00,0.3415479362010956,0.3700104080745467,0.3415479362010956,0.3415479362010956,2482397,0.0,0.0
1994-08-19 00:00:00-04:00,0.3700104286378701,0.41270327568054205,0.3415479551826175,0.412703275680542,5083256,0.0,0.0
1994-08-22 00:00:00-04:00,0.41270327568054205,0.41270327568054205,0.3415479551826175,0.412703275680542,673566,0.0,0.0
1994-08-23 00:00:00-04:00,0.3842408022252894,0.41270327568054205,0.3415479551826175,0.412703275680542,755578,0.0,0.0
1994-08-24 00:00:00-04:00,0.4127032527445644,0.4127032527445644,0.3415479362010956,0.3415479362010956,722925,0.0,0.0
1994-08-25 00:00:00-04:00,0.4127032527445644,0.4127032527445644,0.3415479362010956,0.3415479362010956,535359,0.0,0.0
1994-08-26 00:00:00-04:00,0.41270327568054205,0.41270327568054205,0.3415479551826175,0.412703275680542,793547,0.0,0.0
1994-08-29 00:00:00-04:00,0.41270327568054205,0.41270327568054205,0.3700104286378701,0.412703275680542,407025,0.0,0.0
1994-08-30 00:00:00-04:00,0.426934503833774,0.426934503833774,0.3824624538391727,0.3842408061027527,1496728,0.0,0.0
1994-08-31 00:00:00-04:00,0.42693445086479187,0.42693445086479187,0.3949144005449218,0.42693445086479187,1332703,0.0,0.0
1994-09-01 00:00:00-04:00,0.426934419612359,0.426934419612359,0.3966935995719159,0.3984719514846802,1291697,0.0,0.0
1994-09-02 00:00:00-04:00,0.3984719514846802,0.41270319843120684,0.3984719514846802,0.3984719514846802,1896159,0.0,0.0
1994-09-06 00:00:00-04:00,0.3984719514846802,0.41270319843120684,0.3984719514846802,0.3984719514846802,352350,0.0,0.0
1994-09-07 00:00:00-04:00,0.3984719514846802,0.41270319843120684,0.3984719514846802,0.3984719514846802,1314478,0.0,0.0
1994-09-08 00:00:00-04:00,0.3984719956497946,0.46962821250373676,0.3984719956497946,0.4411657154560089,1764788,0.0,0.0
1994-09-09 00:00:00-04:00,0.4553969468413553,0.4553969468413553,0.42693445086479187,0.42693445086479187,325013,0.0,0.0
1994-09-12 00:00:00-04:00,0.42693445086479187,0.44116569885307355,0.4127032286418865,0.42693445086479187,897581,0.0,0.0
1994-09-13 00:00:00-04:00,0.3700104286378701,0.41270327568054205,0.3700104286378701,0.412703275680542,2610731,0.0,0.0
1994-09-14 00:00:00-04:00,0.41270327568054205,0.41270327568054205,0.3700104286378701,0.412703275680542,188325,0.0,0.0
1994-09-15 00:00:00-04:00,0.3700104057788849,0.4269344731497642,0.3700104057788849,0.3700104057788849,136688,0.0,0.0
1994-09-16 00:00:00-04:00,0.42693445086479187,0.42693445086479187,0.3984719806536048,0.42693445086479187,471572,0.0,0.0
1994-09-19 00:00:00-04:00,0.3984719806536048,0.42693445086479187,0.3984719806536048,0.42693445086479187,315141,0.0,0.0
1994-09-20 00:00:00-04:00,0.4269344731497642,0.4269344731497642,0.3700104057788849,0.3700104057788849,541434,0.0,0.0
1994-09-21 00:00:00-04:00,0.42693445086479187,0.4553969468413553,0.37001038646521456,0.42693445086479187,1966022,0.0,0.0
1994-09-22 00:00:00-04:00,0.44116574913579465,0.44116574913579465,0.3415479551826175,0.412703275680542,1905272,0.0,0.0
1994-09-23 00:00:00-04:00,0.426934503833774,0.426934503833774,0.3842408061027527,0.3842408061027527,424491,0.0,0.0
1994-09-26 00:00:00-04:00,0.41270327568054205,0.41270327568054205,0.3842408022252894,0.412703275680542,45563,0.0,0.0
1994-09-27 00:00:00-04:00,0.38424076571818094,0.4127032364691851,0.35577917098999023,0.35577917098999023,79734,0.0,0.0
1994-09-28 00:00:00-04:00,0.4127032364691851,0.4127032364691851,0.35577917098999023,0.35577917098999023,53156,0.0,0.0
1994-09-29 00:00:00-04:00,0.3557791850205101,0.3700104080745467,0.32731671314705896,0.3415479362010956,321216,0.0,0.0
1994-09-30 00:00:00-04:00,0.35577917098999023,0.38424076571818094,0.3273167002389861,0.35577917098999023,1753397,0.0,0.0
1994-10-03 00:00:00-04:00,0.35577917098999023,0.3700103934828039,0.35577917098999023,0.35577917098999023,637116,0.0,0.0
1994-10-04 00:00:00-04:00,0.35577917098999023,0.3628943313423019,0.34154792273179974,0.35577917098999023,1508878,0.0,0.0
1994-10-05 00:00:00-04:00,0.36289444565773016,0.36289444565773016,0.34154803032289077,0.3628944456577301,1978931,0.0,0.0
1994-10-06 00:00:00-04:00,0.3628943244596753,0.42693445086479187,0.3415479162540275,0.42693445086479187,993263,0.0,0.0
1994-10-07 00:00:00-04:00,0.42693446693214504,0.44116571545600897,0.384240772891308,0.4411657154560089,1940203,0.0,0.0
1994-10-10 00:00:00-04:00,0.4269344995254787,0.44116574913579465,0.41270327568054205,0.412703275680542,261984,0.0,0.0
1994-10-11 00:00:00-04:00,0.44116575989224766,0.45539700984954834,0.4340505986904363,0.45539700984954834,2374566,0.0,0.0
1994-10-12 00:00:00-04:00,0.44116575989224766,0.45539700984954834,0.44116575989224766,0.45539700984954834,1061606,0.0,0.0
1994-10-13 00:00:00-04:00,0.46962825980684897,0.48385945823338977,0.45539700984954834,0.45539700984954834,3661706,0.0,0.0
1994-10-14 00:00:00-04:00,0.45539698811078755,0.49809068441390997,0.45539698811078755,0.4980906844139099,1928813,0.0,0.0
1994-10-17 00:00:00-04:00,0.4838594794273376,0.4980907300079936,0.4838594794273376,0.48385947942733765,615853,0.0,0.0
1994-10-18 00:00:00-04:00,0.4838594794273376,0.4980907300079936,0.4838594794273376,0.48385947942733765,350072,0.0,0.0
1994-10-19 00:00:00-04:00,0.4980907300079936,0.4980907300079936,0.4838594794273376,0.48385947942733765,473091,0.0,0.0
1994-10-20 00:00:00-04:00,0.4838594794273376,0.4980907300079936,0.4838594794273376,0.48385947942733765,2792981,0.0,0.0
1994-10-21 00:00:00-04:00,0.4838593639352378,0.498090611119046,0.46962816828217946,0.4909745752811432,949978,0.0,0.0
1994-10-24 00:00:00-04:00,0.4838594854982311,0.5123219870166568,0.47318586707115173,0.47318586707115173,626484,0.0,0.0
1994-10-25 00:00:00-04:00,0.5123219336918698,0.5123219336918698,0.49809068441390997,0.4980906844139099,167063,0.0,0.0
1994-10-26 00:00:00-04:00,0.5123219336918698,0.5123219336918698,0.49809068441390997,0.4980906844139099,325013,0.0,0.0
1994-10-27 00:00:00-04:00,0.49809064135284586,0.5123218894004822,0.49809064135284586,0.5123218894004822,46322,0.0,0.0
1994-10-28 00:00:00-04:00,0.5123219254487235,0.5692459940910339,0.4980906763997412,0.5692459940910339,2833228,0.0,0.0
1994-10-31 00:00:00-05:00,0.5692459940910339,0.5692459940910339,0.5265522984748436,0.5692459940910339,441956,0.0,0.0
1994-11-01 00:00:00-05:00,0.5265522599220276,0.5692459524122944,0.5265522599220276,0.5265522599220276,788991,0.0,0.0
1994-11-02 00:00:00-05:00,0.5692460392832575,0.5692460392832575,0.5265523402776309,0.5550147891044617,334125,0.0,0.0
1994-11-03 00:00:00-05:00,0.5550146519663642,0.5692458986287734,0.5265522101722939,0.5407834053039551,2067778,0.0,0.0
1994-11-04 00:00:00-05:00,0.5407834959930694,0.5977084406582419,0.5407834959930694,0.5692459940910339,3379219,0.0,0.0
1994-11-07 00:00:00-05:00,0.5977084040641785,0.5977084040641785,0.540783462884175,0.5977084040641785,1324350,0.0,0.0
1994-11-08 00:00:00-05:00,0.5977083404228437,0.5977083404228437,0.5407834053039551,0.5407834053039551,1004653,0.0,0.0
1994-11-09 00:00:00-05:00,0.5550146519663642,0.5977083404228437,0.5407834053039551,0.5407834053039551,554344,0.0,0.0
1994-11-10 00:00:00-05:00,0.540783554196243,0.569246055357555,0.4838594794273376,0.48385947942733765,1720744,0.0,0.0
1994-11-11 00:00:00-05:00,0.48385939330520955,0.526552261425318,0.48385939330520955,0.5123218894004822,4771153,0.0,0.0
1994-11-14 00:00:00-05:00,0.49809078692857883,0.5265524153194591,0.46962833404541016,0.46962833404541016,953775,0.0,0.0
1994-11-15 00:00:00-05:00,0.48385943513595003,0.5265523069469537,0.48385943513595003,0.4980906844139099,1298531,0.0,0.0
1994-11-16 00:00:00-05:00,0.5265523069469537,0.5265523069469537,0.49809068441390997,0.4980906844139099,743428,0.0,0.0
1994-11-17 00:00:00-05:00,0.5265523402776309,0.5550147891044617,0.498090715942971,0.5550147891044617,2882588,0.0,0.0
1994-11-18 00:00:00-05:00,0.5265522599220276,0.5550147044052878,0.5265522599220276,0.5265522599220276,1894641,0.0,0.0
1994-11-21 00:00:00-05:00,0.5265523402776309,0.5550147891044617,0.5265523402776309,0.5550147891044617,64547,0.0,0.0
1994-11-22 00:00:00-05:00,0.5265524153194591,0.5550148682026278,0.46962833404541016,0.46962833404541016,1152731,0.0,0.0
1994-11-23 00:00:00-05:00,0.46962833404541016,0.46962833404541016,0.46962833404541016,0.46962833404541016,0,0.0,0.0
1994-11-25 00:00:00-05:00,0.5265523402776309,0.5550147891044617,0.46962826711614014,0.5550147891044617,246797,0.0,0.0
1994-11-28 00:00:00-05:00,0.4980906399308125,0.5265522599220276,0.4696281954475522,0.5265522599220276,97200,0.0,0.0
1994-11-29 00:00:00-05:00,0.5265522984748436,0.5692459940910339,0.48385942735075893,0.5692459940910339,755578,0.0,0.0
1994-11-30 00:00:00-05:00,0.5692459524122944,0.5692459524122944,0.5265522599220276,0.5265522599220276,429047,0.0,0.0
1994-12-01 00:00:00-05:00,0.5550147450420516,0.5692459940910339,0.5265522984748436,0.5692459940910339,1451166,0.0,0.0
1994-12-02 00:00:00-05:00,0.5407834053039551,0.5834771452911826,0.5407834053039551,0.5407834053039551,611297,0.0,0.0
1994-12-05 00:00:00-05:00,0.5407834053039551,0.5550146519663642,0.5407834053039551,0.5407834053039551,63788,0.0,0.0
1994-12-06 00:00:00-05:00,0.5692459940910339,0.5834772431400163,0.5692459940910339,0.5692459940910339,571809,0.0,0.0
1994-12-07 00:00:00-05:00,0.5834772431400163,0.5834772431400163,0.5692459940910339,0.5692459940910339,157950,0.0,0.0
1994-12-08 00:00:00-05:00,0.5692459592395535,0.5977084040641785,0.5692459592395535,0.5977084040641785,1757194,0.0,0.0
1994-12-09 00:00:00-05:00,0.5977084040641785,0.5977084040641785,0.5692459592395535,0.5977084040641785,1271194,0.0,0.0
1994-12-12 00:00:00-05:00,0.5977084040641785,0.6261709004195569,0.5977084040641785,0.5977084040641785,1070719,0.0,0.0
1994-12-13 00:00:00-05:00,0.640402182170376,0.640402182170376,0.6119396843228492,0.6261709332466125,612816,0.0,0.0
1994-12-14 00:00:00-05:00,0.611939699293967,0.6404021978378296,0.611939699293967,0.6404021978378296,737353,0.0,0.0
1994-12-15 00:00:00-05:00,0.6404022765105764,0.6830951020175057,0.6261710254903509,0.6688647270202637,1210444,0.0,0.0
1994-12-16 00:00:00-05:00,0.6830951584774793,0.6830951584774793,0.6546335816383362,0.6546335816383362,1268916,0.0,0.0
1994-12-19 00:00:00-05:00,0.6688647270202637,0.6688647270202637,0.654633527530802,0.6688647270202637,200475,0.0,0.0
1994-12-20 00:00:00-05:00,0.6688646448509347,0.6688646448509347,0.6404021978378296,0.6404021978378296,189084,0.0,0.0
1994-12-21 00:00:00-05:00,0.6404021978378296,0.6688646448509347,0.6404021978378296,0.6404021978378296,160988,0.0,0.0
1994-12-22 00:00:00-05:00,0.6688646448509347,0.6688646448509347,0.5977084500220358,0.6404021978378296,6127397,0.0,0.0
1994-12-23 00:00:00-05:00,0.6404021485972461,0.6404021485972461,0.5834772074172426,0.5977084040641785,428288,0.0,0.0
1994-12-27 00:00:00-05:00,0.569245954037474,0.5834772020851103,0.5123218894004822,0.5123218894004822,316659,0.0,0.0
1994-12-28 00:00:00-05:00,0.5123219390955756,0.583477258682251,0.5123219390955756,0.583477258682251,542194,0.0,0.0
1994-12-29 00:00:00-05:00,0.5692460092541872,0.583477258682251,0.5123219390955756,0.583477258682251,610538,0.0,0.0
1994-12-30 00:00:00-05:00,0.583477200419301,0.583477200419301,0.512321887937819,0.5265522599220276,259706,0.0,0.0
1995-01-03 00:00:00-05:00,0.5265522662372393,0.5977084040641785,0.5123218940823585,0.5977084040641785,230091,0.0,0.0
1995-01-04 00:00:00-05:00,0.5977084040641785,0.6119396522418676,0.5692459592395535,0.5977084040641785,5536603,0.0,0.0
1995-01-05 00:00:00-05:00,0.5692459592395535,0.6119396522418676,0.5692459592395535,0.5977084040641785,3192413,0.0,0.0
1995-01-06 00:00:00-05:00,0.6119396522418676,0.6119396522418676,0.5977084040641785,0.5977084040641785,4093791,0.0,0.0
1995-01-09 00:00:00-05:00,0.6119397878646851,0.6119397878646851,0.5977085365329562,0.6119397878646851,1833131,0.0,0.0
1995-01-10 00:00:00-05:00,0.6119398250488858,0.6973264106739627,0.5977085728524023,0.6546335816383362,4591181,0.0,0.0
1995-01-11 00:00:00-05:00,0.6830949187278748,0.6830949187278748,0.6546333518780454,0.6830949187278748,1546847,0.0,0.0
1995-01-12 00:00:00-05:00,0.6546335816383362,0.6688647823040517,0.6546335816383362,0.6546335816383362,366019,0.0,0.0
1995-01-13 00:00:00-05:00,0.6546335816383362,0.6688647823040517,0.6546335816383362,0.6546335816383362,207309,0.0,0.0
1995-01-16 00:00:00-05:00,0.6546335418598719,0.668864741660836,0.6119397878646851,0.6119397878646851,798863,0.0,0.0
1995-01-17 00:00:00-05:00,0.5265523402776309,0.5550147891044617,0.5123219661217667,0.5550147891044617,2140678,0.0,0.0
1995-01-18 00:00:00-05:00,0.526552261425318,0.5550147059898377,0.49809064135284586,0.5123218894004822,1249931,0.0,0.0
1995-01-19 00:00:00-05:00,0.5123218894004822,0.5123218894004822,0.49809064135284586,0.5123218894004822,1123875,0.0,0.0
1995-01-20 00:00:00-05:00,0.5123219336918698,0.5123219336918698,0.49809068441390997,0.4980906844139099,375891,0.0,0.0
1995-01-23 00:00:00-05:00,0.512321887937819,0.5265522599220276,0.4980906399308125,0.5265522599220276,277931,0.0,0.0
1995-01-24 00:00:00-05:00,0.5265522599220276,0.5265522599220276,0.512321887937819,0.5265522599220276,172378,0.0,0.0
1995-01-25 00:00:00-05:00,0.5265523125007538,0.583477258682251,0.5265523125007538,0.583477258682251,457144,0.0,0.0
1995-01-26 00:00:00-05:00,0.5834772894620531,0.5834772894620531,0.5550147891044617,0.5550147891044617,311344,0.0,0.0
1995-01-27 00:00:00-05:00,0.583477200419301,0.583477200419301,0.512321887937819,0.5265522599220276,355388,0.0,0.0
1995-01-30 00:00:00-05:00,0.5265522599220276,0.5407834563982813,0.5105426341043616,0.5265522599220276,894544,0.0,0.0
1995-01-31 00:00:00-05:00,0.5123218894004822,0.526552261425318,0.5123218894004822,0.5123218894004822,676603,0.0,0.0
1995-02-01 00:00:00-05:00,0.5265522984748436,0.5692459940910339,0.5194370861964053,0.5692459940910339,927956,0.0,0.0
1995-02-02 00:00:00-05:00,0.5692459592395535,0.5977084040641785,0.5692459592395535,0.5977084040641785,903656,0.0,0.0
1995-02-03 00:00:00-05:00,0.5977084040641785,0.5977084040641785,0.5692459592395535,0.5977084040641785,233128,0.0,0.0
1995-02-06 00:00:00-05:00,0.569245977256732,0.5977084229822206,0.569245977256732,0.5763620138168335,227813,0.0,0.0
1995-02-07 00:00:00-05:00,0.5977084406582419,0.5977084406582419,0.5692459940910339,0.5692459940910339,511059,0.0,0.0
1995-02-08 00:00:00-05:00,0.5834772431400163,0.5834772431400163,0.5692459940910339,0.5692459940910339,27338,0.0,0.0
1995-02-09 00:00:00-05:00,0.5692459940910339,0.5763620308615779,0.5692459940910339,0.5692459940910339,1499766,0.0,0.0
1995-02-10 00:00:00-05:00,0.5692459940910339,0.5834772431400163,0.5692459940910339,0.5692459940910339,233888,0.0,0.0
1995-02-13 00:00:00-05:00,0.5692460854002631,0.626171039196414,0.5692460854002631,0.6119397878646851,530803,0.0,0.0
1995-02-14 00:00:00-05:00,0.611939699293967,0.6546334471097608,0.611939699293967,0.6404021978378296,1315997,0.0,0.0
1995-02-15 00:00:00-05:00,0.6546334471097608,0.6546334471097608,0.6404021978378296,0.6404021978378296,2704134,0.0,0.0
1995-02-16 00:00:00-05:00,0.6404021978378296,0.6546334471097608,0.6404021978378296,0.6404021978378296,4237313,0.0,0.0
1995-02-17 00:00:00-05:00,0.6546336066941929,0.7257888913154603,0.6404023539530135,0.7257888913154602,4178841,0.0,0.0
1995-02-21 00:00:00-05:00,0.697326123714447,0.7115573700545723,0.697326123714447,0.697326123714447,1160325,0.0,0.0
1995-02-22 00:00:00-05:00,0.7044421591304839,0.7115573700545723,0.697326123714447,0.697326123714447,965925,0.0,0.0
1995-02-23 00:00:00-05:00,0.7115573700545723,0.7115573700545723,0.6261708195672627,0.697326123714447,2054869,0.0,0.0
1995-02-24 00:00:00-05:00,0.6973263683012912,0.6973263683012912,0.6119397878646851,0.6119397878646851,781397,0.0,0.0
1995-02-27 00:00:00-05:00,0.5123219661217667,0.5977084881100883,0.4838594657641752,0.5550147891044617,759375,0.0,0.0
1995-02-28 00:00:00-05:00,0.5550147891044617,0.5977084881100883,0.5407835389256659,0.5550147891044617,230850,0.0,0.0
1995-03-01 00:00:00-05:00,0.5550147152950715,0.583477211867539,0.4980906497037054,0.5052058100700378,446513,0.0,0.0
1995-03-02 00:00:00-05:00,0.5123218724401031,0.5905932188034058,0.5123218724401031,0.5905932188034058,237684,0.0,0.0
1995-03-03 00:00:00-05:00,0.5905932799105602,0.5905932799105602,0.5692459940910339,0.5692459940910339,223256,0.0,0.0
1995-03-06 00:00:00-05:00,0.5834772894620531,0.5977084881100883,0.5550147891044617,0.5550147891044617,310584,0.0,0.0
1995-03-07 00:00:00-05:00,0.5834771038366446,0.5834771038366446,0.5478994534850534,0.5728034377098083,394116,0.0,0.0
1995-03-08 00:00:00-05:00,0.5763620138168335,0.5763620138168335,0.5763620138168335,0.5763620138168335,49359,0.0,0.0
1995-03-09 00:00:00-05:00,0.5763620138168335,0.5763620138168335,0.5763620138168335,0.5763620138168335,0,0.0,0.0
1995-03-10 00:00:00-05:00,0.5692460092541872,0.583477258682251,0.562130848316977,0.583477258682251,136688,0.0,0.0
1995-03-13 00:00:00-05:00,0.5834772176960629,0.5834772176960629,0.5621308088302612,0.5621308088302612,17466,0.0,0.0
1995-03-14 00:00:00-05:00,0.5763621141274547,0.5763621141274547,0.5478996634483337,0.5478996634483337,381206,0.0,0.0
1995-03-15 00:00:00-05:00,0.5692458986287734,0.5692458986287734,0.5407834053039551,0.5407834053039551,49359,0.0,0.0
1995-03-16 00:00:00-05:00,0.5692459983652555,0.5692459983652555,0.5336683392524719,0.5336683392524719,145041,0.0,0.0
1995-03-17 00:00:00-05:00,0.5692459940910339,0.5692459940910339,0.5407834959930694,0.5692459940910339,146559,0.0,0.0
1995-03-20 00:00:00-05:00,0.5407834579422014,0.5550147059898377,0.47674335703536763,0.5123218894004822,729000,0.0,0.0
1995-03-21 00:00:00-05:00,0.5123219292955269,0.5692459983652555,0.5052058409407947,0.5336683392524719,1458759,0.0,0.0
1995-03-22 00:00:00-05:00,0.5336682791767305,0.5336682791767305,0.4696281804921051,0.47674334049224854,520172,0.0,0.0
1995-03-23 00:00:00-05:00,0.47674342100866035,0.49809070819069046,0.44116575989224766,0.45539700984954834,1388138,0.0,0.0
1995-03-24 00:00:00-05:00,0.4767433404922486,0.4767433404922486,0.45539693293829675,0.47674334049224854,886191,0.0,0.0
1995-03-27 00:00:00-05:00,0.46251217105135967,0.48385945823338977,0.45539700984954834,0.45539700984954834,492075,0.0,0.0
1995-03-28 00:00:00-05:00,0.4767433404922486,0.4767433404922486,0.45539693293829675,0.47674334049224854,380447,0.0,0.0
1995-03-29 00:00:00-05:00,0.47674335703536763,0.5123218894004822,0.4696281967883262,0.5123218894004822,333366,0.0,0.0
1995-03-30 00:00:00-05:00,0.5123219994628537,0.5478996634483337,0.505205910133506,0.5478996634483337,356906,0.0,0.0
1995-03-31 00:00:00-05:00,0.5478995276046214,0.5905932188034058,0.5265522439938434,0.5905932188034058,1339538,0.0,0.0
1995-04-03 00:00:00-04:00,0.5905932747140092,0.661748591779216,0.5692459890823149,0.6261709332466125,558900,0.0,0.0
1995-04-04 00:00:00-04:00,0.6617484886143733,0.7400198301852152,0.5977083422179328,0.7115573883056641,3355678,0.0,0.0
1995-04-05 00:00:00-04:00,0.7542511944761169,0.7542511944761169,0.6261709332466125,0.6261709332466125,2885625,0.0,0.0
1995-04-06 00:00:00-04:00,0.6546334310941395,0.6688646284871468,0.6261709332466125,0.6261709332466125,1159566,0.0,0.0
1995-04-07 00:00:00-04:00,0.6404021978378296,0.6688646448509347,0.6261709485658983,0.6404021978378296,912769,0.0,0.0
1995-04-10 00:00:00-04:00,0.64040207641805,0.654633322991747,0.6172764166799746,0.6190547943115234,974278,0.0,0.0
1995-04-11 00:00:00-04:00,0.6119396522418676,0.6404021485972461,0.5692459592395535,0.5977084040641785,662934,0.0,0.0
1995-04-12 00:00:00-04:00,0.6261709434578528,0.6261709434578528,0.5265523024284967,0.5336683392524719,1456481,0.0,0.0
1995-04-13 00:00:00-04:00,0.5692459940910339,0.5692459940910339,0.5336683352453876,0.5692459940910339,701663,0.0,0.0
1995-04-17 00:00:00-04:00,0.5336683392524719,0.5692459983652555,0.5336683392524719,0.5336683392524719,290081,0.0,0.0
1995-04-18 00:00:00-04:00,0.5692459351926278,0.5905932188034058,0.5265522439938434,0.5905932188034058,1093500,0.0,0.0
1995-04-19 00:00:00-04:00,0.5692460854002631,0.6119397878646851,0.5692460854002631,0.6119397878646851,1947038,0.0,0.0
1995-04-20 00:00:00-04:00,0.5834772074172426,0.6119396522418676,0.5834772074172426,0.5977084040641785,662175,0.0,0.0
1995-04-21 00:00:00-04:00,0.5905932747140092,0.633286093931689,0.5905932747140092,0.6261709332466125,5064272,0.0,0.0
1995-04-24 00:00:00-04:00,0.6404022905281429,0.6546335418598719,0.6119397878646851,0.6119397878646851,1504322,0.0,0.0
1995-04-25 00:00:00-04:00,0.6475174524171237,0.6475174524171237,0.6119397878646851,0.6119397878646851,1129191,0.0,0.0
1995-04-26 00:00:00-04:00,0.654633527530802,0.6688647270202637,0.6475174382438156,0.6688647270202637,5016431,0.0,0.0
1995-04-27 00:00:00-04:00,0.6404021978378296,0.6688646448509347,0.6404021978378296,0.6404021978378296,192881,0.0,0.0
1995-04-28 00:00:00-04:00,0.6404021978378296,0.6546334471097608,0.6261709485658983,0.6404021978378296,3419466,0.0,0.0
1995-05-01 00:00:00-04:00,0.626170829844353,0.626170829844353,0.597708336696959,0.6190547943115234,1216519,0.0,0.0
1995-05-02 00:00:00-04:00,0.5977084040641785,0.6119396522418676,0.5977084040641785,0.5977084040641785,2613769,0.0,0.0
1995-05-03 00:00:00-04:00,0.597708336696959,0.64040207641805,0.597708336696959,0.6190547943115234,3923691,0.0,0.0
1995-05-04 00:00:00-04:00,0.6190547943115234,0.6332859893544728,0.6190547943115234,0.6190547943115234,1259803,0.0,0.0
1995-05-05 00:00:00-04:00,0.6332859893544728,0.6332859893544728,0.6190547943115234,0.6190547943115234,1326628,0.0,0.0
1995-05-08 00:00:00-04:00,0.6190549205621132,0.6332861185073851,0.6190549205621132,0.6332861185073853,80494,0.0,0.0
1995-05-09 00:00:00-04:00,0.6190548965386817,0.6546334310941395,0.6119396843228492,0.6261709332466125,1562034,0.0,0.0
1995-05-10 00:00:00-04:00,0.6332860607316205,0.6332860607316205,0.5977084040641785,0.5977084040641785,631041,0.0,0.0
1995-05-11 00:00:00-04:00,0.6261709004195569,0.6261709004195569,0.5977084040641785,0.5977084040641785,340200,0.0,0.0
1995-05-12 00:00:00-04:00,0.6261709004195569,0.6261709004195569,0.5977084040641785,0.5977084040641785,246038,0.0,0.0
1995-05-15 00:00:00-04:00,0.5977084353990857,0.6261709332466125,0.5977084353990857,0.6261709332466125,173897,0.0,0.0
1995-05-16 00:00:00-04:00,0.5977085365329562,0.626171039196414,0.5834773367319921,0.6119397878646851,173897,0.0,0.0
1995-05-17 00:00:00-04:00,0.6261709485658983,0.6404021978378296,0.611939699293967,0.6404021978378296,422213,0.0,0.0
1995-05-18 00:00:00-04:00,0.6261710254903509,0.6688647270202637,0.6261710254903509,0.6688647270202637,4198584,0.0,0.0
1995-05-19 00:00:00-04:00,0.6688647823040517,0.6688647823040517,0.6261710772453692,0.6546335816383362,1120838,0.0,0.0
1995-05-22 00:00:00-04:00,0.6261709332466125,0.6546334310941395,0.6261709332466125,0.6261709332466125,2067019,0.0,0.0
1995-05-23 00:00:00-04:00,0.6404021878051889,0.6404021878051889,0.5692459940910339,0.5692459940910339,754819,0.0,0.0
1995-05-24 00:00:00-04:00,0.5692459983652555,0.5763620351892307,0.5318890852753824,0.5336683392524719,1003134,0.0,0.0
1995-05-25 00:00:00-04:00,0.5692460392832575,0.5692460392832575,0.5123219661217667,0.5550147891044617,751781,0.0,0.0
1995-05-26 00:00:00-04:00,0.5550147598261235,0.583477258682251,0.5478995988889133,0.583477258682251,378169,0.0,0.0
1995-05-30 00:00:00-04:00,0.5834773274338138,0.5834773274338138,0.5478996634483337,0.5478996634483337,161747,0.0,0.0
1995-05-31 00:00:00-04:00,0.5763620308615779,0.5834772431400163,0.5478995842943699,0.5692459940910339,472331,0.0,0.0
1995-06-01 00:00:00-04:00,0.5692460392832575,0.5692460392832575,0.5550147891044617,0.5550147891044617,482203,0.0,0.0
1995-06-02 00:00:00-04:00,0.5407834053039551,0.5407834053039551,0.5407834053039551,0.5407834053039551,312863,0.0,0.0
1995-06-05 00:00:00-04:00,0.5407834724108813,0.569245969267669,0.5407834724108813,0.5621308088302612,227813,0.0,0.0
1995-06-06 00:00:00-04:00,0.5478995680913449,0.5763620138168335,0.5407834800004884,0.5763620138168335,1125394,0.0,0.0
1995-06-07 00:00:00-04:00,0.569245977256732,0.5977084229822206,0.5550147286286102,0.5763620138168335,617372,0.0,0.0
1995-06-08 00:00:00-04:00,0.5977082970017761,0.5977082970017761,0.5550146116468185,0.5585730671882629,646988,0.0,0.0
1995-06-09 00:00:00-04:00,0.5977084145937024,0.5977084145937024,0.5621308088302612,0.5621308088302612,1531659,0.0,0.0
1995-06-12 00:00:00-04:00,0.562130848316977,0.6048236690475249,0.562130848316977,0.583477258682251,1938684,0.0,0.0
1995-06-13 00:00:00-04:00,0.5763620308615779,0.6048236529366804,0.5692459940910339,0.5692459940910339,1019081,0.0,0.0
1995-06-14 00:00:00-04:00,0.5692459940910339,0.5977084406582419,0.5692459940910339,0.5692459940910339,710016,0.0,0.0
1995-06-15 00:00:00-04:00,0.5977084406582419,0.5977084406582419,0.5692459940910339,0.5692459940910339,1062366,0.0,0.0
1995-06-16 00:00:00-04:00,0.5692460092541872,0.583477258682251,0.5692460092541872,0.583477258682251,208828,0.0,0.0
1995-06-19 00:00:00-04:00,0.5977084229822206,0.5977084229822206,0.569245977256732,0.5763620138168335,308306,0.0,0.0
1995-06-20 00:00:00-04:00,0.5977085365329562,0.6119397878646851,0.5692460854002631,0.6119397878646851,2002472,0.0,0.0
1995-06-21 00:00:00-04:00,0.5905932437521149,0.6190548640846847,0.5905932437521149,0.5977084040641785,694069,0.0,0.0
1995-06-22 00:00:00-04:00,0.597708458594133,0.6617486174594456,0.597708458594133,0.6332861185073853,1794403,0.0,0.0
1995-06-23 00:00:00-04:00,0.6332862010853947,0.6332862010853947,0.6119397878646851,0.6119397878646851,1017563,0.0,0.0
1995-06-26 00:00:00-04:00,0.633286093931689,0.633286093931689,0.6119396843228492,0.6261709332466125,519413,0.0,0.0
1995-06-27 00:00:00-04:00,0.6261709508611637,0.6332861117463937,0.6119397015370669,0.6226133704185486,3067875,0.0,0.0
1995-06-28 00:00:00-04:00,0.6119397080701632,0.6332861185073851,0.6119397080701632,0.6332861185073853,514097,0.0,0.0
1995-06-29 00:00:00-04:00,0.633286093931689,0.640402182170376,0.6261709332466125,0.6261709332466125,591553,0.0,0.0
1995-06-30 00:00:00-04:00,0.6404021978378296,0.6546334471097608,0.6261709485658983,0.6404021978378296,665972,0.0,0.0
1995-07-03 00:00:00-04:00,0.6475174840178451,0.6546335738078791,0.6332862319915901,0.6510750651359558,252872,0.0,0.0
1995-07-05 00:00:00-04:00,0.6546335816383362,0.6973264106739627,0.6404023294418527,0.6546335816383362,1465594,0.0,0.0
1995-07-06 00:00:00-04:00,0.6546335816383362,0.6973264106739627,0.6546335816383362,0.6546335816383362,1984247,0.0,0.0
1995-07-07 00:00:00-04:00,0.6546333518780454,0.6973261659295387,0.6546333518780454,0.6830949187278748,943903,0.0,0.0
1995-07-10 00:00:00-04:00,0.697326123714447,0.697326123714447,0.6688645070568918,0.697326123714447,2136122,0.0,0.0
1995-07-11 00:00:00-04:00,0.6973264373638716,0.7257888913154603,0.6688648079046022,0.7257888913154602,2269013,0.0,0.0
1995-07-12 00:00:00-04:00,0.7257886489193506,0.8538689017295837,0.7115574524618216,0.8538689017295837,9117816,0.0,0.0
1995-07-13 00:00:00-04:00,0.8538689017295837,0.8823313977061471,0.8254073333065699,0.8538689017295837,5623931,0.0,0.0
1995-07-14 00:00:00-04:00,0.8538689766878507,0.8823314751630406,0.839637778981013,0.8681002259254456,1218797,0.0,0.0
1995-07-17 00:00:00-04:00,0.839637778981013,0.8965627244006354,0.839637778981013,0.8681002259254456,1241578,0.0,0.0
1995-07-18 00:00:00-04:00,0.8538688930559799,0.8752162285983309,0.8396376967430115,0.8396376967430115,1585575,0.0,0.0
1995-07-19 00:00:00-04:00,0.8609851163555287,0.8609851163555287,0.8040601675459991,0.8182913661003113,1277269,0.0,0.0
1995-07-20 00:00:00-04:00,0.8467537790041023,0.8467537790041023,0.7969448726164923,0.8111761212348938,1426866,0.0,0.0
1995-07-21 00:00:00-04:00,0.825407385826111,0.825407385826111,0.7969448880385177,0.8254073858261108,860372,0.0,0.0
1995-07-24 00:00:00-04:00,0.8254073249220788,0.8396376967430115,0.7969448292346375,0.8396376967430115,873281,0.0,0.0
1995-07-25 00:00:00-04:00,0.8325225464962049,0.8396377586970549,0.825407385826111,0.8254073858261108,1420791,0.0,0.0
1995-07-26 00:00:00-04:00,0.8396377586970549,0.8396377586970549,0.825407385826111,0.8254073858261108,621169,0.0,0.0
1995-07-27 00:00:00-04:00,0.8254073333065699,0.8538689017295837,0.8254073333065699,0.8538689017295837,640913,0.0,0.0
1995-07-28 00:00:00-04:00,0.8396377368711808,0.8894475189507421,0.8396377368711808,0.8823314309120178,2782350,0.0,0.0
1995-07-31 00:00:00-04:00,0.8965624834159118,0.9250249742407419,0.8823312380034968,0.9036776423454285,2653256,0.0,0.0
1995-08-01 00:00:00-04:00,0.9036779309436074,0.9321404308582086,0.8894476085399846,0.9107940196990967,4189472,0.0,0.0
1995-08-02 00:00:00-04:00,0.8965627244006354,0.9107939736382303,0.8538689766878507,0.8681002259254456,1561275,0.0,0.0
1995-08-03 00:00:00-04:00,0.8823313880657989,0.8965626358985901,0.8396376960981775,0.8965626358985901,1955391,0.0,0.0
1995-08-04 00:00:00-04:00,0.8965626358985901,0.8965626358985901,0.8681001402330077,0.8965626358985901,763931,0.0,0.0
1995-08-07 00:00:00-04:00,0.8965627244006354,0.8965627244006354,0.8538689766878507,0.8681002259254456,1125394,0.0,0.0
1995-08-08 00:00:00-04:00,0.8681001402330077,0.8965626358985901,0.8538688924002166,0.8965626358985901,1016803,0.0,0.0
1995-08-09 00:00:00-04:00,0.8823313880657989,0.8965626358985901,0.8823313880657989,0.8965626358985901,2132325,0.0,0.0
1995-08-10 00:00:00-04:00,0.8894476085399846,0.9392565196136979,0.8823315197844953,0.9107940196990967,1809591,0.0,0.0
1995-08-11 00:00:00-04:00,0.9250250458717346,0.9250250458717346,0.9107937993572971,0.9250250458717346,580163,0.0,0.0
1995-08-14 00:00:00-04:00,0.9107940196990967,0.9392565196136979,0.9107940196990967,0.9107940196990967,692550,0.0,0.0
1995-08-15 00:00:00-04:00,0.9250249742407419,0.9250249742407419,0.8965624834159118,0.9036776423454285,1619747,0.0,0.0
1995-08-16 00:00:00-04:00,0.9250251315641724,0.9250251315641724,0.8965626358985901,0.8965626358985901,1702519,0.0,0.0
1995-08-17 00:00:00-04:00,0.9107938837313813,0.9107938837313813,0.8965626358985901,0.8965626358985901,1494450,0.0,0.0
1995-08-18 00:00:00-04:00,0.9107938837313813,0.9250251315641724,0.8965626358985901,0.8965626358985901,581681,0.0,0.0
1995-08-21 00:00:00-04:00,0.9250251416709924,0.9250251416709924,0.8396377052720547,0.8538689017295837,1167919,0.0,0.0
1995-08-22 00:00:00-04:00,0.8396376628226658,0.8681001058295066,0.796944797039032,0.796944797039032,1338019,0.0,0.0
1995-08-23 00:00:00-04:00,0.8396376967430115,0.8538688930559799,0.7969448292346375,0.8396376967430115,2773997,0.0,0.0
1995-08-24 00:00:00-04:00,0.8396376967430115,0.8396376967430115,0.8111760770783581,0.8396376967430115,922641,0.0,0.0
1995-08-25 00:00:00-04:00,0.8396376632697794,0.8396376632697794,0.811176044739785,0.832522451877594,299953,0.0,0.0
1995-08-28 00:00:00-04:00,0.8396377586970549,0.8538689560600955,0.8111761369323143,0.8254073858261108,1049456,0.0,0.0
1995-08-29 00:00:00-04:00,0.8538689560600955,0.8538689560600955,0.7969448880385177,0.8254073858261108,1031991,0.0,0.0
1995-08-30 00:00:00-04:00,0.825407385826111,0.825407385826111,0.7969448880385177,0.8254073858261108,541434,0.0,0.0
1995-08-31 00:00:00-04:00,0.825407385826111,0.8396377586970549,0.7969448880385177,0.8254073858261108,1261322,0.0,0.0
1995-09-01 00:00:00-04:00,0.8396377586970549,0.8396377586970549,0.8111761369323143,0.8254073858261108,527006,0.0,0.0
1995-09-05 00:00:00-04:00,0.8111761369323143,0.825407385826111,0.8111761369323143,0.8254073858261108,205031,0.0,0.0
1995-09-06 00:00:00-04:00,0.825407385826111,0.825407385826111,0.8111761369323143,0.8254073858261108,495113,0.0,0.0
1995-09-07 00:00:00-04:00,0.8254072920161587,0.853868859015403,0.811176044739785,0.832522451877594,2891700,0.0,0.0
1995-09-08 00:00:00-04:00,0.8396376960981775,0.903677796038216,0.8396376960981775,0.8965626358985901,3551597,0.0,0.0
1995-09-11 00:00:00-04:00,0.9250250458717346,0.9534874358391147,0.8965625528428597,0.9250250458717346,3320747,0.0,0.0
1995-09-12 00:00:00-04:00,0.9107938245471985,0.939256318363263,0.8965625776391662,0.9321402311325073,2528719,0.0,0.0
1995-09-13 00:00:00-04:00,0.9321404389666856,0.9677189248847456,0.910794027621886,0.9606029391288757,3684488,0.0,0.0
1995-09-14 00:00:00-04:00,0.9606030826243606,0.9606030826243606,0.9392566680908203,0.9392566680908203,1510397,0.0,0.0
1995-09-15 00:00:00-04:00,0.9392565196136979,0.96060293077281,0.9107940196990967,0.9107940196990967,1080591,0.0,0.0
1995-09-18 00:00:00-04:00,0.9321403514213932,0.9819492582504014,0.9107939420814178,0.9694972634315491,3808266,0.0,0.0
1995-09-19 00:00:00-04:00,0.981949384943137,0.981949384943137,0.9677189588546752,0.9677189588546753,1678219,0.0,0.0
1995-09-20 00:00:00-04:00,0.9677188028349434,1.0246428684263094,0.9677188028349434,1.0104116201400757,2223450,0.0,0.0
1995-09-21 00:00:00-04:00,1.010411541868403,1.0246427890522112,0.9819491505622864,0.9819491505622864,1095778,0.0,0.0
1995-09-22 00:00:00-04:00,0.9819491505622864,1.010411541868403,0.9819491505622864,0.9819491505622864,1289419,0.0,0.0
1995-09-25 00:00:00-04:00,0.9819491677210163,1.0104115595244891,0.9819491677210163,0.9961804151535034,565734,0.0,0.0
1995-09-26 00:00:00-04:00,1.0104115595244891,1.0104115595244891,0.9819491677210163,0.9961804151535034,1295494,0.0,0.0
1995-09-27 00:00:00-04:00,0.9819494971579008,0.9961807493648692,0.9392566680908203,0.9392566680908203,766209,0.0,0.0
1995-09-28 00:00:00-04:00,0.9819494971579008,0.9819494971579008,0.9392566680908203,0.9392566680908203,300713,0.0,0.0
1995-09-29 00:00:00-04:00,0.9392566680908203,0.9819494971579008,0.9392566680908203,0.9392566680908203,954534,0.0,0.0
1995-10-02 00:00:00-04:00,0.967719069443221,0.967719069443221,0.9392566680908203,0.9392566680908203,456384,0.0,0.0
1995-10-03 00:00:00-04:00,0.9534878172362526,0.9819494971579008,0.9392566680908203,0.9392566680908203,1103372,0.0,0.0
1995-10-04 00:00:00-04:00,0.9392565607548875,0.9677189588546752,0.9392565607548875,0.9677189588546753,88847,0.0,0.0
1995-10-05 00:00:00-04:00,0.9677189588546752,0.9677189588546752,0.9392565607548875,0.9677189588546753,201994,0.0,0.0
1995-10-06 00:00:00-04:00,0.9392566680908203,0.967719069443221,0.9392566680908203,0.9392566680908203,561178,0.0,0.0
1995-10-09 00:00:00-04:00,0.9392565196136979,0.9534876665094789,0.9107940196990967,0.9107940196990967,1361559,0.0,0.0
1995-10-10 00:00:00-04:00,0.9250252696563973,0.9392565196136979,0.8823315197844953,0.9107940196990967,1643288,0.0,0.0
1995-10-11 00:00:00-04:00,0.9107938837313813,0.9250251315641724,0.8823313880657989,0.8965626358985901,1146656,0.0,0.0
1995-10-12 00:00:00-04:00,0.9250252696563973,0.9392565196136979,0.8965627697417959,0.9107940196990967,289322,0.0,0.0
1995-10-13 00:00:00-04:00,0.9392564013952535,1.0388741079428905,0.910793905063052,1.01752769947052,9364613,0.0,0.0
1995-10-16 00:00:00-04:00,1.0317591607013024,1.0957993268966675,0.9961806722235976,1.0957993268966675,4819753,0.0,0.0
1995-10-17 00:00:00-04:00,1.1100302212231141,1.1100302212231141,1.0531052350997925,1.0531052350997925,3241772,0.0,0.0
1995-10-18 00:00:00-04:00,1.0531054293491051,1.0957991768166209,1.0531054293491051,1.0673366785049438,1140581,0.0,0.0
1995-10-19 00:00:00-04:00,1.0815679416981028,1.0815679416981028,1.0246429443359375,1.0246429443359375,1052494,0.0,0.0
1995-10-20 00:00:00-04:00,1.0246431357421102,1.0531056397400675,1.0246431357421102,1.0388743877410889,625725,0.0,0.0
1995-10-23 00:00:00-04:00,1.0246427762577994,1.0957990112883333,1.0246427762577994,1.0815677642822266,1259044,0.0,0.0
1995-10-24 00:00:00-04:00,1.0957991208037348,1.138491938535338,1.067336623946947,1.1242616176605225,5683163,0.0,0.0
1995-10-25 00:00:00-04:00,1.1100300224873936,1.1527228268828664,1.1100300224873936,1.1171451807022095,1119319,0.0,0.0
1995-10-26 00:00:00-04:00,1.1242615409216705,1.1527231082821754,1.1100302934646606,1.1100302934646606,1114763,0.0,0.0
1995-10-27 00:00:00-04:00,1.11003057800161,1.1384921526577423,1.0957993268966675,1.0957993268966675,1352447,0.0,0.0
1995-10-30 00:00:00-05:00,1.124261505300547,1.124261505300547,1.0673365172761198,1.0815677642822266,2060944,0.0,0.0
1995-10-31 00:00:00-05:00,1.0673366132850106,1.0673366132850106,0.9961804749153496,1.0104116201400757,1302328,0.0,0.0
1995-11-01 00:00:00-05:00,0.9961804151535034,1.0175276470174894,0.9961804151535034,0.9961804151535034,510300,0.0,0.0
1995-11-02 00:00:00-05:00,1.0175276470174894,1.0246428069569764,0.9961804151535034,0.9961804151535034,2966878,0.0,0.0
1995-11-03 00:00:00-05:00,1.010411694995396,1.0388741936764787,0.99618054871637,1.0246429443359375,1663031,0.0,0.0
1995-11-06 00:00:00-05:00,1.0246428684263094,1.038874116712543,0.9961804749153496,1.0104116201400757,700144,0.0,0.0
1995-11-07 00:00:00-05:00,1.0246428684263094,1.0246428684263094,0.9961804749153496,1.0104116201400757,526247,0.0,0.0
1995-11-08 00:00:00-05:00,1.010411694995396,1.0388741936764787,0.99618054871637,1.0246429443359375,3099769,0.0,0.0
1995-11-09 00:00:00-05:00,1.0246428069569764,1.0246428069569764,0.9961804151535034,0.9961804151535034,2471006,0.0,0.0
1995-11-10 00:00:00-05:00,1.0104117830429247,1.0104117830429247,0.9107940595935755,0.9677189588546753,1448128,0.0,0.0
1995-11-13 00:00:00-05:00,0.9677188841407282,0.9677188841407282,0.9463716492025491,0.9534876346588135,1139822,0.0,0.0
1995-11-14 00:00:00-05:00,0.9463718304173923,0.967719069443221,0.9250254158838519,0.9392566680908203,1281066,0.0,0.0
1995-11-15 00:00:00-05:00,0.9250250893805507,0.9819491505622864,0.9250250893805507,0.9819491505622864,2345709,0.0,0.0
1995-11-16 00:00:00-05:00,0.996180352037966,1.067336481630623,0.9819491055071355,1.0531052350997925,11622994,0.0,0.0
1995-11-17 00:00:00-05:00,1.0602202115829018,1.095798785545455,1.0531050533223678,1.0940195322036743,4729388,0.0,0.0
1995-11-20 00:00:00-05:00,1.067336481630623,1.1100302212231141,1.0246427420381317,1.0531052350997925,3592603,0.0,0.0
1995-11-21 00:00:00-05:00,1.0673366743685995,1.1100304216706602,1.0531054252679124,1.1029143333435059,4436269,0.0,0.0
1995-11-22 00:00:00-05:00,1.11003057800161,1.1242618291065525,1.0886832375673199,1.0957993268966675,2794500,0.0,0.0
1995-11-24 00:00:00-05:00,1.117145453416408,1.1242615409216705,1.0957990460076508,1.1100302934646606,210347,0.0,0.0
1995-11-27 00:00:00-05:00,1.1171451807022095,1.124261266470314,1.0957987785044732,1.1171451807022095,1174753,0.0,0.0
1995-11-28 00:00:00-05:00,1.1100303451029891,1.124261593222033,1.0673366007458573,1.088683009147644,927956,0.0,0.0
1995-11-29 00:00:00-05:00,1.0957990112883333,1.0957990112883333,1.053105270270013,1.0815677642822266,760894,0.0,0.0
1995-11-30 00:00:00-05:00,1.053105364998777,1.0815678615712445,0.9534875545487096,1.0104116201400757,1801997,0.0,0.0
1995-12-01 00:00:00-05:00,0.981949384943137,1.0246430336235806,0.9677189588546752,0.9677189588546753,1072238,0.0,0.0
1995-12-04 00:00:00-05:00,0.9961804151535034,1.0104115595244891,0.9677187447805409,0.9961804151535034,982631,0.0,0.0
1995-12-05 00:00:00-05:00,0.9961803592508579,0.9961803592508579,0.9107938070010847,0.9179089665412903,2544666,0.0,0.0
1995-12-06 00:00:00-05:00,0.9107938070010847,0.9392563002688296,0.9107938070010847,0.9179089665412903,854297,0.0,0.0
1995-12-07 00:00:00-05:00,0.9250254158838519,0.9534878172362526,0.9107941636768836,0.9392566680908203,1271194,0.0,0.0
1995-12-08 00:00:00-05:00,0.9534874806866674,0.9890651348694394,0.9250250893805507,0.9819491505622864,669009,0.0,0.0
1995-12-11 00:00:00-05:00,0.9677187447805409,1.0388740543894635,0.939256352977068,0.9961804151535034,2718563,0.0,0.0
1995-12-12 00:00:00-05:00,1.017527872110112,1.0246430336235806,0.9677189588546752,0.9677189588546753,1117800,0.0,0.0
1995-12-13 00:00:00-05:00,0.9961807493648692,0.9961807493648692,0.9107941636768836,0.9392566680908203,1454203,0.0,0.0
1995-12-14 00:00:00-05:00,0.9250250536349571,0.9392563002688296,0.9107938070010847,0.9179089665412903,3523500,0.0,0.0
1995-12-15 00:00:00-05:00,0.9107940196990967,0.9392565196136979,0.9107940196990967,0.9107940196990967,1902994,0.0,0.0
1995-12-18 00:00:00-05:00,0.9250252294158151,0.9321403903081017,0.8823314814011827,0.8894475698471069,1959188,0.0,0.0
1995-12-19 00:00:00-05:00,0.8823313530983021,0.903677760224744,0.796944797039032,0.796944797039032,2259900,0.0,0.0
1995-12-20 00:00:00-05:00,0.8254073698532953,0.8254073698532953,0.7969448726164923,0.8111761212348938,2164978,0.0,0.0
1995-12-21 00:00:00-05:00,0.8111760443078274,0.8396376628226658,0.796944797039032,0.796944797039032,2878031,0.0,0.0
1995-12-22 00:00:00-05:00,0.7969449285100909,0.8396378013367174,0.7969449285100909,0.8289650082588196,1754916,0.0,0.0
1995-12-26 00:00:00-05:00,0.8182912455356542,0.8894474854770628,0.8182912455356542,0.8538689017295837,2052591,0.0,0.0
1995-12-27 00:00:00-05:00,0.8538689766878507,0.8894475635586535,0.8538689766878507,0.8681002259254456,643191,0.0,0.0
1995-12-28 00:00:00-05:00,0.8752161541931343,1.0104115028232346,0.8396376253624704,0.9179089665412903,6344578,0.0,0.0
1995-12-29 00:00:00-05:00,0.939256292386172,0.939256292386172,0.9036777123233517,0.9250250458717346,1673663,0.0,0.0
1996-01-02 00:00:00-05:00,0.9250252696563973,0.9463716808155094,0.8823315197844953,0.9107940196990967,962888,0.0,0.0
1996-01-03 00:00:00-05:00,0.9036780737964871,0.9534878172362526,0.8965629114699152,0.9392566680908203,1841484,0.0,0.0
1996-01-04 00:00:00-05:00,0.9392565196136979,0.9392565196136979,0.8965627697417959,0.9107940196990967,1570388,0.0,0.0
1996-01-05 00:00:00-05:00,0.8965625528428597,0.9250250458717346,0.8965625528428597,0.9250250458717346,525488,0.0,0.0
1996-01-08 00:00:00-05:00,0.9107937993572971,0.939256292386172,0.9107937993572971,0.9250250458717346,141244,0.0,0.0
1996-01-09 00:00:00-05:00,0.9321403369687493,0.9321403369687493,0.868100182388154,0.8823314309120178,814809,0.0,0.0
1996-01-10 00:00:00-05:00,0.8681002259254456,0.8965627244006354,0.8681002259254456,0.8681002259254456,1022119,0.0,0.0
1996-01-11 00:00:00-05:00,0.8823315197844953,0.9107940196990967,0.8681002698271946,0.9107940196990967,3368588,0.0,0.0
1996-01-12 00:00:00-05:00,0.9107938837313813,0.9107938837313813,0.8965626358985901,0.8965626358985901,914288,0.0,0.0
1996-01-15 00:00:00-05:00,0.9036776423454285,0.9107937288283269,0.8965624834159118,0.9036776423454285,760894,0.0,0.0
1996-01-16 00:00:00-05:00,0.9107939892745861,0.9606028986844637,0.8965627397926715,0.9534876346588135,1857431,0.0,0.0
1996-01-17 00:00:00-05:00,0.9392565607548875,0.981949384943137,0.9392565607548875,0.9677189588546753,2897775,0.0,0.0
1996-01-18 00:00:00-05:00,0.9677188841407282,0.9748340451048619,0.9534876346588136,0.9534876346588135,1035788,0.0,0.0
1996-01-19 00:00:00-05:00,0.9606028986844637,0.9748340451048619,0.9534876346588136,0.9534876346588135,1169438,0.0,0.0
1996-01-22 00:00:00-05:00,0.9606030826243606,0.9819494971579008,0.9392566680908203,0.9392566680908203,777600,0.0,0.0
1996-01-23 00:00:00-05:00,0.9392566680908203,0.9534878172362526,0.9392566680908203,0.9392566680908203,2454300,0.0,0.0
1996-01-24 00:00:00-05:00,0.939256292386172,0.939256292386172,0.9107937993572971,0.9250250458717346,1131469,0.0,0.0
1996-01-25 00:00:00-05:00,0.9107940196990967,0.9250252696563973,0.8823315197844953,0.9107940196990967,1958428,0.0,0.0
1996-01-26 00:00:00-05:00,0.9107938847539491,0.9250251326027179,0.8396376970408568,0.8609849810600281,2339634,0.0,0.0
1996-01-29 00:00:00-05:00,0.8609849810600281,0.8609849810600281,0.8538688933588734,0.8609849810600281,786713,0.0,0.0
1996-01-30 00:00:00-05:00,0.8574274009862209,0.8681001412076423,0.8396376970408568,0.8609849810600281,939347,0.0,0.0
1996-01-31 00:00:00-05:00,0.8609849895004994,0.8609849895004994,0.8396377052720547,0.8538689017295837,1615191,0.0,0.0
1996-02-01 00:00:00-05:00,0.8538689017295837,0.8681001497178654,0.8396377052720547,0.8538689017295837,2231803,0.0,0.0
1996-02-02 00:00:00-05:00,0.8538688930559799,0.8823313887434212,0.8396376967430115,0.8396376967430115,1126913,0.0,0.0
1996-02-05 00:00:00-05:00,0.8396377586970549,0.8609850442837981,0.825407385826111,0.8254073858261108,1170197,0.0,0.0
1996-02-06 00:00:00-05:00,0.8325225464962049,0.8538689560600955,0.825407385826111,0.8254073858261108,1335741,0.0,0.0
1996-02-07 00:00:00-05:00,0.8396379759577762,0.8681004295794221,0.8254075994046477,0.8467540144920349,1605319,0.0,0.0
1996-02-08 00:00:00-05:00,0.8467537332112591,0.8681001412076423,0.8467537332112591,0.8609849810600281,713053,0.0,0.0
1996-02-09 00:00:00-05:00,0.8681002320629719,0.9250252294158151,0.8609850711706853,0.8894475698471069,1660753,0.0,0.0
1996-02-12 00:00:00-05:00,0.8965626358985901,0.9107938837313813,0.8823313880657989,0.8965626358985901,1222594,0.0,0.0
1996-02-13 00:00:00-05:00,0.8823313890564112,0.9107938847539491,0.8609849810600281,0.8609849810600281,762413,0.0,0.0
1996-02-14 00:00:00-05:00,0.8823315261133825,0.8823315261133825,0.8538690259946221,0.8752163648605347,741150,0.0,0.0
1996-02-15 00:00:00-05:00,0.8538689338642901,0.8965626794358817,0.8538689338642901,0.8823314309120178,471572,0.0,0.0
1996-02-16 00:00:00-05:00,0.8965627307393935,0.8965627307393935,0.8752163205088961,0.8894475698471069,442716,0.0,0.0
1996-02-20 00:00:00-05:00,0.8894474854770628,0.8894474854770628,0.8538689017295837,0.8538689017295837,278691,0.0,0.0
1996-02-21 00:00:00-05:00,0.8538689766878507,0.8681002259254456,0.8538689766878507,0.8681002259254456,1012247,0.0,0.0
1996-02-22 00:00:00-05:00,0.875216228908797,0.8823313890564112,0.8538688933588734,0.8609849810600281,454106,0.0,0.0
1996-02-23 00:00:00-05:00,0.8681001497178654,0.8823313977061471,0.8538689017295837,0.8538689017295837,788231,0.0,0.0
1996-02-26 00:00:00-05:00,0.8681001412076423,0.8681001412076423,0.8538688933588734,0.8609849810600281,400191,0.0,0.0
1996-02-27 00:00:00-05:00,0.8609849895004994,0.8609849895004994,0.8538689017295837,0.8538689017295837,1267397,0.0,0.0
1996-02-28 00:00:00-05:00,0.8609850219030143,0.9107939279597457,0.8538689338642901,0.8823314309120178,635597,0.0,0.0
1996-02-29 00:00:00-05:00,0.8823314309120179,0.9107939279597457,0.868100182388154,0.8823314309120178,659138,0.0,0.0
1996-03-01 00:00:00-05:00,0.8681002259254456,0.8823314751630406,0.8681002259254456,0.8681002259254456,1005413,0.0,0.0
1996-03-04 00:00:00-05:00,0.8752162374887811,0.8823313977061471,0.8538689017295837,0.8538689017295837,381206,0.0,0.0
1996-03-05 00:00:00-05:00,0.875216228908797,0.875216228908797,0.8538688933588734,0.8609849810600281,366778,0.0,0.0
1996-03-06 00:00:00-05:00,0.8538688933588734,0.8609849810600281,0.8396376970408568,0.8609849810600281,811772,0.0,0.0
1996-03-07 00:00:00-05:00,0.8609849895004994,0.8609849895004994,0.8396377052720547,0.8538689017295837,1208925,0.0,0.0
1996-03-08 00:00:00-05:00,0.8396376967430115,0.8538688930559799,0.8396376967430115,0.8396376967430115,508022,0.0,0.0
1996-03-11 00:00:00-05:00,0.8396377052720547,0.8538689017295837,0.8396377052720547,0.8538689017295837,523969,0.0,0.0
1996-03-12 00:00:00-05:00,0.8396377052720547,0.8538689017295837,0.8396377052720547,0.8538689017295837,1111725,0.0,0.0
1996-03-13 00:00:00-05:00,0.853868820465595,0.9179089665412903,0.8396376253624704,0.9179089665412903,3930525,0.0,0.0
1996-03-14 00:00:00-05:00,0.9250252696563973,0.9534876665094789,0.9107940196990967,0.9107940196990967,4815197,0.0,0.0
1996-03-15 00:00:00-05:00,0.9250254158838519,0.9534878172362526,0.9107941636768836,0.9392566680908203,3287334,0.0,0.0
1996-03-18 00:00:00-05:00,0.9392564882384153,0.9606028986844637,0.9250252387565008,0.9534876346588135,1848319,0.0,0.0
1996-03-19 00:00:00-05:00,0.9534877202372494,0.9677189709964622,0.9463717341423035,0.9463717341423035,2477841,0.0,0.0
1996-03-20 00:00:00-05:00,0.9463716890477807,0.9677189248847456,0.9463716890477807,0.9606029391288757,833794,0.0,0.0
1996-03-21 00:00:00-05:00,0.9677187999706034,0.9748339603158757,0.853868917079224,0.8858889937400818,2808928,0.0,0.0
1996-03-22 00:00:00-05:00,0.8894474764420516,0.8894474764420516,0.8111760770783581,0.8396376967430115,1183106,0.0,0.0
1996-03-25 00:00:00-05:00,0.8111760964950853,0.8111760964950853,0.7684824034727374,0.7827136516571045,2600100,0.0,0.0
1996-03-26 00:00:00-05:00,0.7755975472293835,0.782713634946422,0.7684823870658875,0.7684823870658875,793547,0.0,0.0
1996-03-27 00:00:00-05:00,0.7684823496817851,0.782713596870017,0.6404021040719455,0.6475172638893127,5293603,0.0,0.0
1996-03-28 00:00:00-05:00,0.7044424759806209,0.7400201440566396,0.6617487692878529,0.7257888913154602,3520463,0.0,0.0
1996-03-29 00:00:00-05:00,0.7400199174880981,0.7542511658721607,0.7257886691040355,0.7400199174880981,1203609,0.0,0.0
1996-04-01 00:00:00-05:00,0.7400199751879133,0.7400199751879133,0.6830950287439439,0.6902111172676086,545991,0.0,0.0
1996-04-02 00:00:00-05:00,0.6830951020175057,0.6973263530377312,0.6475174382438156,0.6688647270202637,1914384,0.0,0.0
1996-04-03 00:00:00-05:00,0.6830949187278748,0.6902110061054559,0.6688645475489593,0.6830949187278748,605222,0.0,0.0
1996-04-04 00:00:00-05:00,0.6830950078794135,0.740019952584661,0.6688646348432752,0.7329047918319702,2096634,0.0,0.0
1996-04-08 00:00:00-04:00,0.7257888913154603,0.7257888913154603,0.6973264373638716,0.7257888913154602,396394,0.0,0.0
1996-04-09 00:00:00-04:00,0.7257886101090775,0.7257886101090775,0.7044422030448914,0.7044422030448914,815569,0.0,0.0
1996-04-10 00:00:00-04:00,0.6830951584774793,0.7115576628704462,0.6404023294418527,0.6546335816383362,1697963,0.0,0.0
1996-04-11 00:00:00-04:00,0.6688646284871468,0.6759798407029793,0.6048236476149182,0.6261709332466125,1115522,0.0,0.0
1996-04-12 00:00:00-04:00,0.6546334310941395,0.6546334310941395,0.5977084353990857,0.6261709332466125,612056,0.0,0.0
1996-04-15 00:00:00-04:00,0.6190548965386817,0.6475173428554525,0.6190548965386817,0.6261709332466125,782916,0.0,0.0
1996-04-16 00:00:00-04:00,0.6332862010853947,0.6404022905281429,0.6119397878646851,0.6119397878646851,767728,0.0,0.0
1996-04-17 00:00:00-04:00,0.6261709332466125,0.640402182170376,0.6119396843228492,0.6261709332466125,463978,0.0,0.0
1996-04-18 00:00:00-04:00,0.6261709485658983,0.6475173586969786,0.6226133681363237,0.6404021978378296,724444,0.0,0.0
1996-04-19 00:00:00-04:00,0.6404021040719455,0.6475172638893127,0.6261708568837137,0.6475172638893127,612056,0.0,0.0
1996-04-22 00:00:00-04:00,0.6332861185073851,0.6475173679834154,0.6332861185073851,0.6332861185073853,239203,0.0,0.0
1996-04-23 00:00:00-04:00,0.6404022905281429,0.6475174524171237,0.6119397878646851,0.6119397878646851,924919,0.0,0.0
1996-04-24 00:00:00-04:00,0.6404022070222236,0.6404022070222236,0.6119397080701632,0.6332861185073853,1136784,0.0,0.0
1996-04-25 00:00:00-04:00,0.6332860184391877,0.7400198573363682,0.6119396113750016,0.7044422030448914,951497,0.0,0.0
1996-04-26 00:00:00-04:00,0.7257887256942315,0.7329048142178962,0.6902111172676088,0.6902111172676086,1920459,0.0,0.0
1996-04-29 00:00:00-04:00,0.7044422017763698,0.7044422017763698,0.6688645475489593,0.6830949187278748,454866,0.0,0.0
1996-04-30 00:00:00-04:00,0.6688645070568918,0.7115573700545723,0.6688645070568918,0.697326123714447,964406,0.0,0.0
1996-05-01 00:00:00-04:00,0.6830951584774793,0.6973264106739627,0.6546335816383362,0.6546335816383362,631800,0.0,0.0
1996-05-02 00:00:00-04:00,0.6546334471097608,0.6688646448509347,0.6404021978378296,0.6404021978378296,554344,0.0,0.0
1996-05-03 00:00:00-04:00,0.6688646448509347,0.6688646448509347,0.6048236624119422,0.6404021978378296,1192978,0.0,0.0
1996-05-06 00:00:00-04:00,0.6404020632316094,0.661748468875885,0.6261708169509462,0.661748468875885,438159,0.0,0.0
1996-05-07 00:00:00-04:00,0.6617487692878529,0.7257888913154603,0.6404023539530135,0.7257888913154602,1896159,0.0,0.0
1996-05-08 00:00:00-04:00,0.7257886434242837,0.7969448312962042,0.7186734832607877,0.7684823870658875,3329859,0.0,0.0
1996-05-09 00:00:00-04:00,0.7542511571515207,0.7684824053710418,0.711557464023711,0.7471359968185425,1110206,0.0,0.0
1996-05-10 00:00:00-04:00,0.7542511375017837,0.8609849810600281,0.7400198896530149,0.8609849810600281,5677088,0.0,0.0
1996-05-13 00:00:00-04:00,0.8538690049000381,0.8681002546078395,0.7684824857376508,0.789828896522522,4011778,0.0,0.0
1996-05-14 00:00:00-04:00,0.789828761158633,0.8111760443078274,0.7400198594946001,0.796944797039032,2720841,0.0,0.0
1996-05-15 00:00:00-04:00,0.8111760791767388,0.8111760791767388,0.7684823870658875,0.7684823870658875,517134,0.0,0.0
1996-05-16 00:00:00-04:00,0.7684823870658875,0.789828795109918,0.7613662993488489,0.7684823870658875,188325,0.0,0.0
1996-05-17 00:00:00-04:00,0.7542510476635409,0.7755974531173706,0.7542510476635409,0.7755974531173706,272616,0.0,0.0
1996-05-20 00:00:00-04:00,0.7613663971069192,0.7969449336224944,0.7542512360298494,0.789828896522522,743428,0.0,0.0
1996-05-21 00:00:00-04:00,0.7684824556926045,0.7827137048440125,0.7613663673400879,0.7613663673400879,411581,0.0,0.0
1996-05-22 00:00:00-04:00,0.7684824857376508,0.7898288965225219,0.7684824857376508,0.789828896522522,1546088,0.0,0.0
1996-05-23 00:00:00-04:00,0.7969449024646635,0.7969449024646635,0.7613663673400879,0.7613663673400879,277172,0.0,0.0
1996-05-24 00:00:00-04:00,0.7755976164914958,0.7755976164914958,0.7542512065411966,0.7613663673400879,212625,0.0,0.0
1996-05-28 00:00:00-04:00,0.7613663262874043,0.775597574671467,0.7329047570728545,0.7400199174880981,1158047,0.0,0.0
1996-05-29 00:00:00-04:00,0.7257887035256599,0.7542512016436621,0.7257887035256599,0.7329047918319702,2754253,0.0,0.0
1996-05-30 00:00:00-04:00,0.7400199071040032,0.7969448483107182,0.7257886589196361,0.7827136516571045,4672434,0.0,0.0
1996-05-31 00:00:00-04:00,0.7827138932067941,0.8538691770032145,0.7827138932067941,0.8467540144920349,2584913,0.0,0.0
1996-06-03 00:00:00-04:00,0.8325224935239359,0.8609849895004994,0.8111760853182881,0.8538689017295837,3058003,0.0,0.0
1996-06-04 00:00:00-04:00,0.8538689338642901,0.8965626794358817,0.8467537733791504,0.8823314309120178,3263034,0.0,0.0
1996-06-05 00:00:00-04:00,0.8894473933623677,0.9321402053522265,0.8752161468479303,0.9250250458717346,5874525,0.0,0.0
1996-06-06 00:00:00-04:00,0.9179090539000767,0.9463715498766401,0.8396377052720547,0.8538689017295837,2811966,0.0,0.0
1996-06-07 00:00:00-04:00,0.8396377052720547,0.8752162374887811,0.8182912455356542,0.8538689017295837,1137544,0.0,0.0
1996-06-10 00:00:00-04:00,0.868100182388154,0.8894475189507421,0.8538689338642901,0.8823314309120178,1741247,0.0,0.0
1996-06-11 00:00:00-04:00,0.8965627307393935,0.9321403903081017,0.8823314814011827,0.8894475698471069,1521028,0.0,0.0
1996-06-12 00:00:00-04:00,0.903677796038216,0.903677796038216,0.8894474757589642,0.8965626358985901,514856,0.0,0.0
1996-06-13 00:00:00-04:00,0.8894474764420516,0.8965626365871419,0.7969448292346375,0.8396376967430115,713813,0.0,0.0
1996-06-14 00:00:00-04:00,0.8254073698532953,0.8396377424488612,0.8040600846796527,0.8111761212348938,315141,0.0,0.0
1996-06-17 00:00:00-04:00,0.8111763251842945,0.8111763251842945,0.6475174917631825,0.6546335816383362,3990516,0.0,0.0
1996-06-18 00:00:00-04:00,0.6546335418598719,0.6830951169695623,0.5692460854002631,0.6119397878646851,4615481,0.0,0.0
1996-06-19 00:00:00-04:00,0.633286093931689,0.640402182170376,0.6048236476149182,0.6261709332466125,621928,0.0,0.0
1996-06-20 00:00:00-04:00,0.626170829844353,0.626170829844353,0.6048235477378264,0.6190547943115234,512578,0.0,0.0
1996-06-21 00:00:00-04:00,0.6048235477378264,0.6332859893544728,0.6048235477378264,0.6190547943115234,600666,0.0,0.0
1996-06-24 00:00:00-04:00,0.6048236265618645,0.6190548749902584,0.5407834724108813,0.5621308088302612,954534,0.0,0.0
1996-06-25 00:00:00-04:00,0.5407834724108813,0.5834772176960629,0.5194370635450797,0.5621308088302612,1353966,0.0,0.0
1996-06-26 00:00:00-04:00,0.5550146519663642,0.5763619342059616,0.5407834053039551,0.5407834053039551,157950,0.0,0.0
1996-06-27 00:00:00-04:00,0.5621308333433521,0.5977084406582419,0.5407834959930694,0.5692459940910339,1412438,0.0,0.0
1996-06-28 00:00:00-04:00,0.5550148252239286,0.5763621141274547,0.5478996634483337,0.5478996634483337,378928,0.0,0.0
1996-07-01 00:00:00-04:00,0.5478995604018674,0.5763620057279008,0.5478995604018674,0.5621308088302612,284766,0.0,0.0
1996-07-02 00:00:00-04:00,0.562130837564149,0.562130837564149,0.5336683392524719,0.5336683392524719,277931,0.0,0.0
1996-07-03 00:00:00-04:00,0.5336682791767305,0.5550146867306823,0.4696281804921051,0.47674334049224854,880875,0.0,0.0
1996-07-05 00:00:00-04:00,0.49809068441390997,0.49809068441390997,0.47674339825091067,0.4980906844139099,75178,0.0,0.0
1996-07-08 00:00:00-04:00,0.4980906399308125,0.5407834563982813,0.47674335567428006,0.5265522599220276,855056,0.0,0.0
1996-07-09 00:00:00-04:00,0.5407834724108813,0.5834772176960629,0.5265522755132419,0.5621308088302612,1000097,0.0,0.0
1996-07-10 00:00:00-04:00,0.5834772074172426,0.6546333967749353,0.5550147110618643,0.5977084040641785,1635694,0.0,0.0
1996-07-11 00:00:00-04:00,0.6190549511321964,0.6190549511321964,0.5194371274343185,0.5550147891044617,614334,0.0,0.0
1996-07-12 00:00:00-04:00,0.5407835389256659,0.5550147891044617,0.5336683776131143,0.5550147891044617,280969,0.0,0.0
1996-07-15 00:00:00-04:00,0.5336682457494821,0.5550146519663642,0.5336682457494821,0.5407834053039551,220219,0.0,0.0
1996-07-16 00:00:00-04:00,0.5194370583562715,0.5407834670088377,0.4838594014174717,0.5052058100700378,545231,0.0,0.0
1996-07-17 00:00:00-04:00,0.5052058452760732,0.5052058452760732,0.48385943513595003,0.4980906844139099,366778,0.0,0.0
1996-07-18 00:00:00-04:00,0.49809064135284586,0.5194370496475236,0.49097460508300395,0.5123218894004822,199716,0.0,0.0
1996-07-19 00:00:00-04:00,0.5052057709342015,0.5123218583028541,0.4909745752811432,0.4909745752811432,334125,0.0,0.0
1996-07-22 00:00:00-04:00,0.4909746924715685,0.4909746924715685,0.46251219131025645,0.48385947942733765,631800,0.0,0.0
1996-07-23 00:00:00-04:00,0.4980906580207099,0.4980906580207099,0.44116571545600897,0.4411657154560089,425250,0.0,0.0
1996-07-24 00:00:00-04:00,0.4198192906474258,0.4482817350932365,0.3984719806536048,0.42693445086479187,1111725,0.0,0.0
1996-07-25 00:00:00-04:00,0.44116569885307355,0.44116569885307355,0.40558804265914405,0.42693445086479187,252113,0.0,0.0
1996-07-26 00:00:00-04:00,0.4269344995254787,0.4269344995254787,0.41270327568054205,0.412703275680542,159469,0.0,0.0
1996-07-29 00:00:00-04:00,0.426934450949146,0.47674335514119853,0.41981929073037416,0.44828173518180847,741909,0.0,0.0
1996-07-30 00:00:00-04:00,0.4482817337795703,0.4625121057033538,0.4482817337795703,0.4625121057033539,248316,0.0,0.0
1996-07-31 00:00:00-04:00,0.4411656989402396,0.462512107150105,0.426934450949146,0.44828173518180847,126056,0.0,0.0
1996-08-01 00:00:00-04:00,0.44116575989224766,0.46251217105135967,0.44116575989224766,0.45539700984954834,87328,0.0,0.0
1996-08-02 00:00:00-04:00,0.44828173518180847,0.462512107150105,0.41981929073037416,0.44828173518180847,253631,0.0,0.0
1996-08-05 00:00:00-04:00,0.4127032772897229,0.4411657508559542,0.40558809046827027,0.434050589799881,426009,0.0,0.0
1996-08-06 00:00:00-04:00,0.42693450993494697,0.45539700984954834,0.42693450993494697,0.45539700984954834,100238,0.0,0.0
1996-08-07 00:00:00-04:00,0.42693446693214504,0.45539696397987284,0.42693446693214504,0.4411657154560089,123778,0.0,0.0
1996-08-08 00:00:00-04:00,0.44828170227814085,0.44828170227814085,0.37001035937973403,0.3984719514846802,2219653,0.0,0.0
1996-08-09 00:00:00-04:00,0.3984720260702261,0.41270327568054205,0.3984720260702261,0.412703275680542,119222,0.0,0.0
1996-08-12 00:00:00-04:00,0.41270327568054205,0.41270327568054205,0.4055880888868324,0.412703275680542,148838,0.0,0.0
1996-08-13 00:00:00-04:00,0.41270319843120684,0.41270319843120684,0.384240730303528,0.3984719514846802,533841,0.0,0.0
1996-08-14 00:00:00-04:00,0.4055880626539999,0.4055880626539999,0.34154793309180526,0.3771255910396576,552066,0.0,0.0
1996-08-15 00:00:00-04:00,0.34154803032289077,0.3842408867579545,0.32731680334709645,0.3628944456577301,2221172,0.0,0.0
1996-08-16 00:00:00-04:00,0.3664519735296496,0.4411657508559542,0.3628943672362336,0.434050589799881,1521788,0.0,0.0
1996-08-19 00:00:00-04:00,0.44116571545600897,0.46962821250373676,0.43405055497086925,0.4411657154560089,881634,0.0,0.0
1996-08-20 00:00:00-04:00,0.45539692109837127,0.5407834251169734,0.45539692109837127,0.4909745752811432,1523306,0.0,0.0
1996-08-21 00:00:00-04:00,0.5123218395325999,0.5407834053039551,0.4909745572930026,0.5407834053039551,839869,0.0,0.0
1996-08-22 00:00:00-04:00,0.5407835000535783,0.5407835000535783,0.5123219292955269,0.5336683392524719,482203,0.0,0.0
1996-08-23 00:00:00-04:00,0.533668445869523,0.5407836080921069,0.5123220316479606,0.5194371938705444,375891,0.0,0.0
1996-08-26 00:00:00-04:00,0.5407835389256659,0.5977084881100883,0.5265523402776309,0.5550147891044617,1120838,0.0,0.0
1996-08-27 00:00:00-04:00,0.5550147059898377,0.5550147059898377,0.5123218894004822,0.5123218894004822,361463,0.0,0.0
1996-08-28 00:00:00-04:00,0.5407836080921069,0.5407836080921069,0.5194371938705444,0.5194371938705444,151875,0.0,0.0
1996-08-29 00:00:00-04:00,0.5194370181180097,0.5265522294639151,0.4909745752811432,0.4909745752811432,151875,0.0,0.0
1996-08-30 00:00:00-04:00,0.48385937651516214,0.5194370316229222,0.4767433404922486,0.47674334049224854,59991,0.0,0.0
1996-09-03 00:00:00-04:00,0.4767433404922486,0.4767433404922486,0.4767433404922486,0.47674334049224854,41006,0.0,0.0
1996-09-04 00:00:00-04:00,0.4767433404922486,0.505205784069114,0.4482817214074021,0.47674334049224854,423731,0.0,0.0
1996-09-05 00:00:00-04:00,0.4625122441650137,0.47674349637198205,0.4625122441650137,0.46962833404541016,206550,0.0,0.0
1996-09-06 00:00:00-04:00,0.46251209293844026,0.4767433404922486,0.45539693293829675,0.47674334049224854,391838,0.0,0.0
1996-09-09 00:00:00-04:00,0.4696281967883262,0.5123218894004822,0.4696281967883262,0.5123218894004822,348553,0.0,0.0
1996-09-10 00:00:00-04:00,0.4909747414033545,0.5407836080921069,0.4909747414033545,0.5194371938705444,780638,0.0,0.0
1996-09-11 00:00:00-04:00,0.5407835000535783,0.5407835000535783,0.5265523024284967,0.5336683392524719,415378,0.0,0.0
1996-09-12 00:00:00-04:00,0.5407835000535783,0.5407835000535783,0.5265523024284967,0.5336683392524719,197438,0.0,0.0
1996-09-13 00:00:00-04:00,0.5265522984748436,0.5977084406582419,0.5265522984748436,0.5692459940910339,1766306,0.0,0.0
1996-09-16 00:00:00-04:00,0.5692459983652555,0.5692459983652555,0.5265523024284967,0.5336683392524719,940106,0.0,0.0
1996-09-17 00:00:00-04:00,0.5336682457494821,0.5407834053039551,0.5265522101722939,0.5407834053039551,341719,0.0,0.0
1996-09-18 00:00:00-04:00,0.5478994924118912,0.5478994924118912,0.5336682457494821,0.5407834053039551,321216,0.0,0.0
1996-09-19 00:00:00-04:00,0.5407835000535783,0.5407835000535783,0.5265523024284967,0.5336683392524719,500428,0.0,0.0
1996-09-20 00:00:00-04:00,0.526552261425318,0.5407834579422014,0.5123218894004822,0.5123218894004822,356906,0.0,0.0
1996-09-23 00:00:00-04:00,0.498090779648982,0.5265524076238955,0.498090779648982,0.5194371938705444,328050,0.0,0.0
1996-09-24 00:00:00-04:00,0.5123218716227788,0.5194370316229222,0.4767433404922486,0.47674334049224854,785953,0.0,0.0
1996-09-25 00:00:00-04:00,0.4838594794273376,0.5052058915214623,0.47674344189091244,0.48385947942733765,518653,0.0,0.0
1996-09-26 00:00:00-04:00,0.4980906240689705,0.5123218716227788,0.4696281804921051,0.47674334049224854,579403,0.0,0.0
1996-09-27 00:00:00-04:00,0.46962820466199173,0.5265522702533578,0.46962820466199173,0.5052058100700378,1132228,0.0,0.0
1996-09-30 00:00:00-04:00,0.5052058100700378,0.5265522702533578,0.5052058100700378,0.5052058100700378,512578,0.0,0.0
1996-10-01 00:00:00-04:00,0.5052058100700378,0.5265522702533578,0.5052058100700378,0.5052058100700378,593072,0.0,0.0
1996-10-02 00:00:00-04:00,0.505205784069114,0.5123218716227788,0.4696281804921051,0.47674334049224854,681919,0.0,0.0
1996-10-03 00:00:00-04:00,0.46962825980684897,0.48385945823338977,0.45539700984954834,0.45539700984954834,396394,0.0,0.0
1996-10-04 00:00:00-04:00,0.4553970818384418,0.46962833404541016,0.44116582963147344,0.46962833404541016,452588,0.0,0.0
1996-10-07 00:00:00-04:00,0.45539700984954834,0.46962825980684897,0.44116575989224766,0.45539700984954834,424491,0.0,0.0
1996-10-08 00:00:00-04:00,0.434050589799881,0.4411657508559542,0.4127032772897229,0.434050589799881,343997,0.0,0.0
1996-10-09 00:00:00-04:00,0.41270322872342885,0.44828173518180847,0.41270322872342885,0.44828173518180847,555863,0.0,0.0
1996-10-10 00:00:00-04:00,0.4269344598032905,0.5265522702533578,0.4269344598032905,0.5052058100700378,689513,0.0,0.0
1996-10-11 00:00:00-04:00,0.5052058452760732,0.5123219336918698,0.49809068441390997,0.4980906844139099,123019,0.0,0.0
1996-10-14 00:00:00-04:00,0.5123219336918698,0.5194370945540331,0.49809068441390997,0.4980906844139099,66825,0.0,0.0
1996-10-15 00:00:00-04:00,0.4980907300079936,0.4980907300079936,0.46962828037744375,0.48385947942733765,148838,0.0,0.0
1996-10-16 00:00:00-04:00,0.46251217105135967,0.47674342100866035,0.44116575989224766,0.45539700984954834,225534,0.0,0.0
1996-10-17 00:00:00-04:00,0.45539700984954834,0.46251217105135967,0.44116575989224766,0.45539700984954834,178453,0.0,0.0
1996-10-18 00:00:00-04:00,0.44828186798110187,0.46962833404541016,0.44828186798110187,0.46962833404541016,101756,0.0,0.0
1996-10-21 00:00:00-04:00,0.4625121615778328,0.47674341124363817,0.434050589799881,0.434050589799881,342478,0.0,0.0
1996-10-22 00:00:00-04:00,0.46251210705872137,0.46251210705872137,0.4198192906474258,0.42693445086479187,373613,0.0,0.0
1996-10-23 00:00:00-04:00,0.4198193064470053,0.44828175196397846,0.41270324417365845,0.4411657154560089,425250,0.0,0.0
1996-10-24 00:00:00-04:00,0.44116573517163526,0.44116573517163526,0.419819325208664,0.41981932520866394,202753,0.0,0.0
1996-10-25 00:00:00-04:00,0.43405053863570753,0.43405053863570753,0.4198192906474258,0.42693445086479187,89606,0.0,0.0
1996-10-28 00:00:00-05:00,0.4198193401340756,0.4553970005217596,0.4198193401340756,0.434050589799881,611297,0.0,0.0
1996-10-29 00:00:00-05:00,0.4198192906474258,0.43405053863570753,0.4198192906474258,0.42693445086479187,117703,0.0,0.0
1996-10-30 00:00:00-05:00,0.4198193401340756,0.434050589799881,0.4198193401340756,0.434050589799881,228572,0.0,0.0
1996-10-31 00:00:00-05:00,0.4340505743685201,0.4340505743685201,0.419819325208664,0.41981932520866394,284006,0.0,0.0
1996-11-01 00:00:00-05:00,0.4411656975602606,0.49809063781581914,0.41981928941716734,0.4625121057033539,821644,0.0,0.0
1996-11-04 00:00:00-05:00,0.47674342100866035,0.49809070819069046,0.4482817971169771,0.45539700984954834,1141341,0.0,0.0
1996-11-05 00:00:00-05:00,0.4482817350932365,0.4553969468413553,0.42693445086479187,0.42693445086479187,819366,0.0,0.0
1996-11-06 00:00:00-05:00,0.4198193401340756,0.4553970005217596,0.4198193401340756,0.434050589799881,209588,0.0,0.0
1996-11-07 00:00:00-05:00,0.42693445086479187,0.43405053863570753,0.42693445086479187,0.42693445086479187,161747,0.0,0.0
1996-11-08 00:00:00-05:00,0.4269344995254787,0.43405058810746433,0.41270327568054205,0.412703275680542,447272,0.0,0.0
1996-11-11 00:00:00-05:00,0.4269344860117791,0.4269344860117791,0.4127032626173014,0.41981932520866394,205791,0.0,0.0
1996-11-12 00:00:00-05:00,0.419819325208664,0.4340505743685201,0.419819325208664,0.41981932520866394,227813,0.0,0.0
1996-11-13 00:00:00-05:00,0.4198192906474258,0.43405053863570753,0.4198192906474258,0.42693445086479187,331847,0.0,0.0
1996-11-14 00:00:00-05:00,0.4269345774245051,0.46962833404541016,0.4269345774245051,0.46962833404541016,325013,0.0,0.0
1996-11-15 00:00:00-05:00,0.45539696397987284,0.46962821250373676,0.42693446693214504,0.4411657154560089,500428,0.0,0.0
1996-11-18 00:00:00-05:00,0.42693445086479187,0.44116569885307355,0.4127032286418865,0.42693445086479187,600666,0.0,0.0
1996-11-19 00:00:00-05:00,0.419819325208664,0.4340505743685201,0.419819325208664,0.41981932520866394,166303,0.0,0.0
1996-11-20 00:00:00-05:00,0.4198192906474258,0.42693445086479187,0.4198192906474258,0.42693445086479187,444234,0.0,0.0
1996-11-21 00:00:00-05:00,0.4198192906474258,0.43405053863570753,0.4127032286418865,0.42693445086479187,225534,0.0,0.0
1996-11-22 00:00:00-05:00,0.41270319843120684,0.426934419612359,0.3984719514846802,0.3984719514846802,441197,0.0,0.0
1996-11-25 00:00:00-05:00,0.3984719514846802,0.4198192599158365,0.377125544841631,0.3984719514846802,485241,0.0,0.0
1996-11-26 00:00:00-05:00,0.37712559103965754,0.3913568397295175,0.3700104047061476,0.3771255910396576,347034,0.0,0.0
1996-11-27 00:00:00-05:00,0.37712557764418514,0.39135682582855225,0.37712557764418514,0.39135682582855225,168581,0.0,0.0
1996-11-29 00:00:00-05:00,0.37712557764418514,0.39135682582855225,0.37712557764418514,0.39135682582855225,141244,0.0,0.0
1996-12-02 00:00:00-05:00,0.377125544841631,0.41270319843120684,0.377125544841631,0.3984719514846802,539916,0.0,0.0
1996-12-03 00:00:00-05:00,0.4269345774245051,0.4838595347216105,0.4269345774245051,0.46962833404541016,1331944,0.0,0.0
1996-12-04 00:00:00-05:00,0.47674335514119853,0.47674335514119853,0.4411656989402396,0.44828173518180847,982631,0.0,0.0
1996-12-05 00:00:00-05:00,0.4553970005217596,0.4553970005217596,0.42693450119014886,0.434050589799881,828478,0.0,0.0
1996-12-06 00:00:00-05:00,0.42693450119014886,0.4411657508559542,0.40558809046827027,0.434050589799881,612056,0.0,0.0
1996-12-09 00:00:00-05:00,0.4198193064470053,0.45539696397987284,0.4198193064470053,0.4411657154560089,479925,0.0,0.0
1996-12-10 00:00:00-05:00,0.44116577921613176,0.4909746924715685,0.44116577921613176,0.48385947942733765,1213481,0.0,0.0
1996-12-11 00:00:00-05:00,0.47674335567428006,0.5265522599220276,0.47674335567428006,0.5265522599220276,1345613,0.0,0.0
1996-12-12 00:00:00-05:00,0.5265522938417807,0.640402182170376,0.5265522938417807,0.6261709332466125,4144669,0.0,0.0
1996-12-13 00:00:00-05:00,0.6190550389009836,0.6688647823040517,0.6190550389009836,0.6546335816383362,2015381,0.0,0.0
1996-12-16 00:00:00-05:00,0.6546333122475133,0.7186734054706092,0.640402065907388,0.697326123714447,2264456,0.0,0.0
1996-12-17 00:00:00-05:00,0.6830951584774793,0.6830951584774793,0.6190550389009836,0.6546335816383362,1341056,0.0,0.0
1996-12-18 00:00:00-05:00,0.6546333530568739,0.7186734502721821,0.6475172656664785,0.7044422030448914,1860469,0.0,0.0
1996-12-19 00:00:00-05:00,0.7044422017763698,0.7329046961796976,0.6617485117021281,0.6830949187278748,1920459,0.0,0.0
1996-12-20 00:00:00-05:00,0.6830951584774793,0.6830951584774793,0.633286239566699,0.6546335816383362,448031,0.0,0.0
1996-12-23 00:00:00-05:00,0.6404022905281429,0.6617487037488526,0.6119397878646851,0.6119397878646851,514856,0.0,0.0
1996-12-24 00:00:00-05:00,0.6119396843228492,0.640402182170376,0.6119396843228492,0.6261709332466125,306788,0.0,0.0
1996-12-26 00:00:00-05:00,0.64040207641805,0.64040207641805,0.611939583270656,0.6190547943115234,415378,0.0,0.0
1996-12-27 00:00:00-05:00,0.6048235477378264,0.6332859893544728,0.5763619306131421,0.6190547943115234,469294,0.0,0.0
1996-12-30 00:00:00-05:00,0.5905932177954965,0.611939625347073,0.5763619702432716,0.6048235893249512,747225,0.0,0.0
1996-12-31 00:00:00-05:00,0.5977084565795567,0.6048236690475249,0.5763620462142829,0.583477258682251,492075,0.0,0.0
1997-01-02 00:00:00-05:00,0.5834773274338138,0.5905933652323974,0.5265523745448075,0.5478996634483337,599147,0.0,0.0
1997-01-03 00:00:00-05:00,0.5478995988889133,0.5977084565795567,0.5336683494608495,0.583477258682251,504984,0.0,0.0
1997-01-06 00:00:00-05:00,0.5692459342211499,0.6048235893249512,0.5692459342211499,0.6048235893249512,266541,0.0,0.0
1997-01-07 00:00:00-05:00,0.5977085234498999,0.6688647270202637,0.5763621106964353,0.6688647270202637,1145897,0.0,0.0
1997-01-08 00:00:00-05:00,0.6546334573102278,0.6973262782376258,0.6546334573102278,0.6902111172676086,694828,0.0,0.0
1997-01-09 00:00:00-05:00,0.7115575059974155,0.7329047918319702,0.6973262569384145,0.7329047918319702,1655438,0.0,0.0
1997-01-10 00:00:00-05:00,0.7044422373829823,0.7186734853039763,0.6617485451507528,0.6759797930717468,666731,0.0,0.0
1997-01-13 00:00:00-05:00,0.6688647823040517,0.6830951584774793,0.6546335816383362,0.6546335816383362,201234,0.0,0.0
1997-01-14 00:00:00-05:00,0.654633527530802,0.6759799402842666,0.654633527530802,0.6688647270202637,183769,0.0,0.0
1997-01-15 00:00:00-05:00,0.6830950278966675,0.6830950278966675,0.6261709575461933,0.6332861185073853,293119,0.0,0.0
1997-01-16 00:00:00-05:00,0.633286093931689,0.640402182170376,0.6261709332466125,0.6261709332466125,245278,0.0,0.0
1997-01-17 00:00:00-05:00,0.6261709004195569,0.6404021485972461,0.5977084040641785,0.5977084040641785,241481,0.0,0.0
1997-01-20 00:00:00-05:00,0.5905932437521149,0.6119396522418676,0.5763619955744256,0.5977084040641785,133650,0.0,0.0
1997-01-21 00:00:00-05:00,0.5977085365329562,0.6332862010853947,0.5763621233122465,0.6119397878646851,672806,0.0,0.0
1997-01-22 00:00:00-05:00,0.5870347214090695,0.6190547943115234,0.5870347214090695,0.6190547943115234,255150,0.0,0.0
1997-01-23 00:00:00-05:00,0.6190549184755887,0.6190549184755887,0.583477258682251,0.583477258682251,246797,0.0,0.0
1997-01-24 00:00:00-05:00,0.6012661690082114,0.6119397878646851,0.5834773367319921,0.6119397878646851,341719,0.0,0.0
1997-01-27 00:00:00-05:00,0.5977084372137015,0.6261709351476393,0.5905932765070238,0.6083821058273315,309825,0.0,0.0
1997-01-28 00:00:00-05:00,0.6119397878646851,0.6119397878646851,0.5977085365329562,0.6119397878646851,259706,0.0,0.0
1997-01-29 00:00:00-05:00,0.611939625347073,0.611939625347073,0.6048235893249512,0.6048235893249512,48600,0.0,0.0
1997-01-30 00:00:00-05:00,0.6048235893249512,0.6048235893249512,0.6048235893249512,0.6048235893249512,109350,0.0,0.0
1997-01-31 00:00:00-05:00,0.6048235893249512,0.611939625347073,0.6048235893249512,0.6048235893249512,106313,0.0,0.0
1997-02-03 00:00:00-05:00,0.6048236529366804,0.6048236529366804,0.5692459940910339,0.5692459940910339,896063,0.0,0.0
1997-02-04 00:00:00-05:00,0.5692459940910339,0.5834772431400163,0.5621308333433521,0.5692459940910339,234647,0.0,0.0
1997-02-05 00:00:00-05:00,0.5834772431400163,0.5834772431400163,0.5692459940910339,0.5692459940910339,433603,0.0,0.0
1997-02-06 00:00:00-05:00,0.569245977256732,0.5905932624449552,0.569245977256732,0.5763620138168335,197438,0.0,0.0
1997-02-07 00:00:00-05:00,0.5763620138168335,0.5905932624449552,0.5621308167194667,0.5763620138168335,173138,0.0,0.0
1997-02-10 00:00:00-05:00,0.5621307751811332,0.5905932188034058,0.5621307751811332,0.5905932188034058,68344,0.0,0.0
1997-02-11 00:00:00-05:00,0.6119395732271375,0.7257885648639507,0.6119395732271375,0.697326123714447,2959284,0.0,0.0
1997-02-12 00:00:00-05:00,0.7329046518107345,0.7329046518107345,0.6546333122475133,0.697326123714447,2101950,0.0,0.0
1997-02-13 00:00:00-05:00,0.6830949180831437,0.6830949180831437,0.6332860167010809,0.6475172638893127,662934,0.0,0.0
1997-02-14 00:00:00-05:00,0.6332861094250473,0.6475173586969786,0.611939699293967,0.6404021978378296,555103,0.0,0.0
1997-02-18 00:00:00-05:00,0.6404021040719455,0.6830949180831437,0.6404021040719455,0.6475172638893127,500428,0.0,0.0
1997-02-19 00:00:00-05:00,0.6475172359281698,0.654633322991747,0.6048235477378264,0.6190547943115234,631800,0.0,0.0
1997-02-20 00:00:00-05:00,0.633286093931689,0.640402182170376,0.5977084353990857,0.6261709332466125,584719,0.0,0.0
1997-02-21 00:00:00-05:00,0.633286239566699,0.6546335816383362,0.6119398250488858,0.6546335816383362,417656,0.0,0.0
1997-02-24 00:00:00-05:00,0.6546334471097608,0.6546334471097608,0.6404021978378296,0.6404021978378296,159469,0.0,0.0
1997-02-25 00:00:00-05:00,0.6404021204515224,0.6546333680037473,0.5834771817733746,0.6048235893249512,1145897,0.0,0.0
1997-02-26 00:00:00-05:00,0.5977083788149002,0.6119396263914122,0.5905932188034058,0.5905932188034058,315900,0.0,0.0
1997-02-27 00:00:00-05:00,0.5977084565795567,0.5977084565795567,0.5692460092541872,0.583477258682251,357666,0.0,0.0
1997-02-28 00:00:00-05:00,0.5977084229822206,0.5977084229822206,0.5621308167194667,0.5763620138168335,509541,0.0,0.0
1997-03-03 00:00:00-05:00,0.5692459351926278,0.5977083788149002,0.5692459351926278,0.5905932188034058,167063,0.0,0.0
1997-03-04 00:00:00-05:00,0.597708336696959,0.654633322991747,0.597708336696959,0.6190547943115234,1296253,0.0,0.0
1997-03-05 00:00:00-05:00,0.6261709004195569,0.6332860607316205,0.5977084040641785,0.5977084040641785,435122,0.0,0.0
1997-03-06 00:00:00-05:00,0.6190548640846847,0.6190548640846847,0.5905932437521149,0.5977084040641785,416897,0.0,0.0
1997-03-07 00:00:00-05:00,0.6048235893249512,0.619054836877176,0.5977083777948482,0.6048235893249512,501188,0.0,0.0
1997-03-10 00:00:00-05:00,0.5977085365329562,0.6190550012844307,0.5905933746439754,0.6119397878646851,178453,0.0,0.0
1997-03-11 00:00:00-05:00,0.5977084040641785,0.5977084040641785,0.5834772074172426,0.5977084040641785,440438,0.0,0.0
1997-03-12 00:00:00-05:00,0.5763619342059616,0.5977083404228437,0.5265522101722939,0.5407834053039551,886191,0.0,0.0
1997-03-13 00:00:00-05:00,0.5407835389256659,0.5692460392832575,0.4909746786074876,0.5550147891044617,957572,0.0,0.0
1997-03-14 00:00:00-05:00,0.5550147450420516,0.5763620308615779,0.5265522984748436,0.5692459940910339,399431,0.0,0.0
1997-03-17 00:00:00-05:00,0.5692459342844907,0.5692459342844907,0.4767433404922486,0.47674334049224854,1309922,0.0,0.0
1997-03-18 00:00:00-05:00,0.48385939330520955,0.5194370496475236,0.48385939330520955,0.5123218894004822,403228,0.0,0.0
1997-03-19 00:00:00-05:00,0.5123219292955269,0.5336683392524719,0.49809068013968827,0.5336683392524719,374372,0.0,0.0
1997-03-20 00:00:00-05:00,0.5265522702533578,0.5550147152950715,0.4980906497037054,0.5052058100700378,1009969,0.0,0.0
1997-03-21 00:00:00-05:00,0.49097460508300395,0.5123218894004822,0.49097460508300395,0.5123218894004822,704700,0.0,0.0
1997-03-24 00:00:00-05:00,0.5123219805886496,0.5123219805886496,0.45539702979678776,0.48385947942733765,689513,0.0,0.0
1997-03-25 00:00:00-05:00,0.4909746475288706,0.49809068441390997,0.48385943513595003,0.4980906844139099,176175,0.0,0.0
1997-03-26 00:00:00-05:00,0.48385937651516214,0.4980906240689705,0.45539693293829675,0.47674334049224854,1050975,0.0,0.0
1997-03-27 00:00:00-05:00,0.46962819345341617,0.46962819345341617,0.4411656975602606,0.4625121057033539,600666,0.0,0.0
1997-03-31 00:00:00-05:00,0.44116573517163526,0.44116573517163526,0.39847201345744526,0.41981932520866394,972000,0.0,0.0
1997-04-01 00:00:00-05:00,0.4340505986904363,0.45539700984954834,0.42693450993494697,0.45539700984954834,226294,0.0,0.0
1997-04-02 00:00:00-05:00,0.434050589799881,0.4482817879349275,0.42693450119014886,0.434050589799881,459422,0.0,0.0
1997-04-03 00:00:00-05:00,0.44116575989224766,0.45539700984954834,0.42693450993494697,0.45539700984954834,335644,0.0,0.0
1997-04-04 00:00:00-05:00,0.4482817971169771,0.46251217105135967,0.44116575989224766,0.45539700984954834,641672,0.0,0.0
1997-04-07 00:00:00-04:00,0.4482817971169771,0.46251217105135967,0.4340505986904363,0.45539700984954834,290081,0.0,0.0
1997-04-08 00:00:00-04:00,0.44116575989224766,0.45539700984954834,0.42693450993494697,0.45539700984954834,270338,0.0,0.0
1997-04-09 00:00:00-04:00,0.45539696397987284,0.45539696397987284,0.42693446693214504,0.4411657154560089,280209,0.0,0.0
1997-04-10 00:00:00-04:00,0.44116582963147344,0.46962833404541016,0.38424087233436804,0.46962833404541016,1482300,0.0,0.0
1997-04-11 00:00:00-04:00,0.4553969843314914,0.46251214513460653,0.4055880760488078,0.41981932520866394,400950,0.0,0.0
1997-04-14 00:00:00-04:00,0.41981933849714836,0.4269344995254787,0.3984720260702261,0.412703275680542,68344,0.0,0.0
1997-04-15 00:00:00-04:00,0.4269344995254787,0.4269344995254787,0.3735680349174146,0.412703275680542,634838,0.0,0.0
1997-04-16 00:00:00-04:00,0.39847199829682833,0.4055880606174469,0.3842407754438043,0.4055880606174469,203513,0.0,0.0
1997-04-17 00:00:00-04:00,0.3984720260702261,0.44116574913579465,0.3842408022252894,0.412703275680542,344756,0.0,0.0
1997-04-18 00:00:00-04:00,0.4340505986904363,0.45539700984954834,0.4198193487331356,0.45539700984954834,413100,0.0,0.0
1997-04-21 00:00:00-04:00,0.44116566085200304,0.45539690761443546,0.44116566085200304,0.4518393278121948,206550,0.0,0.0
1997-04-22 00:00:00-04:00,0.44828173518180847,0.462512107150105,0.4162608088328148,0.44828173518180847,1218797,0.0,0.0
1997-04-23 00:00:00-04:00,0.44828173518180847,0.45539694693133315,0.426934450949146,0.44828173518180847,383484,0.0,0.0
1997-04-24 00:00:00-04:00,0.42693446693214504,0.44828175196397846,0.42693446693214504,0.4411657154560089,159469,0.0,0.0
1997-04-25 00:00:00-04:00,0.44116566655888567,0.44116566655888567,0.37001035937973403,0.3984719514846802,628763,0.0,0.0
1997-04-28 00:00:00-04:00,0.39847201345744526,0.419819325208664,0.39847201345744526,0.41981932520866394,279450,0.0,0.0
1997-04-29 00:00:00-04:00,0.4269344697682539,0.43405055785425,0.3913568377644229,0.4055880606174469,1151213,0.0,0.0
1997-04-30 00:00:00-04:00,0.40558804265914405,0.44116569885307355,0.40558804265914405,0.42693445086479187,492834,0.0,0.0
1997-05-01 00:00:00-04:00,0.44116575989224766,0.46251217105135967,0.44116575989224766,0.45539700984954834,1049456,0.0,0.0
1997-05-02 00:00:00-04:00,0.45539700984954834,0.45539700984954834,0.39847203578572554,0.45539700984954834,1884769,0.0,0.0
1997-05-05 00:00:00-04:00,0.45539702979678776,0.4980907300079936,0.4482818167525569,0.48385947942733765,1158806,0.0,0.0
1997-05-06 00:00:00-04:00,0.4980906240689705,0.4980906240689705,0.45539693293829675,0.47674334049224854,561178,0.0,0.0
1997-05-07 00:00:00-04:00,0.4553970818384418,0.4909747485789504,0.4553970818384418,0.46962833404541016,683438,0.0,0.0
1997-05-08 00:00:00-04:00,0.46962833404541016,0.5123220391355472,0.46962833404541016,0.46962833404541016,878597,0.0,0.0
1997-05-09 00:00:00-04:00,0.46962825980684897,0.48385945823338977,0.44116575989224766,0.45539700984954834,279450,0.0,0.0
1997-05-12 00:00:00-04:00,0.45539700984954834,0.46962825980684897,0.44116575989224766,0.45539700984954834,210347,0.0,0.0
1997-05-13 00:00:00-04:00,0.44116582963147344,0.47674349637198205,0.44116582963147344,0.46962833404541016,409303,0.0,0.0
1997-05-14 00:00:00-04:00,0.45539693293829675,0.4767433404922486,0.44116568538448847,0.47674334049224854,561178,0.0,0.0
1997-05-15 00:00:00-04:00,0.48385939330520955,0.526552261425318,0.4696281967883262,0.5123218894004822,680400,0.0,0.0
1997-05-16 00:00:00-04:00,0.5194371938705444,0.5407836080921069,0.5052059418715659,0.5194371938705444,599906,0.0,0.0
1997-05-19 00:00:00-04:00,0.5336683352453876,0.5905932799105602,0.5265522984748436,0.5692459940910339,1423828,0.0,0.0
1997-05-20 00:00:00-04:00,0.5763620308615779,0.5977084406582419,0.5478995842943699,0.5692459940910339,738113,0.0,0.0
1997-05-21 00:00:00-04:00,0.5763619712268938,0.5977083788149002,0.5621307751811332,0.5905932188034058,336403,0.0,0.0
1997-05-22 00:00:00-04:00,0.5905932956423466,0.5977084565795567,0.5692460092541872,0.583477258682251,307547,0.0,0.0
1997-05-23 00:00:00-04:00,0.5692459351926278,0.5905932188034058,0.5692459351926278,0.5905932188034058,114666,0.0,0.0
1997-05-27 00:00:00-04:00,0.5905933746439754,0.6119397878646851,0.5692460854002631,0.6119397878646851,596869,0.0,0.0
1997-05-28 00:00:00-04:00,0.6119396263914122,0.626170873967924,0.5905932188034058,0.5905932188034058,449550,0.0,0.0
1997-05-29 00:00:00-04:00,0.5834772074172426,0.5977084040641785,0.5692459592395535,0.5977084040641785,54675,0.0,0.0
1997-05-30 00:00:00-04:00,0.5621308167194667,0.5763620138168335,0.5621308167194667,0.5763620138168335,50119,0.0,0.0
1997-06-02 00:00:00-04:00,0.5763620308615779,0.5977084406582419,0.5550147450420516,0.5692459940910339,488278,0.0,0.0
1997-06-03 00:00:00-04:00,0.5550147891044617,0.5763620766187408,0.5478996277919099,0.5550147891044617,280969,0.0,0.0
1997-06-04 00:00:00-04:00,0.5478995276046214,0.6048235903571461,0.5478995276046214,0.5905932188034058,487519,0.0,0.0
1997-06-05 00:00:00-04:00,0.6048235903571461,0.6048235903571461,0.5621307751811332,0.5905932188034058,640913,0.0,0.0
1997-06-06 00:00:00-04:00,0.583477258682251,0.6404022048637481,0.583477258682251,0.583477258682251,1010728,0.0,0.0
1997-06-09 00:00:00-04:00,0.5834771827691396,0.6119396263914122,0.5834771827691396,0.5905932188034058,262744,0.0,0.0
1997-06-10 00:00:00-04:00,0.5834771827691396,0.5905932188034058,0.5621307751811332,0.5905932188034058,398672,0.0,0.0
1997-06-11 00:00:00-04:00,0.5905932437521149,0.5977084040641785,0.5692459592395535,0.5977084040641785,602944,0.0,0.0
1997-06-12 00:00:00-04:00,0.5763619955744256,0.5977084040641785,0.5763619955744256,0.5977084040641785,50119,0.0,0.0
1997-06-13 00:00:00-04:00,0.5763619955744256,0.5977084040641785,0.5763619955744256,0.5977084040641785,142763,0.0,0.0
1997-06-16 00:00:00-04:00,0.5905932188034058,0.6048235903571461,0.5834771827691396,0.5905932188034058,458663,0.0,0.0
1997-06-17 00:00:00-04:00,0.5905932437521149,0.6048236159069955,0.5905932437521149,0.5977084040641785,182250,0.0,0.0
1997-06-18 00:00:00-04:00,0.590593138908257,0.5977082979572164,0.5692458581853287,0.5728034377098083,694828,0.0,0.0
1997-06-19 00:00:00-04:00,0.5763620308615779,0.5905932799105602,0.5692459940910339,0.5692459940910339,173138,0.0,0.0
1997-06-20 00:00:00-04:00,0.5692460092541872,0.583477258682251,0.5550147598261235,0.583477258682251,386522,0.0,0.0
1997-06-23 00:00:00-04:00,0.5550148252239286,0.5834773274338138,0.5478996634483337,0.5478996634483337,85809,0.0,0.0
1997-06-24 00:00:00-04:00,0.5692460092541872,0.583477258682251,0.5550147598261235,0.583477258682251,233128,0.0,0.0
1997-06-25 00:00:00-04:00,0.5834771817733746,0.611939625347073,0.5692459342211499,0.6048235893249512,1263600,0.0,0.0
1997-06-26 00:00:00-04:00,0.6048236710860829,0.6475173679834154,0.6048236710860829,0.6332861185073853,1166400,0.0,0.0
1997-06-27 00:00:00-04:00,0.6404021058295831,0.7115574144125367,0.6261708586022924,0.7044422030448914,2385956,0.0,0.0
1997-06-30 00:00:00-04:00,0.697326167185246,0.7400198573363682,0.6617485128937692,0.7044422030448914,1815666,0.0,0.0
1997-07-01 00:00:00-04:00,0.7044423152305324,0.7044423152305324,0.6830950287439439,0.6902111172676086,1577222,0.0,0.0
1997-07-02 00:00:00-04:00,0.6973262569384145,0.7329047918319702,0.6688646348432752,0.7329047918319702,916566,0.0,0.0
1997-07-03 00:00:00-04:00,0.7329048367771259,0.7400199979661517,0.6830950497699999,0.718673586845398,862650,0.0,0.0
1997-07-07 00:00:00-04:00,0.7115574131312026,0.7115574131312026,0.675979758903792,0.6830949187278748,369056,0.0,0.0
1997-07-08 00:00:00-04:00,0.6830949532554712,0.6902110409927408,0.6688645813572699,0.6759797930717468,825441,0.0,0.0
1997-07-09 00:00:00-04:00,0.6759799402842666,0.6830951020175057,0.6617486892640411,0.6688647270202637,340959,0.0,0.0
1997-07-10 00:00:00-04:00,0.6759799402842666,0.6759799402842666,0.654633527530802,0.6688647270202637,472331,0.0,0.0
1997-07-11 00:00:00-04:00,0.6475172638893127,0.6617485110775446,0.6404021040719455,0.6475172638893127,186047,0.0,0.0
1997-07-14 00:00:00-04:00,0.6261708568837137,0.6546333512601774,0.6190548210435989,0.6475172638893127,169341,0.0,0.0
1997-07-15 00:00:00-04:00,0.6190548965386817,0.6546334310941395,0.6190548965386817,0.6261709332466125,318938,0.0,0.0
1997-07-16 00:00:00-04:00,0.6332860167010809,0.6475172638893127,0.6261708568837137,0.6475172638893127,595350,0.0,0.0
1997-07-17 00:00:00-04:00,0.633286239566699,0.6546335816383362,0.633286239566699,0.6546335816383362,239963,0.0,0.0
1997-07-18 00:00:00-04:00,0.6332861185073851,0.6404022070222236,0.6190549205621132,0.6332861185073853,296156,0.0,0.0
1997-07-21 00:00:00-04:00,0.6190548965386817,0.6475173428554525,0.6190548965386817,0.6261709332466125,54675,0.0,0.0
1997-07-22 00:00:00-04:00,0.6404022070222236,0.6546334564982538,0.6190549205621132,0.6332861185073853,275653,0.0,0.0
1997-07-23 00:00:00-04:00,0.6261709485658983,0.6617486079689098,0.6261709485658983,0.6404021978378296,376650,0.0,0.0
1997-07-24 00:00:00-04:00,0.6404021040719455,0.6475172638893127,0.6332860167010809,0.6475172638893127,296916,0.0,0.0
1997-07-25 00:00:00-04:00,0.6546333849670284,0.6759797930717468,0.6475172972297588,0.6759797930717468,1091981,0.0,0.0
1997-07-28 00:00:00-04:00,0.6759798677739268,0.7044423152305324,0.6617486182802449,0.6902111172676086,565734,0.0,0.0
1997-07-29 00:00:00-04:00,0.7044422030448914,0.7044422030448914,0.67597976012106,0.7044422030448914,246797,0.0,0.0
1997-07-30 00:00:00-04:00,0.6902109820246726,0.7115573883056641,0.6830948948953648,0.7115573883056641,481444,0.0,0.0
1997-07-31 00:00:00-04:00,0.6830948948953648,0.7186734239042237,0.6830948948953648,0.7115573883056641,569531,0.0,0.0
1997-08-01 00:00:00-04:00,0.7186734489780338,0.7186734489780338,0.675979758903792,0.6830949187278748,1524825,0.0,0.0
1997-08-04 00:00:00-04:00,0.697326167185246,0.7115574144125367,0.6830949199579553,0.7044422030448914,418416,0.0,0.0
1997-08-05 00:00:00-04:00,0.6902109643211054,0.7329046518107345,0.6830948773743217,0.697326123714447,1208166,0.0,0.0
1997-08-06 00:00:00-04:00,0.6973262782376258,0.6973262782376258,0.6759798677739268,0.6902111172676086,732797,0.0,0.0
1997-08-07 00:00:00-04:00,0.6902109614372113,0.7044421561871279,0.661748468875885,0.661748468875885,662934,0.0,0.0
1997-08-08 00:00:00-04:00,0.6617485451507528,0.6759797930717468,0.6617485451507528,0.6759797930717468,410063,0.0,0.0
1997-08-11 00:00:00-04:00,0.6830949532554712,0.6902110409927408,0.6759797930717468,0.6759797930717468,919603,0.0,0.0
1997-08-12 00:00:00-04:00,0.6830949187278748,0.6902110061054559,0.675979758903792,0.6830949187278748,263503,0.0,0.0
1997-08-13 00:00:00-04:00,0.6830951020175057,0.690211191304492,0.654633527530802,0.6688647270202637,307547,0.0,0.0
1997-08-14 00:00:00-04:00,0.6830951020175057,0.6830951020175057,0.6688647270202637,0.6688647270202637,237684,0.0,0.0
1997-08-15 00:00:00-04:00,0.6830951584774793,0.6830951584774793,0.6546335816383362,0.6546335816383362,217941,0.0,0.0
1997-08-18 00:00:00-04:00,0.6546335816383362,0.6688647823040517,0.633286239566699,0.6546335816383362,477647,0.0,0.0
1997-08-19 00:00:00-04:00,0.633286239566699,0.6546335816383362,0.633286239566699,0.6546335816383362,93403,0.0,0.0
1997-08-20 00:00:00-04:00,0.6332859763145586,0.6759797151565482,0.6332859763145586,0.661748468875885,242241,0.0,0.0
1997-08-21 00:00:00-04:00,0.6617485700729371,0.6902110669868542,0.6617485700729371,0.6866534352302551,452588,0.0,0.0
1997-08-22 00:00:00-04:00,0.6830949187278748,0.6830949187278748,0.6475172645004643,0.6830949187278748,410063,0.0,0.0
1997-08-25 00:00:00-04:00,0.6830949187278748,0.6902110061054559,0.6688645475489593,0.6830949187278748,340959,0.0,0.0
1997-08-26 00:00:00-04:00,0.6830949187278748,0.6866533746626646,0.6688645475489593,0.6830949187278748,241481,0.0,0.0
1997-08-27 00:00:00-04:00,0.6830951846226921,0.7257888913154603,0.6688648079046022,0.7257888913154602,1165641,0.0,0.0
1997-08-28 00:00:00-04:00,0.7329047898636785,0.7684824486388239,0.7257887015764792,0.7506936192512512,1662272,0.0,0.0
1997-08-29 00:00:00-04:00,0.7471360215111827,0.7684824307691751,0.7400199333894552,0.7542511820793152,514856,0.0,0.0
1997-09-02 00:00:00-04:00,0.7400199071040032,0.804060060156874,0.7400199071040032,0.7827136516571045,1235503,0.0,0.0
1997-09-03 00:00:00-04:00,0.7755974531173706,0.800502365774697,0.7684822938172374,0.7755974531173706,785194,0.0,0.0
1997-09-04 00:00:00-04:00,0.8040600084274285,0.8396376628226658,0.7827136013009867,0.796944797039032,2215097,0.0,0.0
1997-09-05 00:00:00-04:00,0.811176204834618,0.8218489982639181,0.7969449547495456,0.8182913661003113,995541,0.0,0.0
1997-09-08 00:00:00-04:00,0.8040601675459991,0.8254074549196906,0.8040601675459991,0.8182913661003113,463219,0.0,0.0
1997-09-09 00:00:00-04:00,0.8111760770783581,0.8681001408997006,0.8111760770783581,0.8396376967430115,1965263,0.0,0.0
1997-09-10 00:00:00-04:00,0.8538689395365078,0.8538689395365078,0.8111761212348938,0.8111761212348938,599147,0.0,0.0
1997-09-11 00:00:00-04:00,0.8111761369323143,0.8396377586970549,0.7969448880385177,0.8254073858261108,681919,0.0,0.0
1997-09-12 00:00:00-04:00,0.8325226095254319,0.8325226095254319,0.7969449483742053,0.804060161113739,804178,0.0,0.0
1997-09-15 00:00:00-04:00,0.7969448292346375,0.8396376967430115,0.7969448292346375,0.8396376967430115,1218797,0.0,0.0
1997-09-16 00:00:00-04:00,0.8396377586970549,0.8396377586970549,0.8111761369323143,0.8254073858261108,623447,0.0,0.0
1997-09-17 00:00:00-04:00,0.8325226087107819,0.9250252696563973,0.8254074475089705,0.9107940196990967,5708222,0.0,0.0
1997-09-18 00:00:00-04:00,0.9392564250074735,1.0246428855355632,0.8823314309120179,0.8823314309120178,6308888,0.0,0.0
1997-09-19 00:00:00-04:00,0.8965626449973824,0.9036778052092167,0.8538689010657301,0.8716577291488647,1226391,0.0,0.0
1997-09-22 00:00:00-04:00,0.8823315197844953,0.9107940196990967,0.8681002698271946,0.9107940196990967,669769,0.0,0.0
1997-09-23 00:00:00-04:00,0.9250252228758252,0.9250252228758252,0.8681002259254456,0.8681002259254456,1615950,0.0,0.0
1997-09-24 00:00:00-04:00,0.889447772220658,0.8965629347318376,0.8254075994046477,0.8467540144920349,1623544,0.0,0.0
1997-09-25 00:00:00-04:00,0.8325224935239359,0.8609849895004994,0.8325224935239359,0.8538689017295837,744947,0.0,0.0
1997-09-26 00:00:00-04:00,0.8538688930559799,0.8609849807546103,0.8111760770783581,0.8396376967430115,1131469,0.0,0.0
1997-09-29 00:00:00-04:00,0.839637778981013,0.8823314751630406,0.839637778981013,0.8681002259254456,887709,0.0,0.0
1997-09-30 00:00:00-04:00,0.8823315197844953,0.9392565196136979,0.8609851086253832,0.9107940196990967,1328906,0.0,0.0
1997-10-01 00:00:00-04:00,0.917909180900908,0.917909180900908,0.8965627697417959,0.9107940196990967,650784,0.0,0.0
1997-10-02 00:00:00-04:00,0.9107940196990967,0.9321404308582086,0.8965627697417959,0.9107940196990967,461700,0.0,0.0
1997-10-03 00:00:00-04:00,0.9036776423454285,0.9250249742407419,0.8894473244863951,0.9036776423454285,511059,0.0,0.0
1997-10-06 00:00:00-04:00,0.9036778399210215,0.9107939279597457,0.8752162704268782,0.8823314309120178,878597,0.0,0.0
1997-10-07 00:00:00-04:00,0.8965626358985901,0.8965626358985901,0.8681001402330077,0.8965626358985901,1752638,0.0,0.0
1997-10-08 00:00:00-04:00,0.8965625776391662,0.939256318363263,0.8894474179618896,0.9321402311325073,1479263,0.0,0.0
1997-10-09 00:00:00-04:00,0.939256318363263,0.9463714780405396,0.9107938245471985,0.9321402311325073,1476984,0.0,0.0
1997-10-10 00:00:00-04:00,0.9392563002688296,0.9392563002688296,0.9179089665412903,0.9179089665412903,806456,0.0,0.0
1997-10-13 00:00:00-04:00,0.9321402917037983,0.9321402917037983,0.875216227926173,0.8965626358985901,1427625,0.0,0.0
1997-10-14 00:00:00-04:00,0.8965627307393935,0.8965627307393935,0.8823314814011827,0.8894475698471069,549788,0.0,0.0
1997-10-15 00:00:00-04:00,0.8965626369051801,0.8965626369051801,0.8538688933588734,0.8609849810600281,418416,0.0,0.0
1997-10-16 00:00:00-04:00,0.8609852670682426,0.8681004295794221,0.8325227619158273,0.8467540144920349,673566,0.0,0.0
1997-10-17 00:00:00-04:00,0.8325225464962049,0.8538689560600955,0.7898288513455711,0.8254073858261108,1543050,0.0,0.0
1997-10-20 00:00:00-04:00,0.8325225464962049,0.8467537953900015,0.825407385826111,0.8254073858261108,3889519,0.0,0.0
1997-10-21 00:00:00-04:00,0.8360801268312519,0.8538689560600955,0.8182912976024083,0.8254073858261108,747984,0.0,0.0
1997-10-22 00:00:00-04:00,0.8289649501194981,0.8396377424488612,0.8111761212348938,0.8111761212348938,907453,0.0,0.0
1997-10-23 00:00:00-04:00,0.8111761983454318,0.8325226095254319,0.7827137499337388,0.804060161113739,599147,0.0,0.0
1997-10-24 00:00:00-04:00,0.8040603082941813,0.8467540144920349,0.8040603082941813,0.8467540144920349,473850,0.0,0.0
1997-10-27 00:00:00-05:00,0.8182913124149628,0.8467538107177788,0.7613663673400879,0.7613663673400879,867206,0.0,0.0
1997-10-28 00:00:00-05:00,0.7400199863220481,0.8040601462303233,0.697326288729403,0.789828896522522,1084388,0.0,0.0
1997-10-29 00:00:00-05:00,0.8111761369323143,0.825407385826111,0.7898288513455711,0.8254073858261108,159469,0.0,0.0
1997-10-30 00:00:00-05:00,0.8182912817672993,0.8254073698532953,0.7862712557950485,0.8111761212348938,337163,0.0,0.0
1997-10-31 00:00:00-05:00,0.789828761158633,0.8254072915766228,0.789828761158633,0.796944797039032,142003,0.0,0.0
1997-11-03 00:00:00-05:00,0.8254072920161587,0.8609849464303415,0.8254072920161587,0.832522451877594,675844,0.0,0.0
1997-11-04 00:00:00-05:00,0.8467537953900015,0.8467537953900015,0.8182912976024083,0.8254073858261108,109350,0.0,0.0
1997-11-05 00:00:00-05:00,0.8574274000235689,0.903677796038216,0.8254073242881736,0.8965626358985901,1052494,0.0,0.0
1997-11-06 00:00:00-05:00,0.9107941873080453,0.9107941873080453,0.8396379759577762,0.8467540144920349,1067681,0.0,0.0
1997-11-07 00:00:00-05:00,0.8254072915766228,0.8254072915766228,0.7827136013009867,0.796944797039032,536119,0.0,0.0
1997-11-10 00:00:00-05:00,0.8040599454247637,0.8040599454247637,0.7684822938172374,0.7755974531173706,306788,0.0,0.0
1997-11-11 00:00:00-05:00,0.7827137561952334,0.8254074549196906,0.7542512560250885,0.8182913661003113,774563,0.0,0.0
1997-11-12 00:00:00-05:00,0.811176204834618,0.8254074549196906,0.8005025869131525,0.8182913661003113,426009,0.0,0.0
1997-11-13 00:00:00-05:00,0.8040601002393678,0.8503113757250484,0.8040601002393678,0.8254073858261108,792028,0.0,0.0
1997-11-14 00:00:00-05:00,0.8254074549196906,0.8396378289818371,0.8182913661003112,0.8182913661003113,302231,0.0,0.0
1997-11-17 00:00:00-05:00,0.804060161113739,0.8254074483166581,0.7969449483742053,0.804060161113739,181491,0.0,0.0
1997-11-18 00:00:00-05:00,0.7969450942522324,0.8538691770032145,0.7969450942522324,0.8467540144920349,991744,0.0,0.0
1997-11-19 00:00:00-05:00,0.8538689388929512,0.8609850269735839,0.7969448720158391,0.8076176643371582,2661609,0.0,0.0
1997-11-20 00:00:00-05:00,0.7969448726164923,0.8111761212348938,0.7684824269104442,0.8111761212348938,576366,0.0,0.0
1997-11-21 00:00:00-05:00,0.8182913661003112,0.8182913661003112,0.7969449547495456,0.8182913661003113,192122,0.0,0.0
1997-11-24 00:00:00-05:00,0.7755976468147205,0.8182913444073656,0.7684824857376508,0.789828896522522,495113,0.0,0.0
1997-11-25 00:00:00-05:00,0.8182912041654739,0.8182912041654739,0.796944797039032,0.796944797039032,97959,0.0,0.0
1997-11-26 00:00:00-05:00,0.7969448483107182,0.8182912568104876,0.7827136516571045,0.7827136516571045,172378,0.0,0.0
1997-11-28 00:00:00-05:00,0.7827137499337388,0.8111761983454318,0.7827137499337388,0.804060161113739,80494,0.0,0.0
1997-12-01 00:00:00-05:00,0.8111761833302957,0.8111761833302957,0.7827137354454521,0.789828896522522,196678,0.0,0.0
1997-12-02 00:00:00-05:00,0.7969448312962042,0.7969448312962042,0.7684823870658875,0.7684823870658875,235406,0.0,0.0
1997-12-03 00:00:00-05:00,0.7684824034727374,0.7827136516571045,0.7684824034727374,0.7827136516571045,173897,0.0,0.0
1997-12-04 00:00:00-05:00,0.7755976024517746,0.8681002049538921,0.7755976024517746,0.8254073858261108,1236263,0.0,0.0
1997-12-05 00:00:00-05:00,0.8254075994046477,0.8681004295794221,0.8182915093396196,0.8467540144920349,697866,0.0,0.0
1997-12-08 00:00:00-05:00,0.875216382039662,0.875216382039662,0.8325226310235099,0.8485322594642639,563456,0.0,0.0
1997-12-09 00:00:00-05:00,0.8538688930559799,0.8538688930559799,0.8396376967430115,0.8396376967430115,122259,0.0,0.0
1997-12-10 00:00:00-05:00,0.8396376632697794,0.853868859015403,0.832522451877594,0.832522451877594,164025,0.0,0.0
1997-12-11 00:00:00-05:00,0.8254073446794523,0.8254073446794523,0.7684824034727374,0.7827136516571045,293119,0.0,0.0
1997-12-12 00:00:00-05:00,0.796944797039032,0.796944797039032,0.7755975138898376,0.796944797039032,220978,0.0,0.0
1997-12-15 00:00:00-05:00,0.8040600084274285,0.8111760443078274,0.789828761158633,0.796944797039032,299194,0.0,0.0
1997-12-16 00:00:00-05:00,0.7969448726164923,0.8111761212348938,0.7898288360612512,0.8111761212348938,501947,0.0,0.0
1997-12-17 00:00:00-05:00,0.8111761212348938,0.8182912817672993,0.8040600846796527,0.8111761212348938,126056,0.0,0.0
1997-12-18 00:00:00-05:00,0.8040601675459991,0.8254074549196906,0.8040601675459991,0.8182913661003113,122259,0.0,0.0
1997-12-19 00:00:00-05:00,0.8182912041654739,0.8254072915766228,0.7755975138898376,0.796944797039032,630281,0.0,0.0
1997-12-22 00:00:00-05:00,0.7969449158325895,0.804060128281588,0.7933864593505859,0.7933864593505859,580163,0.0,0.0
1997-12-23 00:00:00-05:00,0.804060060156874,0.804060060156874,0.7684824034727374,0.7827136516571045,292359,0.0,0.0
1997-12-24 00:00:00-05:00,0.7827136516571045,0.7827136516571045,0.7827136516571045,0.7827136516571045,111628,0.0,0.0
1997-12-26 00:00:00-05:00,0.7827137354454521,0.7898288965225219,0.7684824857376508,0.789828896522522,130613,0.0,0.0
1997-12-29 00:00:00-05:00,0.7898289174609265,0.8254074549196906,0.768482506110161,0.8182913661003113,473850,0.0,0.0
1997-12-30 00:00:00-05:00,0.8254073249220788,0.8681001408997006,0.8111760770783581,0.8396376967430115,558141,0.0,0.0
1997-12-31 00:00:00-05:00,0.8396376970408568,0.8681001412076423,0.8396376970408568,0.8609849810600281,792028,0.0,0.0
1998-01-02 00:00:00-05:00,0.8752162374887811,0.8752162374887811,0.8325224935239359,0.8538689017295837,184528,0.0,0.0
1998-01-05 00:00:00-05:00,0.8467537790041023,0.8681001881549093,0.7471360177596373,0.8111761212348938,1744284,0.0,0.0
1998-01-06 00:00:00-05:00,0.7827136755288459,0.8111761212348938,0.7827136755288459,0.8111761212348938,375891,0.0,0.0
1998-01-07 00:00:00-05:00,0.8111760443078274,0.8111760443078274,0.7827136013009867,0.796944797039032,626484,0.0,0.0
1998-01-08 00:00:00-05:00,0.7969448483107182,0.804060060156874,0.7684824034727374,0.7827136516571045,337922,0.0,0.0
1998-01-09 00:00:00-05:00,0.782713653590563,0.782713653590563,0.7471359968185425,0.7471359968185425,376650,0.0,0.0
1998-01-12 00:00:00-05:00,0.7400199174880981,0.7684824142562233,0.7329047570728545,0.7400199174880981,338681,0.0,0.0
1998-01-13 00:00:00-05:00,0.7613663426474474,0.782713679459035,0.7400199333894552,0.7542511820793152,877838,0.0,0.0
1998-01-14 00:00:00-05:00,0.7542511820793151,0.7613663426474474,0.7400199333894552,0.7542511820793152,391838,0.0,0.0
1998-01-15 00:00:00-05:00,0.7471360215111827,0.7969448766181397,0.7257886846995951,0.7542511820793152,779119,0.0,0.0
1998-01-16 00:00:00-05:00,0.782713634946422,0.8040600429904526,0.7684823870658875,0.7684823870658875,648506,0.0,0.0
1998-01-20 00:00:00-05:00,0.7542511732815819,0.8823314309120179,0.7542511732815819,0.8823314309120178,2144475,0.0,0.0
1998-01-21 00:00:00-05:00,0.8538688933588734,0.8681001412076423,0.825407325214876,0.8609849810600281,647747,0.0,0.0
1998-01-22 00:00:00-05:00,0.8396376632697794,0.8609849464303415,0.8182912046012203,0.832522451877594,714572,0.0,0.0
1998-01-23 00:00:00-05:00,0.8111760773661072,0.8609849810600281,0.8040600411957047,0.8609849810600281,1057050,0.0,0.0
1998-01-26 00:00:00-05:00,0.8538691770032145,0.8752165196444504,0.8467540144920349,0.8467540144920349,788231,0.0,0.0
1998-01-27 00:00:00-05:00,0.8396377368711808,0.8823314309120179,0.8396377368711808,0.8823314309120178,932513,0.0,0.0
1998-01-28 00:00:00-05:00,0.8752163143210585,0.8823314751630406,0.839637778981013,0.8681002259254456,551306,0.0,0.0
1998-01-29 00:00:00-05:00,0.8681002049538921,0.8823314538476886,0.7827136906754771,0.8254073858261108,6276234,0.0,0.0
1998-01-30 00:00:00-05:00,0.8467537329108896,0.8467537329108896,0.8182912372234484,0.8396376967430115,403228,0.0,0.0
1998-02-02 00:00:00-05:00,0.8467538158458687,0.8681002259254456,0.8254074057662919,0.8681002259254456,638634,0.0,0.0
1998-02-03 00:00:00-05:00,0.8681004295794221,0.8681004295794221,0.8325227619158273,0.8467540144920349,408544,0.0,0.0
1998-02-04 00:00:00-05:00,0.8538691770032145,0.8538691770032145,0.8325227619158273,0.8467540144920349,338681,0.0,0.0
1998-02-05 00:00:00-05:00,0.8467538647417743,0.8752163648605347,0.8467538647417743,0.8752163648605347,1130709,0.0,0.0
1998-02-06 00:00:00-05:00,0.8609850442837981,0.8752162931775946,0.825407385826111,0.8254073858261108,293878,0.0,0.0
1998-02-09 00:00:00-05:00,0.8467537415122176,0.8609849895004994,0.8325224935239359,0.8538689017295837,309066,0.0,0.0
1998-02-10 00:00:00-05:00,0.8467537953900015,0.8538689560600955,0.8182912976024083,0.8254073858261108,353869,0.0,0.0
1998-02-11 00:00:00-05:00,0.8111760853182881,0.8538689017295837,0.7969448373300064,0.8538689017295837,959091,0.0,0.0
1998-02-12 00:00:00-05:00,0.8538688132995473,0.9321402053522265,0.8396376183158573,0.9250250458717346,3877369,0.0,0.0
1998-02-13 00:00:00-05:00,0.9321403135354225,1.0317589476366207,0.9321403135354225,1.01752769947052,6043866,0.0,0.0
1998-02-17 00:00:00-05:00,1.0246426826834694,1.038873928389924,0.9677186274110525,0.9748337864875793,2525681,0.0,0.0
1998-02-18 00:00:00-05:00,0.9961806005547704,0.9961806005547704,0.9463716890477807,0.9606029391288757,1177031,0.0,0.0
1998-02-19 00:00:00-05:00,0.9606028891418354,1.0246429443359375,0.9606028891418354,1.0246429443359375,1908309,0.0,0.0
1998-02-20 00:00:00-05:00,1.0246428257449016,1.0246428257449016,0.9890651702880859,0.9890651702880859,751781,0.0,0.0
1998-02-23 00:00:00-05:00,0.9890651702880859,1.0104115780514693,0.9677187625247026,0.9890651702880859,450309,0.0,0.0
1998-02-24 00:00:00-05:00,0.9961804151535034,1.0032963995850022,0.9677187447805409,0.9961804151535034,321975,0.0,0.0
1998-02-25 00:00:00-05:00,0.9819492606007879,1.0104116550964373,0.9819492606007879,1.0032964944839478,488278,0.0,0.0
1998-02-26 00:00:00-05:00,0.9819492435549348,1.0104116375564998,0.9819492435549348,1.0068540573120117,378928,0.0,0.0
1998-02-27 00:00:00-05:00,1.0104118837431317,1.0459904775174838,1.003296721520548,1.0388743877410889,1694166,0.0,0.0
1998-03-02 00:00:00-05:00,1.0602204299963236,1.0886829240085372,1.0317588635375956,1.0815677642822266,2613009,0.0,0.0
1998-03-03 00:00:00-05:00,1.0673368246867823,1.1242618291065525,1.0531055735818398,1.0957993268966675,2231044,0.0,0.0
1998-03-04 00:00:00-05:00,1.0957992625511317,1.145608174716766,1.0602206731010804,1.0744519233703613,1934128,0.0,0.0
1998-03-05 00:00:00-05:00,1.0531054293491051,1.0673366785049438,1.0388741801932666,1.0673366785049438,904416,0.0,0.0
1998-03-06 00:00:00-05:00,1.0602207353574347,1.1029144886722624,1.0602207353574347,1.0957993268966675,1526344,0.0,0.0
1998-03-09 00:00:00-05:00,1.1029143070426255,1.1313768045652624,1.0815678976774477,1.1135879755020142,1579500,0.0,0.0
1998-03-10 00:00:00-05:00,1.138491996730511,1.1527232458863494,1.0388741801932666,1.0673366785049438,2596303,0.0,0.0
1998-03-11 00:00:00-05:00,1.0815681437380247,1.0815681437380247,0.9961807348056876,1.0388743877410889,1412438,0.0,0.0
1998-03-12 00:00:00-05:00,1.0388741079428905,1.0459901958027216,1.0032964513044194,1.01752769947052,467016,0.0,0.0
1998-03-13 00:00:00-05:00,1.01752769947052,1.0317589476366207,0.9961804665060952,1.01752769947052,914288,0.0,0.0
1998-03-16 00:00:00-05:00,1.0175277788972206,1.0815679368667726,1.0104116904819185,1.0602205991744995,996300,0.0,0.0
1998-03-17 00:00:00-05:00,1.060220603910472,1.060220603910472,1.010411694995396,1.0246429443359375,403988,0.0,0.0
1998-03-18 00:00:00-05:00,1.0175279735195264,1.0531056397400675,1.003296721520548,1.0388743877410889,694069,0.0,0.0
1998-03-19 00:00:00-05:00,1.0459902408196886,1.0459902408196886,0.9997389141777029,1.0032964944839478,300713,0.0,0.0
1998-03-20 00:00:00-05:00,1.0175276292370556,1.0175276292370556,0.9819491505622864,0.9819491505622864,408544,0.0,0.0
1998-03-23 00:00:00-05:00,0.9748338876856312,0.9961803977460946,0.9606027435633226,0.9819491505622864,804178,0.0,0.0
1998-03-24 00:00:00-05:00,0.9819491857261079,1.0032964179815183,0.9819491857261079,0.9890651702880859,366778,0.0,0.0
1998-03-25 00:00:00-05:00,0.9819491857261079,1.0104115780514693,0.9677187625247026,0.9890651702880859,579403,0.0,0.0
1998-03-26 00:00:00-05:00,0.9748337864875792,0.9961802943320495,0.9748337864875792,0.9748337864875793,233888,0.0,0.0
1998-03-27 00:00:00-05:00,0.9748338876856312,1.010411541868403,0.9748338876856312,0.9819491505622864,470813,0.0,0.0
1998-03-30 00:00:00-05:00,0.9819492266291158,1.0246428684263094,0.9819492266291158,1.0104116201400757,835313,0.0,0.0
1998-03-31 00:00:00-05:00,1.0246429038750176,1.0317589920411083,0.9890652457053674,1.0032964944839478,657619,0.0,0.0
1998-04-01 00:00:00-05:00,1.0104116201400757,1.0104116201400757,0.9890652114875095,1.0104116201400757,127575,0.0,0.0
1998-04-02 00:00:00-05:00,0.9819493091305121,1.010411705032825,0.9392564882384153,0.9534876346588135,722925,0.0,0.0
1998-04-03 00:00:00-05:00,0.9677189709964622,0.9677189709964622,0.9250253217803494,0.9463717341423035,910491,0.0,0.0
1998-04-06 00:00:00-04:00,0.9534877202372494,0.9677189709964622,0.9250253217803494,0.9463717341423035,691791,0.0,0.0
1998-04-07 00:00:00-04:00,0.946371459809035,0.9606027064429075,0.9179089665412903,0.9179089665412903,1547606,0.0,0.0
1998-04-08 00:00:00-04:00,0.9321403904607527,1.0459902821235683,0.9179091411202114,1.0246429443359375,1839206,0.0,0.0
1998-04-09 00:00:00-04:00,1.0388740644655898,1.0602204720446045,1.017527656886575,1.0317589044570923,863409,0.0,0.0
1998-04-13 00:00:00-04:00,1.0602206731010804,1.0744519233703613,1.0246430112047273,1.0744519233703613,1055531,0.0,0.0
1998-04-14 00:00:00-04:00,1.074451831238457,1.1527232372310503,1.0673366704907752,1.1384919881820679,2637309,0.0,0.0
1998-04-15 00:00:00-04:00,1.1313769046614457,1.2096482129352748,1.1100304934076892,1.1883018016815186,3897113,0.0,0.0
1998-04-16 00:00:00-04:00,1.1883018274401358,1.2025330777690224,1.1669545912314772,1.1811858415603638,1468631,0.0,0.0
1998-04-17 00:00:00-04:00,1.1740705027938396,1.1740705027938396,1.1598393564272917,1.166954517364502,1393453,0.0,0.0
1998-04-20 00:00:00-04:00,1.1811856630121746,1.2167633196796166,1.1669544148344853,1.195416808128357,1234744,0.0,0.0
1998-04-21 00:00:00-04:00,1.2025329757282486,1.2025329757282486,1.1669544922097106,1.1740704774856567,1532419,0.0,0.0
1998-04-22 00:00:00-04:00,1.181185718840625,1.23099452297845,1.1669544699902992,1.2167633771896362,1821741,0.0,0.0
1998-04-23 00:00:00-04:00,1.2167633196796166,1.2167633196796166,1.1811856630121746,1.195416808128357,2256103,0.0,0.0
1998-04-24 00:00:00-04:00,1.2096482391566148,1.2096482391566148,1.1811858415603638,1.1811858415603638,553584,0.0,0.0
1998-04-27 00:00:00-04:00,1.1811855230505095,1.1811855230505095,1.095798971655605,1.1313766241073608,1027434,0.0,0.0
1998-04-28 00:00:00-04:00,1.152723267936438,1.1811857667925658,1.1313768575711642,1.166954517364502,511819,0.0,0.0
1998-04-29 00:00:00-04:00,1.1669544416736384,1.1669544416736384,1.138491944663642,1.1527231931686401,284766,0.0,0.0
1998-04-30 00:00:00-04:00,1.1456083773405896,1.181186045529567,1.1456083773405896,1.1598396301269531,699384,0.0,0.0
1998-05-01 00:00:00-04:00,1.17407042664142,1.17407042664142,1.110030375207229,1.1527231931686401,1428384,0.0,0.0
1998-05-04 00:00:00-04:00,1.1456080823045784,1.1811857413310065,1.1242616723994463,1.1740704774856567,1261322,0.0,0.0
1998-05-05 00:00:00-04:00,1.1883016478162933,1.209648056306046,1.152723166656796,1.195416808128357,1925016,0.0,0.0
1998-05-06 00:00:00-04:00,1.2167634265859035,1.2381106614433048,1.166954517364502,1.166954517364502,1583297,0.0,0.0
1998-05-07 00:00:00-04:00,1.1811857413310065,1.1883017266069527,1.1669544922097106,1.1740704774856567,1518750,0.0,0.0
1998-05-08 00:00:00-04:00,1.1883018274401358,1.1954169888277282,1.1740705771112492,1.1811858415603638,1180828,0.0,0.0
1998-05-11 00:00:00-04:00,1.1954169888277282,1.2025330777690224,1.1740705771112492,1.1811858415603638,635597,0.0,0.0
1998-05-12 00:00:00-04:00,1.1811857667925658,1.1954169131591135,1.1598393564272917,1.166954517364502,602184,0.0,0.0
1998-05-13 00:00:00-04:00,1.181186045529567,1.181186045529567,1.1527235399568403,1.1598396301269531,375131,0.0,0.0
1998-05-14 00:00:00-04:00,1.1527229883051247,1.1598390750697345,1.145607829093933,1.145607829093933,613575,0.0,0.0
1998-05-15 00:00:00-04:00,1.1456083773405896,1.181186045529567,1.1456083773405896,1.1598396301269531,916566,0.0,0.0
1998-05-18 00:00:00-04:00,1.1740704774856567,1.1811857413310065,1.1527232430884147,1.1740704774856567,338681,0.0,0.0
1998-05-19 00:00:00-04:00,1.1527235399568403,1.1740707798517762,1.1527235399568403,1.1598396301269531,358425,0.0,0.0
1998-05-20 00:00:00-04:00,1.1669547927432036,1.1669547927432036,1.1527235399568403,1.1598396301269531,629522,0.0,0.0
1998-05-21 00:00:00-04:00,1.1669547927432036,1.181186045529567,1.1598396301269531,1.1598396301269531,677363,0.0,0.0
1998-05-22 00:00:00-04:00,1.1598393564272917,1.1811857667925658,1.152723267936438,1.166954517364502,308306,0.0,0.0
1998-05-26 00:00:00-04:00,1.1740704715198198,1.1740704715198198,1.110030417637722,1.1384919881820679,320456,0.0,0.0
1998-05-27 00:00:00-04:00,1.1029142955515456,1.1100303836348635,1.0246428919565906,1.045990228652954,1499766,0.0,0.0
1998-05-28 00:00:00-04:00,1.0459901105437024,1.0886829240085372,1.0317588635375956,1.0815677642822266,729759,0.0,0.0
1998-05-29 00:00:00-04:00,1.0815679234692863,1.1100304216706602,1.0673366743685995,1.1029143333435059,544472,0.0,0.0
1998-06-01 00:00:00-04:00,1.110030647735982,1.110030647735982,1.0388743877410889,1.0388743877410889,285525,0.0,0.0
1998-06-02 00:00:00-04:00,1.0388739885689622,1.0744516411193108,1.0246427420381317,1.0531052350997925,343238,0.0,0.0
1998-06-03 00:00:00-04:00,1.0388739480521305,1.145607829093933,1.0388739480521305,1.145607829093933,1616709,0.0,0.0
1998-06-04 00:00:00-04:00,1.1456083773405896,1.1669547927432036,1.1171458717678626,1.1598396301269531,599906,0.0,0.0
1998-06-05 00:00:00-04:00,1.1598393093419392,1.2381106111804159,1.1456080604916137,1.2167633771896362,1886288,0.0,0.0
1998-06-08 00:00:00-04:00,1.1954170730659124,1.2381108270610992,1.1954170730659124,1.2238795757293701,901378,0.0,0.0
1998-06-09 00:00:00-04:00,1.2309945421554487,1.2309945421554487,1.2096481323242188,1.2096481323242188,1127672,0.0,0.0
1998-06-10 00:00:00-04:00,1.2096481134797645,1.23099452297845,1.2096481134797645,1.2167633771896362,864169,0.0,0.0
1998-06-11 00:00:00-04:00,1.2309946508730938,1.2309946508730938,1.1811858415603638,1.1811858415603638,1095019,0.0,0.0
1998-06-12 00:00:00-04:00,1.181185890028923,1.2381107906187927,1.1527233882032246,1.230994701385498,2097394,0.0,0.0
1998-06-15 00:00:00-04:00,1.2309945421554487,1.2309945421554487,1.1954168832521923,1.2096481323242188,909731,0.0,0.0
1998-06-16 00:00:00-04:00,1.2238793813962454,1.2238793813962454,1.188301722492989,1.2096481323242188,484481,0.0,0.0
1998-06-17 00:00:00-04:00,1.2167633771896362,1.2167633771896362,1.1954168646294387,1.2167633771896362,456384,0.0,0.0
1998-06-18 00:00:00-04:00,1.2167633771896362,1.2167633771896362,1.1883017039810788,1.2167633771896362,300713,0.0,0.0
1998-06-19 00:00:00-04:00,1.2167635893481517,1.230994737618351,1.1954170730659124,1.2238795757293701,639394,0.0,0.0
1998-06-22 00:00:00-04:00,1.2167634503529126,1.323497256309882,1.2167634503529126,1.302150845527649,3121791,0.0,0.0
1998-06-23 00:00:00-04:00,1.3092659621261133,1.35195970979387,1.28791955206905,1.3163820505142212,2780831,0.0,0.0
1998-06-24 00:00:00-04:00,1.337728269343321,1.337728269343321,1.2879193679612582,1.2950345277786255,840628,0.0,0.0
1998-06-25 00:00:00-04:00,1.3234969347576604,1.3234969347576604,1.2665728773172238,1.287919282913208,882394,0.0,0.0
1998-06-26 00:00:00-04:00,1.302150779250699,1.302150779250699,1.2736882812873003,1.2808034420013428,312103,0.0,0.0
1998-06-29 00:00:00-04:00,1.3092660066038395,1.3163820952336913,1.2808035071917547,1.302150845527649,1374469,0.0,0.0
1998-06-30 00:00:00-04:00,1.2950347129035278,1.3448445489593923,1.2950347129035278,1.3163820505142212,1523306,0.0,0.0
1998-07-01 00:00:00-04:00,1.330613277214098,1.330613277214098,1.2736882812873003,1.2808034420013428,1237781,0.0,0.0
1998-07-02 00:00:00-04:00,1.273688407148018,1.2808035685651518,1.2381107449549364,1.2452259063720703,1303088,0.0,0.0
1998-07-06 00:00:00-04:00,1.2381105831342152,1.259456992149353,1.2381105831342152,1.259456992149353,1550644,0.0,0.0
1998-07-07 00:00:00-04:00,1.266573245730884,1.266573245730884,1.2381107449549364,1.2452259063720703,1299291,0.0,0.0
1998-07-08 00:00:00-04:00,1.2523417137674273,1.2950345277786255,1.2523417137674273,1.2950345277786255,1943241,0.0,0.0
1998-07-09 00:00:00-04:00,1.3092659760019214,1.3092659760019214,1.2452258175983937,1.2736883163452148,1916663,0.0,0.0
1998-07-10 00:00:00-04:00,1.280803392356303,1.280803392356303,1.2523418230497134,1.2665730714797974,1013766,0.0,0.0
1998-07-13 00:00:00-04:00,1.2594570271783017,1.2736882761020651,1.2452257782545382,1.252341866493225,2898534,0.0,0.0
1998-07-14 00:00:00-04:00,1.2452257782545382,1.252341866493225,1.2381106175694618,1.252341866493225,1683534,0.0,0.0
1998-07-15 00:00:00-04:00,1.2381107449549364,1.2523419953429102,1.2238794945669624,1.2452259063720703,751781,0.0,0.0
1998-07-16 00:00:00-04:00,1.2381105422973633,1.2523417903559244,1.2381105422973633,1.2381105422973633,2042719,0.0,0.0
1998-07-17 00:00:00-04:00,1.2381105526614244,1.2452257129734883,1.195416808128357,1.195416808128357,1000856,0.0,0.0
1998-07-20 00:00:00-04:00,1.2096481303654663,1.2096481303654663,1.110030417637722,1.1384919881820679,1470150,0.0,0.0
1998-07-21 00:00:00-04:00,1.1384918608251655,1.1527231082821754,1.0957990460076508,1.1100302934646606,988706,0.0,0.0
1998-07-22 00:00:00-04:00,1.0815677642822266,1.1384918247531683,1.0246427762577994,1.0815677642822266,1387378,0.0,0.0
1998-07-23 00:00:00-04:00,1.0815678615712445,1.0815678615712445,0.9961804749153496,1.0104116201400757,1146656,0.0,0.0
1998-07-24 00:00:00-04:00,1.0388740232639062,1.0815677642822266,1.0104115292516924,1.0815677642822266,1432941,0.0,0.0
1998-07-27 00:00:00-04:00,1.0531052321814267,1.152723030067724,1.0531052321814267,1.1313766241073608,1324350,0.0,0.0
1998-07-28 00:00:00-04:00,1.1598390750697345,1.1598390750697345,1.1100301779311383,1.145607829093933,1238541,0.0,0.0
1998-07-29 00:00:00-04:00,1.1313767841879345,1.1527231931686401,1.110030375207229,1.1527231931686401,997059,0.0,0.0
1998-07-30 00:00:00-04:00,1.1811857353290147,1.1811857353290147,1.1384919881820679,1.1384919881820679,1713150,0.0,0.0
1998-07-31 00:00:00-04:00,1.1669544353921257,1.1669544353921257,1.1171455296695365,1.1242616176605225,240722,0.0,0.0
1998-08-03 00:00:00-04:00,1.1171451807022095,1.1313764246851299,1.1100300224873936,1.1171451807022095,569531,0.0,0.0
1998-08-04 00:00:00-04:00,1.1100304953799218,1.1527233179632885,1.081567995288555,1.0975775718688965,780638,0.0,0.0
1998-08-05 00:00:00-04:00,1.0957990547476586,1.0957990547476586,1.0246428168950725,1.0317589044570923,487519,0.0,0.0
1998-08-06 00:00:00-04:00,1.0246428168950725,1.0388740644655898,0.9961804248155405,1.0317589044570923,792788,0.0,0.0
1998-08-07 00:00:00-04:00,1.031759225518505,1.067336891739046,1.0282007168534022,1.0388743877410889,344756,0.0,0.0
1998-08-10 00:00:00-04:00,1.0815678864087725,1.095799135021818,1.0388741405696362,1.045990228652954,1505841,0.0,0.0
1998-08-11 00:00:00-04:00,1.0531052834198276,1.0531052834198276,0.9534874806866674,0.9819491505622864,2408738,0.0,0.0
1998-08-12 00:00:00-04:00,1.0175279735195264,1.0388743877410889,0.981949482806709,1.0388743877410889,2622881,0.0,0.0
1998-08-13 00:00:00-04:00,1.0317589920411083,1.0317589920411083,0.9890652457053674,1.0032964944839478,1331184,0.0,0.0
1998-08-14 00:00:00-04:00,1.0175276470174894,1.0175276470174894,0.9961804151535034,0.9961804151535034,419175,0.0,0.0
1998-08-17 00:00:00-04:00,1.0104115693245552,1.0388740644655898,0.9961804248155405,1.0317589044570923,388800,0.0,0.0
1998-08-18 00:00:00-04:00,1.038874261474008,1.0744519233703613,1.0246430112047273,1.0744519233703613,517894,0.0,0.0
1998-08-19 00:00:00-04:00,1.0780102271728926,1.0815678071771415,1.0317589044570923,1.0317589044570923,327291,0.0,0.0
1998-08-20 00:00:00-04:00,1.038874297238796,1.0459903863952675,0.9392565725395622,0.9463717341423035,1063884,0.0,0.0
1998-08-21 00:00:00-04:00,0.9534876665094789,0.9534876665094789,0.8752163585826839,0.9107940196990967,1612153,0.0,0.0
1998-08-24 00:00:00-04:00,0.9107940196990967,0.9321404308582086,0.8823315197844953,0.9107940196990967,3259997,0.0,0.0
1998-08-25 00:00:00-04:00,0.9250250714552307,0.9606027249485718,0.9036777373164427,0.9321402311325073,3113438,0.0,0.0
1998-08-26 00:00:00-04:00,0.9321401331702587,0.939256219653157,0.8894473244863951,0.9036776423454285,625725,0.0,0.0
1998-08-27 00:00:00-04:00,0.8965626008445242,0.8965626008445242,0.8254072920161587,0.832522451877594,626484,0.0,0.0
1998-08-28 00:00:00-04:00,0.8325224514342693,0.8681001058295066,0.7400198594946001,0.796944797039032,5633044,0.0,0.0
1998-08-31 00:00:00-04:00,0.8111761516160715,0.8254074007674794,0.7400199573897887,0.7613663673400879,959091,0.0,0.0
1998-09-01 00:00:00-04:00,0.7755975637881398,0.8111760964950853,0.7542511552883703,0.7827136516571045,848981,0.0,0.0
1998-09-02 00:00:00-04:00,0.7684824857376508,0.8040601462303233,0.7613663971069192,0.789828896522522,328809,0.0,0.0
1998-09-03 00:00:00-04:00,0.7684824053710418,0.782713653590563,0.7471359968185425,0.7471359968185425,272616,0.0,0.0
1998-09-04 00:00:00-04:00,0.7542511647052613,0.7684824130673068,0.7400199163432158,0.7578087449073792,807216,0.0,0.0
1998-09-08 00:00:00-04:00,0.7969448312962042,0.7969448312962042,0.7542511391853529,0.7684823870658875,764691,0.0,0.0
1998-09-09 00:00:00-04:00,0.7684826495389984,0.7684826495389984,0.7257888913154603,0.7257888913154602,217181,0.0,0.0
1998-09-10 00:00:00-04:00,0.7115576040579568,0.7115576040579568,0.654633527530802,0.6688647270202637,3390609,0.0,0.0
1998-09-11 00:00:00-04:00,0.6902109643211054,0.697326123714447,0.6688645070568918,0.697326123714447,2325206,0.0,0.0
1998-09-14 00:00:00-04:00,0.7115573883056641,0.7542510768903649,0.6973261416005144,0.7115573883056641,1311441,0.0,0.0
1998-09-15 00:00:00-04:00,0.690211063451421,0.7400199174880981,0.690211063451421,0.7400199174880981,179213,0.0,0.0
1998-09-16 00:00:00-04:00,0.7471359790218569,0.782713634946422,0.7115574470745015,0.7684823870658875,267300,0.0,0.0
1998-09-17 00:00:00-04:00,0.7684824507026631,0.7684824507026631,0.7115575059974155,0.7329047918319702,268819,0.0,0.0
1998-09-18 00:00:00-04:00,0.7329047728213228,0.7684824307691751,0.7186735241314628,0.7542511820793152,406266,0.0,0.0
1998-09-21 00:00:00-04:00,0.7400198913048183,0.7684823870658875,0.7329047311413223,0.7684823870658875,314381,0.0,0.0
1998-09-22 00:00:00-04:00,0.7471359469057492,0.796944797039032,0.7329046996369538,0.796944797039032,114666,0.0,0.0
1998-09-23 00:00:00-04:00,0.796944797039032,0.8254072915766228,0.789828761158633,0.796944797039032,336403,0.0,0.0
1998-09-24 00:00:00-04:00,0.7969449336224944,0.8040601462303233,0.7684824857376508,0.789828896522522,1352447,0.0,0.0
1998-09-25 00:00:00-04:00,0.7684824307691751,0.7898288400271674,0.7400199333894552,0.7542511820793152,466256,0.0,0.0
1998-09-28 00:00:00-04:00,0.7684823038843266,0.7684823038843266,0.6830948773743217,0.697326123714447,763172,0.0,0.0
1998-09-29 00:00:00-04:00,0.718673508688792,0.7400199174880981,0.6973262238666645,0.7400199174880981,159469,0.0,0.0
1998-09-30 00:00:00-04:00,0.7257887480344238,0.7471360867088538,0.7044423369136701,0.718673586845398,1351688,0.0,0.0
1998-10-01 00:00:00-04:00,0.7044424490183484,0.7186737012148319,0.6261710772453692,0.6546335816383362,737353,0.0,0.0
1998-10-02 00:00:00-04:00,0.6759797930717468,0.6830949532554712,0.6332860493087648,0.6759797930717468,704700,0.0,0.0
1998-10-05 00:00:00-04:00,0.6830948885856837,0.6830948885856837,0.611939583270656,0.6190547943115234,533081,0.0,0.0
1998-10-06 00:00:00-04:00,0.6119396897072242,0.6546334368541712,0.5265522984748436,0.5692459940910339,3012441,0.0,0.0
1998-10-07 00:00:00-04:00,0.5834772803808166,0.5977084788073573,0.4304921163012326,0.45539700984954834,2681353,0.0,0.0
1998-10-08 00:00:00-04:00,0.4874170115220043,0.4874170115220043,0.419819325208664,0.41981932520866394,6481266,0.0,0.0
1998-10-09 00:00:00-04:00,0.44828173518180847,0.45539694693133315,0.41981929073037416,0.44828173518180847,1116281,0.0,0.0
1998-10-12 00:00:00-04:00,0.44828173696289547,0.5407834579422014,0.44828173696289547,0.5123218894004822,1224113,0.0,0.0
1998-10-13 00:00:00-04:00,0.49809070819069046,0.5123219581479911,0.4055880987758349,0.45539700984954834,2771719,0.0,0.0
1998-10-14 00:00:00-04:00,0.4553969609248509,0.5621308088302612,0.44116571249645703,0.5621308088302612,1190700,0.0,0.0
1998-10-15 00:00:00-04:00,0.5478995988889133,0.6261709554356844,0.5407835103980597,0.583477258682251,984909,0.0,0.0
1998-10-16 00:00:00-04:00,0.5977083630713899,0.7257886088021165,0.5977083630713899,0.6830949187278748,1431422,0.0,0.0
1998-10-19 00:00:00-04:00,0.675979758903792,0.6973261659295387,0.6546333518780454,0.6830949187278748,386522,0.0,0.0
1998-10-20 00:00:00-04:00,0.6830950287439439,0.7257887256942315,0.6830950287439439,0.6902111172676086,618131,0.0,0.0
1998-10-21 00:00:00-04:00,0.7115575277313078,0.7115575277313078,0.633286119292881,0.6902111172676086,480684,0.0,0.0
1998-10-22 00:00:00-04:00,0.7044424759806209,0.7257888913154603,0.6617487692878529,0.7257888913154602,1375228,0.0,0.0
1998-10-23 00:00:00-04:00,0.7115573607331975,0.7827135399709338,0.7115573607331975,0.7755974531173706,179972,0.0,0.0
1998-10-26 00:00:00-05:00,0.7827136516571045,0.804060060156874,0.7400199071040032,0.7827136516571045,996300,0.0,0.0
1998-10-27 00:00:00-05:00,0.7613663262874043,0.7898288230555295,0.7044422603047293,0.7400199174880981,1307644,0.0,0.0
1998-10-28 00:00:00-05:00,0.7400198594946001,0.8040600084274285,0.7329046996369538,0.796944797039032,1169438,0.0,0.0
1998-10-29 00:00:00-05:00,0.8111760443078274,0.8111760443078274,0.7827136013009867,0.796944797039032,1066922,0.0,0.0
1998-10-30 00:00:00-05:00,0.8040601462303233,0.8182913444073656,0.7898288965225219,0.789828896522522,883913,0.0,0.0
1998-11-02 00:00:00-05:00,0.7827136755288459,0.8182912817672993,0.7827136755288459,0.8111761212348938,1334981,0.0,0.0
1998-11-03 00:00:00-05:00,0.8182912568104876,0.8254073446794523,0.7542511552883703,0.7827136516571045,1123875,0.0,0.0
1998-11-04 00:00:00-05:00,0.8111760443078274,0.8111760443078274,0.7827136013009867,0.796944797039032,871003,0.0,0.0
1998-11-05 00:00:00-05:00,0.7969448373300064,0.8752162374887811,0.7827136408724774,0.8538689017295837,1568869,0.0,0.0
1998-11-06 00:00:00-05:00,0.8681001497178654,0.8823313977061471,0.8467537415122176,0.8538689017295837,643950,0.0,0.0
1998-11-09 00:00:00-05:00,0.8538689017295837,0.8538689017295837,0.8325224935239359,0.8538689017295837,252113,0.0,0.0
1998-11-10 00:00:00-05:00,0.8325224850671691,0.8396376967430115,0.8111760770783581,0.8396376967430115,300713,0.0,0.0
1998-11-11 00:00:00-05:00,0.8111761369323143,0.8396377586970549,0.8111761369323143,0.8254073858261108,442716,0.0,0.0
1998-11-12 00:00:00-05:00,0.8111761212348938,0.8325225303857008,0.8040600846796527,0.8111761212348938,181491,0.0,0.0
1998-11-13 00:00:00-05:00,0.8111763468284401,0.8467540144920349,0.8040603082941813,0.8467540144920349,398672,0.0,0.0
1998-11-16 00:00:00-05:00,0.8538688933588734,0.8609849810600281,0.825407325214876,0.8609849810600281,450309,0.0,0.0
1998-11-17 00:00:00-05:00,0.8396377052720547,0.8538689017295837,0.8325224935239359,0.8538689017295837,314381,0.0,0.0
1998-11-18 00:00:00-05:00,0.8467537415122176,0.8752162374887811,0.8396377052720547,0.8538689017295837,523209,0.0,0.0
1998-11-19 00:00:00-05:00,0.8538689395365078,0.8538689395365078,0.7969448726164923,0.8111761212348938,397153,0.0,0.0
1998-11-20 00:00:00-05:00,0.8254072891693627,0.8254072891693627,0.6830949199579553,0.7044422030448914,1562794,0.0,0.0
1998-11-23 00:00:00-05:00,0.7044422050993628,0.796944797039032,0.7044422050993628,0.796944797039032,1152731,0.0,0.0
1998-11-24 00:00:00-05:00,0.782713634946422,0.8182912393402348,0.7684823870658875,0.7684823870658875,440438,0.0,0.0
1998-11-25 00:00:00-05:00,0.8111761253079998,0.8111761253079998,0.7542511820793151,0.7542511820793152,256669,0.0,0.0
1998-11-27 00:00:00-05:00,0.7400199071040032,0.7969448483107182,0.7400199071040032,0.7827136516571045,35691,0.0,0.0
1998-11-30 00:00:00-05:00,0.7898288656429038,0.7898288656429038,0.7400199573897887,0.7613663673400879,364500,0.0,0.0
1998-12-01 00:00:00-05:00,0.7400199439940874,0.825407385826111,0.6830949999496571,0.8254073858261108,2341153,0.0,0.0
1998-12-02 00:00:00-05:00,0.8396377850548105,1.031759032783027,0.8396377850548105,1.0246429443359375,6357488,0.0,0.0
1998-12-03 00:00:00-05:00,1.1242619453357732,1.2238796827538396,0.8254075994046477,0.8467540144920349,21163781,0.0,0.0
1998-12-04 00:00:00-05:00,0.8396377244776893,0.8716577497646,0.7684824104622439,0.8147336840629578,3679931,0.0,0.0
1998-12-07 00:00:00-05:00,0.8111761983454318,0.8396378222649656,0.7755976611712863,0.804060161113739,1565072,0.0,0.0
1998-12-08 00:00:00-05:00,0.8111761369323143,0.825407385826111,0.7827136906754771,0.8254073858261108,1948556,0.0,0.0
1998-12-09 00:00:00-05:00,0.8040599035426481,0.9179088877578435,0.796944693082388,0.9036776423454285,2092838,0.0,0.0
1998-12-10 00:00:00-05:00,0.9107941636768836,0.9606030826243606,0.9036780737964871,0.9392566680908203,1936406,0.0,0.0
1998-12-11 00:00:00-05:00,0.9321403837178072,0.9677188675270955,0.8609850650834636,0.8681002259254456,437400,0.0,0.0
1998-12-14 00:00:00-05:00,0.8681002760540023,0.8965627761727627,0.8254074534295464,0.8752163648605347,264263,0.0,0.0
1998-12-15 00:00:00-05:00,0.8823314367733108,0.8823314367733108,0.7827136755288459,0.8111761212348938,1274991,0.0,0.0
1998-12-16 00:00:00-05:00,0.8396378409103434,0.8467538783000581,0.800502598285675,0.800502598285675,510300,0.0,0.0
1998-12-17 00:00:00-05:00,0.8111762163587778,0.8111762163587778,0.7969449660715259,0.800502598285675,220978,0.0,0.0
1998-12-18 00:00:00-05:00,0.8040600846796527,0.8254073698532953,0.8005025044134501,0.8111761212348938,324253,0.0,0.0
1998-12-21 00:00:00-05:00,0.8111759807475808,0.8254072269012772,0.7755974531173706,0.7755974531173706,763172,0.0,0.0
1998-12-22 00:00:00-05:00,0.7684824857376508,0.7969449336224944,0.7684824857376508,0.789828896522522,845944,0.0,0.0
1998-12-23 00:00:00-05:00,0.8040599454247637,0.818291140047714,0.7755974531173706,0.7755974531173706,592313,0.0,0.0
1998-12-24 00:00:00-05:00,0.7969447345938843,0.7969447345938843,0.7613662069636742,0.7755974531173706,294638,0.0,0.0
1998-12-28 00:00:00-05:00,0.782713679459035,0.7969448766181397,0.7400199333894552,0.7542511820793152,848222,0.0,0.0
1998-12-29 00:00:00-05:00,0.7400199439940874,0.825407385826111,0.7186735344301968,0.8254073858261108,2072334,0.0,0.0
1998-12-30 00:00:00-05:00,0.8325223030956157,0.9107936853508606,0.8182910583625405,0.9001200199127197,1182347,0.0,0.0
1998-12-31 00:00:00-05:00,0.8752163969187948,0.981949384943137,0.8752163969187948,0.9677189588546753,1606078,0.0,0.0
1999-01-04 00:00:00-05:00,0.9677188189936919,0.9677188189936919,0.868100182388154,0.8823314309120178,492834,0.0,0.0
1999-01-05 00:00:00-05:00,0.8823314309120179,0.8965626794358817,0.868100182388154,0.8823314309120178,282488,0.0,0.0
1999-01-06 00:00:00-05:00,0.8823313887434212,0.8965626365871419,0.8325224850671691,0.8396376967430115,1117041,0.0,0.0
1999-01-07 00:00:00-05:00,0.8396376967430115,0.8681001408997006,0.8396376967430115,0.8396376967430115,479925,0.0,0.0
1999-01-08 00:00:00-05:00,0.8467536991539677,0.8503112790846854,0.832522451877594,0.832522451877594,596109,0.0,0.0
1999-01-11 00:00:00-05:00,0.8325224850671691,0.8467537329108896,0.8254073249220788,0.8396376967430115,314381,0.0,0.0
1999-01-12 00:00:00-05:00,0.8111761212348938,0.8254073698532953,0.7969448726164923,0.8111761212348938,944663,0.0,0.0
1999-01-13 00:00:00-05:00,0.7827136408724774,0.8965626456944289,0.7684823928841957,0.8538689017295837,1113244,0.0,0.0
1999-01-14 00:00:00-05:00,0.8538689560600955,0.8681002049538921,0.7969448880385177,0.8254073858261108,1202091,0.0,0.0
1999-01-15 00:00:00-05:00,0.8254074057662919,0.8823314751630406,0.8182913173706788,0.8681002259254456,549788,0.0,0.0
1999-01-19 00:00:00-05:00,0.8609849807546103,0.8823313887434212,0.8396376967430115,0.8396376967430115,287803,0.0,0.0
1999-01-20 00:00:00-05:00,0.8467537322605907,0.9250251315641724,0.8467537322605907,0.8965626358985901,1191459,0.0,0.0
1999-01-21 00:00:00-05:00,0.8681002698271946,0.9250252696563973,0.8681002698271946,0.9107940196990967,1235503,0.0,0.0
1999-01-22 00:00:00-05:00,0.9107938837313813,0.9107938837313813,0.8823313880657989,0.8965626358985901,599906,0.0,0.0
1999-01-25 00:00:00-05:00,0.8894476085399846,0.9107940196990967,0.8894476085399846,0.9107940196990967,915047,0.0,0.0
1999-01-26 00:00:00-05:00,0.8894476085399846,0.9107940196990967,0.8894476085399846,0.9107940196990967,361463,0.0,0.0
1999-01-27 00:00:00-05:00,0.8965628090129195,0.9890653709488,0.8894476474994508,0.9677189588546753,1562034,0.0,0.0
1999-01-28 00:00:00-05:00,0.9606026983811015,0.9890650883484816,0.8965625528428597,0.9250250458717346,4980741,0.0,0.0
1999-01-29 00:00:00-05:00,0.9250250536349571,0.9392563002688296,0.9179089665412903,0.9179089665412903,396394,0.0,0.0
1999-02-01 00:00:00-05:00,0.939256318363263,0.939256318363263,0.917908984224475,0.9321402311325073,367538,0.0,0.0
1999-02-02 00:00:00-05:00,0.9179090180515805,1.0317588944499765,0.9179090180515805,0.9961804151535034,2402663,0.0,0.0
1999-02-03 00:00:00-05:00,0.9890652342007722,1.0815678864087725,0.9748339855877267,1.045990228652954,2373806,0.0,0.0
1999-02-04 00:00:00-05:00,1.0673365596066242,1.0815678071771415,0.9677187541665259,1.0317589044570923,2133844,0.0,0.0
1999-02-05 00:00:00-05:00,1.0246428257449016,1.0246428257449016,0.9819491857261079,0.9890651702880859,400950,0.0,0.0
1999-02-08 00:00:00-05:00,0.981949384943137,1.0032966215294559,0.9534877082740192,0.9677189588546753,513338,0.0,0.0
1999-02-09 00:00:00-05:00,0.9321404308582086,0.9463716808155094,0.8965627697417959,0.9107940196990967,709256,0.0,0.0
1999-02-10 00:00:00-05:00,0.917909180900908,0.96060293077281,0.8965627697417959,0.9107940196990967,251353,0.0,0.0
1999-02-11 00:00:00-05:00,0.8965627397926715,0.9606028986844637,0.8965627397926715,0.9534876346588135,206550,0.0,0.0
1999-02-12 00:00:00-05:00,0.9534875241682504,0.9534875241682504,0.8894474757589642,0.8965626358985901,377409,0.0,0.0
1999-02-16 00:00:00-05:00,0.9107937476467237,1.038873928389924,0.9107937476467237,0.9748337864875793,3314672,0.0,0.0
1999-02-17 00:00:00-05:00,1.0424317329598427,1.0459902408196886,0.9819492606007879,1.0032964944839478,6002100,0.0,0.0
1999-02-18 00:00:00-05:00,1.0317591226907679,1.0353167034475024,0.9534877082740192,0.9677189588546753,1812628,0.0,0.0
1999-02-19 00:00:00-05:00,0.9677187278704756,0.9961803977460946,0.9463714963795145,0.9819491505622864,1363838,0.0,0.0
1999-02-22 00:00:00-05:00,0.9961803977460946,1.010411541868403,0.9748338876856312,0.9819491505622864,646988,0.0,0.0
1999-02-23 00:00:00-05:00,0.9819491857261079,1.0175276656749508,0.9819491857261079,0.9890651702880859,493594,0.0,0.0
1999-02-24 00:00:00-05:00,0.9961805093793682,1.0104116550964373,0.9890652457053674,1.0032964944839478,574847,0.0,0.0
1999-02-25 00:00:00-05:00,1.01752769947052,1.0388741079428905,1.0032964513044194,1.01752769947052,3376181,0.0,0.0
1999-02-26 00:00:00-05:00,1.010411694995396,1.0459902821235683,1.010411694995396,1.0246429443359375,645469,0.0,0.0
1999-03-01 00:00:00-05:00,1.045990228652954,1.0531053891826816,1.0246428919565906,1.045990228652954,807975,0.0,0.0
1999-03-02 00:00:00-05:00,1.053105511743289,1.0957992625511317,1.0495479310643934,1.0744519233703613,2378363,0.0,0.0
1999-03-03 00:00:00-05:00,1.0957991098574782,1.0957991098574782,0.9961804749153496,1.0104116201400757,2330522,0.0,0.0
1999-03-04 00:00:00-05:00,1.0104117830429247,1.0246430336235806,0.9534877082740192,0.9677189588546753,1202850,0.0,0.0
1999-03-05 00:00:00-05:00,0.9606028986844637,1.010411705032825,0.9534876346588136,0.9534876346588135,655341,0.0,0.0
1999-03-08 00:00:00-05:00,0.981949384943137,0.9890653709488,0.9463717222683562,0.9677189588546753,678122,0.0,0.0
1999-03-09 00:00:00-05:00,0.9677186274110525,0.9926226117322972,0.9677186274110525,0.9748337864875793,542953,0.0,0.0
1999-03-10 00:00:00-05:00,0.974834120368144,0.9890653709488,0.9463717222683562,0.9677189588546753,265022,0.0,0.0
1999-03-11 00:00:00-05:00,0.9606029728490122,0.981949384943137,0.9534877082740192,0.9677189588546753,541434,0.0,0.0
1999-03-12 00:00:00-05:00,0.9606027249485718,0.9677187091178299,0.9321402311325073,0.9321402311325073,328050,0.0,0.0
1999-03-15 00:00:00-05:00,0.9392565607548875,0.9677189588546752,0.9250253101742315,0.9677189588546753,492834,0.0,0.0
1999-03-16 00:00:00-05:00,1.010411694995396,1.0637791119108355,1.0032965341019442,1.0246429443359375,1899956,0.0,0.0
1999-03-17 00:00:00-05:00,1.0317589920411083,1.0317589920411083,1.0032964944839478,1.0032964944839478,679641,0.0,0.0
1999-03-18 00:00:00-05:00,1.0246431357421102,1.0388743877410889,1.003296721520548,1.0388743877410889,918084,0.0,0.0
1999-03-19 00:00:00-05:00,1.0388741079428905,1.0531053561089911,1.0104116116106892,1.01752769947052,317419,0.0,0.0
1999-03-22 00:00:00-05:00,1.0104116201400757,1.038874116712543,1.0032964597737433,1.0104116201400757,287803,0.0,0.0
1999-03-23 00:00:00-05:00,1.0032966215294559,1.0104117830429247,0.9534877082740192,0.9677189588546753,260466,0.0,0.0
1999-03-24 00:00:00-05:00,0.9321402053522265,0.9606026983811015,0.9107937993572971,0.9250250458717346,378928,0.0,0.0
1999-03-25 00:00:00-05:00,0.96060293077281,0.96060293077281,0.8965627697417959,0.9107940196990967,658378,0.0,0.0
1999-03-26 00:00:00-05:00,0.9107937288283269,0.9250249742407419,0.8965624834159118,0.9036776423454285,347034,0.0,0.0
1999-03-29 00:00:00-05:00,0.917909180900908,0.9250252696563973,0.9036779309436074,0.9107940196990967,400950,0.0,0.0
1999-03-30 00:00:00-05:00,0.9036777199074179,0.9392563002688296,0.9036777199074179,0.9179089665412903,219459,0.0,0.0
1999-03-31 00:00:00-05:00,0.9179091888855906,0.9677189248847456,0.896562777540791,0.9606029391288757,783675,0.0,0.0
1999-04-01 00:00:00-05:00,0.946371459809035,0.9677186904750786,0.9107938070010847,0.9179089665412903,134409,0.0,0.0
1999-04-05 00:00:00-04:00,0.9107940196990967,0.9392565196136979,0.8965627697417959,0.9107940196990967,227813,0.0,0.0
1999-04-06 00:00:00-04:00,0.9107938070010847,0.9392563002688296,0.9036777199074179,0.9179089665412903,447272,0.0,0.0
1999-04-07 00:00:00-04:00,0.9321402131751626,0.9321402131751626,0.9179089665412903,0.9179089665412903,220219,0.0,0.0
1999-04-08 00:00:00-04:00,0.9179089665412903,0.9250250536349571,0.8894474008270067,0.9179089665412903,602944,0.0,0.0
1999-04-09 00:00:00-04:00,0.9179089588377891,0.9250250458717346,0.9107937993572971,0.9250250458717346,241481,0.0,0.0
1999-04-12 00:00:00-04:00,0.9250250458717346,0.939256292386172,0.9036777123233517,0.9250250458717346,763172,0.0,0.0
1999-04-13 00:00:00-04:00,0.9179089588377891,0.9321402053522265,0.9036777123233517,0.9250250458717346,296916,0.0,0.0
1999-04-14 00:00:00-04:00,0.9179090438710071,0.9250251315641724,0.8965626358985901,0.8965626358985901,1011488,0.0,0.0
1999-04-15 00:00:00-04:00,0.8894474757589642,0.9107938837313813,0.8823313880657989,0.8965626358985901,451069,0.0,0.0
1999-04-16 00:00:00-04:00,0.9107941636768836,0.9748342317697929,0.9107941636768836,0.9392566680908203,1487616,0.0,0.0
1999-04-19 00:00:00-04:00,0.9677189282654155,0.9748340895539764,0.9392565310653144,0.9428141117095947,1157288,0.0,0.0
1999-04-20 00:00:00-04:00,0.9534877082740192,0.981949384943137,0.9321404716877002,0.9677189588546753,2811966,0.0,0.0
1999-04-21 00:00:00-04:00,0.9819493972634704,0.992622964159787,0.9463717341423035,0.9463717341423035,216422,0.0,0.0
1999-04-22 00:00:00-04:00,0.9677187018394732,0.9677187018394732,0.9250250644979793,0.9356986284255981,183009,0.0,0.0
1999-04-23 00:00:00-04:00,0.91790915023872,0.9677188841407282,0.91790915023872,0.9534876346588135,265022,0.0,0.0
1999-04-26 00:00:00-04:00,0.9321403904607527,1.0531054430170201,0.9250252295673009,1.0246429443359375,1576463,0.0,0.0
1999-04-27 00:00:00-04:00,1.0246430816406136,1.0317591710412763,0.9961806822070151,1.021085500717163,703181,0.0,0.0
1999-04-28 00:00:00-04:00,0.99618054871637,1.0246429443359375,0.9890652847614029,1.0246429443359375,453347,0.0,0.0
1999-04-29 00:00:00-04:00,1.0246431357421102,1.0388743877410889,1.003296721520548,1.0388743877410889,755578,0.0,0.0
1999-04-30 00:00:00-04:00,1.0246429443359375,1.1100304403791856,1.0175277834424856,1.0246429443359375,1082869,0.0,0.0
1999-05-03 00:00:00-04:00,1.0246427762577994,1.0815677642822266,1.0246427762577994,1.0815677642822266,963647,0.0,0.0
1999-05-04 00:00:00-04:00,1.0673365172761198,1.0815677642822266,1.0317588635375956,1.0815677642822266,1580259,0.0,0.0
1999-05-05 00:00:00-04:00,1.081568012281851,1.1100305128204127,1.06733676201257,1.0744519233703613,522450,0.0,0.0
1999-05-06 00:00:00-04:00,1.0744516770024304,1.0957990112883333,1.0673365172761198,1.0815677642822266,834553,0.0,0.0
1999-05-07 00:00:00-04:00,1.0957989746922838,1.0957989746922838,1.0459900756111047,1.0531052350997925,672806,0.0,0.0
1999-05-10 00:00:00-04:00,1.0459902774511622,1.0815679368667726,1.0317590281741913,1.0602205991744995,478406,0.0,0.0
1999-05-11 00:00:00-04:00,1.0531052350997925,1.0744516411193108,1.0317588290802742,1.0531052350997925,1572666,0.0,0.0
1999-05-12 00:00:00-04:00,1.0388741045077694,1.088683009147644,1.0388741045077694,1.088683009147644,10587206,0.0,0.0
1999-05-13 00:00:00-04:00,1.0957991208037348,1.1669544353921257,1.0957991208037348,1.1242616176605225,2305463,0.0,0.0
1999-05-14 00:00:00-04:00,1.1242616176605225,1.1456080265263242,1.1100303692321287,1.1242616176605225,472331,0.0,0.0
1999-05-17 00:00:00-04:00,1.1100300224873936,1.138491582899946,1.0957987785044732,1.1171451807022095,345516,0.0,0.0
1999-05-18 00:00:00-04:00,1.1100304194351662,1.2238793813962454,1.1100304194351662,1.2096481323242188,855056,0.0,0.0
1999-05-19 00:00:00-04:00,1.2523418316621686,1.3092658982203977,1.1669544435559573,1.259456992149353,1448128,0.0,0.0
1999-05-20 00:00:00-04:00,1.245225926394322,1.3377285916266686,1.2381107648627818,1.3092660903930664,1934888,0.0,0.0
1999-05-21 00:00:00-04:00,1.3021509288615263,1.3306134300951284,1.259457177011123,1.3092660903930664,1152731,0.0,0.0
1999-05-24 00:00:00-04:00,1.323497188946441,1.3377284379281404,1.2665731205732575,1.2808034420013428,2340394,0.0,0.0
1999-05-25 00:00:00-04:00,1.280803392356303,1.3448444740684702,1.2523418230497134,1.2665730714797974,1898438,0.0,0.0
1999-05-26 00:00:00-04:00,1.2950349048342473,1.2950349048342473,1.1954170730659124,1.2238795757293701,1641009,0.0,0.0
1999-05-27 00:00:00-04:00,1.209648056306046,1.2309944647957989,1.1883016478162933,1.195416808128357,827719,0.0,0.0
1999-05-28 00:00:00-04:00,1.181185718840625,1.2452257718287758,1.181185718840625,1.2167633771896362,580922,0.0,0.0
1999-06-01 00:00:00-04:00,1.2238793346062617,1.3092658982203977,1.2238793346062617,1.259456992149353,1047938,0.0,0.0
1999-06-02 00:00:00-04:00,1.2523418715915582,1.2950346909830421,1.2523418715915582,1.2808034420013428,468534,0.0,0.0
1999-06-03 00:00:00-04:00,1.2523417137674273,1.3234970221550892,1.2523417137674273,1.2950345277786255,2439113,0.0,0.0
1999-06-04 00:00:00-04:00,1.280803606487086,1.4515775855838056,1.280803606487086,1.3448446989059448,6765272,0.0,0.0
1999-06-07 00:00:00-04:00,1.3875375237802061,1.3946535099002126,1.3377286097244123,1.3448446989059448,1248413,0.0,0.0
1999-06-08 00:00:00-04:00,1.3519595861434937,1.3661908340644875,1.330613178038775,1.3519595861434937,653063,0.0,0.0
1999-06-09 00:00:00-04:00,1.3448444011373533,1.3946532011032104,1.3448444011373533,1.3946532011032104,534600,0.0,0.0
1999-06-10 00:00:00-04:00,1.387537216558789,1.3946532011032104,1.366190808848071,1.3946532011032104,532322,0.0,0.0
1999-06-11 00:00:00-04:00,1.3804220555072408,1.6650449472375934,1.3804220555072408,1.4658085107803345,6709838,0.0,0.0
1999-06-14 00:00:00-04:00,1.5085023992360846,1.565427395319211,1.4800399011945216,1.5013872385025024,1877175,0.0,0.0
1999-06-15 00:00:00-04:00,1.5298486864147363,1.544079934295271,1.5191759461694923,1.536964774131775,831516,0.0,0.0
1999-06-16 00:00:00-04:00,1.536964942786683,1.5440801037309428,1.4871560335159302,1.4871560335159302,555103,0.0,0.0
1999-06-17 00:00:00-04:00,1.4871558797541675,1.5227335359042693,1.4658085440212678,1.4942710399627686,740391,0.0,0.0
1999-06-18 00:00:00-04:00,1.5227334841443283,1.5796575465388492,1.5156173966240651,1.5511959791183472,1396491,0.0,0.0
1999-06-21 00:00:00-04:00,1.5583112676583952,1.5796576768734025,1.5440800189971924,1.5440800189971924,741150,0.0,0.0
1999-06-22 00:00:00-04:00,1.565427192807034,1.643698485457411,1.5440798582606605,1.593888759613037,2951691,0.0,0.0
1999-06-23 00:00:00-04:00,1.5974471985012466,1.6010048815461217,1.544079891598084,1.5511959791183472,491316,0.0,0.0
1999-06-24 00:00:00-04:00,1.565427269892844,1.579657590219836,1.536964774131775,1.536964774131775,483722,0.0,0.0
1999-06-25 00:00:00-04:00,1.536964910862824,1.544080071659297,1.4444622551869248,1.458693504333496,954534,0.0,0.0
1999-06-28 00:00:00-04:00,1.4658086142603448,1.4658086142603448,1.3661909043066334,1.4373462200164795,700144,0.0,0.0
1999-06-29 00:00:00-04:00,1.4373462698983408,1.4586935043334959,1.3804222008656817,1.458693504333496,784434,0.0,0.0
1999-06-30 00:00:00-04:00,1.4658086151373741,1.5511961071045905,1.4586934545835695,1.5440800189971924,1405603,0.0,0.0
1999-07-01 00:00:00-04:00,1.5440801037309428,1.5440801037309428,1.480039945018026,1.4871560335159302,236166,0.0,0.0
1999-07-02 00:00:00-04:00,1.5085023673430238,1.5085023673430238,1.4515773724634173,1.4729247093200684,640153,0.0,0.0
1999-07-06 00:00:00-04:00,1.4871558292035632,1.608120041512868,1.4800397416833,1.5511959791183472,2032088,0.0,0.0
1999-07-07 00:00:00-04:00,1.544079934295271,1.565427269892844,1.5085022783707058,1.536964774131775,629522,0.0,0.0
1999-07-08 00:00:00-04:00,1.5440798569101188,1.5511959442705183,1.4800397084340056,1.522733449935913,1233984,0.0,0.0
1999-07-09 00:00:00-04:00,1.5298487734166226,1.5298487734166226,1.4658086180890504,1.5085023641586304,652303,0.0,0.0
1999-07-12 00:00:00-04:00,1.515617492159565,1.5227335801283841,1.4800398349761963,1.4800398349761963,804178,0.0,0.0
1999-07-13 00:00:00-04:00,1.4800402881132793,1.4800402881132793,1.4088849519612419,1.4515777826309204,1663031,0.0,0.0
1999-07-14 00:00:00-04:00,1.4444621385043412,1.472924634498304,1.3946532342916818,1.4231157302856445,1833891,0.0,0.0
1999-07-15 00:00:00-04:00,1.4373460760523642,1.4444620603812597,1.3306131131779337,1.4088844060897827,2742103,0.0,0.0
1999-07-16 00:00:00-04:00,1.4088845206094587,1.5013871713290778,1.4088845206094587,1.4800398349761963,725963,0.0,0.0
1999-07-19 00:00:00-04:00,1.4871559943617965,1.7006227722052605,1.4800399060512461,1.5298488140106201,5266266,0.0,0.0
1999-07-20 00:00:00-04:00,1.4800398629130327,1.4871559510161731,1.4231157958558742,1.4373462200164795,895303,0.0,0.0
1999-07-21 00:00:00-04:00,1.437346192885517,1.5013871713290778,1.437346192885517,1.4800398349761963,706219,0.0,0.0
1999-07-22 00:00:00-04:00,1.487155954900638,1.5298487734166226,1.472924706210778,1.5085023641586304,1110966,0.0,0.0
1999-07-23 00:00:00-04:00,1.5156176048466143,1.5156176048466143,1.472924784073766,1.4871560335159302,699384,0.0,0.0
1999-07-26 00:00:00-04:00,1.4586934545835695,1.5654273557657932,1.4231157967073593,1.5440800189971924,1319034,0.0,0.0
1999-07-27 00:00:00-04:00,1.6294674079028986,1.6294674079028986,1.480039863798577,1.5440800189971924,1787569,0.0,0.0
1999-07-28 00:00:00-04:00,1.5618687622575536,1.5867736779368746,1.5298486864147363,1.536964774131775,560419,0.0,0.0
1999-07-29 00:00:00-04:00,1.522733449935913,1.5369646971032156,1.4729245486271023,1.522733449935913,673566,0.0,0.0
1999-07-30 00:00:00-04:00,1.5227335777725681,1.5227335777725681,1.501387169006287,1.5156174898147583,902138,0.0,0.0
1999-08-02 00:00:00-04:00,1.52984888284457,1.5796577930450437,1.501387310982629,1.579657793045044,404747,0.0,0.0
1999-08-03 00:00:00-04:00,1.5867735984120266,1.5938887582189298,1.5085022027686106,1.522733449935913,785194,0.0,0.0
1999-08-04 00:00:00-04:00,1.5227335013724173,1.536964749020438,1.4302308554370464,1.4658085107803345,672806,0.0,0.0
1999-08-05 00:00:00-04:00,1.444462104130571,1.444462104130571,1.3590747212421463,1.3946532011032104,707738,0.0,0.0
1999-08-06 00:00:00-04:00,1.394653380967383,1.4088846304610647,1.3733061460115525,1.3804222345352173,295397,0.0,0.0
1999-08-09 00:00:00-04:00,1.3733062543918109,1.3946534910323485,1.3092660903930664,1.3092660903930664,1225631,0.0,0.0
1999-08-10 00:00:00-04:00,1.295034640786387,1.3163819772083023,1.2238793261895453,1.2665730714797974,1192978,0.0,0.0
1999-08-11 00:00:00-04:00,1.3092659399647415,1.3092659399647415,1.2523418715915582,1.2808034420013428,508781,0.0,0.0
1999-08-12 00:00:00-04:00,1.2808034636809422,1.3448445489593923,1.2736883028464645,1.3163820505142212,253631,0.0,0.0
1999-08-13 00:00:00-04:00,1.3377282221479723,1.3946531058310776,1.3163818158954792,1.3875371217727661,624966,0.0,0.0
1999-08-16 00:00:00-04:00,1.394653158862492,1.4088844060897827,1.3377282730148292,1.4088844060897827,184528,0.0,0.0
1999-08-17 00:00:00-04:00,1.4088845960973098,1.494271163423111,1.4088845960973098,1.458693504333496,522450,0.0,0.0
1999-08-18 00:00:00-04:00,1.490713503152637,1.5654273252805717,1.437346192885517,1.4800398349761963,1540772,0.0,0.0
1999-08-19 00:00:00-04:00,1.4871558797541675,1.5227335359042693,1.4729246317834173,1.4942710399627686,523969,0.0,0.0
1999-08-20 00:00:00-04:00,1.5085023611209825,1.5440800189971924,1.4942711124597796,1.5440800189971924,439678,0.0,0.0
1999-08-23 00:00:00-04:00,1.5583111390850934,1.5725423865721029,1.5369647316313377,1.5511959791183472,575606,0.0,0.0
1999-08-24 00:00:00-04:00,1.5476380429684866,1.5654278045603554,1.4231162047024213,1.4515777826309204,2781591,0.0,0.0
1999-08-25 00:00:00-04:00,1.458693460600167,1.4942711186231223,1.4444622118802652,1.4729247093200684,1347891,0.0,0.0
1999-08-26 00:00:00-04:00,1.4729247023634853,1.4800398629130327,1.4231157958558742,1.4373462200164795,1220316,0.0,0.0
1999-08-27 00:00:00-04:00,1.4302309719859971,1.4337885522995262,1.2950346751509751,1.3590748310089111,918084,0.0,0.0
1999-08-30 00:00:00-04:00,1.3519598704896314,1.3519598704896314,1.3092661177472382,1.3377286195755005,682678,0.0,0.0
1999-08-31 00:00:00-04:00,1.3306134480966132,1.3661911113430754,1.309266108105749,1.3448446989059448,1861228,0.0,0.0
1999-09-01 00:00:00-04:00,1.3377286195755003,1.344844708809436,1.316382206981174,1.3377286195755005,407784,0.0,0.0
1999-09-02 00:00:00-04:00,1.3341710289105126,1.351959860533744,1.3306134480966132,1.3448446989059448,1890844,0.0,0.0
1999-09-03 00:00:00-04:00,1.3412861905383118,1.3661911113430754,1.3306134480966132,1.3448446989059448,165544,0.0,0.0
1999-09-07 00:00:00-04:00,1.3661909043066334,1.4444622050581095,1.3519596556539455,1.4373462200164795,2564409,0.0,0.0
1999-09-08 00:00:00-04:00,1.4231162047024213,1.45869387277844,1.4231162047024213,1.4515777826309204,1419272,0.0,0.0
1999-09-09 00:00:00-04:00,1.4515773656076572,1.4586934537107974,1.4373462200164795,1.4373462200164795,1167159,0.0,0.0
1999-09-10 00:00:00-04:00,1.4302308554370464,1.4871558460291292,1.4231156953897999,1.4658085107803345,1230188,0.0,0.0
1999-09-13 00:00:00-04:00,1.508502203443384,1.5796575117582292,1.4800397090960473,1.558311104774475,1715428,0.0,0.0
1999-09-14 00:00:00-04:00,1.5476377479508743,1.586773917417271,1.5369650060948699,1.572542667388916,1413197,0.0,0.0
1999-09-15 00:00:00-04:00,1.5867737118139784,1.5867737118139784,1.5440799672608772,1.565427303314209,1583297,0.0,0.0
1999-09-16 00:00:00-04:00,1.5440798576008066,1.5654271921380574,1.5369646977907208,1.558311104774475,943903,0.0,0.0
1999-09-17 00:00:00-04:00,1.5369649714753015,1.5796577930450437,1.5227337217675,1.579657793045044,1542291,0.0,0.0
1999-09-20 00:00:00-04:00,1.5796578573636224,1.6721604173923885,1.568985115313458,1.60100519657135,1123116,0.0,0.0
1999-09-21 00:00:00-04:00,1.5938890722562515,1.6721603802596376,1.5725426610762514,1.608120322227478,3962419,0.0,0.0
1999-09-22 00:00:00-04:00,1.6081203286829622,1.6365827256781518,1.5654275061515799,1.572542667388916,609019,0.0,0.0
1999-09-23 00:00:00-04:00,1.5654272798165205,1.5867736879958718,1.4515772960505173,1.4942710399627686,2030569,0.0,0.0
1999-09-24 00:00:00-04:00,1.4871557957944048,1.5369646971032156,1.4373460699935976,1.522733449935913,741909,0.0,0.0
1999-09-27 00:00:00-04:00,1.5262910298393648,1.5654271914378208,1.465808461266703,1.522733449935913,920363,0.0,0.0
1999-09-28 00:00:00-04:00,1.5369648069454749,1.5725424636296115,1.515617470892143,1.565427303314209,2356341,0.0,0.0
1999-09-29 00:00:00-04:00,1.5440801325523714,1.5867738816757753,1.5440801325523714,1.579657793045044,2101950,0.0,0.0
1999-09-30 00:00:00-04:00,1.5796576833889346,1.5796576833889346,1.465808621183319,1.4729247093200684,809494,0.0,0.0
1999-10-01 00:00:00-04:00,1.4658086142603448,1.4693661945351186,1.4231157958558742,1.4373462200164795,1003894,0.0,0.0
1999-10-04 00:00:00-04:00,1.4800402881132793,1.4800402881132793,1.4515777826309206,1.4515777826309204,580922,0.0,0.0
1999-10-05 00:00:00-04:00,1.462251296907195,1.4871562184158524,1.4231160517407446,1.4302312135696411,802659,0.0,0.0
1999-10-06 00:00:00-04:00,1.437346118545796,1.4658085107803345,1.3875372155544876,1.4658085107803345,939347,0.0,0.0
1999-10-07 00:00:00-04:00,1.4729247985102194,1.4800399595242166,1.4231158887512787,1.4444622993469238,321975,0.0,0.0
1999-10-08 00:00:00-04:00,1.43734602139756,1.4444620054558714,1.366190715520273,1.3875371217727661,5030100,0.0,0.0
1999-10-11 00:00:00-04:00,1.4017685059348517,1.4515773073830585,1.380422097588848,1.4159996509552002,558900,0.0,0.0
1999-10-12 00:00:00-04:00,1.43023089050736,1.4444621385043412,1.408884482288663,1.4231157302856445,308306,0.0,0.0
1999-10-13 00:00:00-04:00,1.4195573973573918,1.430230962720927,1.3234971641927682,1.3661909103393555,462459,0.0,0.0
1999-10-14 00:00:00-04:00,1.3661909941871253,1.387537404793722,1.3590749056158238,1.373306155204773,1524825,0.0,0.0
1999-10-15 00:00:00-04:00,1.3448445010428602,1.408884553424432,1.3306132523273313,1.3661909103393555,962128,0.0,0.0
1999-10-18 00:00:00-04:00,1.3910949759902431,1.4088846304610647,1.3590748965178707,1.3804222345352173,1183106,0.0,0.0
1999-10-19 00:00:00-04:00,1.3982110180517533,1.5085023992360846,1.366190939643399,1.5013872385025024,3165075,0.0,0.0
1999-10-20 00:00:00-04:00,1.4871558460291292,1.5227335013724173,1.4515772631323138,1.4658085107803345,627244,0.0,0.0
1999-10-21 00:00:00-04:00,1.4302308554370464,1.5227335013724173,1.4159996077890258,1.4658085107803345,708497,0.0,0.0
1999-10-22 00:00:00-04:00,1.4942711502153032,1.5085023992360846,1.4658086521737401,1.5013872385025024,663694,0.0,0.0
1999-10-25 00:00:00-04:00,1.4800398142080065,1.565427303314209,1.4800398142080065,1.565427303314209,559659,0.0,0.0
1999-10-26 00:00:00-04:00,1.5511959442705183,1.6223512525535349,1.522733449935913,1.522733449935913,1457241,0.0,0.0
1999-10-27 00:00:00-04:00,1.515617956189298,1.5227340463368173,1.4444626200372606,1.4515777826309204,892266,0.0,0.0
1999-10-28 00:00:00-04:00,1.444462147118909,1.4800398035467675,1.3875372578529972,1.4159996509552002,854297,0.0,0.0
1999-10-29 00:00:00-04:00,1.423115696419853,1.4302308564722497,1.3234970658731073,1.3946532011032104,7924838,0.0,0.0
1999-11-01 00:00:00-05:00,1.4231157689935212,1.5013871713290778,1.4088845206094587,1.4800398349761963,1896919,0.0,0.0
1999-11-02 00:00:00-05:00,1.4800399060512461,1.5440800630781013,1.4729247452943155,1.5298488140106201,2212819,0.0,0.0
1999-11-03 00:00:00-05:00,1.6436985209456483,1.6508136809123943,1.4942709891703094,1.5511959791183472,4681547,0.0,0.0
1999-11-04 00:00:00-05:00,1.5654273228587046,1.5654273228587046,1.4800398326864317,1.5156174898147583,1709353,0.0,0.0
1999-11-05 00:00:00-05:00,1.5085024041862083,1.5583113121455823,1.4088845882674603,1.5298488140106201,5470538,0.0,0.0
1999-11-08 00:00:00-05:00,1.5547536020940576,1.565427269892844,1.5085022783707058,1.536964774131775,808734,0.0,0.0
1999-11-09 00:00:00-05:00,1.5369648584433877,1.5583112676583952,1.522733609782185,1.5440800189971924,1041863,0.0,0.0
1999-11-10 00:00:00-05:00,1.6010049599983456,1.64369860148994,1.5583112154452443,1.565427303314209,2841581,0.0,0.0
1999-11-11 00:00:00-05:00,1.5725423519481434,1.5938887589318975,1.551195944964389,1.558311104774475,1079831,0.0,0.0
1999-11-12 00:00:00-05:00,1.5654275061515799,1.572542667388916,1.5511962561232249,1.572542667388916,843666,0.0,0.0
1999-11-15 00:00:00-05:00,1.565427269892844,1.57254243005634,1.4942710304901712,1.536964774131775,2011584,0.0,0.0
1999-11-16 00:00:00-05:00,1.5583113531731072,1.5654274416710114,1.480039945018026,1.4871560335159302,495113,0.0,0.0
1999-11-17 00:00:00-05:00,1.48715595803997,1.5013872067598717,1.458693460600167,1.4729247093200684,1234744,0.0,0.0
1999-11-18 00:00:00-05:00,1.4764823338783035,1.487156002626638,1.3804222008656817,1.458693504333496,639394,0.0,0.0
1999-11-19 00:00:00-05:00,1.465808555464913,1.472924643282618,1.4088844906910507,1.4159996509552002,911250,0.0,0.0
1999-11-22 00:00:00-05:00,1.4266733492011432,1.4942710833602588,1.4231157689935212,1.4800398349761963,1239300,0.0,0.0
1999-11-23 00:00:00-05:00,1.4871559229450153,1.4942710833602588,1.4658085865921338,1.4800398349761963,656100,0.0,0.0
1999-11-24 00:00:00-05:00,1.48003991427654,1.487156002626638,1.4231158452438808,1.458693504333496,521691,0.0,0.0
1999-11-26 00:00:00-05:00,1.4835974946747765,1.487156002626638,1.4444622551869248,1.458693504333496,323494,0.0,0.0
1999-11-29 00:00:00-05:00,1.4586934537107974,1.4658086142603448,1.4017685621615565,1.4373462200164795,741909,0.0,0.0
1999-11-30 00:00:00-05:00,1.4088845960973098,1.4586935043334959,1.4088845960973098,1.458693504333496,288563,0.0,0.0
1999-12-01 00:00:00-05:00,1.465808462548784,1.593888759613037,1.4551357228290942,1.593888759613037,1530141,0.0,0.0
1999-12-02 00:00:00-05:00,1.586773867049323,1.643698762294292,1.5654274564612172,1.6223515272140503,4156819,0.0,0.0
1999-12-03 00:00:00-05:00,1.636582334859388,1.7504314834066868,1.4942708991752642,1.7486530542373657,4263891,0.0,0.0
1999-12-06 00:00:00-05:00,1.7575479462948451,1.9781307317047778,1.7504319603258491,1.9354370832443237,6484303,0.0,0.0
1999-12-07 00:00:00-05:00,1.9994772821403124,2.0137084298379997,1.8500506435606987,1.892743468284607,2054869,0.0,0.0
1999-12-08 00:00:00-05:00,1.8998591020360367,1.9781303998573008,1.8642814455130203,1.9638992547988892,1170197,0.0,0.0
1999-12-09 00:00:00-05:00,1.9745732540278984,2.0564022487797367,1.935437083244324,1.9354370832443237,2449744,0.0,0.0
1999-12-10 00:00:00-05:00,1.9638990332440205,1.9852453361774551,1.7931251056857194,1.8500500917434692,5459906,0.0,0.0
1999-12-13 00:00:00-05:00,1.8429344187235628,1.935437083244324,1.807356756232105,1.9354370832443237,2712488,0.0,0.0
1999-12-14 00:00:00-05:00,1.921205733948257,1.9354368798988728,1.85005041644123,1.9283217191696167,1589372,0.0,0.0
1999-12-15 00:00:00-05:00,1.906974230944008,1.921205581891286,1.8215877742444166,1.899859070777893,355388,0.0,0.0
1999-12-16 00:00:00-05:00,1.882070516766782,1.882070516766782,1.8215880393981934,1.8215880393981934,322734,0.0,0.0
1999-12-17 00:00:00-05:00,1.8287031233532811,2.120442240762481,1.807356610034353,2.091979742050171,4740778,0.0,0.0
1999-12-20 00:00:00-05:00,2.1062112376573796,2.191597923463463,2.0919800890025217,2.1275577545166016,1860469,0.0,0.0
1999-12-21 00:00:00-05:00,2.148904178496848,2.1702506882907637,2.0919793965954177,2.163135528564453,736594,0.0,0.0
1999-12-22 00:00:00-05:00,2.1417885095107314,2.2058286666870117,2.1204422026980256,2.2058286666870117,1163363,0.0,0.0
1999-12-23 00:00:00-05:00,2.202271296467714,2.291216487170787,2.13467365235177,2.148904800415039,1534697,0.0,0.0
1999-12-27 00:00:00-05:00,2.14178824368889,2.14178824368889,2.0492855997919337,2.0706329345703125,639394,0.0,0.0
1999-12-28 00:00:00-05:00,2.0813063318068696,2.148904800415039,2.0492861456029856,2.148904800415039,466256,0.0,0.0
1999-12-29 00:00:00-05:00,2.1346730345522396,2.1702506882907637,2.127557050333942,2.163135528564453,401709,0.0,0.0
1999-12-30 00:00:00-05:00,2.16669300536611,2.1773666725090615,2.148904178496848,2.163135528564453,624206,0.0,0.0
1999-12-31 00:00:00-05:00,2.1631359698798187,2.1702511310577393,2.12755748439071,2.1702511310577393,388041,0.0,0.0
2000-01-03 00:00:00-05:00,2.145346022403038,2.145346022403038,2.070633026944662,2.084864377975464,1641769,0.0,0.0
2000-01-04 00:00:00-05:00,2.077748557702345,2.0848647497943884,1.9069745822296722,1.9354370832443237,1858191,0.0,0.0
2000-01-05 00:00:00-05:00,1.9212061016911968,1.9212061016911968,1.7931257636194722,1.8571659326553345,2576559,0.0,0.0
2000-01-06 00:00:00-05:00,1.8429344757240742,1.8571658297330882,1.7504320144653323,1.750432014465332,2714766,0.0,0.0
2000-01-07 00:00:00-05:00,1.771778621124015,1.842933927126466,1.750431493403499,1.8358187675476074,1301569,0.0,0.0
2000-01-10 00:00:00-05:00,1.8215874952934474,1.9781300643880675,1.8215874952934474,1.9496675729751587,660656,0.0,0.0
2000-01-11 00:00:00-05:00,1.9496678451893072,1.9781303405761719,1.935436700557378,1.9781303405761719,1246134,0.0,0.0
2000-01-12 00:00:00-05:00,1.9425529099482712,2.0635172410739315,1.9283217636692451,2.049285888671875,987188,0.0,0.0
2000-01-13 00:00:00-05:00,2.0564019332732952,2.1489043774786873,2.0208242762403907,2.0635170936584473,887709,0.0,0.0
2000-01-14 00:00:00-05:00,2.0635165872371077,2.0635165872371077,1.9283211526698543,1.9567828178405762,277172,0.0,0.0
2000-01-18 00:00:00-05:00,1.9567833605890863,2.049285807750035,1.9354368481365052,2.0065929889678955,468534,0.0,0.0
2000-01-19 00:00:00-05:00,2.0030343884019888,2.0065928960971373,1.9354367585590528,1.9638992547988892,574088,0.0,0.0
2000-01-20 00:00:00-05:00,1.9496677857353073,2.049285588998016,1.9496677857353073,1.9994767904281616,1606078,0.0,0.0
2000-01-21 00:00:00-05:00,2.0172658660534006,2.042170680651517,1.921205733948257,1.9283217191696167,554344,0.0,0.0
2000-01-24 00:00:00-05:00,1.9069742238444658,1.9354367195100481,1.7148538724935984,1.7931252717971802,2302425,0.0,0.0
2000-01-25 00:00:00-05:00,1.793125539035159,1.8215880389426424,1.7077389668663867,1.7788941860198975,1545328,0.0,0.0
2000-01-26 00:00:00-05:00,1.757547701338896,1.7931253588717635,1.736200364776308,1.7646628618240356,1162603,0.0,0.0
2000-01-27 00:00:00-05:00,1.7860103782817804,1.8215880393981934,1.6792764673788645,1.8215880393981934,1102613,0.0,0.0
2000-01-28 00:00:00-05:00,1.8215877963699505,1.8500502924872106,1.7433162927627561,1.7433162927627563,1158047,0.0,0.0
2000-01-31 00:00:00-05:00,1.736200364776308,1.786010198386624,1.736200364776308,1.7646628618240356,1182347,0.0,0.0
2000-02-01 00:00:00-05:00,1.7717793053447541,1.8856284985082126,1.736200814111957,1.8785133361816406,1133747,0.0,0.0
2000-02-02 00:00:00-05:00,1.8571654050817685,1.9781303405761719,1.8215877496249528,1.9781303405761719,316659,0.0,0.0
2000-02-03 00:00:00-05:00,1.9852457304162576,2.049285888671875,1.9781305695228057,2.049285888671875,598388,0.0,0.0
2000-02-04 00:00:00-05:00,2.013708056380317,2.0777482091431696,1.9496679036174647,1.9638992547988892,309825,0.0,0.0
2000-02-07 00:00:00-05:00,1.971014382653216,1.971014382653216,1.899859070777893,1.899859070777893,871003,0.0,0.0
2000-02-08 00:00:00-05:00,1.8998593954731116,1.9496682047476095,1.8927434095988016,1.9425530433654785,416897,0.0,0.0
2000-02-09 00:00:00-05:00,1.94255306921332,1.949668230690126,1.878513111830258,1.9354370832443237,211866,0.0,0.0
2000-02-10 00:00:00-05:00,1.9069748099802166,1.9354373143941535,1.858945248452831,1.8785133361816406,287803,0.0,0.0
2000-02-11 00:00:00-05:00,1.8500505393127946,1.8785130392273959,1.7860103782817804,1.8215880393981934,756338,0.0,0.0
2000-02-14 00:00:00-05:00,1.8180301510717969,1.9994769443821485,1.8180301510717969,1.9923617839813232,2147513,0.0,0.0
2000-02-15 00:00:00-05:00,1.9994765722325376,2.0350542227219734,1.8998587798407574,1.9496675729751587,670528,0.0,0.0
2000-02-16 00:00:00-05:00,1.9496679036174647,1.9638992547988892,1.9158686764499706,1.9638992547988892,769247,0.0,0.0
2000-02-17 00:00:00-05:00,1.9354373143941535,1.9994774855485988,1.8500508317677038,1.8785133361816406,1068441,0.0,0.0
2000-02-18 00:00:00-05:00,1.8358190190984376,1.8358190190984376,1.3377284078016534,1.5440800189971924,11405813,0.0,0.0
2000-02-22 00:00:00-05:00,1.5369648647828271,1.5511961135027288,1.465808621183319,1.4729247093200684,2917519,0.0,0.0
2000-02-23 00:00:00-05:00,1.4729247023634853,1.522733608871096,1.3946532985504987,1.4373462200164795,2371528,0.0,0.0
2000-02-24 00:00:00-05:00,1.4800397947200197,1.4800397947200197,1.401768497574903,1.4231157302856445,1499006,0.0,0.0
2000-02-25 00:00:00-05:00,1.4088845206094587,1.4871559229450153,1.3875372873180856,1.4800398349761963,1748081,0.0,0.0
2000-02-28 00:00:00-05:00,1.5013871713290778,1.5369648285124466,1.45869342617689,1.4800398349761963,3613866,0.0,0.0
2000-02-29 00:00:00-05:00,1.5938888381003706,1.7006226303661038,1.4942710304901712,1.536964774131775,3733847,0.0,0.0
2000-03-01 00:00:00-05:00,1.5440800023357837,1.6792762963200658,1.5440800023357837,1.6579290628433228,3383775,0.0,0.0
2000-03-02 00:00:00-05:00,1.6863913893749611,1.693507477121071,1.636582485366378,1.6436985731124878,953775,0.0,0.0
2000-03-03 00:00:00-05:00,1.6365826737291547,1.6508139233057761,1.5654274564612172,1.6223515272140503,700903,0.0,0.0
2000-03-06 00:00:00-05:00,1.558311411105025,1.6508139690796373,1.5369649999250248,1.608120322227478,807216,0.0,0.0
2000-03-07 00:00:00-05:00,1.5796575110516273,1.6365823966593378,1.522733449935913,1.522733449935913,2260659,0.0,0.0
2000-03-08 00:00:00-05:00,1.515617564943139,1.5511961513886516,1.5085024041862083,1.5298488140106201,1126153,0.0,0.0
2000-03-09 00:00:00-05:00,1.5227337621352495,1.6508139822856949,1.5227337621352495,1.6365827322006226,1778456,0.0,0.0
2000-03-10 00:00:00-05:00,1.6365827554511083,1.6650452560256122,1.5938891076508743,1.60100519657135,640913,0.0,0.0
2000-03-13 00:00:00-05:00,1.5938890722562515,1.6436988078708636,1.5654274998674775,1.608120322227478,1755675,0.0,0.0
2000-03-14 00:00:00-05:00,1.615235991097911,1.622351253972537,1.5867735997999106,1.593888759613037,833794,0.0,0.0
2000-03-15 00:00:00-05:00,1.593888759613037,1.6081200067927872,1.593888759613037,1.593888759613037,1565831,0.0,0.0
2000-03-16 00:00:00-05:00,1.5938887704348197,1.707738645584309,1.5938887704348197,1.665044903755188,2552259,0.0,0.0
2000-03-17 00:00:00-05:00,1.6863915078527802,1.7219700939758182,1.62235145446788,1.6792763471603394,2200669,0.0,0.0
2000-03-20 00:00:00-05:00,1.7219699621200562,1.750431633325558,1.6935074664225183,1.7219699621200562,1591650,0.0,0.0
2000-03-21 00:00:00-05:00,1.7433165538398578,1.8358192162972697,1.7290854067114934,1.8269248008728027,2980547,0.0,0.0
2000-03-22 00:00:00-05:00,1.807356756232105,1.9638995842589757,1.7931256087863028,1.9354370832443237,1352447,0.0,0.0
2000-03-23 00:00:00-05:00,1.9638997901056945,2.106211279480135,1.90697478210978,2.0777487754821777,3716381,0.0,0.0
2000-03-24 00:00:00-05:00,2.05640208018048,2.05640208018048,2.0208244206059454,2.049285888671875,2161941,0.0,0.0
2000-03-27 00:00:00-05:00,2.0208241357381076,2.0706329345703125,2.0137079452326447,2.0706329345703125,1111725,0.0,0.0
2000-03-28 00:00:00-05:00,2.042170464051807,2.042170464051807,1.93543667461972,2.0279393196105957,420694,0.0,0.0
2000-03-29 00:00:00-05:00,2.0208244206059454,2.05640208018048,1.935436924562697,2.049285888671875,646228,0.0,0.0
2000-03-30 00:00:00-05:00,2.0492857129033335,2.0492857129033335,1.9354367585590528,1.9638992547988892,1382822,0.0,0.0
2000-03-31 00:00:00-05:00,1.9638991010939417,2.163135528564453,1.9496677510263365,2.163135528564453,3790041,0.0,0.0
2000-04-03 00:00:00-04:00,2.141788945700676,2.1631362874760494,2.063517626544734,2.0777487754821777,1295494,0.0,0.0
2000-04-04 00:00:00-04:00,2.0848644000414143,2.091979560324594,1.8215878042147724,1.9638992547988892,1511916,0.0,0.0
2000-04-05 00:00:00-04:00,1.9354371839160078,2.0777486657763546,1.9069746814208803,2.042171001434326,411581,0.0,0.0
2000-04-06 00:00:00-04:00,2.0777480839933893,2.0777480839933893,1.9781302807078371,2.0350544452667236,380447,0.0,0.0
2000-04-07 00:00:00-04:00,2.0065928960971373,2.013708056380317,1.9212056135006412,1.9638992547988892,345516,0.0,0.0
2000-04-10 00:00:00-04:00,1.949668230690126,2.0065932327194296,1.899859420752866,1.9354370832443237,507263,0.0,0.0
2000-04-11 00:00:00-04:00,1.9425524138986319,1.9781300643880675,1.8927427962723187,1.9496675729751587,493594,0.0,0.0
2000-04-12 00:00:00-04:00,1.906974179614294,2.0777481190318303,1.892743035173083,2.0279393196105957,1918941,0.0,0.0
2000-04-13 00:00:00-04:00,2.010150217758755,2.1773664513044437,1.992361392696708,2.1204416751861572,1563553,0.0,0.0
2000-04-14 00:00:00-04:00,2.091979848615686,2.1062109956352604,1.9069745251151358,1.9212058782577515,1246894,0.0,0.0
2000-04-17 00:00:00-04:00,1.9069748099802166,1.9212061652487211,1.871397143239708,1.8785133361816406,1637213,0.0,0.0
2000-04-18 00:00:00-04:00,1.892743035173083,2.0279393196105957,1.8785127152238879,2.0279393196105957,837591,0.0,0.0
2000-04-19 00:00:00-04:00,1.9781304325645912,2.220059696434743,1.9710144476717006,1.9923617839813232,1571906,0.0,0.0
2000-04-20 00:00:00-04:00,2.106210470199585,2.2556370643816273,2.020824021629552,2.106210470199585,1459519,0.0,0.0
2000-04-24 00:00:00-04:00,2.127557338005794,2.4050650946941046,2.0777483274648754,2.3979499340057373,4007981,0.0,0.0
2000-04-25 00:00:00-04:00,2.390833012472052,2.5829534230221283,2.3766018709498242,2.5544917583465576,7564134,0.0,0.0
2000-04-26 00:00:00-04:00,2.554492174035184,2.5616075398312086,2.4335272452888463,2.5402610301971436,1988803,0.0,0.0
2000-04-27 00:00:00-04:00,2.486894221783347,2.504683052069351,2.4477588776033525,2.454874038696289,2211300,0.0,0.0
2000-04-28 00:00:00-04:00,2.4477587310667928,2.4762212288419403,2.4477587310667928,2.4691052436828613,1067681,0.0,0.0
2000-05-01 00:00:00-04:00,2.4584318343211486,2.5331456669695847,2.447758989133925,2.4904518127441406,1966781,0.0,0.0
2000-05-02 00:00:00-04:00,2.50468298184677,2.50468298184677,2.0065930682038884,2.049285888671875,2616047,0.0,0.0
2000-05-03 00:00:00-04:00,2.1062103265643537,2.227175450050341,2.0279390428208015,2.1204416751861572,3206841,0.0,0.0
2000-05-04 00:00:00-04:00,2.1489042172454997,2.1489042172454997,1.9354366419811713,2.0350544452667236,1281825,0.0,0.0
2000-05-05 00:00:00-04:00,2.0208241255575037,2.0350544452667236,1.9354366419811713,2.0350544452667236,2128528,0.0,0.0
2000-05-08 00:00:00-04:00,2.0492855894679454,2.0492855894679454,1.9923616310320595,2.0350544452667236,577125,0.0,0.0
2000-05-09 00:00:00-04:00,2.020824021629552,2.1204418197919104,2.013707831525915,2.106210470199585,729000,0.0,0.0
2000-05-10 00:00:00-04:00,2.049285890920191,2.091979742050171,1.9923619241107264,2.091979742050171,389559,0.0,0.0
2000-05-11 00:00:00-04:00,2.0990953808137154,2.1773666725090615,2.0421703927892882,2.163135528564453,855056,0.0,0.0
2000-05-12 00:00:00-04:00,2.1631358553215647,2.2200598213297793,2.1062108586982102,2.1346733570098877,2750456,0.0,0.0
2000-05-15 00:00:00-04:00,2.1275572520255905,2.1275572520255905,1.9496679358541433,1.9923617839813232,736594,0.0,0.0
2000-05-16 00:00:00-04:00,2.049285344323091,2.163135308805616,2.013707694198998,2.1204416751861572,245278,0.0,0.0
2000-05-17 00:00:00-04:00,2.049285888671875,2.0919797397550144,2.0208244206059454,2.049285888671875,191363,0.0,0.0
2000-05-18 00:00:00-04:00,2.063517159590127,2.063517159590127,1.9923618432508263,2.0065929889678955,350072,0.0,0.0
2000-05-19 00:00:00-04:00,1.9781307667168326,2.0208246220559967,1.8785131450791244,1.892743468284607,519413,0.0,0.0
2000-05-22 00:00:00-04:00,1.9283217636692451,2.049285888671875,1.8500504591346019,2.049285888671875,817847,0.0,0.0
2000-05-23 00:00:00-04:00,2.0065931726212805,2.0492859953108797,1.9212058782577515,1.9212058782577515,404747,0.0,0.0
2000-05-24 00:00:00-04:00,1.9781303998573008,2.0065928960971373,1.9140904532174612,1.9638992547988892,526247,0.0,0.0
2000-05-25 00:00:00-04:00,1.9638990332440205,1.9638990332440205,1.7504314692039018,1.8500500917434692,929475,0.0,0.0
2000-05-26 00:00:00-04:00,1.8358189122340494,1.8642814078996317,1.7362002804660155,1.7931252717971802,1691128,0.0,0.0
2000-05-30 00:00:00-04:00,1.8429342250968446,1.9354368798988728,1.7788940683190737,1.9283217191696167,1432941,0.0,0.0
2000-05-31 00:00:00-04:00,1.9354365669724254,1.9354365669724254,1.8073562741252405,1.8358187675476074,3913059,0.0,0.0
2000-06-01 00:00:00-04:00,1.9069743156433105,1.9069743156433105,1.8482710982896298,1.9069743156433105,502706,0.0,0.0
2000-06-02 00:00:00-04:00,1.9069745822296722,1.935437083244324,1.8500506108156063,1.9354370832443237,286284,0.0,0.0
2000-06-05 00:00:00-04:00,1.935437083244324,1.935437083244324,1.878513111830258,1.9354370832443237,540675,0.0,0.0
2000-06-06 00:00:00-04:00,1.9212053853100697,1.9354365286781816,1.8073562383651731,1.8073562383651733,1193738,0.0,0.0
2000-06-07 00:00:00-04:00,1.8500502652054358,1.8500502652054358,1.7006226265701325,1.7219699621200562,1403325,0.0,0.0
2000-06-08 00:00:00-04:00,1.7433162088509107,1.764662719196103,1.5938887813275435,1.6098992824554443,1713150,0.0,0.0
2000-06-09 00:00:00-04:00,1.636582719108411,1.6792764690220903,1.5938890722562515,1.608120322227478,1828575,0.0,0.0
2000-06-12 00:00:00-04:00,1.622351253972537,1.6365823980907874,1.5511959456272841,1.593888759613037,1295494,0.0,0.0
2000-06-13 00:00:00-04:00,1.55831138099966,1.6579292013200273,1.5227337205357663,1.6508139371871948,1404084,0.0,0.0
2000-06-14 00:00:00-04:00,1.6650449849967193,1.6650449849967193,1.480039791992018,1.4942710399627686,1375228,0.0,0.0
2000-06-15 00:00:00-04:00,1.5298486961128703,1.5369647838750198,1.480039791992018,1.4942710399627686,1325109,0.0,0.0
2000-06-16 00:00:00-04:00,1.4907136139880601,1.49427119446019,1.4658086955758618,1.4871560335159302,321975,0.0,0.0
2000-06-19 00:00:00-04:00,1.4942710399627686,1.5369647838750198,1.4729246317834173,1.4942710399627686,2351784,0.0,0.0
2000-06-20 00:00:00-04:00,1.487156026331218,1.4942711872411034,1.2238794073150976,1.2736883163452148,1571906,0.0,0.0
2000-06-21 00:00:00-04:00,1.2736883163452148,1.2736883163452148,1.2736883163452148,1.2736883163452148,0,0.0,0.0
2000-06-22 00:00:00-04:00,0.6315077776388884,0.8040601147943118,0.6261709432629072,0.7613663673400879,88704872,0.0,0.0
2000-06-23 00:00:00-04:00,0.782713653590563,0.7969448502793305,0.7329047485990213,0.7471359968185425,8312119,0.0,0.0
2000-06-26 00:00:00-04:00,0.7578088165683843,0.8058393487456625,0.7400199863220481,0.789828896522522,4095309,0.0,0.0
2000-06-27 00:00:00-04:00,0.7969448483107182,0.8076176403145752,0.7755975637881398,0.7827136516571045,2678316,0.0,0.0
2000-06-28 00:00:00-04:00,0.7898289143131261,0.8254074516300947,0.7827137530757899,0.786271333694458,6561000,0.0,0.0
2000-06-29 00:00:00-04:00,0.7827137530757899,0.7898289143131261,0.7791561209263617,0.786271333694458,3042056,0.0,0.0
2000-06-30 00:00:00-04:00,0.7898288139235412,0.7898288139235412,0.7257886607124785,0.7471359968185425,3320747,0.0,0.0
2000-07-03 00:00:00-04:00,0.7471360887825123,0.804060161113739,0.7257887500488331,0.804060161113739,1043381,0.0,0.0
2000-07-05 00:00:00-04:00,0.8076175250748302,0.8396375970322898,0.7720398734673041,0.7755974531173706,1458000,0.0,0.0
2000-07-06 00:00:00-04:00,0.7898286992710671,0.7969447345938843,0.7186733960560148,0.7755974531173706,2306981,0.0,0.0
2000-07-07 00:00:00-04:00,0.7755975472293835,0.7755975472293835,0.7542511391853529,0.7684823870658875,2581116,0.0,0.0
2000-07-10 00:00:00-04:00,0.7755976211886514,0.9107939736382303,0.7684824603466694,0.8681002259254456,5172863,0.0,0.0
2000-07-11 00:00:00-04:00,0.8823314538476886,0.9179091123053759,0.8182912976024083,0.8254073858261108,2329763,0.0,0.0
2000-07-12 00:00:00-04:00,0.8663218573935865,0.8823314322868896,0.8396377381795261,0.8645426034927368,2716284,0.0,0.0
2000-07-13 00:00:00-04:00,0.8716577298265484,0.9356987064890855,0.8467537415122176,0.8538689017295837,2969156,0.0,0.0
2000-07-14 00:00:00-04:00,0.8823313890564112,0.9179090449015632,0.8538688933588734,0.8609849810600281,1936406,0.0,0.0
2000-07-17 00:00:00-04:00,0.8752161937067152,0.8894474409830889,0.8254072920161587,0.832522451877594,2060184,0.0,0.0
2000-07-18 00:00:00-04:00,0.8254072915766228,0.8254072915766228,0.7684823540321911,0.796944797039032,2912203,0.0,0.0
2000-07-19 00:00:00-04:00,0.8182912776065052,0.8823314322868896,0.8040600805912206,0.8645426034927368,2811966,0.0,0.0
2000-07-20 00:00:00-04:00,0.8645428483238324,0.8823316821556298,0.8182915093396196,0.8467540144920349,1611394,0.0,0.0
2000-07-21 00:00:00-04:00,0.8431962150549545,0.8609850442837981,0.8040601002393678,0.8254073858261108,757856,0.0,0.0
2000-07-24 00:00:00-04:00,0.8396378409103434,0.8467538783000581,0.7969449660715259,0.800502598285675,825441,0.0,0.0
2000-07-25 00:00:00-04:00,0.8325226161853837,0.8396378289818371,0.7827137561952334,0.8182913661003113,1330425,0.0,0.0
2000-07-26 00:00:00-04:00,0.8182913661003112,0.8396378289818371,0.7613664172907816,0.8182913661003113,924919,0.0,0.0
2000-07-27 00:00:00-04:00,0.7969447345938843,0.8254072269012772,0.7755974531173706,0.7755974531173706,721406,0.0,0.0
2000-07-28 00:00:00-04:00,0.7951655948286191,0.8040600084274285,0.7542511067633957,0.796944797039032,1215000,0.0,0.0
2000-07-31 00:00:00-04:00,0.8005027270385915,0.8538691770032145,0.7257888829019633,0.8467540144920349,2273569,0.0,0.0
2000-08-01 00:00:00-04:00,0.8538689560600955,0.8681002049538921,0.8147337172673613,0.8254073858261108,1069200,0.0,0.0
2000-08-02 00:00:00-04:00,0.8894475635586535,0.8894475635586535,0.839637778981013,0.8681002259254456,2606934,0.0,0.0
2000-08-03 00:00:00-04:00,0.868100182388154,0.8823314309120179,0.7684824218054458,0.8823314309120178,2625919,0.0,0.0
2000-08-04 00:00:00-04:00,0.8823314309120179,0.893005099193312,0.8396377368711808,0.8823314309120178,1974375,0.0,0.0
2000-08-07 00:00:00-04:00,0.8894476085399846,0.917909180900908,0.8823315197844953,0.9107940196990967,1852116,0.0,0.0
2000-08-08 00:00:00-04:00,0.9161308775947925,0.9712765216827393,0.9036779538455113,0.9712765216827393,2725397,0.0,0.0
2000-08-09 00:00:00-04:00,0.9694970564649728,0.9855074526557703,0.953487381704598,0.9748337864875793,1675181,0.0,0.0
2000-08-10 00:00:00-04:00,0.989065089487783,1.0602203945884805,0.9677186834682647,1.0531052350997925,2351025,0.0,0.0
2000-08-11 00:00:00-04:00,1.0459900907011097,1.0602204098837795,0.9961803664093896,1.0139700174331665,2329003,0.0,0.0
2000-08-14 00:00:00-04:00,1.0210853638892115,1.0815679416981028,1.0175277834424856,1.0246429443359375,1982728,0.0,0.0
2000-08-15 00:00:00-04:00,1.0335374492922758,1.0673367853655487,0.9606029728490122,0.9677189588546753,823163,0.0,0.0
2000-08-16 00:00:00-04:00,0.9677189588546752,1.0246430336235806,0.9143516403503099,0.9677189588546753,2515050,0.0,0.0
2000-08-17 00:00:00-04:00,0.9677187447805409,1.0246428069569764,0.9606027603490421,0.9961804151535034,1306884,0.0,0.0
2000-08-18 00:00:00-04:00,1.029979575431375,1.0957989746922838,1.0104114955073014,1.0531052350997925,2249269,0.0,0.0
2000-08-21 00:00:00-04:00,1.0797885105739062,1.102914171014644,1.0282003561209547,1.0815677642822266,1320553,0.0,0.0
2000-08-22 00:00:00-04:00,1.0957990460076508,1.1384918608251655,1.081567798550641,1.1100302934646606,2876513,0.0,0.0
2000-08-23 00:00:00-04:00,1.1171457575798167,1.2238795757293701,1.095799344359107,1.2238795757293701,2861325,0.0,0.0
2000-08-24 00:00:00-04:00,1.2309946559840965,1.3448446590878869,1.2238794945669624,1.2452259063720703,7806375,0.0,0.0
2000-08-25 00:00:00-04:00,1.3057084065817992,1.3804222345352175,1.252341916645728,1.3804222345352173,6460763,0.0,0.0
2000-08-28 00:00:00-04:00,1.3946532426091962,1.494271051628622,1.380422097588848,1.4159996509552002,5140969,0.0,0.0
2000-08-29 00:00:00-04:00,1.4515773814207749,1.4515773814207749,1.3448445097547947,1.3590748310089111,2428481,0.0,0.0
2000-08-30 00:00:00-04:00,1.3661909850415355,1.4373463049562973,1.3377284860541716,1.3804222345352173,1696444,0.0,0.0
2000-08-31 00:00:00-04:00,1.4159999516387891,1.4159999516387891,1.3234973863023605,1.4017688035964966,3275184,0.0,0.0
2000-09-01 00:00:00-04:00,1.4053261486418627,1.408884553424432,1.3377284129082974,1.3661909103393555,1307644,0.0,0.0
2000-09-05 00:00:00-04:00,1.366190882936807,1.366190882936807,1.2523418230497134,1.2665730714797974,1766306,0.0,0.0
2000-09-06 00:00:00-04:00,1.2558994865168616,1.3092659760019214,1.2523419060619188,1.2736883163452148,1076794,0.0,0.0
2000-09-07 00:00:00-04:00,1.2736882574652149,1.3875373196358507,1.2665730968842488,1.3661909103393555,2099672,0.0,0.0
2000-09-08 00:00:00-04:00,1.3626334129792061,1.487156048091867,1.3448445828905597,1.4444622993469238,7777519,0.0,0.0
2000-09-11 00:00:00-04:00,1.458693457520918,1.5511961102282101,1.437346223770841,1.5085023641586304,3818897,0.0,0.0
2000-09-12 00:00:00-04:00,1.5013871182072098,1.5583111821758056,1.5013871182072098,1.536964774131775,2683631,0.0,0.0
2000-09-13 00:00:00-04:00,1.5583110513916094,1.565427138511417,1.1954166828399337,1.3875371217727661,7495031,0.0,0.0
2000-09-14 00:00:00-04:00,1.3946534910323485,1.4088847416491497,1.3092660903930664,1.3092660903930664,1508119,0.0,0.0
2000-09-15 00:00:00-04:00,1.3092658550366154,1.3163819428426733,1.202532885927737,1.2381105422973633,2761088,0.0,0.0
2000-09-18 00:00:00-04:00,1.230994737618351,1.252342078392828,1.1669546734639842,1.2238795757293701,1189941,0.0,0.0
2000-09-19 00:00:00-04:00,1.2096479722027316,1.330613109525954,1.1740703180089007,1.2950345277786255,1338019,0.0,0.0
2000-09-20 00:00:00-04:00,1.323497245420278,1.4231158894814044,1.3092659958313289,1.373306155204773,877838,0.0,0.0
2000-09-21 00:00:00-04:00,1.3590748965178707,1.394653380967383,1.3519597355478536,1.3804222345352173,1256006,0.0,0.0
2000-09-22 00:00:00-04:00,1.2879195852247323,1.3804222437760743,1.259457086046834,1.373306155204773,1229428,0.0,0.0
2000-09-25 00:00:00-04:00,1.3377285916266686,1.387537505008612,1.3092660903930664,1.3092660903930664,780638,0.0,0.0
2000-09-26 00:00:00-04:00,1.309265889216471,1.3448444740684702,1.259456983487966,1.2665730714797974,1115522,0.0,0.0
2000-09-27 00:00:00-04:00,1.2238792425057234,1.2523417374197432,1.081567798550641,1.1100302934646606,4793175,0.0,0.0
2000-09-28 00:00:00-04:00,1.1135880020574265,1.1598393297462537,1.0673366743685995,1.1029143333435059,1201331,0.0,0.0
2000-09-29 00:00:00-04:00,1.1029141847864077,1.1029141847864077,0.9819491505622864,0.9819491505622864,1512675,0.0,0.0
2000-10-02 00:00:00-04:00,1.0673365492544378,1.1954167455318077,0.9961804151535034,0.9961804151535034,3682969,0.0,0.0
2000-10-03 00:00:00-04:00,1.0317590864728305,1.038874247736535,0.925025277702981,0.9606029391288757,2414813,0.0,0.0
2000-10-04 00:00:00-04:00,0.9659396212508697,0.9677187720010416,0.8467537322605907,0.8965626358985901,1830853,0.0,0.0
2000-10-05 00:00:00-04:00,0.8841108143100652,0.9606029747206225,0.8823315601513722,0.9143516421318054,2524163,0.0,0.0
2000-10-06 00:00:00-04:00,0.9268035493095053,0.9268035493095053,0.8538689766878507,0.8681002259254456,1271953,0.0,0.0
2000-10-09 00:00:00-04:00,0.8609849464303415,0.8823313535681504,0.8254072920161587,0.832522451877594,706219,0.0,0.0
2000-10-10 00:00:00-04:00,0.8254075994046477,0.8965629347318376,0.8254075994046477,0.8467540144920349,1120078,0.0,0.0
2000-10-11 00:00:00-04:00,0.8503113592703051,0.8503113592703051,0.7969448726164923,0.8111761212348938,907453,0.0,0.0
2000-10-12 00:00:00-04:00,0.8467537733791504,0.9036778399210215,0.8111761158462828,0.8823314309120178,1562034,0.0,0.0
2000-10-13 00:00:00-04:00,0.9054570786999822,1.0104116201400757,0.9036778248316146,1.0104116201400757,1330425,0.0,0.0
2000-10-16 00:00:00-04:00,1.008633261687739,1.038874083611458,0.8965626358985901,0.8965626358985901,676603,0.0,0.0
2000-10-17 00:00:00-04:00,0.939256379913552,0.9961804437224854,0.8609849805669212,0.8787738084793091,948459,0.0,0.0
2000-10-18 00:00:00-04:00,0.9196884432353988,0.9196884432353988,0.8182913661003112,0.8182913661003113,844425,0.0,0.0
2000-10-19 00:00:00-04:00,0.8823313063284223,0.9534874358391147,0.8111760013096885,0.9250250458717346,1998675,0.0,0.0
2000-10-20 00:00:00-04:00,0.9534874806866674,1.0175276292370556,0.9179090020118981,0.9819491505622864,775322,0.0,0.0
2000-10-23 00:00:00-04:00,0.9801709552801048,0.9801709552801048,0.8965628090129195,0.9677189588546753,827719,0.0,0.0
2000-10-24 00:00:00-04:00,0.939256219653157,1.0246426615127788,0.8965624834159118,0.9036776423454285,779878,0.0,0.0
2000-10-25 00:00:00-04:00,0.9036779486467376,0.9677189354244783,0.9036779486467376,0.9072364568710327,416897,0.0,0.0
2000-10-26 00:00:00-04:00,0.9463716715724736,0.9748340681475682,0.8965627609852346,0.9641605019569397,884672,0.0,0.0
2000-10-27 00:00:00-04:00,0.9534876748036506,0.9819493504736754,0.9179091888855906,0.9606029391288757,660656,0.0,0.0
2000-10-30 00:00:00-05:00,0.9588236766955183,0.96060293077281,0.9107940196990967,0.9107940196990967,886950,0.0,0.0
2000-10-31 00:00:00-05:00,0.9321404277283462,1.0851255655288696,0.9321404277283462,1.0851255655288696,3144572,0.0,0.0
2000-11-01 00:00:00-05:00,1.138491996730511,1.1883017294912448,1.024642931037428,1.0673366785049438,3963938,0.0,0.0
2000-11-02 00:00:00-05:00,1.0744517091939247,1.0744517091939247,0.9961804151535034,0.9961804151535034,1099575,0.0,0.0
2000-11-03 00:00:00-05:00,1.0246430336235806,1.0388742842042367,0.9677189588546752,0.9677189588546753,440438,0.0,0.0
2000-11-06 00:00:00-05:00,0.9677186823535522,1.0246427408578485,0.9250250458717346,0.9250250458717346,744947,0.0,0.0
2000-11-07 00:00:00-05:00,0.9410346263771503,0.9570451266728047,0.8965625603672123,0.9179089665412903,1016044,0.0,0.0
2000-11-08 00:00:00-05:00,0.937477413732265,0.967719069443221,0.9250254158838519,0.9392566680908203,204272,0.0,0.0
2000-11-09 00:00:00-05:00,0.9339196849355005,0.9392565196136979,0.8681002698271946,0.9107940196990967,647747,0.0,0.0
2000-11-10 00:00:00-05:00,0.9054571915156647,0.9250252762915231,0.8752163648605347,0.8752163648605347,848981,0.0,0.0
2000-11-13 00:00:00-05:00,0.868100182388154,0.8823314309120179,0.7969448673224189,0.8823314309120178,1644047,0.0,0.0
2000-11-14 00:00:00-05:00,0.9107940710211365,0.9534877202372494,0.9036779818646651,0.9463717341423035,464738,0.0,0.0
2000-11-15 00:00:00-05:00,0.9356989838659983,0.967719069443221,0.9356989838659983,0.9392566680908203,637875,0.0,0.0
2000-11-16 00:00:00-05:00,0.9339193866793286,0.9606026239950888,0.9036776423454285,0.9036776423454285,975797,0.0,0.0
2000-11-17 00:00:00-05:00,0.9463713785826737,0.9463713785826737,0.87521607907398,0.9036776423454285,442716,0.0,0.0
2000-11-20 00:00:00-05:00,0.8823314814011827,0.9107939800776043,0.8752163205088961,0.8894475698471069,734316,0.0,0.0
2000-11-21 00:00:00-05:00,0.9090147260777138,0.9090147260777138,0.8538689827247611,0.8894475698471069,489797,0.0,0.0
2000-11-22 00:00:00-05:00,0.8485321193205371,0.8823313977061471,0.8040600490781252,0.8538689017295837,673566,0.0,0.0
2000-11-24 00:00:00-05:00,0.8681002259254456,0.9036778852426174,0.839637778981013,0.8681002259254456,214144,0.0,0.0
2000-11-27 00:00:00-05:00,0.848532031443199,0.939256292386172,0.8467536538190553,0.9250250458717346,1404844,0.0,0.0
2000-11-28 00:00:00-05:00,0.9161307621003927,0.9250251764836096,0.8467537733791504,0.8823314309120178,1152731,0.0,0.0
2000-11-29 00:00:00-05:00,0.8538688933588734,0.8823313890564112,0.8182912375137213,0.8609849810600281,765450,0.0,0.0
2000-11-30 00:00:00-05:00,0.8343017388802116,0.8681001408997006,0.80406004091048,0.8396376967430115,1042622,0.0,0.0
2000-12-01 00:00:00-05:00,0.8396376628226658,0.8396376628226658,0.7684823540321911,0.796944797039032,2746659,0.0,0.0
2000-12-04 00:00:00-05:00,0.8556481877623673,0.8823314309120179,0.8325225248552864,0.8823314309120178,1858191,0.0,0.0
2000-12-05 00:00:00-05:00,0.8965627697417959,0.9392565196136979,0.8823315197844953,0.9107940196990967,906694,0.0,0.0
2000-12-06 00:00:00-05:00,0.9018995135765289,0.953487570469828,0.8823314309120179,0.8823314309120178,698625,0.0,0.0
2000-12-07 00:00:00-05:00,0.8787737265881762,0.9250250458717346,0.8681000598139847,0.9250250458717346,495872,0.0,0.0
2000-12-08 00:00:00-05:00,0.8983420316335601,0.9677189248847456,0.896562777540791,0.9606029391288757,1174753,0.0,0.0
2000-12-11 00:00:00-05:00,0.9570455014610746,0.9606030826243606,0.9321405782104238,0.9392566680908203,581681,0.0,0.0
2000-12-12 00:00:00-05:00,0.939256318363263,0.9534874622097975,0.9321402311325073,0.9321402311325073,590794,0.0,0.0
2000-12-13 00:00:00-05:00,0.9677189248847456,0.9748340861484502,0.9392565277840762,0.9606029391288757,1217278,0.0,0.0
2000-12-14 00:00:00-05:00,0.9606027249485718,0.9606027249485718,0.9250250714552307,0.9321402311325073,1664550,0.0,0.0
2000-12-15 00:00:00-05:00,0.9321402311325073,0.939256318363263,0.9321402311325073,0.9321402311325073,2947134,0.0,0.0
2000-12-18 00:00:00-05:00,0.9321402311325073,0.9463714780405396,0.9321402311325073,0.9321402311325073,1163363,0.0,0.0
2000-12-19 00:00:00-05:00,0.9339198325689791,0.9392566680908203,0.9250254158838519,0.9392566680908203,1293975,0.0,0.0
2000-12-20 00:00:00-05:00,0.9196884415750449,0.9321404375443709,0.8627634413375241,0.8752163648605347,1454203,0.0,0.0
2000-12-21 00:00:00-05:00,0.8752162374887811,0.8823313977061471,0.8396377052720547,0.8538689017295837,1022878,0.0,0.0
2000-12-22 00:00:00-05:00,0.8609849810600281,0.8823313890564112,0.8182912375137213,0.8609849810600281,1502044,0.0,0.0
2000-12-26 00:00:00-05:00,0.832522451877594,0.8823313535681504,0.8218488360626881,0.832522451877594,469294,0.0,0.0
2000-12-27 00:00:00-05:00,0.8254073333065699,0.8609849895004994,0.8182912455356542,0.8538689017295837,634838,0.0,0.0
2000-12-28 00:00:00-05:00,0.860984833661565,0.9036776423454285,0.8431960087843916,0.9036776423454285,1338019,0.0,0.0
2000-12-29 00:00:00-05:00,0.8930051439796445,0.960602882192997,0.8538689766878507,0.8681002259254456,1833131,0.0,0.0
2001-01-02 00:00:00-05:00,0.8752163585826839,0.917909180900908,0.8752163585826839,0.9107940196990967,522450,0.0,0.0
2001-01-03 00:00:00-05:00,0.8912259758373969,0.9179092228954713,0.8716578903066542,0.9143516421318054,989466,0.0,0.0
2001-01-04 00:00:00-05:00,0.9107939892745861,0.9926228750688435,0.9036779007568054,0.9534876346588135,1801238,0.0,0.0
2001-01-05 00:00:00-05:00,0.9534874438412062,0.9677186904750786,0.8752161541931343,0.9179089665412903,1079831,0.0,0.0
2001-01-08 00:00:00-05:00,0.9107938837313813,0.9250251315641724,0.8823313880657989,0.8965626358985901,478406,0.0,0.0
2001-01-09 00:00:00-05:00,0.9125730606628667,0.9534874438412062,0.9072362272309819,0.9179089665412903,1751119,0.0,0.0
2001-01-10 00:00:00-05:00,0.9196884042565769,0.9534876346588136,0.9196884042565769,0.9534876346588135,797344,0.0,0.0
2001-01-11 00:00:00-05:00,0.9392564789078423,1.031759032783027,0.9392564789078423,1.0246429443359375,2292553,0.0,0.0
2001-01-12 00:00:00-05:00,1.037094939676297,1.0388741936764787,0.9926228652081288,1.0246429443359375,1306125,0.0,0.0
2001-01-16 00:00:00-05:00,1.0015170433098286,1.1811854802567276,0.99973871728374,1.145607829093933,2375325,0.0,0.0
2001-01-17 00:00:00-05:00,1.2007537476388428,1.2381106614433048,1.166954517364502,1.166954517364502,2441391,0.0,0.0
2001-01-18 00:00:00-05:00,1.1936376847879162,1.2238793326321218,1.1242616237122272,1.1527231931686401,623447,0.0,0.0
2001-01-19 00:00:00-05:00,1.1313767008734181,1.1633967757633117,1.0957990460076508,1.1100302934646606,612056,0.0,0.0
2001-01-22 00:00:00-05:00,1.1384919939671188,1.1811857413310065,1.1029143349406907,1.1740704774856567,1237781,0.0,0.0
2001-01-23 00:00:00-05:00,1.1669544881696523,1.2523418795402985,1.1456080783384226,1.2096481323242188,2299388,0.0,0.0
2001-01-24 00:00:00-05:00,1.1971960519615823,1.2523417903559244,1.1971960519615823,1.2381105422973633,874041,0.0,0.0
2001-01-25 00:00:00-05:00,1.2381108270610992,1.2381108270610992,1.1883019111769315,1.2238795757293701,556622,0.0,0.0
2001-01-26 00:00:00-05:00,1.2309944647957989,1.2523418008391138,1.1598392545224216,1.195416808128357,697866,0.0,0.0
2001-01-29 00:00:00-05:00,1.2007537175984047,1.2238793813962454,1.1954168832521923,1.2096481323242188,435122,0.0,0.0
2001-01-30 00:00:00-05:00,1.1740703913054402,1.209648047720364,1.1669544065518285,1.2025328874588013,653822,0.0,0.0
2001-01-31 00:00:00-05:00,1.2096480461802406,1.2523417903559244,1.202532885927737,1.2381105422973633,1099575,0.0,0.0
2001-02-01 00:00:00-05:00,1.243447547677931,1.243447547677931,1.1669545659356004,1.1883018016815186,406266,0.0,0.0
2001-02-02 00:00:00-05:00,1.1740705516611203,1.2309946241890313,1.1669545659356004,1.1883018016815186,531563,0.0,0.0
2001-02-05 00:00:00-05:00,1.197196018291607,1.4159996088139284,1.1598392121942078,1.3946532011032104,6287625,0.0,0.0
2001-02-06 00:00:00-05:00,1.387537712134083,1.4658090353720998,1.3661912967992438,1.4515777826309204,2433797,0.0,0.0
2001-02-07 00:00:00-05:00,1.4569141722962915,1.4800398349761963,1.373306038934023,1.4800398349761963,1082109,0.0,0.0
2001-02-08 00:00:00-05:00,1.465808534729102,1.536964774131775,1.458693374565606,1.536964774131775,1262081,0.0,0.0
2001-02-09 00:00:00-05:00,1.5369648615383502,1.5707632655673718,1.5085023641586301,1.5085023641586304,3794597,0.0,0.0
2001-02-12 00:00:00-05:00,1.4889343207742192,1.5298488140106201,1.4871559943617965,1.5298488140106201,1128431,0.0,0.0
2001-02-13 00:00:00-05:00,1.535185553089843,1.565427303314209,1.5227335587611077,1.565427303314209,741150,0.0,0.0
2001-02-14 00:00:00-05:00,1.5654274708909042,1.5867738816757753,1.5440801325523714,1.579657793045044,1227909,0.0,0.0
2001-02-15 00:00:00-05:00,1.5849946130196253,1.6508139233057761,1.5814370325138831,1.6223515272140503,2872716,0.0,0.0
2001-02-16 00:00:00-05:00,1.6241304046410676,1.6365823980907874,1.565427192807034,1.593888759613037,1446609,0.0,0.0
2001-02-20 00:00:00-05:00,1.643698762294292,1.643698762294292,1.6010051166259445,1.6223515272140503,1416234,0.0,0.0
2001-02-21 00:00:00-05:00,1.6098993888117477,1.650813776819835,1.6081201349399332,1.6294673681259155,1357003,0.0,0.0
2001-02-22 00:00:00-05:00,1.6436985731124878,1.693507477121071,1.5796575966731898,1.6436985731124878,1201331,0.0,0.0
2001-02-23 00:00:00-05:00,1.6561506491714577,1.7077388095575021,1.6223514207620575,1.6863914728164673,1401047,0.0,0.0
2001-02-26 00:00:00-05:00,1.6935075609146764,1.7077388095575021,1.6294674057987564,1.6863914728164673,1429903,0.0,0.0
2001-02-27 00:00:00-05:00,1.6650455238316546,1.7219705341364853,1.6508142712554468,1.6935080289840698,919603,0.0,0.0
2001-02-28 00:00:00-05:00,1.6863913358531595,1.7006225833401691,1.3163818899744686,1.5511959791183472,5400675,0.0,0.0
2001-03-01 00:00:00-05:00,1.5565329857331596,1.5725425612130635,1.494271155118727,1.5298488140106201,859613,0.0,0.0
2001-03-02 00:00:00-05:00,1.5156176331367686,1.6223515421684478,1.5156176331367686,1.579657793045044,698625,0.0,0.0
2001-03-05 00:00:00-05:00,1.5778794665526072,1.5938890427528452,1.5583113822601726,1.579657793045044,503466,0.0,0.0
2001-03-06 00:00:00-05:00,1.5814368778006456,1.608120120313748,1.5440799672608772,1.565427303314209,811013,0.0,0.0
2001-03-07 00:00:00-05:00,1.5600904622015266,1.5654272961905737,1.494271055592542,1.5262911319732666,883913,0.0,0.0
2001-03-08 00:00:00-05:00,1.5173966923518472,1.536964774131775,1.4231157186410408,1.536964774131775,470053,0.0,0.0
2001-03-09 00:00:00-05:00,1.5102816979152416,1.54941693821596,1.4871560335159302,1.4871560335159302,495872,0.0,0.0
2001-03-12 00:00:00-05:00,1.5049448634302245,1.536964942786683,1.4658086955758618,1.4871560335159302,703941,0.0,0.0
2001-03-13 00:00:00-05:00,1.4924918085367418,1.593888872129381,1.4818190680636383,1.565427303314209,1077553,0.0,0.0
2001-03-14 00:00:00-05:00,1.5796576239450137,1.593888872129381,1.5227335587611077,1.565427303314209,1567350,0.0,0.0
2001-03-15 00:00:00-05:00,1.577879186256754,1.6081200067927872,1.565427192807034,1.593888759613037,977316,0.0,0.0
2001-03-16 00:00:00-05:00,1.593888759613037,1.615235991097911,1.5867735997999106,1.593888759613037,1277269,0.0,0.0
2001-03-19 00:00:00-05:00,1.5885527504684411,1.6010048469796605,1.5583111054404106,1.593888759613037,1189941,0.0,0.0
2001-03-20 00:00:00-05:00,1.59922574781944,1.6081201622222676,1.5867737531661987,1.5867737531661987,943144,0.0,0.0
2001-03-21 00:00:00-05:00,1.5867738816757753,1.5938890427528452,1.5511962211831027,1.579657793045044,1281825,0.0,0.0
2001-03-22 00:00:00-05:00,1.57432195011539,1.60100519657135,1.4729248715397816,1.60100519657135,1401806,0.0,0.0
2001-03-23 00:00:00-05:00,1.6063417328123444,1.6081201622222676,1.5369648469996469,1.5867737531661987,354628,0.0,0.0
2001-03-26 00:00:00-05:00,1.5654274750764996,1.6365826931905796,1.5227337258389424,1.6152362823486328,1503563,0.0,0.0
2001-03-27 00:00:00-05:00,1.5867737531661987,1.6081201622222676,1.5796576651117846,1.5867737531661987,754819,0.0,0.0
2001-03-28 00:00:00-05:00,1.6063417447726431,1.6223514228570108,1.5298487703359898,1.5440800189971924,467016,0.0,0.0
2001-03-29 00:00:00-05:00,1.5440801611337986,1.608120322227478,1.5440801611337986,1.608120322227478,381966,0.0,0.0
2001-03-30 00:00:00-05:00,1.5796576034600767,1.700622644620239,1.5796576034600767,1.6721601486206055,747984,0.0,0.0
2001-04-02 00:00:00-04:00,1.7219699601867637,1.8144715767080928,1.7006226246608072,1.7931252717971802,4036838,0.0,0.0
2001-04-03 00:00:00-04:00,1.8055771839480261,1.8358189337802184,1.601004939236577,1.6721601486206055,1086666,0.0,0.0
2001-04-04 00:00:00-04:00,1.6650448046840527,1.8073562383651731,1.6579288207540197,1.8073562383651733,813291,0.0,0.0
2001-04-05 00:00:00-04:00,1.793125361665858,1.8002413466541611,1.6223514097284806,1.7290852069854736,886950,0.0,0.0
2001-04-06 00:00:00-04:00,1.71485391745968,1.7290851656656363,1.6223513709592539,1.7077387571334839,766209,0.0,0.0
2001-04-09 00:00:00-04:00,1.8102025630735208,1.8215877674627625,1.7077387123539725,1.7931252717971802,987188,0.0,0.0
2001-04-10 00:00:00-04:00,1.8079254255660955,1.8181720070754726,1.727092427675572,1.746446967124939,555103,0.0,0.0
2001-04-11 00:00:00-04:00,1.7384774917518535,1.8898968937423686,1.6587831238944781,1.6667524576187134,2385197,0.0,0.0
2001-04-12 00:00:00-04:00,1.6610606009166433,1.7031846280014677,1.6508140181833582,1.6849687099456787,729000,0.0,0.0
2001-04-16 00:00:00-04:00,1.6849683859146394,1.753278374671936,1.6747218051518424,1.753278374671936,551306,0.0,0.0
2001-04-17 00:00:00-04:00,1.7771866160723933,1.8181719092905237,1.755554830647653,1.772632122039795,601425,0.0,0.0
2001-04-18 00:00:00-04:00,1.791986609652579,1.793125233128453,1.7077386755266055,1.7134307622909546,797344,0.0,0.0
2001-04-19 00:00:00-04:00,1.716846914469324,1.786294816036031,1.716846914469324,1.7703559398651123,257428,0.0,0.0
2001-04-20 00:00:00-04:00,1.7475857967972093,1.7532787091925213,1.6963538107618354,1.729369878768921,318938,0.0,0.0
2001-04-23 00:00:00-04:00,1.6963536600770697,1.7418935541640677,1.6906615726795604,1.7168468236923218,798863,0.0,0.0
2001-04-24 00:00:00-04:00,1.7100152209026613,1.7100152209026613,1.6337366104125977,1.6337366104125977,425250,0.0,0.0
2001-04-25 00:00:00-04:00,1.634875281834398,1.7418936415189177,1.634875281834398,1.6997696161270142,826200,0.0,0.0
2001-04-26 00:00:00-04:00,1.7077389763996504,1.728231213792188,1.7020459610787744,1.7145696878433228,832275,0.0,0.0
2001-04-27 00:00:00-04:00,1.7168470751401506,1.8500506999794089,1.7111540593552248,1.8409427404403687,1757194,0.0,0.0
2001-04-30 00:00:00-04:00,1.8318348658442807,2.0618100819076264,1.7931257783545815,2.029932737350464,10452797,0.0,0.0
2001-05-01 00:00:00-04:00,1.941128792515444,2.0265162789015547,1.9399911996381944,1.9536526203155518,1898438,0.0,0.0
2001-05-02 00:00:00-04:00,1.9297444740561043,1.9855308373028824,1.8591580677499602,1.8739581108093262,4700531,0.0,0.0
2001-05-03 00:00:00-04:00,1.8557422879153291,1.8785126959318292,1.7441703804795075,1.8591581583023071,1360800,0.0,0.0
2001-05-04 00:00:00-04:00,1.839804020952298,1.8591585627927179,1.798817689851354,1.8227267265319824,833034,0.0,0.0
2001-05-07 00:00:00-04:00,1.8284186681746146,1.8739584598568797,1.811341375120659,1.827280044555664,2028291,0.0,0.0
2001-05-08 00:00:00-04:00,1.8898971347187579,1.9206368806732383,1.8443573429057245,1.8853436708450317,1676700,0.0,0.0
2001-05-09 00:00:00-04:00,1.8773743420583848,1.8933130115897046,1.7988175567973028,1.8181720972061157,1384341,0.0,0.0
2001-05-10 00:00:00-04:00,1.823864966222406,1.8272798060183255,1.7942638478393445,1.7965410947799683,612816,0.0,0.0
2001-05-11 00:00:00-04:00,1.798817350590992,1.798817350590992,1.7874331768680138,1.7908480167388916,419934,0.0,0.0
2001-05-14 00:00:00-04:00,1.7885718804199275,1.7988176384099754,1.6701685190200806,1.6701685190200806,2720081,0.0,0.0
2001-05-15 00:00:00-04:00,1.671306882085995,1.7088773351239017,1.6508137203171291,1.6952149868011475,1929572,0.0,0.0
2001-05-16 00:00:00-04:00,1.6804151729942025,1.6997697151045577,1.5198877787121954,1.6155208349227905,5378653,0.0,0.0
2001-05-17 00:00:00-04:00,1.6029970000445721,1.6508139371871948,1.5881968507695916,1.6508139371871948,2082206,0.0,0.0
2001-05-18 00:00:00-04:00,1.6508139590247235,1.7646630305474147,1.6508139590247235,1.7418936491012573,1699481,0.0,0.0
2001-05-21 00:00:00-04:00,1.739616149057152,1.806787515080365,1.7248160017364151,1.804510474205017,1167159,0.0,0.0
2001-05-22 00:00:00-04:00,1.7908482133220855,1.8272800467108676,1.7589708744144774,1.8250036239624023,618891,0.0,0.0
2001-05-23 00:00:00-04:00,1.8341105531497675,1.8363878001362373,1.7088773250579834,1.7088773250579834,296156,0.0,0.0
2001-05-24 00:00:00-04:00,1.5938887452767472,1.8284183775023464,1.5654271787267426,1.7214001417160034,6403809,0.0,0.0
2001-05-25 00:00:00-04:00,1.7305083582918699,1.7931254424701424,1.7214004000365732,1.758970856666565,1480022,0.0,0.0
2001-05-29 00:00:00-04:00,1.7464471103011385,1.770355939865112,1.7225390021677982,1.7703559398651123,630281,0.0,0.0
2001-05-30 00:00:00-04:00,1.7635242725828504,1.793125393762275,1.741893516448555,1.7817401885986328,536119,0.0,0.0
2001-05-31 00:00:00-04:00,1.7817399490766832,1.8500501402603833,1.7760478625676144,1.8352490663528442,2217375,0.0,0.0
2001-06-01 00:00:00-04:00,1.846634221558623,1.8705422210077025,1.8284183084693388,1.8500500917434692,1217278,0.0,0.0
2001-06-04 00:00:00-04:00,1.8785128492226804,1.9661765568252383,1.8625731500644114,1.9069743156433105,2140678,0.0,0.0
2001-06-05 00:00:00-04:00,1.9035596466754199,1.9240517806661965,1.9012823993602717,1.9172210693359375,730519,0.0,0.0
2001-06-06 00:00:00-04:00,1.908113316078253,1.992362200270545,1.9069746922981183,1.9331599473953247,634838,0.0,0.0
2001-06-07 00:00:00-04:00,1.937714330673153,1.9468222897732321,1.8910359114583433,1.9354370832443237,1478503,0.0,0.0
2001-06-08 00:00:00-04:00,1.9354370689268894,2.00716211748252,1.9320222284241446,1.9889461994171143,3634369,0.0,0.0
2001-06-11 00:00:00-04:00,2.0026083136052355,2.006023153528779,1.9354367406515187,1.970729947090149,703941,0.0,0.0
2001-06-12 00:00:00-04:00,1.9638992173254588,1.9798378851188185,1.9490991730337741,1.958207130432129,1319034,0.0,0.0
2001-06-13 00:00:00-04:00,1.960483632198919,1.961622255866338,1.8682664519051146,1.8773744106292725,627244,0.0,0.0
2001-06-14 00:00:00-04:00,1.8773743951448065,1.8796506118456757,1.8580198541887063,1.8728199005126953,526247,0.0,0.0
2001-06-15 00:00:00-04:00,1.867128026101572,1.873958738214758,1.753278839169293,1.7623867988586426,880116,0.0,0.0
2001-06-18 00:00:00-04:00,1.7532783584249614,1.764662738076664,1.7100149949248344,1.7134307622909546,479166,0.0,0.0
2001-06-19 00:00:00-04:00,1.7122924771607848,1.7646629805570386,1.5790888683439717,1.6758606433868408,5296641,0.0,0.0
2001-06-20 00:00:00-04:00,1.6701684637357446,1.8227266140726979,1.6565061137348203,1.799956202507019,929475,0.0,0.0
2001-06-21 00:00:00-04:00,1.8227266032585219,1.9263289864836983,1.7703558937063781,1.8978664875030518,1816425,0.0,0.0
2001-06-22 00:00:00-04:00,1.9240519942732817,1.9240519942732817,1.8432189811481596,1.8557428121566772,909731,0.0,0.0
2001-06-25 00:00:00-04:00,1.8568814240386928,1.864850759860196,1.804510914002933,1.815895915031433,1489134,0.0,0.0
2001-06-26 00:00:00-04:00,1.8113411006889815,1.870542305598927,1.810202477242541,1.8637115955352783,1097297,0.0,0.0
2001-06-27 00:00:00-04:00,1.8716811078912392,1.9069743156433105,1.8409423943601286,1.9069743156433105,900619,0.0,0.0
2001-06-28 00:00:00-04:00,1.8898973034696258,2.0014700610277925,1.8898973034696258,1.9730075597763062,1678978,0.0,0.0
2001-06-29 00:00:00-04:00,1.9638996845299146,2.1688282594371247,1.9638996845299146,2.0800259113311768,2022975,0.0,0.0
2001-07-02 00:00:00-04:00,2.109626942748331,2.18932132770708,2.0948258649857565,2.1859054565429688,1726819,0.0,0.0
2001-07-03 00:00:00-04:00,2.1881828429167283,2.1893214667103917,2.0413168633790764,2.0993804931640625,1080591,0.0,0.0
2001-07-05 00:00:00-04:00,2.078886922092487,2.1893210412320903,2.078886922092487,2.1335346698760986,1334222,0.0,0.0
2001-07-06 00:00:00-04:00,2.1301188902308765,2.134673384715123,1.969591510733935,2.049285888671875,925678,0.0,0.0
2001-07-09 00:00:00-04:00,2.0595320640276573,2.1517502529752526,2.0492854840762633,2.106210470199585,1260563,0.0,0.0
2001-07-10 00:00:00-04:00,2.115319206894322,2.165412471114711,2.072056654955744,2.1403658390045166,823922,0.0,0.0
2001-07-11 00:00:00-04:00,2.147196526289583,2.1665510697088393,2.1232885182739056,2.1585817337036133,747225,0.0,0.0
2001-07-12 00:00:00-04:00,2.17565899410548,2.2644615492589097,2.1631361937076563,2.232583999633789,1418513,0.0,0.0
2001-07-13 00:00:00-04:00,2.2268907176816817,2.2428302112826524,2.1745200098494486,2.1972904205322266,488278,0.0,0.0
2001-07-16 00:00:00-04:00,2.217782735761772,2.2200597768056447,2.1597199411887167,2.171105146408081,848222,0.0,0.0
2001-07-17 00:00:00-04:00,2.1745195388793945,2.1779354089265213,2.147195670347101,2.1745195388793945,1285622,0.0,0.0
2001-07-18 00:00:00-04:00,2.174520424129886,2.2257533426192504,2.1517510397243114,2.184767007827759,1579500,0.0,0.0
2001-07-19 00:00:00-04:00,2.207537195112347,2.208675818807461,2.179074694580163,2.1915977001190186,1896919,0.0,0.0
2001-07-20 00:00:00-04:00,2.182489550526908,2.202982507895356,2.180213127827708,2.1972904205322266,2347228,0.0,0.0
2001-07-23 00:00:00-04:00,2.1859053231114878,2.212090575258887,2.1062109430174223,2.1619973182678223,1365356,0.0,0.0
2001-07-24 00:00:00-04:00,2.1779359009729755,2.1779359009729755,2.0834414784179525,2.1346733570098877,436641,0.0,0.0
2001-07-25 00:00:00-04:00,2.135811657986526,2.1733812843660614,2.128980123503803,2.163135528564453,570291,0.0,0.0
2001-07-26 00:00:00-04:00,2.1642739296822215,2.1676895948124404,2.0891338315246033,2.0936872959136963,518653,0.0,0.0
2001-07-27 00:00:00-04:00,2.0891335184062445,2.094825605693301,1.7942640213725323,1.9263288974761963,2238638,0.0,0.0
2001-07-30 00:00:00-04:00,1.9411286288109222,2.106210470199585,1.9354365424445699,2.106210470199585,2406459,0.0,0.0
2001-07-31 00:00:00-04:00,2.1107639858663365,2.169966008355937,2.015130758173268,2.0265159606933594,1211203,0.0,0.0
2001-08-01 00:00:00-04:00,2.0401777890643973,2.053840240956048,1.9832538262585833,1.9923617839813232,896063,0.0,0.0
2001-08-02 00:00:00-04:00,2.0663629499984837,2.0697788204785517,1.9866685809989,2.0208241939544678,1261322,0.0,0.0
2001-08-03 00:00:00-04:00,2.019686248524578,2.019686248524578,1.8728202584153546,1.941129446029663,3150647,0.0,0.0
2001-08-06 00:00:00-04:00,1.9547915283540207,2.0435938675283265,1.8728199005126953,1.8728199005126953,2643384,0.0,0.0
2001-08-07 00:00:00-04:00,1.8762358018912415,1.9126676370777653,1.6815537236862368,1.7145696878433228,1696444,0.0,0.0
2001-08-08 00:00:00-04:00,1.7362004109999707,1.8580197367090827,1.7088774643341165,1.8170334100723267,1233225,0.0,0.0
2001-08-09 00:00:00-04:00,1.7828789570651196,1.8500505393127946,1.7828789570651196,1.8215880393981934,618891,0.0,0.0
2001-08-10 00:00:00-04:00,1.82500376782904,1.884205192568165,1.805649432111667,1.8227267265319824,1450406,0.0,0.0
2001-08-13 00:00:00-04:00,1.8215880393981934,1.8955903330531172,1.8158957455383125,1.8215880393981934,350831,0.0,0.0
2001-08-14 00:00:00-04:00,1.8523267560384125,1.8785130392273959,1.7828789570651196,1.8215880393981934,272616,0.0,0.0
2001-08-15 00:00:00-04:00,1.7897093697865292,1.9126673076724634,1.7828786595192623,1.8625730276107788,855056,0.0,0.0
2001-08-16 00:00:00-04:00,1.8762359781845601,1.9081133216603992,1.8557428113127779,1.8887587785720825,545231,0.0,0.0
2001-08-17 00:00:00-04:00,1.8978663097171937,1.9172208484355706,1.798817399687611,1.8238650560379028,232369,0.0,0.0
2001-08-20 00:00:00-04:00,1.8443571017349512,1.8910355110664692,1.8102025199950664,1.883066177368164,423731,0.0,0.0
2001-08-21 00:00:00-04:00,1.851188922930776,1.8887583461064394,1.8090639750490205,1.8102025985717773,369056,0.0,0.0
2001-08-22 00:00:00-04:00,1.830695875667134,1.830695875667134,1.5938889640605591,1.681553602218628,1403325,0.0,0.0
2001-08-23 00:00:00-04:00,1.692937895758495,1.7475856450997154,1.6633377014318407,1.7009072303771973,1021359,0.0,0.0
2001-08-24 00:00:00-04:00,1.690661848193458,1.794264348586775,1.690661848193458,1.7623867988586426,235406,0.0,0.0
2001-08-27 00:00:00-04:00,1.791986944242339,1.8079256146505134,1.7430323093293452,1.7475857734680176,340959,0.0,0.0
2001-08-28 00:00:00-04:00,1.741893535654645,1.7532785348207955,1.7077388473407311,1.719123125076294,937828,0.0,0.0
2001-08-29 00:00:00-04:00,1.7362003259918324,1.7362003259918324,1.6963535524457047,1.7077387571334839,600666,0.0,0.0
2001-08-30 00:00:00-04:00,1.7191232417733298,1.7305084478353525,1.6713071283586656,1.6861072778701782,1613672,0.0,0.0
2001-08-31 00:00:00-04:00,1.6895229927345765,1.717984564134225,1.6621991174132327,1.6804150342941284,1510397,0.0,0.0
2001-09-04 00:00:00-04:00,1.6861072393841292,1.7214004498171431,1.6849686157423969,1.7043230533599854,576366,0.0,0.0
2001-09-05 00:00:00-04:00,1.7077389242851821,1.7191232025336787,1.6849686157423969,1.7043230533599854,201994,0.0,0.0
2001-09-06 00:00:00-04:00,1.7077387675560434,1.790848082684874,1.7077387675560434,1.7806015014648438,646228,0.0,0.0
2001-09-07 00:00:00-04:00,1.7532783611912353,1.7931252359575962,1.7532783611912353,1.776047945022583,776841,0.0,0.0
2001-09-10 00:00:00-04:00,1.776048273834165,1.781740361661309,1.7031846026936959,1.7475857734680176,437400,0.0,0.0
2001-09-17 00:00:00-04:00,1.684968613105117,1.684968613105117,1.5472115394523553,1.6223515272140503,1032750,0.0,0.0
2001-09-18 00:00:00-04:00,1.5540423337404308,1.577950339611756,1.3160977038207908,1.3718831539154053,983391,0.0,0.0
2001-09-19 00:00:00-04:00,1.3445590772818807,1.3855452989023687,1.0781519862476936,1.3024351596832275,1574184,0.0,0.0
2001-09-20 00:00:00-04:00,1.2534803725515853,1.2944657678523628,1.2181862395485392,1.2409565448760986,345516,0.0,0.0
2001-09-21 00:00:00-04:00,1.1384918173825394,1.141907584601787,0.8481766992211828,1.0257813930511475,14539753,0.0,0.0
2001-09-24 00:00:00-04:00,1.02350442833895,1.0815679465194963,0.9847961720030348,1.038305401802063,2822597,0.0,0.0
2001-09-25 00:00:00-04:00,1.0348892790731947,1.098644972315213,1.0189506134164168,1.0872597694396973,2453541,0.0,0.0
2001-09-26 00:00:00-04:00,1.110030475426441,1.1612623563008544,1.1077532281124176,1.1555702686309814,722925,0.0,0.0
2001-09-27 00:00:00-04:00,1.1396305874731034,1.177201042936487,1.1077531468154547,1.172647476196289,736594,0.0,0.0
2001-09-28 00:00:00-04:00,1.1521543976599464,1.1954169435504634,1.1316613361256254,1.1555702686309814,2973713,0.0,0.0
2001-10-01 00:00:00-04:00,1.1430462041047997,1.1737850171275754,1.1384918134742714,1.1396304368972778,763931,0.0,0.0
2001-10-02 00:00:00-04:00,1.1327997977470146,1.1726475012071913,1.110030417637722,1.1384919881820679,399431,0.0,0.0
2001-10-03 00:00:00-04:00,1.1271078046688185,1.1726475993124554,1.1271078046688185,1.1612623929977417,426009,0.0,0.0
2001-10-04 00:00:00-04:00,1.1897247685678072,1.1897247685678072,1.1271076863338712,1.172647476196289,782156,0.0,0.0
2001-10-05 00:00:00-04:00,1.1715088417547017,1.1726474653175878,1.1043373689116325,1.1259690523147583,469294,0.0,0.0
2001-10-08 00:00:00-04:00,1.1134454117950034,1.128246385565752,1.082706592649507,1.1088918447494507,623447,0.0,0.0
2001-10-09 00:00:00-04:00,1.1088918258733442,1.127107742729762,1.092953053216253,1.1157225370407104,314381,0.0,0.0
2001-10-10 00:00:00-04:00,1.094090892903253,1.1327998722500296,1.0827066143459279,1.1305227279663086,178453,0.0,0.0
2001-10-11 00:00:00-04:00,1.1043374951009126,1.1612623929977417,1.0872600978749294,1.1612623929977417,759375,0.0,0.0
2001-10-12 00:00:00-04:00,1.1350770449424834,1.1612622958449792,1.1293840300153246,1.1384919881820679,1022878,0.0,0.0
2001-10-15 00:00:00-04:00,1.1327997977470146,1.1498771935442802,1.1157225050112622,1.1384919881820679,981872,0.0,0.0
2001-10-16 00:00:00-04:00,1.1384920322629632,1.1498772380659956,1.1020610226775351,1.106614589691162,681159,0.0,0.0
2001-10-17 00:00:00-04:00,1.13052262968006,1.1430463553133678,1.104337379331902,1.11686110496521,203513,0.0,0.0
2001-10-18 00:00:00-04:00,1.1282463663601832,1.1327998302667068,1.098645243814714,1.1157225370407104,221738,0.0,0.0
2001-10-19 00:00:00-04:00,1.0986450377408317,1.1134451839914241,1.0348893407020858,1.0394437313079834,1148175,0.0,0.0
2001-10-22 00:00:00-04:00,1.0656292722335454,1.0724599833447626,1.0166736096036588,1.0246429443359375,812531,0.0,0.0
2001-10-23 00:00:00-04:00,1.0200896398719403,1.1362158693697966,1.0200896398719403,1.086121678352356,796584,0.0,0.0
2001-10-24 00:00:00-04:00,1.0679053797492635,1.0940906259857057,1.053105233784764,1.0599360466003418,372853,0.0,0.0
2001-10-25 00:00:00-04:00,1.0610749595880666,1.0815681270488302,1.036028327477872,1.0701829195022583,516375,0.0,0.0
2001-10-26 00:00:00-04:00,1.0474131392370067,1.0781518481975445,1.014396255951149,1.0576587915420532,491316,0.0,0.0
2001-10-29 00:00:00-05:00,1.064490556716919,1.1157224315510201,1.0587975421645937,1.064490556716919,929475,0.0,0.0
2001-10-30 00:00:00-05:00,1.0792908039150664,1.1145840172867192,1.0326124868548152,1.0405818223953247,615853,0.0,0.0
2001-10-31 00:00:00-05:00,1.0394439177330708,1.0565213138802052,1.013257841801989,1.0246429443359375,703181,0.0,0.0
2001-11-01 00:00:00-05:00,1.0872598403303178,1.1669543074867774,1.072459797057602,1.1441848278045654,1347131,0.0,0.0
2001-11-02 00:00:00-05:00,1.1453236459588507,1.2512032749463122,1.1350770640221368,1.180616855621338,1488375,0.0,0.0
2001-11-05 00:00:00-05:00,1.184031634845081,1.184031634845081,1.0690440634717995,1.156707763671875,1988803,0.0,0.0
2001-11-06 00:00:00-05:00,1.1669545699284383,1.2557569107658388,1.1669545699284383,1.2546182870864868,428288,0.0,0.0
2001-11-07 00:00:00-05:00,1.2660032608739265,1.2864963190485714,1.243233780250608,1.2568953037261963,390319,0.0,0.0
2001-11-08 00:00:00-05:00,1.2830808425599676,1.295604569896223,1.2124944163176141,1.2250181436538696,494353,0.0,0.0
2001-11-09 00:00:00-05:00,1.250064708576699,1.2978817495994497,1.250064708576699,1.2637262344360352,767728,0.0,0.0
2001-11-12 00:00:00-05:00,1.2523418715915582,1.3092659399647415,1.2409566662831732,1.2808034420013428,914288,0.0,0.0
2001-11-13 00:00:00-05:00,1.2466489999252397,1.3092660903930664,1.2466489999252397,1.3092660903930664,461700,0.0,0.0
2001-11-14 00:00:00-05:00,1.2978818384466202,1.3377286195755003,1.2978818384466202,1.3377286195755005,375891,0.0,0.0
2001-11-15 00:00:00-05:00,1.3377281982021485,1.3434202845287337,1.3149587192193704,1.3365895748138428,135169,0.0,0.0
2001-11-16 00:00:00-05:00,1.3468363517304498,1.3468363517304498,1.3081272733248466,1.3217896223068237,194400,0.0,0.0
2001-11-19 00:00:00-05:00,1.3217898809506186,1.3468366152753128,1.314959168899809,1.3434207439422607,475369,0.0,0.0
2001-11-20 00:00:00-05:00,1.326343412721142,1.3388672433224629,1.326343412721142,1.3377286195755005,269578,0.0,0.0
2001-11-21 00:00:00-05:00,1.320651360234464,1.3434207439422607,1.3126820244059703,1.3434207439422607,234647,0.0,0.0
2001-11-23 00:00:00-05:00,1.3240670032553,1.4390546989867763,1.3240670032553,1.4060378074645996,227813,0.0,0.0
2001-11-26 00:00:00-05:00,1.4037611301626247,1.4140077107198499,1.3183737489905907,1.3752987384796143,432844,0.0,0.0
2001-11-27 00:00:00-05:00,1.365052345078831,1.3752989270409208,1.343420557534958,1.3582215309143066,241481,0.0,0.0
2001-11-28 00:00:00-05:00,1.3502522071937295,1.3752989382471321,1.337728480951722,1.3491135835647583,388041,0.0,0.0
2001-11-29 00:00:00-05:00,1.3468361905286061,1.3661907274148775,1.3468361905286061,1.3650521039962769,422213,0.0,0.0
2001-11-30 00:00:00-05:00,1.3559441390825613,1.3718828056168788,1.3434203121684754,1.3627748489379883,1157288,0.0,0.0
2001-12-03 00:00:00-05:00,1.355944483334522,1.3855455046483725,1.3445592769416514,1.3718831539154053,848981,0.0,0.0
2001-12-04 00:00:00-05:00,1.3718828601053357,1.3821294406029316,1.366190773435562,1.3775758743286133,1076794,0.0,0.0
2001-12-05 00:00:00-05:00,1.382129476428581,1.4003453909820296,1.371882895665387,1.3946532011032104,1100334,0.0,0.0
2001-12-06 00:00:00-05:00,1.394653373306892,1.4060377544702074,1.3741603123116435,1.4003455638885498,1565072,0.0,0.0
2001-12-07 00:00:00-05:00,1.3855457386903236,1.4515777826309206,1.3855457386903236,1.4515777826309204,1473947,0.0,0.0
2001-12-10 00:00:00-05:00,1.4140080532685297,1.4515775866545337,1.4117309088512207,1.4310853481292725,1176272,0.0,0.0
2001-12-11 00:00:00-05:00,1.4310848994648644,1.4959783934676498,1.423115566402695,1.4572701454162598,1459519,0.0,0.0
2001-12-12 00:00:00-05:00,1.4515771658237118,1.5198873560779436,1.4424693122256411,1.4925634860992432,422972,0.0,0.0
2001-12-13 00:00:00-05:00,1.480039973823772,1.5062252259593545,1.4686548709869385,1.4686548709869385,304509,0.0,0.0
2001-12-14 00:00:00-05:00,1.4686549572048186,1.5028103707819425,1.440193280587822,1.4937024116516113,394116,0.0,0.0
2001-12-17 00:00:00-05:00,1.4834557374859147,1.5141945544500424,1.4629625744740995,1.5085023641586304,484481,0.0,0.0
2001-12-18 00:00:00-05:00,1.515332988781149,1.536964774131775,1.4823170296181336,1.536964774131775,463978,0.0,0.0
2001-12-19 00:00:00-05:00,1.5358262379693486,1.5369648615383502,1.4971171590837211,1.5085023641586304,217181,0.0,0.0
2001-12-20 00:00:00-05:00,1.503947836261906,1.5312717075893685,1.4914249363097005,1.5153329372406006,931753,0.0,0.0
2001-12-21 00:00:00-05:00,1.5210261257592708,1.5813660651009833,1.4823171490185165,1.5699808597564697,1020600,0.0,0.0
2001-12-24 00:00:00-05:00,1.5711193068142968,1.5825045108795166,1.5699806833462733,1.5825045108795166,249834,0.0,0.0
2001-12-26 00:00:00-05:00,1.5825044832997348,1.6166590642851362,1.5415182646867556,1.593888759613037,418416,0.0,0.0
2001-12-27 00:00:00-05:00,1.5722579656519156,1.5995818376541138,1.5722579656519156,1.5995818376541138,470813,0.0,0.0
2001-12-28 00:00:00-05:00,1.593888759613037,1.5995817737924354,1.5802272364033756,1.593888759613037,785194,0.0,0.0
2001-12-31 00:00:00-05:00,1.560872985778702,1.6166593612986242,1.5233026306078166,1.601859211921692,1174753,0.0,0.0
2002-01-02 00:00:00-05:00,1.5995819360596775,1.6132434606552124,1.5722580623765268,1.6132434606552124,919603,0.0,0.0
2002-01-03 00:00:00-05:00,1.6098284862820937,1.6508137807040277,1.5938888903763844,1.645121693611145,852019,0.0,0.0
2002-01-04 00:00:00-05:00,1.6485367398148172,1.8045106543143759,1.632597967404043,1.7362004518508911,3723975,0.0,0.0
2002-01-07 00:00:00-05:00,1.753278552300196,1.7749095150116676,1.7248161571625749,1.7680788040161133,2407219,0.0,0.0
2002-01-08 00:00:00-05:00,1.7623866077103951,1.77035594274731,1.7077389585629057,1.7418936491012573,671288,0.0,0.0
2002-01-09 00:00:00-05:00,1.7327856604003622,1.7658016236410086,1.7305084131106143,1.7578322887420654,1486856,0.0,0.0
2002-01-10 00:00:00-05:00,1.74189348255491,1.770355773479619,1.74189348255491,1.7646628618240356,482203,0.0,0.0
2002-01-11 00:00:00-05:00,1.7658014567109537,1.7806015014648438,1.7566934990281575,1.7806015014648438,561938,0.0,0.0
2002-01-14 00:00:00-05:00,1.7589709612115185,1.7589709612115185,1.7088776000761297,1.7145696878433228,537638,0.0,0.0
2002-01-15 00:00:00-05:00,1.7305082389554782,1.780601490597593,1.6735832461316535,1.7077387571334839,610538,0.0,0.0
2002-01-16 00:00:00-05:00,1.7009074832433486,1.749863152453551,1.6963539157006775,1.7384779453277588,627244,0.0,0.0
2002-01-17 00:00:00-05:00,1.7134313638435077,1.9741464465765777,1.7134313638435077,1.941129446029663,3805228,0.0,0.0
2002-01-18 00:00:00-05:00,1.889896986562036,1.9377140218709374,1.8511889395168046,1.9012821912765503,433603,0.0,0.0
2002-01-22 00:00:00-05:00,1.886481957744946,1.9354365810714678,1.8124796804307013,1.8443570137023926,467016,0.0,0.0
2002-01-23 00:00:00-05:00,1.8375265953527504,1.9012823026268377,1.7874333406592486,1.8990050554275513,408544,0.0,0.0
2002-01-24 00:00:00-05:00,1.8921743444448251,1.9149437245922896,1.8682663406977176,1.8990050554275513,513338,0.0,0.0
2002-01-25 00:00:00-05:00,1.8967272627164908,1.8967272627164908,1.8227260255591449,1.8671271800994873,186806,0.0,0.0
2002-01-28 00:00:00-05:00,1.8728198514103045,1.8830664334487193,1.7157082387335212,1.7430322170257568,1518750,0.0,0.0
2002-01-29 00:00:00-05:00,1.7532786228089732,1.7532786228089732,1.6223515380737252,1.6576447486877441,1060088,0.0,0.0
2002-01-30 00:00:00-05:00,1.662199094870399,1.6963536809050819,1.6303208285151007,1.654229760169983,788991,0.0,0.0
2002-01-31 00:00:00-05:00,1.6565059544075202,1.7077387571334839,1.6394286626833872,1.7077387571334839,675084,0.0,0.0
2002-02-01 00:00:00-05:00,1.7077388025231885,1.7168467603924766,1.650813808186364,1.7111537456512451,940866,0.0,0.0
2002-02-04 00:00:00-05:00,1.7179844107374143,1.724816048857617,1.6678911590952994,1.7077387571334839,865688,0.0,0.0
2002-02-05 00:00:00-05:00,1.683829620162942,1.7077385470662647,1.650813561244726,1.6690294742584229,277931,0.0,0.0
2002-02-06 00:00:00-05:00,1.6599216097581606,1.6735831330296902,1.5164715444778443,1.6382899284362793,1003894,0.0,0.0
2002-02-07 00:00:00-05:00,1.6348750150463853,1.6508136824498745,1.5859194618085772,1.6109660863876343,2279644,0.0,0.0
2002-02-08 00:00:00-05:00,1.6280442755247575,1.646260189548131,1.599581781036361,1.6382899284362793,4575234,0.0,0.0
2002-02-11 00:00:00-05:00,1.614382127993343,1.6906616687774658,1.6121049837203645,1.6906616687774658,1809591,0.0,0.0
2002-02-12 00:00:00-05:00,1.696353454914859,1.696353454914859,1.6576444826325092,1.6735831499099731,1242338,0.0,0.0
2002-02-13 00:00:00-05:00,1.6940764406552022,1.747585563905512,1.6758605250544547,1.7316468954086304,1016044,0.0,0.0
2002-02-14 00:00:00-05:00,1.7532784445644731,1.7692173189027578,1.6792762629785614,1.696353554725647,864169,0.0,0.0
2002-02-15 00:00:00-05:00,1.696353770250061,1.7305084611451464,1.696353770250061,1.7145696878433228,296916,0.0,0.0
2002-02-19 00:00:00-05:00,1.7248160947012163,1.729369661389821,1.6690297239249399,1.7111537456512451,663694,0.0,0.0
2002-02-20 00:00:00-05:00,1.7077386738079094,1.7475854454097963,1.6872455124928425,1.7248159646987915,542953,0.0,0.0
2002-02-21 00:00:00-05:00,1.7134308464727326,1.7305082412813253,1.696353554725647,1.696353554725647,520172,0.0,0.0
2002-02-22 00:00:00-05:00,1.6963536077176282,1.7350625834867737,1.6963536077176282,1.7066001892089844,519413,0.0,0.0
2002-02-25 00:00:00-05:00,1.7020458659267217,1.7418935699150164,1.7020458659267217,1.7362004518508911,562697,0.0,0.0
2002-02-26 00:00:00-05:00,1.71115392877568,1.8329732647949426,1.7066003615997614,1.8147573471069336,561938,0.0,0.0
2002-02-27 00:00:00-05:00,1.7931254248149122,1.8170334285189882,1.6974922763219635,1.7100151777267456,1070719,0.0,0.0
2002-02-28 00:00:00-05:00,1.711153700170775,1.7214002813282692,1.700907119013281,1.7077387571334839,1111725,0.0,0.0
2002-03-01 00:00:00-05:00,1.698630907282128,1.7191231433437575,1.698630907282128,1.7168468236923218,747225,0.0,0.0
2002-03-04 00:00:00-05:00,1.7202616601100595,1.7305082412813253,1.6906614676816425,1.696353554725647,1285622,0.0,0.0
2002-03-05 00:00:00-05:00,1.6974921928339255,1.6974921928339255,1.6200741399877745,1.645121693611145,2735269,0.0,0.0
2002-03-06 00:00:00-05:00,1.6508138492833537,1.6792763471603396,1.6462603855429003,1.6792763471603394,860372,0.0,0.0
2002-03-07 00:00:00-05:00,1.6792763494253549,1.7646629156178708,1.6792763494253549,1.719123125076294,1254488,0.0,0.0
2002-03-08 00:00:00-05:00,1.7191231269012546,1.7703558293263435,1.696353643852345,1.7635242938995361,201994,0.0,0.0
2002-03-11 00:00:00-05:00,1.770356079423302,1.8557427608304902,1.7532787843664752,1.8454961776733398,1417753,0.0,0.0
2002-03-12 00:00:00-05:00,1.8420811842066898,1.8785130188028343,1.8136186846015534,1.8728199005126953,1042622,0.0,0.0
2002-03-13 00:00:00-05:00,1.8773744809230855,1.8967279921482718,1.8033721846915625,1.8227267265319824,673566,0.0,0.0
2002-03-14 00:00:00-05:00,1.8341103767751563,1.8682659864425661,1.8033716678739071,1.868265986442566,729000,0.0,0.0
2002-03-15 00:00:00-05:00,1.8534654328496938,1.9559302293569965,1.8386653859404545,1.9422677755355835,1502044,0.0,0.0
2002-03-18 00:00:00-05:00,1.9411287829714208,1.9843923530054217,1.8796503289955135,1.9320218563079834,1897678,0.0,0.0
2002-03-19 00:00:00-05:00,1.9149435151142489,2.02423900134243,1.8580195556650037,1.9809764623641968,1248413,0.0,0.0
2002-03-20 00:00:00-05:00,1.9593450894013174,1.9935007089880419,1.8967279994151787,1.9354370832443237,1037306,0.0,0.0
2002-03-21 00:00:00-05:00,1.935436658699941,1.9570684432983398,1.895589990512116,1.9570684432983398,921122,0.0,0.0
2002-03-22 00:00:00-05:00,1.958207328120795,2.0060233363280866,1.9354369170186236,1.9832539558410645,955294,0.0,0.0
2002-03-25 00:00:00-05:00,1.998054320626602,2.000331568223423,1.9354372260212103,1.9502372741699219,314381,0.0,0.0
2002-03-26 00:00:00-05:00,1.9684527160739662,1.9923617488084988,1.9422674669102438,1.975284457206726,355388,0.0,0.0
2002-03-27 00:00:00-05:00,1.9809765086204936,2.0037458868088582,1.955929883428779,1.958207130432129,440438,0.0,0.0
2002-03-28 00:00:00-05:00,1.97072999790916,1.99805387107738,1.955929953090363,1.9923617839813232,461700,0.0,0.0
2002-04-01 00:00:00-05:00,1.9798377115223238,1.9798377115223238,1.9183592621277545,1.9251899719238281,496631,0.0,0.0
2002-04-02 00:00:00-05:00,1.919498412472995,1.9593450894013174,1.9069745822296722,1.9354370832443237,422972,0.0,0.0
2002-04-03 00:00:00-05:00,1.941129037142463,1.9969154116046204,1.941129037142463,1.9559301137924194,406266,0.0,0.0
2002-04-04 00:00:00-05:00,1.9547918222533645,1.992362286156187,1.8671280935570065,1.9741463661193848,862650,0.0,0.0
2002-04-05 00:00:00-05:00,1.9707295283001516,1.9980533949573138,1.9229135346112445,1.9297442436218262,473091,0.0,0.0
2002-04-08 00:00:00-04:00,1.9251900957750185,1.9912230430249664,1.9251900957750185,1.9809764623641968,605981,0.0,0.0
2002-04-09 00:00:00-04:00,1.9752846467748524,1.9991926511887734,1.9695915286178505,1.998054027557373,795825,0.0,0.0
2002-04-10 00:00:00-04:00,1.992361720353399,1.9980538072676737,1.9593447305284684,1.9912230968475342,1107928,0.0,0.0
2002-04-11 00:00:00-04:00,1.982115332224441,1.9980540016268713,1.9377141642518705,1.9832539558410645,486759,0.0,0.0
2002-04-12 00:00:00-04:00,1.9798381106852916,1.998054027557373,1.927467607331848,1.998054027557373,637116,0.0,0.0
2002-04-15 00:00:00-04:00,2.0026081432819303,2.0026081432819303,1.961621822764886,1.9855308532714844,196678,0.0,0.0
2002-04-16 00:00:00-04:00,1.9798381947025576,2.0481473705640796,1.9798381947025576,2.0253779888153076,1025156,0.0,0.0
2002-04-17 00:00:00-04:00,2.0265170532815766,2.0424557270340493,1.996915923015963,2.00602388381958,472331,0.0,0.0
2002-04-18 00:00:00-04:00,2.0128537469235988,2.054978691989444,1.9957764564539298,2.0379014015197754,1685053,0.0,0.0
2002-04-19 00:00:00-04:00,2.0549786846229634,2.0754708147441105,2.0379013942145114,2.0663628578186035,1373709,0.0,0.0
2002-04-22 00:00:00-04:00,2.0720561509668065,2.2098133154967514,2.0675016568098417,2.1881823539733887,3490088,0.0,0.0
2002-04-23 00:00:00-04:00,2.1881818601487693,2.192735322663039,2.132395503006178,2.1836273670196533,337163,0.0,0.0
2002-04-24 00:00:00-04:00,2.1631359885105925,2.2530769527934824,2.1631359885105925,2.2029826641082764,662934,0.0,0.0
2002-04-25 00:00:00-04:00,2.207536726950246,2.276984512702326,2.1631355653332602,2.210951566696167,616613,0.0,0.0
2002-04-26 00:00:00-04:00,2.1984292464771156,2.2200600049400636,2.158581539422131,2.166550874710083,312863,0.0,0.0
2002-04-29 00:00:00-04:00,2.202982195689565,2.202982195689565,2.0982412071150036,2.163135528564453,713053,0.0,0.0
2002-04-30 00:00:00-04:00,2.180213150644491,2.2428302347547473,2.1517506523007124,2.223475694656372,1210444,0.0,0.0
2002-05-01 00:00:00-04:00,2.2416912699953744,2.2416912699953744,2.151750324836571,2.163135528564453,1982728,0.0,0.0
2002-05-02 00:00:00-04:00,2.1631359870860667,2.2644613329587777,2.157442868707859,2.2473838329315186,1858950,0.0,0.0
2002-05-03 00:00:00-04:00,2.253076951309726,2.305447456698024,2.197290574894504,2.2473838329315186,1385100,0.0,0.0
2002-05-06 00:00:00-04:00,2.237137144346313,2.247383519258732,2.111902779994799,2.168827772140503,1615950,0.0,0.0
2002-05-07 00:00:00-04:00,2.1915977103974376,2.195013375375754,2.151750827834633,2.166550874710083,1365356,0.0,0.0
2002-05-08 00:00:00-04:00,2.1779360336390026,2.24852245660716,2.1779360336390026,2.2473838329315186,1154250,0.0,0.0
2002-05-09 00:00:00-04:00,2.242830260855956,2.2485223483448977,2.220059849669884,2.2382757663726807,1357763,0.0,0.0
2002-05-10 00:00:00-04:00,2.2371369823812244,2.2371369823812244,2.130118540815093,2.163135528564453,739631,0.0,0.0
2002-05-13 00:00:00-04:00,2.169966238555189,2.1915971980846796,2.130118540815093,2.163135528564453,432844,0.0,0.0
2002-05-14 00:00:00-04:00,2.166551165391224,2.1927364221692027,2.1380888670298774,2.190460205078125,904416,0.0,0.0
2002-05-15 00:00:00-04:00,2.1859048207706366,2.202982110393764,2.1631354448114486,2.1824891567230225,925678,0.0,0.0
2002-05-16 00:00:00-04:00,2.19501341472334,2.214367956747553,2.116457653520867,2.1528894901275635,741150,0.0,0.0
2002-05-17 00:00:00-04:00,2.1471961151811283,2.185905194608287,2.1369505641469937,2.159719944000244,876319,0.0,0.0
2002-05-20 00:00:00-04:00,2.16313613032378,2.16313613032378,2.029932610681334,2.060671329498291,994022,0.0,0.0
2002-05-21 00:00:00-04:00,2.054978852114007,2.060670939175761,1.906974282357656,1.9456833600997925,1176272,0.0,0.0
2002-05-22 00:00:00-04:00,1.9183596929935118,1.9411290742994365,1.878513018054347,1.9172210693359375,1088184,0.0,0.0
2002-05-23 00:00:00-04:00,1.9172208751149473,1.9923617839813232,1.9172208751149473,1.9923617839813232,680400,0.0,0.0
2002-05-24 00:00:00-04:00,1.999192273033854,2.0014695198659047,1.984392229855459,1.9855308532714844,246797,0.0,0.0
2002-05-28 00:00:00-04:00,1.9843919769361507,1.9923613092176353,1.9160817949858269,1.9297442436218262,445753,0.0,0.0
2002-05-29 00:00:00-04:00,1.9354368020959225,1.9468220069709756,1.9058356816668198,1.9160822629928589,354628,0.0,0.0
2002-05-30 00:00:00-04:00,1.9058356547933122,1.9069742783262709,1.7976796110351678,1.9012821912765503,1439775,0.0,0.0
2002-05-31 00:00:00-04:00,1.901282114012514,1.9980537736156092,1.901282114012514,1.9320218563079834,1087425,0.0,0.0
2002-06-03 00:00:00-04:00,1.9320222468544606,1.9354370873897808,1.8728199972695243,1.9240518808364868,1792884,0.0,0.0
2002-06-04 00:00:00-04:00,1.9012820260653578,1.9069741126204665,1.8557422417795364,1.893312692642212,1622025,0.0,0.0
2002-06-05 00:00:00-04:00,1.8898972763236241,1.9582074844690496,1.8898972763236241,1.944545030593872,1372191,0.0,0.0
2002-06-06 00:00:00-04:00,1.9354366050987848,1.975284302798055,1.9194979382650699,1.9468218088150024,1207406,0.0,0.0
2002-06-07 00:00:00-04:00,1.9297448209055428,1.9798380761216674,1.9081130335169036,1.9365755319595337,1085906,0.0,0.0
2002-06-10 00:00:00-04:00,1.9468217082162644,2.0265160688817496,1.9297444188318698,1.9935001134872437,794306,0.0,0.0
2002-06-11 00:00:00-04:00,2.0014694202275756,2.026516042288346,1.9764227981668052,2.0094387531280518,940106,0.0,0.0
2002-06-12 00:00:00-04:00,1.9980538358040685,2.0208242450164744,1.9695913395960927,1.975284457206726,1246134,0.0,0.0
2002-06-13 00:00:00-04:00,1.9673150777816772,1.9900844558537385,1.944544669094576,1.9673150777816772,884672,0.0,0.0
2002-06-14 00:00:00-04:00,1.9638990718731555,1.9923615654618767,1.9058354612783681,1.9627604484558105,347034,0.0,0.0
2002-06-17 00:00:00-04:00,1.9638996474279948,2.1289807157614904,1.9525144405328803,2.060671329498291,781397,0.0,0.0
2002-06-18 00:00:00-04:00,2.0470100879815467,2.0823033049451554,2.015131711959839,2.015131711959839,232369,0.0,0.0
2002-06-19 00:00:00-04:00,2.049285388392526,2.049285388392526,1.958206857708713,1.9718682765960693,514856,0.0,0.0
2002-06-20 00:00:00-04:00,1.9627611984406363,2.0606715129798765,1.9582077336463137,2.015131711959839,201234,0.0,0.0
2002-06-21 00:00:00-04:00,2.0162697200817625,2.049285679258082,1.9923617183280538,2.002608299255371,604463,0.0,0.0
2002-06-24 00:00:00-04:00,2.001469880278203,2.049285888671875,1.9878074274406157,2.049285888671875,1000856,0.0,0.0
2002-06-25 00:00:00-04:00,2.0492854840762633,2.139226426231338,2.0401775275211302,2.106210470199585,738872,0.0,0.0
2002-06-26 00:00:00-04:00,2.03220882756814,2.094825919568364,2.026516739428218,2.060671329498291,924919,0.0,0.0
2002-06-27 00:00:00-04:00,2.07319519879375,2.143781627751872,2.0675020799324244,2.113041877746582,854297,0.0,0.0
2002-06-28 00:00:00-04:00,2.122149534352447,2.276984824816377,2.0914108193506897,2.2564916610717773,1540013,0.0,0.0
2002-07-01 00:00:00-04:00,2.2530767469796364,2.2530767469796364,2.043593713809127,2.1335346698760986,951497,0.0,0.0
2002-07-02 00:00:00-04:00,2.1016573936275145,2.1016573936275145,2.0322085679918374,2.0902721881866455,419934,0.0,0.0
2002-07-03 00:00:00-04:00,2.0492857138631506,2.066363005492038,1.9650378792426486,2.050424337387085,591553,0.0,0.0
2002-07-05 00:00:00-04:00,2.044732104254894,2.0663628578186035,1.9809764057763435,2.0663628578186035,282488,0.0,0.0
2002-07-08 00:00:00-04:00,2.0492859675976693,2.058393926301792,1.9980540863676777,2.054979085922241,835313,0.0,0.0
2002-07-09 00:00:00-04:00,2.0595321833945928,2.062948053781352,2.027654848911545,2.052701473236084,252872,0.0,0.0
2002-07-10 00:00:00-04:00,2.0379019727583,2.0527020204832405,1.912667787133358,1.9513758420944214,2866641,0.0,0.0
2002-07-11 00:00:00-04:00,1.9354369354222265,1.9855312219542487,1.9297448479001336,1.9764232635498047,1125394,0.0,0.0
2002-07-12 00:00:00-04:00,1.9866689713789962,2.013992848743565,1.930883623548003,1.9821155071258545,910491,0.0,0.0
2002-07-15 00:00:00-04:00,1.9923619279313192,2.0151313085757376,1.918359637260437,1.918359637260437,1187663,0.0,0.0
2002-07-16 00:00:00-04:00,1.9183597887585804,1.9980541732304626,1.9069745822296722,1.9354370832443237,620409,0.0,0.0
2002-07-17 00:00:00-04:00,1.9900844046542887,1.9991923617717984,1.8898968763616835,1.934298038482666,572569,0.0,0.0
2002-07-18 00:00:00-04:00,1.9422671846470103,1.9695910533619725,1.8955898107136664,1.9138057231903076,104034,0.0,0.0
2002-07-19 00:00:00-04:00,1.906974774583414,1.906974774583414,1.878513301313133,1.8807895183563232,256669,0.0,0.0
2002-07-22 00:00:00-04:00,1.8728199159595962,1.9354370033612833,1.8694050755725338,1.8773744106292725,489038,0.0,0.0
2002-07-23 00:00:00-04:00,1.8955900629858298,1.949099184180292,1.8705424070358276,1.8705424070358276,810253,0.0,0.0
2002-07-24 00:00:00-04:00,1.8705421552306558,2.0037456285313806,1.8500500266870221,1.9957762956619263,735834,0.0,0.0
2002-07-25 00:00:00-04:00,1.99577673679235,2.085717695560901,1.942267610973852,2.0344858169555664,933272,0.0,0.0
2002-07-26 00:00:00-04:00,2.036763068390118,2.0936870345312015,2.0299323573516106,2.0675017833709717,319697,0.0,0.0
2002-07-29 00:00:00-04:00,2.067502040941222,2.2189216854599842,2.067502040941222,2.2007057666778564,992503,0.0,0.0
2002-07-30 00:00:00-04:00,2.1745196290556112,2.1745196290556112,2.060670687423918,2.106210470199585,934031,0.0,0.0
2002-07-31 00:00:00-04:00,2.0948252095771585,2.1084876593437873,1.8785125355756462,1.9775604009628296,559659,0.0,0.0
2002-08-01 00:00:00-04:00,1.9342984636729275,1.9377143348234875,1.8967280034777256,1.9240518808364868,189084,0.0,0.0
2002-08-02 00:00:00-04:00,1.8990047821610232,1.9217751896469626,1.8284183740615843,1.8284183740615845,1241578,0.0,0.0
2002-08-05 00:00:00-04:00,1.7578322884972792,1.8978665069544822,1.7555550412078484,1.8022334575653076,392597,0.0,0.0
2002-08-06 00:00:00-04:00,1.827280122338806,1.9092517508562283,1.8033721171685893,1.8773744106292725,1009209,0.0,0.0
2002-08-07 00:00:00-04:00,1.8785129224793733,1.9001436790271944,1.8045106334236303,1.8990050554275513,132891,0.0,0.0
2002-08-08 00:00:00-04:00,1.8990047513892663,1.9627604484558103,1.8853433316110624,1.9627604484558105,132131,0.0,0.0
2002-08-09 00:00:00-04:00,1.9627610324694984,1.9627610324694984,1.9342985304118447,1.9388530254364014,69103,0.0,0.0
2002-08-12 00:00:00-04:00,1.9638993395211224,2.026516421704025,1.9388527127709831,2.0219619274139404,119222,0.0,0.0
2002-08-13 00:00:00-04:00,2.0367626979244955,2.0413161609168933,1.925189971923828,1.9251899719238281,258188,0.0,0.0
2002-08-14 00:00:00-04:00,1.9650381534681096,1.9764233596812204,1.8910358590057026,1.9695916175842285,219459,0.0,0.0
2002-08-15 00:00:00-04:00,1.9695910970040738,2.083441067813221,1.935436518007304,2.0572547912597656,249075,0.0,0.0
2002-08-16 00:00:00-04:00,2.0891335929484214,2.098241551301762,2.0265165080961003,2.049285888671875,86569,0.0,0.0
2002-08-19 00:00:00-04:00,2.06636277379027,2.140365049627598,2.0481468606800033,2.106210470199585,382725,0.0,0.0
2002-08-20 00:00:00-04:00,2.0959646650328536,2.1415044646425536,2.093687417398536,2.1073498725891113,182250,0.0,0.0
2002-08-21 00:00:00-04:00,2.119872486866365,2.1437813152450187,2.11190294611449,2.1346733570098877,235406,0.0,0.0
2002-08-22 00:00:00-04:00,2.117596065965156,2.1289804469305236,2.073194898357639,2.0788869857788086,110869,0.0,0.0
2002-08-23 00:00:00-04:00,2.072055946556813,2.119872152920381,2.0435934527288664,2.051562786102295,258188,0.0,0.0
2002-08-26 00:00:00-04:00,2.133535083372523,2.134673707165578,2.074333860440821,2.1323964595794678,886950,0.0,0.0
2002-08-27 00:00:00-04:00,2.1403650201587614,2.1403650201587614,2.0914103984832764,2.0914103984832764,145800,0.0,0.0
2002-08-28 00:00:00-04:00,2.084578970050824,2.133534629664965,2.083441377114993,2.102794885635376,501947,0.0,0.0
2002-08-29 00:00:00-04:00,2.0834410941192263,2.106210470199585,2.0618093108201783,2.106210470199585,407784,0.0,0.0
2002-08-30 00:00:00-04:00,2.1062110772080493,2.1346735784725817,2.0492860746789843,2.064087152481079,560419,0.0,0.0
2002-09-03 00:00:00-04:00,2.098241615596762,2.130118955502672,2.0492859514667594,2.0948257446289062,776841,0.0,0.0
2002-09-04 00:00:00-04:00,2.106210470199585,2.128980052402934,2.094825266851931,2.106210470199585,509541,0.0,0.0
2002-09-05 00:00:00-04:00,2.093686764802147,2.097102635188906,2.049285602849325,2.052701473236084,211866,0.0,0.0
2002-09-06 00:00:00-04:00,2.0663633058003135,2.0823030068368764,2.0265166297469426,2.06294846534729,318178,0.0,0.0
2002-09-09 00:00:00-04:00,2.076610000782289,2.076610000782289,2.0413167869611777,2.060671329498291,566494,0.0,0.0
2002-09-10 00:00:00-04:00,2.0652260504725777,2.0663636437328172,1.9331601095156858,1.941129446029663,687994,0.0,0.0
2002-09-11 00:00:00-04:00,1.975284719840038,1.975284719840038,1.8990051786359539,1.9126676321029663,415378,0.0,0.0
2002-09-12 00:00:00-04:00,1.9126673959910647,1.9149436124419088,1.8842048995123155,1.9012821912765503,375891,0.0,0.0
2002-09-13 00:00:00-04:00,1.8830665760726788,1.9411291712011591,1.878513111830258,1.9354370832443237,542194,0.0,0.0
2002-09-16 00:00:00-04:00,1.9251899171505542,1.9331592501217312,1.8432183100849715,1.9149433374404907,222497,0.0,0.0
2002-09-17 00:00:00-04:00,1.924051607741726,1.930883349073167,1.8853435599390278,1.9069743156433105,87328,0.0,0.0
2002-09-18 00:00:00-04:00,1.8842047205447456,1.9206365476787257,1.8227262699098983,1.8352490663528442,164025,0.0,0.0
2002-09-19 00:00:00-04:00,1.8147573487943436,1.8170335655460548,1.7077389868700643,1.745308518409729,761653,0.0,0.0
2002-09-20 00:00:00-04:00,1.7806014083182424,1.7840172787512543,1.6952149536431769,1.776047945022583,753300,0.0,0.0
2002-09-23 00:00:00-04:00,1.6963537415345662,1.7760482250637561,1.6963537415345662,1.7510015964508057,437400,0.0,0.0
2002-09-24 00:00:00-04:00,1.7362002412775346,1.7760479404329401,1.7100149932038473,1.7248159646987915,617372,0.0,0.0
2002-09-25 00:00:00-04:00,1.7248161523846886,1.758970840944498,1.7077388596355405,1.7544163465499878,239203,0.0,0.0
2002-09-26 00:00:00-04:00,1.7544158829969654,1.8045101550249703,1.7430317112488893,1.7988170385360718,320456,0.0,0.0
2002-09-27 00:00:00-04:00,1.7919866931835897,1.7988174037422173,1.6451216753437774,1.6519523859024048,989466,0.0,0.0
2002-09-30 00:00:00-04:00,1.6041354096057605,1.6519523403667231,1.5289954312404275,1.6394286155700684,1898438,0.0,0.0
2002-10-01 00:00:00-04:00,1.6508139035774243,1.6667526761774236,1.6166593172477712,1.6337366104125977,738113,0.0,0.0
2002-10-02 00:00:00-04:00,1.6325979532926256,1.633736576895609,1.5995819912666558,1.612104892730713,527006,0.0,0.0
2002-10-03 00:00:00-04:00,1.6121048124881565,1.6394286857543001,1.564288704172211,1.5916125774383545,323494,0.0,0.0
2002-10-04 00:00:00-04:00,1.6018590372677721,1.6018590372677721,1.5768115868900567,1.5984432697296143,398672,0.0,0.0
2002-10-07 00:00:00-04:00,1.5813658694517154,1.5927509703261318,1.5494876076156496,1.5847808122634888,457903,0.0,0.0
2002-10-08 00:00:00-04:00,1.5881964250369263,1.6508134946693689,1.5517646004787848,1.637152075767517,412341,0.0,0.0
2002-10-09 00:00:00-04:00,1.6382901433048584,1.6838299343360257,1.6052740782264248,1.6166592836380005,362222,0.0,0.0
2002-10-10 00:00:00-04:00,1.60413536798842,1.622351282246766,1.5699806833462733,1.5825045108795166,405506,0.0,0.0
2002-10-11 00:00:00-04:00,1.5722580519095526,1.642844467467336,1.5722580519095526,1.6269057989120483,868725,0.0,0.0
2002-10-14 00:00:00-04:00,1.596165931265769,1.605273888394942,1.547211305830848,1.5825045108795166,561938,0.0,0.0
2002-10-15 00:00:00-04:00,1.5790890555462587,1.6485369634917755,1.5654276315690383,1.6280447244644165,517894,0.0,0.0
2002-10-16 00:00:00-04:00,1.6200742690935934,1.6758606433868408,1.6200742690935934,1.6758606433868408,117703,0.0,0.0
2002-10-17 00:00:00-04:00,1.6769991494291123,1.7897094831296017,1.640567318209744,1.7874332666397095,246797,0.0,0.0
2002-10-18 00:00:00-04:00,1.7532781918957705,1.884204626083374,1.7532781918957705,1.884204626083374,912769,0.0,0.0
2002-10-21 00:00:00-04:00,1.8614346580734644,1.9354369494737333,1.8500504829466278,1.9115289449691772,383484,0.0,0.0
2002-10-22 00:00:00-04:00,1.9103903013685977,1.9172210124963471,1.822726588486203,1.8295572996139526,337922,0.0,0.0
2002-10-23 00:00:00-04:00,1.8375271318308695,1.9183601554690706,1.8375271318308695,1.9046987295150757,369816,0.0,0.0
2002-10-24 00:00:00-04:00,1.9046983654160805,1.962760960544561,1.8955904063160016,1.9354370832443237,228572,0.0,0.0
2002-10-25 00:00:00-04:00,1.9206368535991634,1.9297448118333806,1.8842050206622944,1.889897108078003,415378,0.0,0.0
2002-10-28 00:00:00-05:00,1.8830670608730715,1.9024216077705214,1.8785135954583496,1.8796511888504028,1161084,0.0,0.0
2002-10-29 00:00:00-05:00,1.924051857517184,1.9468222703477969,1.912667681717105,1.9422677755355835,1057050,0.0,0.0
2002-10-30 00:00:00-05:00,1.941128942791613,1.941128942791613,1.8898970653627556,1.9263288974761963,653822,0.0,0.0
2002-10-31 00:00:00-05:00,1.9263288212287244,1.9638992754354951,1.9183594870962388,1.9456833600997925,141244,0.0,0.0
2002-11-01 00:00:00-05:00,1.928606371573074,1.9582074963021403,1.9240518767154158,1.9354370832443237,261225,0.0,0.0
2002-11-04 00:00:00-05:00,1.9342984595299093,1.9411291712011591,1.9240518767154158,1.9354370832443237,464738,0.0,0.0
2002-11-05 00:00:00-05:00,1.9411287929943934,1.9547912442901583,1.9092514576626702,1.922913908958435,133650,0.0,0.0
2002-11-06 00:00:00-05:00,1.918359157146344,1.9308829832662462,1.8580193344556846,1.8762352466583252,213384,0.0,0.0
2002-11-07 00:00:00-05:00,1.8580200796195088,1.8728201277391654,1.8318348241534101,1.8489121198654175,864169,0.0,0.0
2002-11-08 00:00:00-05:00,1.839804020952298,1.850050603727534,1.8181722316917737,1.8227267265319824,129094,0.0,0.0
2002-11-11 00:00:00-05:00,1.8215877391328843,1.8466343639076483,1.7931252439099592,1.8090639114379883,58472,0.0,0.0
2002-11-12 00:00:00-05:00,1.7965410403192514,1.8432184174969553,1.795402416883456,1.8284183740615845,92644,0.0,0.0
2002-11-13 00:00:00-05:00,1.838664798913517,1.8819273327410633,1.8295568428121969,1.8762352466583252,387281,0.0,0.0
2002-11-14 00:00:00-05:00,1.8796505564882544,1.9206368845094257,1.8648505106001403,1.918359637260437,217941,0.0,0.0
2002-11-15 00:00:00-05:00,1.9092513579819725,1.9502366484993796,1.9058354876826122,1.9468218088150024,224016,0.0,0.0
2002-11-18 00:00:00-05:00,1.947960331590548,1.9935001134872437,1.935436505088358,1.9935001134872437,803419,0.0,0.0
2002-11-19 00:00:00-05:00,1.955930234404278,1.992362070535089,1.9547916106982866,1.9889461994171143,469294,0.0,0.0
2002-11-20 00:00:00-05:00,2.011716015614166,2.0128536083675077,1.904697786376246,1.9490989446640015,1146656,0.0,0.0
2002-11-21 00:00:00-05:00,1.963899242493587,1.9855310280725413,1.9479605744959672,1.9843924045562744,79734,0.0,0.0
2002-11-22 00:00:00-05:00,1.9786993320896724,1.9923617839813232,1.9502368353792245,1.9923617839813232,121500,0.0,0.0
2002-11-25 00:00:00-05:00,1.9923617839813232,2.003745958173437,1.9627606637286477,1.9923617839813232,386522,0.0,0.0
2002-11-26 00:00:00-05:00,1.992362070535089,1.992362070535089,1.9582074818162611,1.9889461994171143,226294,0.0,0.0
2002-11-27 00:00:00-05:00,1.98894591335464,1.993500407523551,1.9638992872708754,1.9923617839813232,223256,0.0,0.0
2002-11-29 00:00:00-05:00,1.9855309881205814,2.0231004103261423,1.963899202976892,2.0208241939544678,297675,0.0,0.0
2002-12-02 00:00:00-05:00,2.0265164391087143,2.146058517253707,2.020824351812331,2.126703977584839,1002375,0.0,0.0
2002-12-03 00:00:00-05:00,2.134673290816381,2.134673290816381,2.078886919529175,2.0891335010528564,755578,0.0,0.0
2002-12-04 00:00:00-05:00,2.077748322151915,2.116457401592685,2.066363116913726,2.103933572769165,363741,0.0,0.0
2002-12-05 00:00:00-05:00,2.1096268639369167,2.1096268639369167,2.068640533959716,2.06977915763855,209588,0.0,0.0
2002-12-06 00:00:00-05:00,2.0834411983239955,2.0857174146154134,2.04473212337488,2.048146963119507,343238,0.0,0.0
2002-12-09 00:00:00-05:00,2.0333472306162115,2.0435938126481057,1.9638994342630094,1.9764232635498047,1381303,0.0,0.0
2002-12-10 00:00:00-05:00,1.9809762431217592,2.043593313016366,1.9559296212868977,2.0390398502349854,294638,0.0,0.0
2002-12-11 00:00:00-05:00,2.035624544849082,2.0697791323357433,2.0037461740770572,2.054979085922241,941625,0.0,0.0
2002-12-12 00:00:00-05:00,2.072056360487701,2.072056360487701,2.0527018195936773,2.061809778213501,201234,0.0,0.0
2002-12-13 00:00:00-05:00,2.052701693776428,2.0561175645301852,2.0037460327148438,2.0037460327148438,388041,0.0,0.0
2002-12-16 00:00:00-05:00,2.003745692528424,2.0344854322480304,1.992361519845558,1.9969149827957153,491316,0.0,0.0
2002-12-17 00:00:00-05:00,2.026517047002815,2.03448638385436,1.9889465799773698,2.017409086227417,583200,0.0,0.0
2002-12-18 00:00:00-05:00,2.032208836567322,2.032208836567322,2.0037463345111313,2.004884958267212,457903,0.0,0.0
2002-12-19 00:00:00-05:00,2.0151312537774806,2.0151312537774806,1.992361873752239,2.008300542831421,117703,0.0,0.0
2002-12-20 00:00:00-05:00,2.0287932073203527,2.041316002539066,1.99236138374796,2.0265159606933594,650025,0.0,0.0
2002-12-23 00:00:00-05:00,2.021962424459004,2.0458714641291253,1.9923623267575015,2.015131711959839,891506,0.0,0.0
2002-12-24 00:00:00-05:00,2.010578072522731,2.031070208240239,2.010578072522731,2.016270160675049,35691,0.0,0.0
2002-12-26 00:00:00-05:00,2.032208915881502,2.042455499470862,1.9946384529256205,2.010578155517578,201234,0.0,0.0
2002-12-27 00:00:00-05:00,1.9991926767525126,2.026516552410026,1.990084718200008,2.0128540992736816,299194,0.0,0.0
2002-12-30 00:00:00-05:00,2.0185469289950126,2.0492856405817834,2.012853811578923,2.0276548862457275,435122,0.0,0.0
2002-12-31 00:00:00-05:00,2.0208239961141645,2.1062104436060887,1.9923615034118778,2.0572547912597656,676603,0.0,0.0
2003-01-02 00:00:00-05:00,2.090272299670304,2.0936871400540964,2.0390404183766733,2.0879950523376465,612816,0.0,0.0
2003-01-03 00:00:00-05:00,2.1050726556463752,2.1141806157011076,2.0618101030402323,2.0777487754821777,306788,0.0,0.0
2003-01-06 00:00:00-05:00,2.0948254388173977,2.1574425164473445,2.090271975473509,2.116457223892212,716091,0.0,0.0
2003-01-07 00:00:00-05:00,2.1016576621713328,2.117596333456064,2.067502041484417,2.0936872959136963,343997,0.0,0.0
2003-01-08 00:00:00-05:00,2.132395639644018,2.1380879319282817,2.0538399036667583,2.0834410190582275,399431,0.0,0.0
2003-01-09 00:00:00-05:00,2.10621124698013,2.1574431350167096,2.0948260394335585,2.1403658390045166,644709,0.0,0.0
2003-01-10 00:00:00-05:00,2.140365276067651,2.1915973567527613,2.136950436132546,2.168827772140503,1216519,0.0,0.0
2003-01-13 00:00:00-05:00,2.19501303765653,2.2029823717183405,2.1494732497211397,2.164273500442505,559659,0.0,0.0
2003-01-14 00:00:00-05:00,2.184766118405868,2.184766118405868,2.1198720079377886,2.1745195388793945,392597,0.0,0.0
2003-01-15 00:00:00-05:00,2.154027654731343,2.1745197854934117,2.114179955455332,2.1460583209991455,422213,0.0,0.0
2003-01-16 00:00:00-05:00,2.126704243897686,2.149473626549594,2.0891337834375543,2.0971031188964844,631041,0.0,0.0
2003-01-17 00:00:00-05:00,2.077748061629235,2.1130412658887017,2.0652252649910325,2.0663628578186035,208828,0.0,0.0
2003-01-21 00:00:00-05:00,2.0606710444430916,2.0663631317956197,1.9775607976514604,2.008300542831421,657619,0.0,0.0
2003-01-22 00:00:00-05:00,2.007162048633271,2.0435938835144043,2.0014699609137914,2.0435938835144043,202753,0.0,0.0
2003-01-23 00:00:00-05:00,2.0424549740481814,2.0675015993704053,2.0356242636175836,2.0470094680786133,397153,0.0,0.0
2003-01-24 00:00:00-05:00,2.0310695062776345,2.062947868512769,1.9809762621273153,1.986668348312378,394116,0.0,0.0
2003-01-27 00:00:00-05:00,1.9798379228963767,1.9923617510387255,1.9286060480337104,1.9638992547988892,139725,0.0,0.0
2003-01-28 00:00:00-05:00,1.9718685564734189,2.009439009668567,1.9342981032782707,2.002608299255371,516375,0.0,0.0
2003-01-29 00:00:00-05:00,1.986668267180477,2.0333466699594642,1.986668267180477,2.0265159606933594,976556,0.0,0.0
2003-01-30 00:00:00-05:00,2.0265165264968954,2.0265165264968954,1.9593449465504094,1.998054027557373,281728,0.0,0.0
2003-01-31 00:00:00-05:00,1.9969150285162884,1.9969150285162884,1.9229137819235758,1.9627604484558105,213384,0.0,0.0
2003-02-03 00:00:00-05:00,1.899004833479193,1.9411287486670448,1.8944513702279449,1.934298038482666,820884,0.0,0.0
2003-02-04 00:00:00-05:00,1.9342983067730453,1.9342983067730453,1.9012823441233344,1.918359637260437,264263,0.0,0.0
2003-02-05 00:00:00-05:00,1.9081126905555301,1.9149434003817791,1.838664907656254,1.8739581108093262,754819,0.0,0.0
2003-02-06 00:00:00-05:00,1.8716812322578709,1.8887585254910124,1.8454959805927096,1.8648505210876465,1147416,0.0,0.0
2003-02-07 00:00:00-05:00,1.8602972756795642,1.8625734925935495,1.7783256401634473,1.83866548538208,473850,0.0,0.0
2003-02-10 00:00:00-05:00,1.801094646740377,1.8591582628955075,1.801094646740377,1.8238650560379028,546750,0.0,0.0
2003-02-11 00:00:00-05:00,1.8329728959285043,1.8762354340775942,1.7362002085509334,1.843218445777893,889988,0.0,0.0
2003-02-12 00:00:00-05:00,1.8215876920108487,1.8466343161376901,1.810202488093193,1.843218445777893,328050,0.0,0.0
2003-02-13 00:00:00-05:00,1.8386649825798316,1.8454956926844244,1.7828786170598203,1.843218445777893,255909,0.0,0.0
2003-02-14 00:00:00-05:00,1.8363880882935593,1.872819923333638,1.8227266654611292,1.8546040058135986,132891,0.0,0.0
2003-02-18 00:00:00-05:00,1.8409428715798586,1.8955906327069305,1.832973535242414,1.8785133361816406,181491,0.0,0.0
2003-02-19 00:00:00-05:00,1.872819552491808,1.8955899601906296,1.835249101219249,1.8637115955352783,163266,0.0,0.0
2003-02-20 00:00:00-05:00,1.8694054507395528,1.878513411291568,1.8136190635315335,1.8568816184997559,265781,0.0,0.0
2003-02-21 00:00:00-05:00,1.8602971379761248,1.9172211076872128,1.8489119317878246,1.903559684753418,273375,0.0,0.0
2003-02-24 00:00:00-05:00,1.9058356547933122,1.93543677480502,1.8990049442106327,1.9012821912765503,287803,0.0,0.0
2003-02-25 00:00:00-05:00,1.9092514571915857,1.978699245300731,1.8819275852218347,1.9536526203155518,305269,0.0,0.0
2003-02-26 00:00:00-05:00,1.9684529777989317,1.9684529777989317,1.8955903382306012,1.9126676321029663,416138,0.0,0.0
2003-02-27 00:00:00-05:00,1.9138063245161596,2.0196859625738646,1.8898972877439286,1.9354370832443237,340959,0.0,0.0
2003-02-28 00:00:00-05:00,1.9240511272673113,1.9354363293615047,1.8842044658598889,1.9297442436218262,201994,0.0,0.0
2003-03-03 00:00:00-05:00,1.9103898993879895,1.935436521996246,1.906974029235298,1.9217751026153564,181491,0.0,0.0
2003-03-04 00:00:00-05:00,1.9354363293615047,1.9354363293615047,1.9069738394334395,1.9297442436218262,397153,0.0,0.0
2003-03-05 00:00:00-05:00,1.9240519472218673,1.9399916491925406,1.9240519472218673,1.9388530254364014,179213,0.0,0.0
2003-03-06 00:00:00-05:00,1.9251899421531096,1.9434058550709212,1.883066030011272,1.9217751026153564,572569,0.0,0.0
2003-03-07 00:00:00-05:00,1.9217756792131742,1.93657572641881,1.8978666422006885,1.928606390953064,238444,0.0,0.0
2003-03-10 00:00:00-05:00,1.9183595015630428,1.9251902122116744,1.8785128306001226,1.8944514989852905,230091,0.0,0.0
2003-03-11 00:00:00-05:00,1.9035591649759094,1.9752841923314284,1.893312585265846,1.9149433374404907,149597,0.0,0.0
2003-03-12 00:00:00-05:00,1.9024209371307288,1.9263289410148718,1.8807891498437856,1.889897108078003,123019,0.0,0.0
2003-03-13 00:00:00-05:00,1.8773740271100974,1.9012820273962705,1.8716809099360197,1.881927490234375,331847,0.0,0.0
2003-03-14 00:00:00-05:00,1.8933128356429763,1.8933128356429763,1.819310551762296,1.8329730033874512,754059,0.0,0.0
2003-03-17 00:00:00-05:00,1.821588221098375,1.8557428121566772,1.7931257183446898,1.8557428121566772,942384,0.0,0.0
2003-03-18 00:00:00-05:00,1.8432182675995383,1.8602965871326127,1.8033716036621024,1.8136181831359863,1088184,0.0,0.0
2003-03-19 00:00:00-05:00,1.8136185293345097,1.8261413272703444,1.7066001789626402,1.7111537456512451,2044238,0.0,0.0
2003-03-20 00:00:00-05:00,1.7100151478263204,1.741893516156145,1.6883842886341447,1.735062599182129,1740488,0.0,0.0
2003-03-21 00:00:00-05:00,1.7430321717939774,1.781740221071651,1.7202617610516915,1.7544163465499878,1111725,0.0,0.0
2003-03-24 00:00:00-05:00,1.7510010437184869,1.8090636176012287,1.7248156966526489,1.7988170385360718,349313,0.0,0.0
2003-03-25 00:00:00-05:00,1.8102028540605022,1.8102028540605022,1.7373391832407161,1.745308518409729,963647,0.0,0.0
2003-03-26 00:00:00-05:00,1.739616149057152,1.8329729698393467,1.7373389020587955,1.804510474205017,631800,0.0,0.0
2003-03-27 00:00:00-05:00,1.8022332272066603,1.860296841974498,1.7897093993307416,1.804510474205017,621169,0.0,0.0
2003-03-28 00:00:00-05:00,1.8136188736011214,1.830696169020813,1.7760484114316826,1.815895915031433,300713,0.0,0.0
2003-03-31 00:00:00-05:00,1.8227266448115615,1.826141485173383,1.7373391459230272,1.784017562866211,335644,0.0,0.0
2003-04-01 00:00:00-05:00,1.8010948745612487,1.8215880393981934,1.7384777869952048,1.8215880393981934,618131,0.0,0.0
2003-04-02 00:00:00-05:00,1.8295571295095754,1.9035594132560556,1.8295571295095754,1.8750969171524048,608259,0.0,0.0
2003-04-03 00:00:00-05:00,1.8785129224793733,1.9024209262264808,1.872819804481157,1.8990050554275513,442716,0.0,0.0
2003-04-04 00:00:00-05:00,1.9069742252990072,1.9263287635909674,1.8329729732501012,1.8602968454360962,602184,0.0,0.0
2003-04-07 00:00:00-04:00,1.8785129634789162,1.9650380527889237,1.867127757849129,1.918359637260437,632559,0.0,0.0
2003-04-08 00:00:00-04:00,1.9468219836351583,1.9878072778329512,1.9172208635608732,1.9456833600997925,1016044,0.0,0.0
2003-04-09 00:00:00-04:00,1.933159839956074,1.9547916293458085,1.901282498345139,1.9240518808364868,375131,0.0,0.0
2003-04-10 00:00:00-04:00,1.9240515361379122,2.01171627109311,1.9240515361379122,1.970729947090149,596869,0.0,0.0
2003-04-11 00:00:00-04:00,1.9718684970983924,1.993500281806379,1.9547912062720945,1.9786992073059082,1009969,0.0,0.0
2003-04-14 00:00:00-04:00,2.0276549245137874,2.045870839359008,1.9912230948233465,2.002608299255371,435122,0.0,0.0
2003-04-15 00:00:00-04:00,1.9832541987475052,2.0208246602370656,1.9832541987475052,2.004884958267212,511059,0.0,0.0
2003-04-16 00:00:00-04:00,2.0060232052578924,2.0151311629806328,1.9923617839813232,1.9923617839813232,895303,0.0,0.0
2003-04-17 00:00:00-04:00,2.0185474081820853,2.0322088319937572,1.9923621536969869,2.016270160675049,285525,0.0,0.0
2003-04-21 00:00:00-04:00,2.0208239561065535,2.0208239561065535,1.9980535501495504,2.0094387531280518,287803,0.0,0.0
2003-04-22 00:00:00-04:00,2.020824228244105,2.0709174791115346,2.000331066246041,2.0686402320861816,766209,0.0,0.0
2003-04-23 00:00:00-04:00,2.056117585381419,2.0720562544970136,2.035624421881294,2.041316509246826,662175,0.0,0.0
2003-04-24 00:00:00-04:00,2.0390402850711244,2.0390402850711244,2.0117164107111587,2.019685745239258,250594,0.0,0.0
2003-04-25 00:00:00-04:00,2.0174080572454267,2.0174080572454267,1.9331592053903905,1.9718682765960693,681159,0.0,0.0
2003-04-28 00:00:00-04:00,1.9775606596776374,2.015131113182378,1.959344744682312,1.959344744682312,1028194,0.0,0.0
2003-04-29 00:00:00-04:00,1.9775608112767835,2.094825644221791,1.9695914766822842,1.9878073930740356,1671384,0.0,0.0
2003-04-30 00:00:00-04:00,1.982115460887824,2.0379018380326936,1.97642337305037,2.018547296524048,682678,0.0,0.0
2003-05-01 00:00:00-04:00,2.037901814900754,2.043593902673598,2.01513140257897,2.0367631912231445,176934,0.0,0.0
2003-05-02 00:00:00-04:00,2.0174089266003294,2.0834418946509765,2.0174089266003294,2.0777487754821777,1262081,0.0,0.0
2003-05-05 00:00:00-04:00,2.082302395702989,2.106210394318265,2.0287932816962435,2.0834410190582275,814050,0.0,0.0
2003-05-06 00:00:00-04:00,2.0834413210571894,2.218921236253064,2.0834413210571894,2.201843738555908,1253728,0.0,0.0
2003-05-07 00:00:00-04:00,2.187043607807851,2.256491394887038,2.187043607807851,2.2416913509368896,760894,0.0,0.0
2003-05-08 00:00:00-04:00,2.246244972550647,2.2485220133299904,2.2109515619013265,2.2359983921051025,602184,0.0,0.0
2003-05-09 00:00:00-04:00,2.239413922076644,2.2997539531891915,2.239413922076644,2.2940616607666016,549028,0.0,0.0
2003-05-12 00:00:00-04:00,2.2325825715838628,2.2712908085407455,2.2291667024155837,2.2439677715301514,375891,0.0,0.0
2003-05-13 00:00:00-04:00,2.23144496278316,2.245106590559521,2.192735883740183,2.23372220993042,400191,0.0,0.0
2003-05-14 00:00:00-04:00,2.210951689183891,2.231444851254754,2.1574425675883506,2.168827772140503,293878,0.0,0.0
2003-05-15 00:00:00-04:00,2.210951614334899,2.210951614334899,2.1312572463979014,2.1460583209991455,143522,0.0,0.0
2003-05-16 00:00:00-04:00,2.1631356989087487,2.1688277859134426,2.1050720828775957,2.117595911026001,218700,0.0,0.0
2003-05-19 00:00:00-04:00,2.1323957702906364,2.2416912517108685,2.106210523360578,2.169966220855713,894544,0.0,0.0
2003-05-20 00:00:00-04:00,2.1824897411733284,2.2291679534738487,2.1745201997997077,2.1915977001190186,369056,0.0,0.0
2003-05-21 00:00:00-04:00,2.181351877447241,2.2200599288600467,2.181351877447241,2.1995677947998047,240722,0.0,0.0
2003-05-22 00:00:00-04:00,2.206398065992425,2.2200594859738962,2.163135528564453,2.163135528564453,1028953,0.0,0.0
2003-05-23 00:00:00-04:00,2.1802128188487844,2.1927356153959696,2.163135528564453,2.163135528564453,507263,0.0,0.0
2003-05-27 00:00:00-04:00,2.159720452887265,2.2086761254989242,2.159720452887265,2.190460205078125,233128,0.0,0.0
2003-05-28 00:00:00-04:00,2.208675734918467,2.208675734918467,2.1244268602169334,2.1619973182678223,1016044,0.0,0.0
2003-05-29 00:00:00-04:00,2.1711046994471745,2.1745195388793945,2.15175016374327,2.1745195388793945,369056,0.0,0.0
2003-05-30 00:00:00-04:00,2.173381492085793,2.2826767787203406,2.151750530488935,2.276984691619873,557381,0.0,0.0
2003-06-02 00:00:00-04:00,2.2769841700180655,2.288369372226009,2.1676887022974403,2.1836273670196533,1117041,0.0,0.0
2003-06-03 00:00:00-04:00,2.174520079465233,2.2553532879311935,2.174520079465233,2.220059871673584,495113,0.0,0.0
2003-06-04 00:00:00-04:00,2.2337223213422637,2.2621848202573114,2.225752986544476,2.231445074081421,580163,0.0,0.0
2003-06-05 00:00:00-04:00,2.247383490668213,2.296339148189129,2.226890534981067,2.2826766967773438,1495209,0.0,0.0
2003-06-06 00:00:00-04:00,2.2815376296373886,2.3339081121353398,2.2485214738124153,2.308861494064331,1492931,0.0,0.0
2003-06-09 00:00:00-04:00,2.305447274403326,2.305447274403326,2.2599074840545654,2.2599074840545654,444234,0.0,0.0
2003-06-10 00:00:00-04:00,2.2655996174196686,2.3156939031291173,2.249660948127402,2.3122780323028564,203513,0.0,0.0
2003-06-11 00:00:00-04:00,2.3168315686763252,2.3168315686763252,2.2564915290740593,2.276984691619873,375891,0.0,0.0
2003-06-12 00:00:00-04:00,2.282677057729761,2.291785016572815,2.2394145108790564,2.2542147636413574,279450,0.0,0.0
2003-06-13 00:00:00-04:00,2.255352883100492,2.2644608399073047,2.213228763226604,2.2280290126800537,354628,0.0,0.0
2003-06-16 00:00:00-04:00,2.2439688150862795,2.26559957136749,2.2200597810187297,2.2599074840545654,716091,0.0,0.0
2003-06-17 00:00:00-04:00,2.2599075763365777,2.2599075763365777,2.1847666615390073,2.220059871673584,476888,0.0,0.0
2003-06-18 00:00:00-04:00,2.2200603593902266,2.298616337849644,2.1972909735915125,2.2576308250427246,765450,0.0,0.0
2003-06-19 00:00:00-04:00,2.261045712609071,2.294061668362979,2.2257525100818065,2.2428297996520996,332606,0.0,0.0
2003-06-20 00:00:00-04:00,2.2519379678903713,2.2519379678903713,2.2132288915630847,2.218921184539795,248316,0.0,0.0
2003-06-23 00:00:00-04:00,2.2200598683923696,2.2451067025391858,2.181351818033853,2.231445074081421,539156,0.0,0.0
2003-06-24 00:00:00-04:00,2.2189212967011747,2.2769847080040693,2.2189212967011747,2.272430419921875,422972,0.0,0.0
2003-06-25 00:00:00-04:00,2.272430833383716,2.29633966495802,2.265599915325106,2.271292209625244,164784,0.0,0.0
2003-06-26 00:00:00-04:00,2.2826766928178874,2.3054471015930176,2.2769846059316268,2.3054471015930176,261984,0.0,0.0
2003-06-27 00:00:00-04:00,2.29633890841306,2.468250633122329,2.29633890841306,2.4124650955200195,1627341,0.0,0.0
2003-06-30 00:00:00-04:00,2.4591434659893854,2.5445307654898297,2.413604493605455,2.458005666732788,1282584,0.0,0.0
2003-07-01 00:00:00-04:00,2.5046830688299027,2.5046830688299027,2.3851418069560864,2.454589605331421,1176272,0.0,0.0
2003-07-02 00:00:00-04:00,2.4534510057825067,2.5046828830178747,2.4249885082244873,2.4249885082244873,1410159,0.0,0.0
2003-07-03 00:00:00-04:00,2.417019067158015,2.4511736504745554,2.379448613263794,2.4136040210723877,633319,0.0,0.0
2003-07-07 00:00:00-04:00,2.362371723161219,2.4750828978795023,2.362371723161219,2.456866979598999,634838,0.0,0.0
2003-07-08 00:00:00-04:00,2.470528543340079,2.5433922145218943,2.470528543340079,2.500129461288452,555103,0.0,0.0
2003-07-09 00:00:00-04:00,2.5160678279425643,2.5194834921946834,2.4477584592372064,2.487605333328247,509541,0.0,0.0
2003-07-10 00:00:00-04:00,2.477359008727589,2.4932985020533494,2.432957842339442,2.4807748794555664,514097,0.0,0.0
2003-07-11 00:00:00-04:00,2.447758764298049,2.481913349845867,2.4261271832460527,2.4636974334716797,801900,0.0,0.0
2003-07-14 00:00:00-04:00,2.4591430261011538,2.4648359377038207,2.420434772518909,2.435235023498535,292359,0.0,0.0
2003-07-15 00:00:00-04:00,2.424988473834308,2.493298467004811,2.390833683372076,2.492159843444824,300713,0.0,0.0
2003-07-16 00:00:00-04:00,2.493298114794416,2.5354220274878942,2.4762208250371964,2.5080983638763428,328050,0.0,0.0
2003-07-17 00:00:00-04:00,2.446620156938396,2.489882907083512,2.366925779926099,2.3680644035339355,527006,0.0,0.0
2003-07-18 00:00:00-04:00,2.35667873342576,2.427265138273624,2.3270778234266007,2.4124650955200195,298434,0.0,0.0
2003-07-21 00:00:00-04:00,2.3908335958927283,2.4477585881186252,2.3908335958927283,2.4090495109558105,230091,0.0,0.0
2003-07-22 00:00:00-04:00,2.407911089282268,2.4420656723110987,2.3874179272189466,2.4318199157714844,130613,0.0,0.0
2003-07-23 00:00:00-04:00,2.4363734020128827,2.4363734020128827,2.393110861063991,2.402218818664551,213384,0.0,0.0
2003-07-24 00:00:00-04:00,2.403357899377004,2.4397897367095913,2.3760340213775635,2.3760340213775635,263503,0.0,0.0
2003-07-25 00:00:00-04:00,2.3874175426339868,2.4113263652717722,2.3293547608382084,2.3544015884399414,201234,0.0,0.0
2003-07-28 00:00:00-04:00,2.3361861569122486,2.421573442786203,2.312277947725325,2.385141611099243,1011488,0.0,0.0
2003-07-29 00:00:00-04:00,2.3600958047947205,2.3600958047947205,2.15972066086968,2.208676338195801,2959284,0.0,0.0
2003-07-30 00:00:00-04:00,2.2029830347147517,2.214368242778789,2.1654125695341917,2.1938750743865967,1117041,0.0,0.0
2003-07-31 00:00:00-04:00,2.1950128893151954,2.207536716631704,2.17679697537209,2.1893208026885986,451828,0.0,0.0
2003-08-01 00:00:00-04:00,2.196152096166906,2.2382760218698494,2.174520306132403,2.2007057666778564,1136784,0.0,0.0
2003-08-04 00:00:00-04:00,2.200705293806102,2.207536828719887,2.164273464070057,2.1870436668395996,260466,0.0,0.0
2003-08-05 00:00:00-04:00,2.1802134752303024,2.241691944885782,2.1802134752303024,2.1950135231018066,405506,0.0,0.0
2003-08-06 00:00:00-04:00,2.1995674127791376,2.233721994229433,2.1915972546563944,2.1927356719970703,352350,0.0,0.0
2003-08-07 00:00:00-04:00,2.1870433651039525,2.1870433651039525,2.15175016374327,2.1745195388793945,564975,0.0,0.0
2003-08-08 00:00:00-04:00,2.184766505144247,2.246245168693862,2.1642735485867024,2.225752830505371,243759,0.0,0.0
2003-08-11 00:00:00-04:00,2.2382756736098295,2.2382756736098295,2.184766549339884,2.23372220993042,601425,0.0,0.0
2003-08-12 00:00:00-04:00,2.2337221661300055,2.298615669756574,2.2337221661300055,2.272430419921875,895303,0.0,0.0
2003-08-13 00:00:00-04:00,2.2769849699335554,2.282677057729761,2.238275887196773,2.2542147636413574,801141,0.0,0.0
2003-08-14 00:00:00-04:00,2.25990747976586,2.25990747976586,2.171105146408081,2.171105146408081,315900,0.0,0.0
2003-08-15 00:00:00-04:00,2.1893210229764817,2.2883699361814713,2.1859051522878232,2.2519381046295166,451828,0.0,0.0
2003-08-18 00:00:00-04:00,2.288369810319192,2.312277811979539,2.262184561658323,2.3054471015930176,129853,0.0,0.0
2003-08-19 00:00:00-04:00,2.3225245292141703,2.3931109454538775,2.3156938184266416,2.385141611099243,214903,0.0,0.0
2003-08-20 00:00:00-04:00,2.390833457508186,2.401080037964967,2.3327708757397616,2.387417793273926,277931,0.0,0.0
2003-08-21 00:00:00-04:00,2.3953883012768507,2.3953883012768507,2.333909015677228,2.394249677658081,130613,0.0,0.0
2003-08-22 00:00:00-04:00,2.372618286085935,2.430681705474853,2.3635103270222095,2.4306817054748535,424491,0.0,0.0
2003-08-25 00:00:00-04:00,2.4113267740206004,2.4306813127306577,2.410188150494707,2.4136040210723877,147319,0.0,0.0
2003-08-26 00:00:00-04:00,2.401079892301511,2.4238494742465777,2.3908333124663472,2.4124650955200195,385003,0.0,0.0
2003-08-27 00:00:00-04:00,2.401080371043851,2.447758785993324,2.401080371043851,2.445481538772583,142763,0.0,0.0
2003-08-28 00:00:00-04:00,2.4318198460862774,2.4477585136276585,2.386280059814453,2.386280059814453,227053,0.0,0.0
2003-08-29 00:00:00-04:00,2.404496102894543,2.404496102894543,2.3714793180706355,2.379448652267456,173138,0.0,0.0
2003-09-02 00:00:00-04:00,2.409049572093088,2.4215734004974365,2.381725904928052,2.4215734004974365,288563,0.0,0.0
2003-09-03 00:00:00-04:00,2.4136038758814764,2.44775845714344,2.384002757834106,2.4181573390960693,208828,0.0,0.0
2003-09-04 00:00:00-04:00,2.4136040210723877,2.4352349823421786,2.4067724860400395,2.4136040210723877,193641,0.0,0.0
2003-09-05 00:00:00-04:00,2.4147418246230123,2.4591429891405805,2.390833616256714,2.390833616256714,189844,0.0,0.0
2003-09-08 00:00:00-04:00,2.4136043880149227,2.419296475894697,2.391972598964377,2.4067728519439697,115425,0.0,0.0
2003-09-09 00:00:00-04:00,2.39766509954481,2.4033580124072524,2.3680647971583717,2.3737568855285645,256669,0.0,0.0
2003-09-10 00:00:00-04:00,2.36237114122204,2.3896950119119174,2.36237114122204,2.372617721557617,198956,0.0,0.0
2003-09-11 00:00:00-04:00,2.37375668101083,2.4067728519439697,2.370341016036876,2.4067728519439697,205791,0.0,0.0
2003-09-12 00:00:00-04:00,2.3965259254168614,2.409049547570711,2.362371341808235,2.395388126373291,318178,0.0,0.0
2003-09-15 00:00:00-04:00,2.443204343683417,2.452312301377177,2.4249884282958973,2.4284040927886963,252872,0.0,0.0
2003-09-16 00:00:00-04:00,2.413604178750231,2.470528350581243,2.413604178750231,2.4636974334716797,171619,0.0,0.0
2003-09-17 00:00:00-04:00,2.455728027338951,2.504682863156883,2.385141611099243,2.385141611099243,402469,0.0,0.0
2003-09-18 00:00:00-04:00,2.3965260804993656,2.3976647041086787,2.299754410474338,2.3566792011260986,813291,0.0,0.0
2003-09-19 00:00:00-04:00,2.335047485446384,2.387417984768337,2.3054471896462267,2.332771062850952,523209,0.0,0.0
2003-09-22 00:00:00-04:00,2.328216639951101,2.3600950083067347,2.328216639951101,2.3555405139923096,308306,0.0,0.0
2003-09-23 00:00:00-04:00,2.3544018959751467,2.3794485207255263,2.305447063832995,2.330493688583374,1035788,0.0,0.0
2003-09-24 00:00:00-04:00,2.3339089762810223,2.3441555580618365,2.3065859262293364,2.319108724594116,347034,0.0,0.0
2003-09-25 00:00:00-04:00,2.3054471218278882,2.3236630367618556,2.287231206893921,2.287231206893921,848981,0.0,0.0
2003-09-26 00:00:00-04:00,2.284954287990224,2.288370159011503,2.231445159014727,2.2587690353393555,476128,0.0,0.0
2003-09-29 00:00:00-04:00,2.2439685715181925,2.271291618269614,2.163135581249924,2.215506076812744,540675,0.0,0.0
2003-09-30 00:00:00-04:00,2.2041211107369354,2.2041211107369354,2.1358119405620632,2.159719944000244,1713150,0.0,0.0
2003-10-01 00:00:00-04:00,2.1665506521356495,2.2553531916189677,2.160858564833366,2.217782735824585,791269,0.0,0.0
2003-10-02 00:00:00-04:00,2.2177826982906947,2.246245195550651,2.2018438234989315,2.2405529022216797,845944,0.0,0.0
2003-10-03 00:00:00-04:00,2.242830107786905,2.2826767787203406,2.19729031913792,2.276984691619873,418416,0.0,0.0
2003-10-06 00:00:00-04:00,2.2986153396010067,2.339601452977604,2.2177823546045374,2.3384628295898438,891506,0.0,0.0
2003-10-07 00:00:00-04:00,2.32707817468119,2.3361861325077857,2.2564915530558296,2.3031699657440186,575606,0.0,0.0
2003-10-08 00:00:00-04:00,2.302031235085263,2.302031235085263,2.2712916984930396,2.2826766967773438,744188,0.0,0.0
2003-10-09 00:00:00-04:00,2.2826768918690594,2.3316325535740297,2.279262051685544,2.319108724594116,561178,0.0,0.0
2003-10-10 00:00:00-04:00,2.3248010368918908,2.350987112539911,2.29633936301059,2.3122780323028564,537638,0.0,0.0
2003-10-13 00:00:00-04:00,2.315693394626885,2.3293548137017384,2.2769843228899407,2.2997539043426514,650025,0.0,0.0
2003-10-14 00:00:00-04:00,2.2997541942038002,2.2997541942038002,2.267876652478368,2.2826766967773438,399431,0.0,0.0
2003-10-15 00:00:00-04:00,2.281538755577687,2.2940623799780306,2.243969119114968,2.2496612071990967,922641,0.0,0.0
2003-10-16 00:00:00-04:00,2.25990767592973,2.2804000164882368,2.2439690056081876,2.2542147636413574,1170956,0.0,0.0
2003-10-17 00:00:00-04:00,2.2678770191335396,2.2678770191335396,2.173381765444064,2.1961519718170166,795066,0.0,0.0
2003-10-20 00:00:00-04:00,2.213229179382324,2.2223371379017154,2.1915975975411146,2.213229179382324,549028,0.0,0.0
2003-10-21 00:00:00-04:00,2.2257532005074436,2.2724307962739245,2.209813704887466,2.2496612071990967,555103,0.0,0.0
2003-10-22 00:00:00-04:00,2.273569085625667,2.3031702093467405,2.2268908741234155,2.2473838329315186,1284863,0.0,0.0
2003-10-23 00:00:00-04:00,2.2473838112488878,2.266738352317658,2.2200599351427166,2.221198558807373,539916,0.0,0.0
2003-10-24 00:00:00-04:00,2.221198533331462,2.2234757806346552,2.1915976163585227,2.2063984870910645,367538,0.0,0.0
2003-10-27 00:00:00-05:00,2.202982873085232,2.248522671384819,2.202982873085232,2.232583999633789,277931,0.0,0.0
2003-10-28 00:00:00-05:00,2.2200594544839354,2.248521948092429,2.19501283112985,2.2462449073791504,2871956,0.0,0.0
2003-10-29 00:00:00-05:00,2.245106500633834,2.394249486840784,2.2325834969327008,2.390833616256714,795825,0.0,0.0
2003-10-30 00:00:00-05:00,2.389695105773453,2.4329576450779284,2.385141436330779,2.386280059814453,498150,0.0,0.0
2003-10-31 00:00:00-05:00,2.4113270342414133,2.4716670794429763,2.3680644886640696,2.4397895336151123,467775,0.0,0.0
2003-11-03 00:00:00-05:00,2.4340967097080375,2.4910215043954027,2.399941915344836,2.45572829246521,1038825,0.0,0.0
2003-11-04 00:00:00-05:00,2.4420655277395813,2.4420655277395813,2.3191084177458805,2.3430166244506836,590794,0.0,0.0
2003-11-05 00:00:00-05:00,2.3361861754371382,2.4397893779760977,2.33390892828487,2.4249885082244873,451069,0.0,0.0
2003-11-06 00:00:00-05:00,2.407911458692059,2.430681665158265,2.3965262523974347,2.4113271236419678,179213,0.0,0.0
2003-11-07 00:00:00-05:00,2.4192963086386534,2.4192963086386534,2.381726057752993,2.382864475250244,370575,0.0,0.0
2003-11-10 00:00:00-05:00,2.4022189033756174,2.4022189033756174,2.3737564060432925,2.385141611099243,205031,0.0,0.0
2003-11-11 00:00:00-05:00,2.3976646338770005,2.3976646338770005,2.362371425482669,2.3783109188079834,250594,0.0,0.0
2003-11-12 00:00:00-05:00,2.3760337423780373,2.4192962864766785,2.3760337423780373,2.401080369949341,741909,0.0,0.0
2003-11-13 00:00:00-05:00,2.412465288218584,2.418157374975032,2.3999414606163754,2.40449595451355,539156,0.0,0.0
2003-11-14 00:00:00-05:00,2.4136044110572716,2.430681705474853,2.401080580863936,2.4306817054748535,398672,0.0,0.0
2003-11-17 00:00:00-05:00,2.420434864804113,2.43978940457921,2.385141656019568,2.393110990524292,625725,0.0,0.0
2003-11-18 00:00:00-05:00,2.412465402059021,2.440927073922344,2.353263368415231,2.390833616256714,536119,0.0,0.0
2003-11-19 00:00:00-05:00,2.390833616256714,2.413604025587044,2.3714792836334673,2.390833616256714,359184,0.0,0.0
2003-11-20 00:00:00-05:00,2.3953880127300593,2.3953880127300593,2.3020311933881596,2.330493688583374,923400,0.0,0.0
2003-11-21 00:00:00-05:00,2.3339088599014413,2.379448648536936,2.3088622338056894,2.335047483444214,716091,0.0,0.0
2003-11-24 00:00:00-05:00,2.3407403647140974,2.3965259094047755,2.3373244941300273,2.390833616256714,400950,0.0,0.0
2003-11-25 00:00:00-05:00,2.365786970334755,2.4363733835504338,2.365786970334755,2.4090495109558105,427528,0.0,0.0
2003-11-26 00:00:00-05:00,2.4022190957245444,2.4363736830120963,2.3908338897569648,2.4238500595092773,954534,0.0,0.0
2003-11-28 00:00:00-05:00,2.436373399745059,2.4386506467968463,2.396525904922064,2.4136040210723877,258188,0.0,0.0
2003-12-01 00:00:00-05:00,2.4158807018035784,2.5046830401624116,2.403357696787607,2.486467123031616,407784,0.0,0.0
2003-12-02 00:00:00-05:00,2.470528590068356,2.6925344482650226,2.470528590068356,2.615117311477661,1173234,0.0,0.0
2003-12-03 00:00:00-05:00,2.6162553231345336,2.648132657114439,2.558191711166144,2.5684382915496826,781397,0.0,0.0
2003-12-04 00:00:00-05:00,2.546807314267159,2.5752689838409424,2.4841902395684534,2.5752689838409424,574088,0.0,0.0
2003-12-05 00:00:00-05:00,2.5445299402751953,2.5707153922829393,2.436373086597529,2.4750821590423584,632559,0.0,0.0
2003-12-08 00:00:00-05:00,2.4625588391108932,2.4784975071396627,2.349848302652943,2.4762210845947266,299194,0.0,0.0
2003-12-09 00:00:00-05:00,2.4716667918897786,2.479636125888835,2.4067724657659664,2.4318199157714844,262744,0.0,0.0
2003-12-10 00:00:00-05:00,2.429543063382196,2.429543063382196,2.3396020971353333,2.360095262527466,310584,0.0,0.0
2003-12-11 00:00:00-05:00,2.3612328914248795,2.4557281395379364,2.3578178450596172,2.4386508464813232,444994,0.0,0.0
2003-12-12 00:00:00-05:00,2.448897356833669,2.488744235385308,2.443204445027519,2.4625589847564697,264263,0.0,0.0
2003-12-15 00:00:00-05:00,2.4420659341097166,2.498990932337046,2.365787219752624,2.3692030906677246,212625,0.0,0.0
2003-12-16 00:00:00-05:00,2.366925644673585,2.378310849486229,2.294061982856793,2.335047483444214,319697,0.0,0.0
2003-12-17 00:00:00-05:00,2.3327715492651873,2.357818180604974,2.3077240934331615,2.3100011348724365,260466,0.0,0.0
2003-12-18 00:00:00-05:00,2.305447122794892,2.387417915540085,2.305447122794892,2.3452939987182617,252113,0.0,0.0
2003-12-19 00:00:00-05:00,2.3737564962403894,2.447758785993324,2.3464326214369278,2.445481538772583,1116281,0.0,0.0
2003-12-22 00:00:00-05:00,2.451173557655255,2.4580050924289116,2.388556480407715,2.388556480407715,530044,0.0,0.0
2003-12-23 00:00:00-05:00,2.407911217866988,2.4432044262968104,2.356679134464889,2.4227120876312256,169341,0.0,0.0
2003-12-24 00:00:00-05:00,2.38400300400314,2.4079112133552445,2.3692029587587236,2.380587339401245,90366,0.0,0.0
2003-12-26 00:00:00-05:00,2.3885564271716997,2.4181573390960693,2.363509802953927,2.4181573390960693,37209,0.0,0.0
2003-12-29 00:00:00-05:00,2.398803255370578,2.4591430905383262,2.3509870427893906,2.380587339401245,444234,0.0,0.0
2003-12-30 00:00:00-05:00,2.363510137919785,2.4227121762818684,2.350987133220591,2.394249677658081,152634,0.0,0.0
2003-12-31 00:00:00-05:00,2.365787333253134,2.373756668488868,2.32138616230249,2.3225247859954834,366019,0.0,0.0
2004-01-02 00:00:00-05:00,2.3396020342232435,2.3737566218815616,2.3111395343029124,2.3589565753936768,222497,0.0,0.0
2004-01-05 00:00:00-05:00,2.3566792680115345,2.4022190606008125,2.346432685852051,2.346432685852051,309825,0.0,0.0
2004-01-06 00:00:00-05:00,2.368064690206755,2.4010806563702958,2.3407408121563282,2.3646488189697266,486000,0.0,0.0
2004-01-07 00:00:00-05:00,2.3464323410146997,2.4306812025772406,2.3464323410146997,2.40449595451355,581681,0.0,0.0
2004-01-08 00:00:00-05:00,2.3794486578336094,2.436373445381141,2.3794486578336094,2.4215734004974365,383484,0.0,0.0
2004-01-09 00:00:00-05:00,2.415880526343278,2.4420657764901197,2.3851416064290136,2.398803234100342,353869,0.0,0.0
2004-01-12 00:00:00-05:00,2.390833616256714,2.413604025587044,2.3794486177145626,2.390833616256714,449550,0.0,0.0
2004-01-13 00:00:00-05:00,2.3885565753236806,2.390833616256714,2.3339088296689705,2.390833616256714,329569,0.0,0.0
2004-01-14 00:00:00-05:00,2.390834181254454,2.394250052645757,2.3396022940767844,2.3737568855285645,222497,0.0,0.0
2004-01-15 00:00:00-05:00,2.3760336716560624,2.3885566758844274,2.340740463261731,2.3783109188079834,135169,0.0,0.0
2004-01-16 00:00:00-05:00,2.385141539260298,2.385141539260298,2.2883698757371778,2.2952005863189697,1188422,0.0,0.0
2004-01-20 00:00:00-05:00,2.2940621594484614,2.2940621594484614,2.1756586998817466,2.231445074081421,1297772,0.0,0.0
2004-01-21 00:00:00-05:00,2.242830149619061,2.311139318559066,2.23258356815504,2.296339273452759,662175,0.0,0.0
2004-01-22 00:00:00-05:00,2.2997540837906176,2.3225242853890187,2.2690151670432233,2.273568630218506,341719,0.0,0.0
2004-01-23 00:00:00-05:00,2.0606706131832784,2.1039331476077874,2.0208239488244852,2.0834410190582275,8219475,0.0,0.0
2004-01-26 00:00:00-05:00,2.0948256603750175,2.1699665737241887,2.0208244012511463,2.156304121017456,1132988,0.0,0.0
2004-01-27 00:00:00-05:00,2.1403654703806203,2.1756586801428326,2.128980470917893,2.1494734287261963,510300,0.0,0.0
2004-01-28 00:00:00-05:00,2.106211029757845,2.151750824632095,2.094825823385477,2.1005189418792725,626484,0.0,0.0
2004-01-29 00:00:00-05:00,2.100518796753196,2.1517506759663783,2.100518796753196,2.1494734287261963,921881,0.0,0.0
2004-01-30 00:00:00-05:00,2.110764312566565,2.149473182634264,2.0834412651501593,2.116457223892212,1272713,0.0,0.0
2004-02-02 00:00:00-05:00,2.0834416059346372,2.1392269517509006,2.0834416059346372,2.125565528869629,848222,0.0,0.0
2004-02-03 00:00:00-05:00,2.111902907251361,2.127842606830874,2.08344144007857,2.103933572769165,984909,0.0,0.0
2004-02-04 00:00:00-05:00,2.0834418946509765,2.1039340318126154,2.0777487754821777,2.0777487754821777,249075,0.0,0.0
2004-02-05 00:00:00-05:00,2.0834417432885197,2.0971031670704408,2.060671329498291,2.060671329498291,392597,0.0,0.0
2004-02-06 00:00:00-05:00,2.061809905886117,2.1062110780802965,2.0492860755276574,2.0971031188964844,478406,0.0,0.0
2004-02-09 00:00:00-05:00,2.067501588487918,2.1119027519756672,2.0663629649863036,2.0868561267852783,1312200,0.0,0.0
2004-02-10 00:00:00-05:00,2.1062111821953398,2.3191090945064774,2.0823031746367198,2.3100011348724365,1921978,0.0,0.0
2004-02-11 00:00:00-05:00,2.2599078057596804,2.46028208732605,2.2599078057596804,2.46028208732605,2328244,0.0,0.0
2004-02-12 00:00:00-05:00,2.399941921582057,2.429543045754226,2.316831873653561,2.3225247859954834,1300809,0.0,0.0
2004-02-13 00:00:00-05:00,2.3339087466885973,2.3339087466885973,2.2553530015835928,2.279261827468872,489038,0.0,0.0
2004-02-17 00:00:00-05:00,2.282676568786732,2.299754065255646,2.1972901170571477,2.2075366973876953,683438,0.0,0.0
2004-02-18 00:00:00-05:00,2.2280293657771733,2.290646449920667,2.1938745738695378,2.2678768634796143,655341,0.0,0.0
2004-02-19 00:00:00-05:00,2.242829893429661,2.2712915629498873,2.16085828169588,2.163135528564453,1057809,0.0,0.0
2004-02-20 00:00:00-05:00,2.1517513237450485,2.2132298034318203,2.1517513237450485,2.208676338195801,1215759,0.0,0.0
2004-02-23 00:00:00-05:00,2.2177821661404553,2.2416909878988003,2.1631352563534088,2.1654114723205566,267300,0.0,0.0
2004-02-24 00:00:00-05:00,2.168827568049503,2.2621843814849854,2.168827568049503,2.2621843814849854,353109,0.0,0.0
2004-02-25 00:00:00-05:00,2.2701542798091054,2.3555407506314134,2.248522490872671,2.3225247859954834,612816,0.0,0.0
2004-02-26 00:00:00-05:00,2.3236631225968627,2.3236631225968627,2.191597425262639,2.2701539993286133,1343334,0.0,0.0
2004-02-27 00:00:00-05:00,2.2257523884141155,2.264460634493529,2.1779353618621826,2.1779353618621826,293878,0.0,0.0
2004-03-01 00:00:00-05:00,2.174520175295395,2.2587690522474473,2.168828087499189,2.2542147636413574,496631,0.0,0.0
2004-03-02 00:00:00-05:00,2.2485221218654132,2.251937992383811,2.1756584623933235,2.1870436668395996,710775,0.0,0.0
2004-03-03 00:00:00-05:00,2.1813512130333383,2.2485217436770712,2.164273100051849,2.209812879562378,307547,0.0,0.0
2004-03-04 00:00:00-05:00,2.1915968260077805,2.212089776992798,2.1745193324997723,2.212089776992798,210347,0.0,0.0
2004-03-05 00:00:00-05:00,2.1995673433238743,2.2485219670261314,2.1859048928061657,2.2280290126800537,148838,0.0,0.0
2004-03-08 00:00:00-05:00,2.201844076636778,2.2371374948474694,2.1847667824405117,2.1915977001190186,814809,0.0,0.0
2004-03-09 00:00:00-05:00,2.2041210888613723,2.245106590559521,2.191597466289575,2.23372220993042,1582538,0.0,0.0
2004-03-10 00:00:00-05:00,2.220059871673584,2.233722324643671,2.198429114509094,2.220059871673584,159469,0.0,0.0
2004-03-11 00:00:00-05:00,2.1927360338870834,2.2929235784606155,2.1915976163585227,2.2063984870910645,695588,0.0,0.0
2004-03-12 00:00:00-05:00,2.192736203896767,2.2542148776663997,2.1870441158126384,2.2496612071990967,326531,0.0,0.0
2004-03-15 00:00:00-05:00,2.2405534998953116,2.2405534998953116,2.1836284901905008,2.1938750743865967,403988,0.0,0.0
2004-03-16 00:00:00-05:00,2.1938746199806776,2.232583701011567,2.183628037906903,2.220059871673584,1618228,0.0,0.0
2004-03-17 00:00:00-05:00,2.2200599351427166,2.2587690172802573,2.213229223769972,2.221198558807373,353869,0.0,0.0
2004-03-18 00:00:00-05:00,2.2200594678658314,2.2337219183508483,2.134673017140635,2.169966220855713,307547,0.0,0.0
2004-03-19 00:00:00-05:00,2.191597359316238,2.3077235601618606,2.1688277746773466,2.224614143371582,1012247,0.0,0.0
2004-03-22 00:00:00-05:00,2.202981918464178,2.212089874177333,2.1631352563534088,2.1654114723205566,220219,0.0,0.0
2004-03-23 00:00:00-05:00,2.180213367582586,2.1995679096067984,2.150612242685834,2.1528894901275635,211106,0.0,0.0
2004-03-24 00:00:00-05:00,2.1449199430999335,2.1790745288955433,2.1449199430999335,2.167689323425293,170100,0.0,0.0
2004-03-25 00:00:00-05:00,2.147196047063131,2.1915974185142493,2.147196047063131,2.181351661682129,195159,0.0,0.0
2004-03-26 00:00:00-05:00,2.174519411376268,2.2303057685188596,2.174519411376268,2.1836273670196533,139725,0.0,0.0
2004-03-29 00:00:00-05:00,2.1859049618300133,2.218921125939633,2.1802128751266343,2.1927356719970703,261984,0.0,0.0
2004-03-30 00:00:00-05:00,2.213228871805713,2.2644609509998155,2.192735710331263,2.2371370792388916,439678,0.0,0.0
2004-03-31 00:00:00-05:00,2.2109517563341257,2.2769847080040693,2.2086755398466096,2.272430419921875,293119,0.0,0.0
2004-04-01 00:00:00-05:00,2.2769855580150735,2.2838162712577437,2.2268914622558134,2.2633233070373535,656859,0.0,0.0
2004-04-02 00:00:00-05:00,2.2997544337138627,2.3202473915352666,2.232583678883739,2.2382757663726807,195919,0.0,0.0
2004-04-05 00:00:00-04:00,2.2655995051193543,2.2747074629227817,2.229167673905645,2.2701539993286133,198197,0.0,0.0
2004-04-06 00:00:00-04:00,2.253076424823352,2.287231004650737,2.1984286848535515,2.2621843814849854,614334,0.0,0.0
2004-04-07 00:00:00-04:00,2.2485220447649548,2.317970037460327,2.2485220447649548,2.317970037460327,325772,0.0,0.0
2004-04-08 00:00:00-04:00,2.321386257889318,2.321386257889318,2.237137582798753,2.2496612071990967,255909,0.0,0.0
2004-04-12 00:00:00-04:00,2.2314449426070535,2.30316998217634,2.220059737588806,2.2986156940460205,173897,0.0,0.0
2004-04-13 00:00:00-04:00,2.2872316856140524,2.2986160679922674,2.221198722503885,2.2451069355010986,158709,0.0,0.0
2004-04-14 00:00:00-04:00,2.2564913502299615,2.2564913502299615,2.174519737158662,2.222336769104004,671288,0.0,0.0
2004-04-15 00:00:00-04:00,2.2257528545284364,2.257630191828847,2.1995676044273567,2.2519381046295166,121500,0.0,0.0
2004-04-16 00:00:00-04:00,2.2576301526171694,2.305447188352374,2.214367611054404,2.276984691619873,409303,0.0,0.0
2004-04-19 00:00:00-04:00,2.2815385368668286,2.3282167465278403,2.279262114097502,2.3202474117279053,492834,0.0,0.0
2004-04-20 00:00:00-04:00,2.3236638661559823,2.356679837277669,2.3202479944059786,2.3293559551239014,403988,0.0,0.0
2004-04-21 00:00:00-04:00,2.3418789567163683,2.3452940027624107,2.3191085476925672,2.331632375717163,241481,0.0,0.0
2004-04-22 00:00:00-04:00,2.3452939387372793,2.3452939387372793,2.2621845246068806,2.330493688583374,241481,0.0,0.0
2004-04-23 00:00:00-04:00,2.315694074276914,2.317970497170553,2.255353408367209,2.280400037765503,176934,0.0,0.0
2004-04-26 00:00:00-04:00,2.29178508043507,2.3145554934848236,2.266738450572531,2.297478199005127,861891,0.0,0.0
2004-04-27 00:00:00-04:00,2.276984736700455,2.2883699417418804,2.2029824498538444,2.284954071044922,722925,0.0,0.0
2004-04-28 00:00:00-04:00,2.2564912190623576,2.2860923352711713,2.2314445964002574,2.2428297996520996,294638,0.0,0.0
2004-04-29 00:00:00-04:00,2.253076591384119,2.274707345920221,2.176797062223294,2.218921184539795,209588,0.0,0.0
2004-04-30 00:00:00-04:00,2.2007049901856273,2.22005931976655,2.159719496571659,2.1745195388793945,457144,0.0,0.0
2004-05-03 00:00:00-04:00,2.190459884000624,2.225753095815725,2.174520183007343,2.1961519718170166,416138,0.0,0.0
2004-05-04 00:00:00-04:00,2.1699664385756865,2.2223369376903106,2.136950478398006,2.1881823539733887,1049456,0.0,0.0
2004-05-05 00:00:00-04:00,2.1756593351189424,2.208676338195801,2.174520711156072,2.208676338195801,366019,0.0,0.0
2004-05-06 00:00:00-04:00,2.1733814485169947,2.224614147731474,2.163135691941546,2.201843738555908,236925,0.0,0.0
2004-05-07 00:00:00-04:00,2.1927359304716783,2.2348608811333097,2.106210843182886,2.1301188468933105,350831,0.0,0.0
2004-05-10 00:00:00-04:00,2.130118622919727,2.1574424945508426,2.013992426141242,2.1460583209991455,1262841,0.0,0.0
2004-05-11 00:00:00-04:00,2.119872158679235,2.132395779671351,2.010577501270181,2.118734359741211,485241,0.0,0.0
2004-05-12 00:00:00-04:00,2.0834415036821357,2.1756586801428326,2.0686404272361045,2.1494734287261963,388800,0.0,0.0
2004-05-13 00:00:00-04:00,2.1699664713095665,2.1699664713095665,2.074333429336548,2.074333429336548,186047,0.0,0.0
2004-05-14 00:00:00-04:00,2.073194936379556,2.136950645249512,2.061809730713274,2.1096267700195312,297675,0.0,0.0
2004-05-17 00:00:00-04:00,2.132395716468725,2.1711047894817797,2.1016570072294933,2.106210470199585,169341,0.0,0.0
2004-05-18 00:00:00-04:00,2.1255657086262087,2.1392271326628114,2.1050725419560155,2.113041877746582,299953,0.0,0.0
2004-05-19 00:00:00-04:00,2.1392266686087935,2.1711050354711,2.12898029361946,2.164273500442505,412341,0.0,0.0
2004-05-20 00:00:00-04:00,2.1540275717051443,2.1813514422830713,2.1540275717051443,2.163135528564453,318938,0.0,0.0
2004-05-21 00:00:00-04:00,2.1517503072856745,2.18248922342375,2.1517503072856745,2.169966220855713,176934,0.0,0.0
2004-05-24 00:00:00-04:00,2.1585819454183417,2.1836285796935395,2.1585819454183417,2.176797866821289,277931,0.0,0.0
2004-05-25 00:00:00-04:00,2.181352031279036,2.1893213668558924,2.1642739118913834,2.172244071960449,646228,0.0,0.0
2004-05-26 00:00:00-04:00,2.176797749454844,2.190460205078125,2.1631363244469264,2.190460205078125,305269,0.0,0.0
2004-05-27 00:00:00-04:00,2.172243814806636,2.2086756477681235,2.1631358565662637,2.17907452583313,747984,0.0,0.0
2004-05-28 00:00:00-04:00,2.1756593351189424,2.208676338195801,2.174520711156072,2.208676338195801,206550,0.0,0.0
2004-06-01 00:00:00-04:00,2.1859051068949062,2.207536892910332,2.180213019813779,2.1881823539733887,223256,0.0,0.0
2004-06-02 00:00:00-04:00,2.174520424129886,2.1972908391507873,2.174520424129886,2.184767007827759,298434,0.0,0.0
2004-06-03 00:00:00-04:00,2.1950128636111286,2.1950128636111286,2.151750326156616,2.151750326156616,180731,0.0,0.0
2004-06-04 00:00:00-04:00,2.181351395724145,2.181351395724145,2.1437809456545285,2.1551661491394043,102516,0.0,0.0
2004-06-07 00:00:00-04:00,2.1699667856742675,2.1950134156986896,2.1631360739612875,2.1859054565429688,97200,0.0,0.0
2004-06-08 00:00:00-04:00,2.1745195832141624,2.2587684372268186,2.1745195832141624,2.216644525527954,473850,0.0,0.0
2004-06-09 00:00:00-04:00,2.2519379678903713,2.2553530138795854,2.2063981812156332,2.218921184539795,298434,0.0,0.0
2004-06-10 00:00:00-04:00,2.229167779034145,2.253076813530134,2.2200598208011826,2.234860897064209,216422,0.0,0.0
2004-06-14 00:00:00-04:00,2.2507992849545806,2.2507992849545806,2.1927356719970703,2.1927356719970703,166303,0.0,0.0
2004-06-15 00:00:00-04:00,2.2155062456860395,2.2325835376879946,2.181351661682129,2.181351661682129,115425,0.0,0.0
2004-06-16 00:00:00-04:00,2.173381070011573,2.249660381542693,2.173381070011573,2.2291672229766846,210347,0.0,0.0
2004-06-17 00:00:00-04:00,2.231444786312996,2.2485220773366947,2.2063981615192394,2.2371370792388916,1629619,0.0,0.0
2004-06-18 00:00:00-04:00,2.214368427394691,2.2553539431038105,2.1631365327582914,2.208676338195801,306028,0.0,0.0
2004-06-21 00:00:00-04:00,2.205259496269582,2.245106370488204,2.204120872807563,2.215506076812744,186806,0.0,0.0
2004-06-22 00:00:00-04:00,2.221198205575771,2.2530765712710297,2.214367495289297,2.2371370792388916,169341,0.0,0.0
2004-06-23 00:00:00-04:00,2.231444744050992,2.258768615294421,2.215506076812744,2.215506076812744,162506,0.0,0.0
2004-06-24 00:00:00-04:00,2.2507996178949075,2.2507996178949075,2.2109519132319138,2.220059871673584,94163,0.0,0.0
2004-06-25 00:00:00-04:00,2.2075370729507644,2.2416916594532372,2.1961518672448856,2.220059871673584,615094,0.0,0.0
2004-06-28 00:00:00-04:00,2.23144485386484,2.248522145405514,2.218921231904329,2.224614143371582,152634,0.0,0.0
2004-06-29 00:00:00-04:00,2.24852245289072,2.2587690353393555,2.241691741463363,2.2587690353393555,100238,0.0,0.0
2004-06-30 00:00:00-04:00,2.258768586630093,2.273568630218506,2.2200595118727104,2.273568630218506,199716,0.0,0.0
2004-07-01 00:00:00-04:00,2.2758460179936053,2.2758460179936053,2.2200596492993703,2.224614143371582,508022,0.0,0.0
2004-07-02 00:00:00-04:00,2.2291680411118167,2.262185037722493,2.226890999755113,2.2496612071990967,141244,0.0,0.0
2004-07-06 00:00:00-04:00,2.240552425581676,2.251937628186668,2.226890182455686,2.2291672229766846,219459,0.0,0.0
2004-07-07 00:00:00-04:00,2.245106770042614,2.245106770042614,2.2200599351427166,2.221198558807373,98719,0.0,0.0
2004-07-08 00:00:00-04:00,2.2155065303629238,2.2325838245591902,2.1915977001190186,2.1915977001190186,209588,0.0,0.0
2004-07-09 00:00:00-04:00,2.2166450313924346,2.2223371189377925,2.2109519132319138,2.220059871673584,50119,0.0,0.0
2004-07-12 00:00:00-04:00,2.220059393148415,2.2712914679822824,2.208675220511514,2.2428297996520996,87328,0.0,0.0
2004-07-13 00:00:00-04:00,2.2314453250320527,2.2929237936826037,2.228029659879692,2.271292209625244,319697,0.0,0.0
2004-07-14 00:00:00-04:00,2.263322854247678,2.3043089806120625,2.242830512496174,2.2451069355010986,477647,0.0,0.0
2004-07-15 00:00:00-04:00,2.2439685501403033,2.246244972550647,2.2348605931459304,2.2359983921051025,2215097,0.0,0.0
2004-07-16 00:00:00-04:00,2.2348609246966515,2.2473837232873484,2.1437813412408935,2.1494734287261963,1652400,0.0,0.0
2004-07-19 00:00:00-04:00,2.1483351566107722,2.165412452475973,2.0208247495249623,2.114180564880371,1506600,0.0,0.0
2004-07-20 00:00:00-04:00,2.1278423245615037,2.163135528564453,2.102794670237166,2.163135528564453,309066,0.0,0.0
2004-07-21 00:00:00-04:00,2.158581315428774,2.158581315428774,2.0982414798726867,2.126703977584839,160228,0.0,0.0
2004-07-22 00:00:00-04:00,1.8193108513783618,1.950237118516311,1.7749096798606894,1.944545030593872,2178647,0.0,0.0
2004-07-23 00:00:00-04:00,1.9456837783615089,1.9570689855475585,1.908113316078253,1.9331599473953247,205791,0.0,0.0
2004-07-26 00:00:00-04:00,1.9320223299215318,1.9616224253714127,1.903559827622175,1.9513758420944214,272616,0.0,0.0
2004-07-27 00:00:00-04:00,1.9695913114662023,2.0003310542794033,1.9547912671200585,1.9912230968475342,322734,0.0,0.0
2004-07-28 00:00:00-04:00,2.000331378705936,2.0344859669610917,1.953652960470122,2.018547296524048,523969,0.0,0.0
2004-07-29 00:00:00-04:00,2.047009622550972,2.080025584302867,2.0071619192378893,2.008300542831421,792788,0.0,0.0
2004-07-30 00:00:00-04:00,2.0185475192867846,2.1733820133357784,2.017408895470594,2.1403658390045166,1009209,0.0,0.0
2004-08-02 00:00:00-04:00,2.107349656593058,2.173381792420626,2.068640573238527,2.166550874710083,494353,0.0,0.0
2004-08-03 00:00:00-04:00,2.1540275730265863,2.1824892425642735,2.1346730358618085,2.151750326156616,214903,0.0,0.0
2004-08-04 00:00:00-04:00,2.1358111686979586,2.1756578266946818,2.134672545524517,2.147195339202881,296156,0.0,0.0
2004-08-05 00:00:00-04:00,2.168827942737844,2.168827942737844,2.1244267751684727,2.1346733570098877,274894,0.0,0.0
2004-08-06 00:00:00-04:00,2.1084877522009657,2.1859048689048852,2.0925490856170654,2.0925490856170654,402469,0.0,0.0
2004-08-09 00:00:00-04:00,2.097102925180178,2.1164574654848423,2.0823028793543292,2.105072259902954,350072,0.0,0.0
2004-08-10 00:00:00-04:00,2.078886991063116,2.172243820944501,2.078886991063116,2.156304121017456,192122,0.0,0.0
2004-08-11 00:00:00-04:00,2.128980400257345,2.138088358300629,2.10393356716907,2.126703977584839,166303,0.0,0.0
2004-08-12 00:00:00-04:00,2.111902527488976,2.1449195136810957,2.0606706590523234,2.0914103984832764,864928,0.0,0.0
2004-08-13 00:00:00-04:00,2.1119032936637434,2.12898079546114,2.0902725334300634,2.0993804931640625,192881,0.0,0.0
2004-08-16 00:00:00-04:00,2.1039336518788105,2.1437813564032178,2.0982415643532493,2.1096267700195312,328809,0.0,0.0
2004-08-17 00:00:00-04:00,2.094825655050196,2.1437813170867615,2.0788869857788086,2.0788869857788086,392597,0.0,0.0
2004-08-18 00:00:00-04:00,2.0788868929471227,2.117595971404935,2.057255106605382,2.074333429336548,381206,0.0,0.0
2004-08-19 00:00:00-04:00,2.0572551799896335,2.117596046941603,2.0572551799896335,2.0857176780700684,90366,0.0,0.0
2004-08-20 00:00:00-04:00,2.0971033194254023,2.100519190926682,2.075471527814658,2.0777487754821777,132131,0.0,0.0
2004-08-23 00:00:00-04:00,2.090272038264532,2.094825501745205,2.050424337387085,2.050424337387085,150356,0.0,0.0
2004-08-24 00:00:00-04:00,2.0891332367305857,2.0993798169578444,2.049285539248465,2.051562786102295,184528,0.0,0.0
2004-08-25 00:00:00-04:00,2.0766099054357765,2.1096269008541224,2.0390404764528407,2.1005189418792725,182250,0.0,0.0
2004-08-26 00:00:00-04:00,2.0834410376062906,2.116456992742492,2.0492854284897923,2.053839921951294,124538,0.0,0.0
2004-08-27 00:00:00-04:00,2.043593776414247,2.1005187730865065,2.043593776414247,2.0788869857788086,113147,0.0,0.0
2004-08-30 00:00:00-04:00,2.076609741627362,2.0834414832810118,2.0675017833709717,2.0675017833709717,93403,0.0,0.0
2004-08-31 00:00:00-04:00,2.0777487754821777,2.081164646983457,2.0492862714842204,2.0777487754821777,173138,0.0,0.0
2004-09-01 00:00:00-04:00,2.0686401240472745,2.13922653322625,2.048146963119507,2.048146963119507,278691,0.0,0.0
2004-09-02 00:00:00-04:00,2.044732806764527,2.0834418946509765,2.044732806764527,2.0777487754821777,113147,0.0,0.0
2004-09-03 00:00:00-04:00,2.0925496537456114,2.1005189892012415,2.064087152481079,2.064087152481079,141244,0.0,0.0
2004-09-07 00:00:00-04:00,2.05497893466047,2.0902721432142024,2.053840311079367,2.0823028087615967,123019,0.0,0.0
2004-09-08 00:00:00-04:00,2.082302526784072,2.0891332367305857,2.051562786102295,2.051562786102295,107072,0.0,0.0
2004-09-09 00:00:00-04:00,2.081164192907908,2.1631358155156506,2.067501740499057,2.103933572769165,217941,0.0,0.0
2004-09-10 00:00:00-04:00,2.122149117290129,2.1460581471650757,2.0788865816989515,2.1358115673065186,55434,0.0,0.0
2004-09-13 00:00:00-04:00,2.1437809003931876,2.1437809003931876,2.1301184503767976,2.1358115673065186,127575,0.0,0.0
2004-09-14 00:00:00-04:00,2.1130419592619414,2.1517510465510883,2.10621124698013,2.1403658390045166,100238,0.0,0.0
2004-09-15 00:00:00-04:00,2.136950449703052,2.1517504942842955,2.0834413277677064,2.117595911026001,275653,0.0,0.0
2004-09-16 00:00:00-04:00,2.116457050150979,2.116457050150979,2.072055890771572,2.106210470199585,173897,0.0,0.0
2004-09-17 00:00:00-04:00,2.0857178279118145,2.1039337455427467,2.0538404873652856,2.06977915763855,514097,0.0,0.0
2004-09-20 00:00:00-04:00,2.0663627177405806,2.0754706740486624,2.053839921951294,2.053839921951294,214903,0.0,0.0
2004-09-21 00:00:00-04:00,2.0663633227621676,2.1084882771553635,2.0652257296786316,2.1005189418792725,80494,0.0,0.0
2004-09-22 00:00:00-04:00,2.0959646650328536,2.121011297164356,2.0948260412156947,2.1073498725891113,104794,0.0,0.0
2004-09-23 00:00:00-04:00,2.1210105993716466,2.1210105993716466,2.0527014377378388,2.0663628578186035,129853,0.0,0.0
2004-09-24 00:00:00-04:00,2.080025695453149,2.089133654072973,2.060671154559125,2.061809778213501,571809,0.0,0.0
2004-09-27 00:00:00-04:00,2.060670778607669,2.0686401121191813,2.0379014015197754,2.0379014015197754,120741,0.0,0.0
2004-09-28 00:00:00-04:00,2.047009342038206,2.054978675485716,2.0322082679656988,2.0333468914031982,351591,0.0,0.0
2004-09-29 00:00:00-04:00,2.024239365135588,2.0435939064604076,2.0139927826333186,2.0253779888153076,138966,0.0,0.0
2004-09-30 00:00:00-04:00,2.0208239561065535,2.0538399110678,1.990084217249074,2.0094387531280518,205791,0.0,0.0
2004-10-01 00:00:00-04:00,2.04245494848312,2.04245494848312,2.0003310323041346,2.0208241939544678,195159,0.0,0.0
2004-10-04 00:00:00-04:00,2.036762651363324,2.0492854472673567,2.013992245077014,2.0242388248443604,347034,0.0,0.0
2004-10-05 00:00:00-04:00,2.003746233021054,2.0344859810324327,1.9536529739823885,1.9650381803512573,536119,0.0,0.0
2004-10-06 00:00:00-04:00,1.9707301522492509,2.0071619859934136,1.96845290498645,1.998054027557373,278691,0.0,0.0
2004-10-07 00:00:00-04:00,2.002608612540729,2.002608612540729,1.9582074419863267,1.9695916175842285,977316,0.0,0.0
2004-10-08 00:00:00-04:00,1.979837655194276,1.9821149019331623,1.9149433374404907,1.9149433374404907,276413,0.0,0.0
2004-10-11 00:00:00-04:00,1.9730072567530361,1.9752845038510642,1.9138060465099183,1.9160822629928589,344756,0.0,0.0
2004-10-12 00:00:00-04:00,1.9297447682175,1.936575479084991,1.9217754337695743,1.9263288974761963,153394,0.0,0.0
2004-10-13 00:00:00-04:00,1.9354369449328985,1.9354369449328985,1.8898971526868968,1.8978664875030518,153394,0.0,0.0
2004-10-14 00:00:00-04:00,1.8842049260808156,1.9525140941009582,1.8842049260808156,1.9160822629928589,753300,0.0,0.0
2004-10-15 00:00:00-04:00,1.9354373572669317,1.951376030294886,1.9297452685042005,1.941129446029663,249834,0.0,0.0
2004-10-18 00:00:00-04:00,1.9194984828125858,1.9434064898456829,1.9194984828125858,1.9388530254364014,484481,0.0,0.0
2004-10-19 00:00:00-04:00,1.9411287829714208,1.9468219004048586,1.927467362361233,1.9320218563079834,258188,0.0,0.0
2004-10-20 00:00:00-04:00,1.9297451376444705,1.9502372741699219,1.9297451376444705,1.9502372741699219,1312959,0.0,0.0
2004-10-21 00:00:00-04:00,1.9570691496730006,1.9570691496730006,1.9308838923798235,1.941129446029663,648506,0.0,0.0
2004-10-22 00:00:00-04:00,1.9525144658602298,1.9980542634161438,1.942267882583239,1.9513758420944214,940866,0.0,0.0
2004-10-25 00:00:00-04:00,1.935436550933954,1.9900842905044556,1.935436550933954,1.9900842905044556,164784,0.0,0.0
2004-10-26 00:00:00-04:00,1.8329732454870733,1.9638995083560022,1.7976798280421835,1.8215880393981934,3448322,0.0,0.0
2004-10-27 00:00:00-04:00,1.8489117808555748,1.8557424917648608,1.8136185721066211,1.842081069946289,729759,0.0,0.0
2004-10-28 00:00:00-04:00,1.8842050531982137,1.9058358102435313,1.8113413860662868,1.8181720972061157,577125,0.0,0.0
2004-10-29 00:00:00-04:00,1.850050603727534,1.850050603727534,1.810202896336642,1.8227267265319824,599906,0.0,0.0
2004-11-01 00:00:00-05:00,1.822726292528365,1.8955899477005003,1.8010945084185168,1.8955899477005005,370575,0.0,0.0
2004-11-02 00:00:00-05:00,1.906974029235298,1.946821725223613,1.8739580735523662,1.9217751026153564,771525,0.0,0.0
2004-11-03 00:00:00-05:00,1.924051249260519,1.9809762327259408,1.924051249260519,1.9718682765960693,682678,0.0,0.0
2004-11-04 00:00:00-05:00,1.9525137861724151,1.9525137861724151,1.8625728461356554,1.9149433374404907,721406,0.0,0.0
2004-11-05 00:00:00-05:00,1.9069742783262709,1.919498106573744,1.878512812462595,1.9012821912765503,427528,0.0,0.0
2004-11-08 00:00:00-05:00,1.8933128310498262,1.9194980801015316,1.8933128310498262,1.9058356285095215,370575,0.0,0.0
2004-11-09 00:00:00-05:00,1.9194981866087053,1.9274675210566308,1.884204978075699,1.9263288974761963,665213,0.0,0.0
2004-11-10 00:00:00-05:00,1.856881052749741,1.9456833834219613,1.856881052749741,1.9160822629928589,938588,0.0,0.0
2004-11-11 00:00:00-05:00,1.9297449836263916,1.950237118516311,1.9274677362113235,1.944545030593872,526247,0.0,0.0
2004-11-12 00:00:00-05:00,1.963899375759341,2.008300542831421,1.9354368777664432,2.008300542831421,823922,0.0,0.0
2004-11-15 00:00:00-05:00,2.0083006353050172,2.0174085938575215,1.974146048386919,2.0128540992736816,237684,0.0,0.0
2004-11-16 00:00:00-05:00,1.975284457206726,1.987807254719992,1.9650378761226497,1.975284457206726,243759,0.0,0.0
2004-11-17 00:00:00-05:00,1.9980538072676737,2.0105776352171367,1.9661764715636567,1.9912230968475342,190603,0.0,0.0
2004-11-18 00:00:00-05:00,1.9650382798807653,2.0094394532915345,1.9650382798807653,2.004884958267212,205031,0.0,0.0
2004-11-19 00:00:00-05:00,1.9809762327259408,2.026516013375298,1.9673148138385845,1.9718682765960693,197438,0.0,0.0
2004-11-22 00:00:00-05:00,1.9638993395211224,2.031069885379001,1.9638993395211224,2.0219619274139404,248316,0.0,0.0
2004-11-23 00:00:00-05:00,2.040177462542685,2.0413160859026807,1.9627603495972143,1.986668348312378,347794,0.0,0.0
2004-11-24 00:00:00-05:00,1.9786990428866704,2.0379012747391325,1.970729709870941,2.0242388248443604,273375,0.0,0.0
2004-11-26 00:00:00-05:00,2.049285518296527,2.1027946351245963,2.0105774752520507,2.0925490856170654,119981,0.0,0.0
2004-11-29 00:00:00-05:00,2.1107644918237756,2.1563040760822854,2.072056236837789,2.1483347415924072,341719,0.0,0.0
2004-11-30 00:00:00-05:00,2.1403646307769777,2.155165701416973,2.073194108461895,2.147195339202881,378928,0.0,0.0
2004-12-01 00:00:00-05:00,2.1449197701345355,2.18362781662776,2.1244266080636725,2.168827772140503,338681,0.0,0.0
2004-12-02 00:00:00-05:00,2.1722437728193604,2.1893210653630786,2.152889233105781,2.159719944000244,200475,0.0,0.0
2004-12-03 00:00:00-05:00,2.1517510797537973,2.152889703587557,2.0777487754821777,2.0777487754821777,154153,0.0,0.0
2004-12-06 00:00:00-05:00,2.0777481693874056,2.125565203379999,2.0731947059959914,2.0868561267852783,173138,0.0,0.0
2004-12-07 00:00:00-05:00,2.094825266851931,2.173381211782341,2.094825266851931,2.106210470199585,257428,0.0,0.0
2004-12-08 00:00:00-05:00,2.0914104524850474,2.1631354823943285,2.0914104524850474,2.1551661491394043,167063,0.0,0.0
2004-12-09 00:00:00-05:00,2.1289800331138418,2.181351349669584,2.1289800331138418,2.1358115673065186,451828,0.0,0.0
2004-12-10 00:00:00-05:00,2.151750262424087,2.1528888858253477,2.1289800617517796,2.150611639022827,198197,0.0,0.0
2004-12-13 00:00:00-05:00,2.1676893615403765,2.1984291076660156,2.1551665628565364,2.1984291076660156,755578,0.0,0.0
2004-12-14 00:00:00-05:00,2.1961518672448856,2.2530768651591155,2.1938746199806776,2.220059871673584,183009,0.0,0.0
2004-12-15 00:00:00-05:00,2.2075370471949145,2.2348609222011313,2.1175960874596784,2.2052597999572754,705459,0.0,0.0
2004-12-16 00:00:00-05:00,2.1972904410495215,2.2189214038465233,2.127842645987324,2.1346733570098877,237684,0.0,0.0
2004-12-17 00:00:00-05:00,2.1255649701772534,2.155166086126465,2.115318390401952,2.1426422595977783,185288,0.0,0.0
2004-12-20 00:00:00-05:00,2.151750781571402,2.151750781571402,2.09368715778799,2.125565528869629,251353,0.0,0.0
2004-12-21 00:00:00-05:00,2.140365575426874,2.181351905301095,2.0834416059346372,2.125565528869629,85050,0.0,0.0
2004-12-22 00:00:00-05:00,2.1255650789969116,2.1619969064564977,2.1175957455670003,2.151750326156616,41006,0.0,0.0
2004-12-23 00:00:00-05:00,2.134673253215886,2.1528891688004377,2.0936869278431,2.102794885635376,123019,0.0,0.0
2004-12-27 00:00:00-05:00,2.128980618010403,2.128980618010403,2.061809858582354,2.1005189418792725,213384,0.0,0.0
2004-12-28 00:00:00-05:00,2.109626492157658,2.147195913862296,2.0823026205265425,2.1460583209991455,258947,0.0,0.0
2004-12-29 00:00:00-05:00,2.1119031627651195,2.1574429586124975,2.087995156425963,2.1415042877197266,185288,0.0,0.0
2004-12-30 00:00:00-05:00,2.16427332883448,2.16427332883448,2.151750326156616,2.151750326156616,217941,0.0,0.0
2004-12-31 00:00:00-05:00,2.151749831896648,2.1665498719218954,2.117595259152386,2.147195339202881,198956,0.0,0.0
2005-01-03 00:00:00-05:00,2.1289800331138418,2.1585809431805814,2.1175956543612924,2.1358115673065186,277931,0.0,0.0
2005-01-04 00:00:00-05:00,2.163136073000102,2.163136073000102,2.1175962772417316,2.1528894901275635,213384,0.0,0.0
2005-01-05 00:00:00-05:00,2.115318909205669,2.158581455055912,2.093687120972955,2.0948257446289062,159469,0.0,0.0
2005-01-06 00:00:00-05:00,2.0914105396733023,2.2075367343382934,2.0902719162158507,2.1733813285827637,397153,0.0,0.0
2005-01-07 00:00:00-05:00,2.2029825239650593,2.2029825239650593,2.0845790671502558,2.1016573905944824,383484,0.0,0.0
2005-01-10 00:00:00-05:00,2.1107642110800864,2.1767969498813353,2.0982412084022224,2.151750326156616,116944,0.0,0.0
2005-01-11 00:00:00-05:00,2.111902843427652,2.119872383792025,2.089133464254507,2.102794885635376,85050,0.0,0.0
2005-01-12 00:00:00-05:00,2.0709180148153536,2.084579439271289,2.0663635195864942,2.081164598464966,48600,0.0,0.0
2005-01-13 00:00:00-05:00,2.0891337202352966,2.11873484434098,2.0845792254735533,2.0959644317626953,97959,0.0,0.0
2005-01-14 00:00:00-05:00,2.11190266306137,2.1380881167739356,2.106210576407987,2.1289801597595215,82772,0.0,0.0
2005-01-18 00:00:00-05:00,2.1062108149550074,2.163135810396105,2.0549789374270904,2.0709176063537598,213384,0.0,0.0
2005-01-19 00:00:00-05:00,2.0891335676290264,2.1289804469305236,2.0720562747503766,2.0788869857788086,163266,0.0,0.0
2005-01-20 00:00:00-05:00,2.0470096288465975,2.117596046941603,2.0435937580554984,2.0857176780700684,263503,0.0,0.0
2005-01-21 00:00:00-05:00,2.1164574811732364,2.205259818016885,2.0492859014188483,2.1096267700195312,677363,0.0,0.0
2005-01-24 00:00:00-05:00,2.1278427070934036,2.150612088027539,2.1016574552423224,2.1380884647369385,111628,0.0,0.0
2005-01-25 00:00:00-05:00,2.1631364410767877,2.176797866821289,2.1528898564607024,2.176797866821289,111628,0.0,0.0
2005-01-26 00:00:00-05:00,2.175658941268921,2.185905524464399,2.1631361411752175,2.175658941268921,219459,0.0,0.0
2005-01-27 00:00:00-05:00,2.161997817162176,2.2086762445841566,2.1449205196738403,2.176797866821289,202753,0.0,0.0
2005-01-28 00:00:00-05:00,2.1904600893334236,2.1915978886342318,2.1119032925350942,2.1323964595794678,142003,0.0,0.0
2005-01-31 00:00:00-05:00,2.1597202027971756,2.1870440802643394,2.1597202027971756,2.1859054565429688,141244,0.0,0.0
2005-02-01 00:00:00-05:00,2.1665504553506576,2.1665504553506576,2.100518538427331,2.1232879161834717,195159,0.0,0.0
2005-02-02 00:00:00-05:00,2.108487872172731,2.1802129064963625,2.108487872172731,2.1232879161834717,779119,0.0,0.0
2005-02-03 00:00:00-05:00,2.11873444936803,2.1483345373404705,2.1175958258898553,2.1460583209991455,190603,0.0,0.0
2005-02-04 00:00:00-05:00,2.097102583680717,2.1642733275067525,2.097102583680717,2.163135528564453,378928,0.0,0.0
2005-02-07 00:00:00-05:00,2.168827815036445,2.18932097751263,2.1665505679579624,2.1881823539733887,256669,0.0,0.0
2005-02-08 00:00:00-05:00,2.1733818313804463,2.1904599504551245,2.143781530975889,2.1528894901275635,287044,0.0,0.0
2005-02-09 00:00:00-05:00,2.1517509640794645,2.1665510118920257,2.0379019848233013,2.0800259113311768,1106409,0.0,0.0
2005-02-10 00:00:00-05:00,2.0652252544425016,2.0777480510167416,2.0390400072422885,2.044732093811035,381966,0.0,0.0
2005-02-11 00:00:00-05:00,2.0322082652928017,2.056117296218872,2.0322082652928017,2.056117296218872,189844,0.0,0.0
2005-02-14 00:00:00-05:00,2.0583936714395614,2.0595322949634958,2.035624292806067,2.050424337387085,56194,0.0,0.0
2005-02-15 00:00:00-05:00,2.0504246111770255,2.125565528869629,2.0447325234123626,2.125565528869629,528525,0.0,0.0
2005-02-16 00:00:00-05:00,2.085716902140259,2.1619964098428763,2.085716902140259,2.147195339202881,319697,0.0,0.0
2005-02-17 00:00:00-05:00,2.152889117808247,2.152889117808247,2.117595911026001,2.117595911026001,136688,0.0,0.0
2005-02-18 00:00:00-05:00,2.116457709704973,2.122149797845157,2.092549702777876,2.0936872959136963,143522,0.0,0.0
2005-02-22 00:00:00-05:00,2.0743335250246213,2.1016573997937926,2.04700965025545,2.0675017833709717,208069,0.0,0.0
2005-02-23 00:00:00-05:00,2.0857176036705325,2.0857176036705325,2.0549788901076416,2.074333429336548,220978,0.0,0.0
2005-02-24 00:00:00-05:00,2.0777480425400743,2.0857173759498018,2.0492855485824877,2.0845787525177,128334,0.0,0.0
2005-02-25 00:00:00-05:00,2.054978661965605,2.119872158679235,2.054978661965605,2.118734359741211,50119,0.0,0.0
2005-02-28 00:00:00-05:00,2.123288106837938,2.140365399342206,2.1119029016300535,2.126703977584839,491316,0.0,0.0
2005-03-01 00:00:00-05:00,1.9012822755659309,2.0379016463516173,1.9012822755659309,1.9399913549423218,1240819,0.0,0.0
2005-03-02 00:00:00-05:00,1.9183590415276328,1.946821531455698,1.9183590415276328,1.9297442436218262,333366,0.0,0.0
2005-03-03 00:00:00-05:00,1.953652776713331,1.9707300692346519,1.9399913549423218,1.9399913549423218,241481,0.0,0.0
2005-03-04 00:00:00-05:00,1.9741456251280884,1.9843922051296758,1.9183592621277545,1.9251899719238281,291600,0.0,0.0
2005-03-07 00:00:00-05:00,1.9206367036187872,1.9297446611417741,1.8978662945037903,1.9058356285095215,413859,0.0,0.0
2005-03-08 00:00:00-05:00,1.9046981843430681,1.9183596063868242,1.8864822678746336,1.889897108078003,408544,0.0,0.0
2005-03-09 00:00:00-05:00,1.884205389844121,1.906974774583414,1.8682667174650816,1.8807895183563232,421453,0.0,0.0
2005-03-10 00:00:00-05:00,1.9069746978769333,1.9069746978769333,1.865989394748669,1.8887587785720825,124538,0.0,0.0
2005-03-11 00:00:00-05:00,1.884205009862456,1.9001436790271944,1.884205009862456,1.8990050554275513,317419,0.0,0.0
2005-03-14 00:00:00-05:00,1.9081128341701032,1.9263287488210985,1.902420747322306,1.922913908958435,522450,0.0,0.0
2005-03-15 00:00:00-05:00,1.9297445200708692,1.9422673166151052,1.846634284922372,1.893312692642212,312103,0.0,0.0
2005-03-16 00:00:00-05:00,1.85232653243469,1.9377140218709374,1.85232653243469,1.9012821912765503,353109,0.0,0.0
2005-03-17 00:00:00-05:00,1.894451480693871,1.9286060642223408,1.881927652446398,1.9012821912765503,189844,0.0,0.0
2005-03-18 00:00:00-05:00,1.9194978483320246,1.9194978483320246,1.89786606534621,1.908112645149231,631800,0.0,0.0
2005-03-21 00:00:00-05:00,1.883066523499785,1.9046983122392538,1.8807892761345337,1.892174482345581,209588,0.0,0.0
2005-03-22 00:00:00-05:00,1.8955903280775888,1.9001437921320703,1.8728199159595962,1.8773744106292725,996300,0.0,0.0
2005-03-23 00:00:00-05:00,1.8602970384150812,1.8842050425772958,1.8602970384150812,1.8716812133789062,138966,0.0,0.0
2005-03-24 00:00:00-05:00,1.897866529143748,1.897866529143748,1.8728199005126953,1.8728199005126953,397913,0.0,0.0
2005-03-28 00:00:00-05:00,1.895590079245443,1.895590079245443,1.8659889596238388,1.8750969171524048,420694,0.0,0.0
2005-03-29 00:00:00-05:00,1.8739576586530313,1.8842042362275477,1.8694041967391968,1.8694041967391968,363741,0.0,0.0
2005-03-30 00:00:00-05:00,1.8876202657541252,1.893313385006129,1.871681593079236,1.8785133361816406,1053253,0.0,0.0
2005-03-31 00:00:00-05:00,1.8910353095232548,1.9001432657241821,1.8728193971214002,1.9001432657241821,754059,0.0,0.0
2005-04-01 00:00:00-05:00,1.9092518326497792,1.9342984625604285,1.8694051556590279,1.8910359144210815,350072,0.0,0.0
2005-04-04 00:00:00-04:00,1.880789251016335,1.8898972097404931,1.8580198695135375,1.8773744106292725,525488,0.0,0.0
2005-04-05 00:00:00-04:00,1.8671278282376955,1.8876199624056549,1.8580198695135375,1.8773744106292725,608259,0.0,0.0
2005-04-06 00:00:00-04:00,1.8637116395515576,1.9012820917114384,1.8614343926048935,1.883066177368164,363741,0.0,0.0
2005-04-07 00:00:00-04:00,1.8853433142630471,1.8853433142630471,1.865988777576209,1.8739581108093262,318938,0.0,0.0
2005-04-08 00:00:00-04:00,1.886482450171527,1.911529080082176,1.886482450171527,1.8910359144210815,298434,0.0,0.0
2005-04-11 00:00:00-04:00,1.885343517366437,1.9012821855497042,1.885343517366437,1.8876197338104248,325013,0.0,0.0
2005-04-12 00:00:00-04:00,1.8739581635906521,1.903559281158079,1.8705422932738376,1.8955899477005005,349313,0.0,0.0
2005-04-13 00:00:00-04:00,1.9069743052158339,1.9673151696230535,1.9069743052158339,1.9160822629928589,420694,0.0,0.0
2005-04-14 00:00:00-04:00,1.9251904043237706,1.9479608162448814,1.9172210693359377,1.9172210693359375,407025,0.0,0.0
2005-04-15 00:00:00-04:00,1.9308835982308812,1.9775609863283325,1.902421097522408,1.9092518091201782,534600,0.0,0.0
2005-04-18 00:00:00-04:00,1.9331598358154947,1.9593450894013174,1.9058359585152576,1.9354370832443237,705459,0.0,0.0
2005-04-19 00:00:00-04:00,1.9434063913119288,1.9809768508985395,1.9434063913119288,1.9650381803512573,814809,0.0,0.0
2005-04-20 00:00:00-04:00,1.97300753143653,1.97300753143653,1.9217756482888844,1.944545030593872,669009,0.0,0.0
2005-04-21 00:00:00-04:00,1.9593448825504636,1.9946380915104105,1.9377141261058892,1.9525141716003418,466256,0.0,0.0
2005-04-22 00:00:00-04:00,1.9456834810894759,1.9604835267394014,1.889897108078003,1.889897108078003,405506,0.0,0.0
2005-04-25 00:00:00-04:00,1.9115284686290686,1.9217750481819753,1.8842046000262866,1.9001432657241821,233888,0.0,0.0
2005-04-26 00:00:00-04:00,1.8921738002426585,1.903559002349495,1.8648499335551525,1.8671271800994873,358425,0.0,0.0
2005-04-27 00:00:00-04:00,1.864850502277581,1.9320220815168763,1.8602970384150812,1.8716812133789062,189084,0.0,0.0
2005-04-28 00:00:00-04:00,1.8557424895370138,1.8568811131230483,1.8170334100723269,1.8170334100723267,382725,0.0,0.0
2005-04-29 00:00:00-04:00,1.8215875548906544,1.8773739162113414,1.7874329763236783,1.8079251050949097,419934,0.0,0.0
2005-05-02 00:00:00-04:00,1.8079254386566366,1.8409424305626063,1.8079254386566366,1.837526559829712,243000,0.0,0.0
2005-05-03 00:00:00-04:00,1.8785129135129512,1.9855311639870004,1.8785129135129512,1.9525141716003418,836072,0.0,0.0
2005-05-04 00:00:00-04:00,1.9627607533330889,1.9627607533330889,1.9069743809076476,1.9525141716003418,390319,0.0,0.0
2005-05-05 00:00:00-04:00,1.9490996497019129,1.9593452024925309,1.921775770824572,1.9331599473953247,110109,0.0,0.0
2005-05-06 00:00:00-04:00,1.9525140029505494,1.9673150777816772,1.924051507399193,1.9673150777816772,201234,0.0,0.0
2005-05-09 00:00:00-04:00,1.9525143748082177,1.9980541702404646,1.9434064157217683,1.979838252067566,274894,0.0,0.0
2005-05-10 00:00:00-04:00,1.9582074416314048,1.9582074416314048,1.8887586112977042,1.892174482345581,277931,0.0,0.0
2005-05-11 00:00:00-04:00,1.9160821356347166,1.922913876474709,1.8705423497765306,1.883066177368164,180731,0.0,0.0
2005-05-12 00:00:00-04:00,1.8955902481562723,1.910390293978336,1.8716812133789062,1.8716812133789062,246797,0.0,0.0
2005-05-13 00:00:00-04:00,1.8921742880132386,1.8921742880132386,1.7862946637857382,1.7976796627044678,256669,0.0,0.0
2005-05-16 00:00:00-04:00,1.8056487377063084,1.872819265845487,1.8056487377063084,1.8671271800994873,187566,0.0,0.0
2005-05-17 00:00:00-04:00,1.8466344398227277,1.9012821855497042,1.8466344398227277,1.8876197338104248,151875,0.0,0.0
2005-05-18 00:00:00-04:00,1.9115290770873306,1.9502371303012382,1.892174535172758,1.9354370832443237,328050,0.0,0.0
2005-05-19 00:00:00-04:00,1.9411286647561912,1.9809763619033944,1.9411286647561912,1.9627604484558105,290841,0.0,0.0
2005-05-20 00:00:00-04:00,1.9695912582283395,1.9923616665000543,1.9673150418931848,1.9809764623641968,277931,0.0,0.0
2005-05-23 00:00:00-04:00,1.9843922321554297,1.9889456952098414,1.9582069854013986,1.9627604484558105,271856,0.0,0.0
2005-05-24 00:00:00-04:00,1.94796057874571,1.967315117334355,1.9308832871945667,1.9616219997406006,168581,0.0,0.0
2005-05-25 00:00:00-04:00,1.9331592501217312,1.9490989466790107,1.9069740044693135,1.9149433374404907,309825,0.0,0.0
2005-05-26 00:00:00-04:00,1.906974216191387,1.9707299176542146,1.906974216191387,1.9673150777816772,194400,0.0,0.0
2005-05-27 00:00:00-04:00,1.9695915030567317,1.9866687960757856,1.9695915030567317,1.9832539558410645,249834,0.0,0.0
2005-05-31 00:00:00-04:00,1.9923618369888254,2.0344857560965646,1.9775607611611588,2.0219619274139404,400191,0.0,0.0
2005-06-01 00:00:00-04:00,2.0037462171891183,2.0652257127261158,2.0037462171891183,2.06294846534729,248316,0.0,0.0
2005-06-02 00:00:00-04:00,2.0390399908818253,2.049285540500366,2.0071616267536587,2.040177583694458,671288,0.0,0.0
2005-06-03 00:00:00-04:00,2.0219619848910284,2.0458710193634033,2.0219619848910284,2.0458710193634033,120741,0.0,0.0
2005-06-06 00:00:00-04:00,2.026516162555094,2.051562786102295,2.026516162555094,2.051562786102295,504225,0.0,0.0
2005-06-07 00:00:00-04:00,2.0401779013389625,2.0549789775873704,2.0401779013389625,2.0458710193634033,527006,0.0,0.0
2005-06-08 00:00:00-04:00,2.043593469037836,2.056117296218872,2.0344855121648058,2.056117296218872,684197,0.0,0.0
2005-06-09 00:00:00-04:00,2.044732221063397,2.0515629314939945,2.0242390591565544,2.0470094680786133,106313,0.0,0.0
2005-06-10 00:00:00-04:00,2.0367631721279906,2.0481473475669487,2.0333473011271863,2.0435938835144043,44044,0.0,0.0
2005-06-13 00:00:00-04:00,2.053840468408902,2.077748473598134,2.0379017982827468,2.0766098499298096,602184,0.0,0.0
2005-06-14 00:00:00-04:00,2.0583938161046436,2.1016573905944824,2.0583938161046436,2.1016573905944824,493594,0.0,0.0
2005-06-15 00:00:00-04:00,2.094825266851931,2.110764139292667,2.0914104272780993,2.106210470199585,471572,0.0,0.0
2005-06-16 00:00:00-04:00,2.10507195295431,2.1289801597595215,2.067501501442977,2.1289801597595215,559659,0.0,0.0
2005-06-17 00:00:00-04:00,1.777186773390562,2.1289804500708502,1.777186773390562,2.0675017833709717,1031231,0.0,0.0
2005-06-20 00:00:00-04:00,2.0606713684284177,2.087995247123732,2.009439482355438,2.0800259113311768,637875,0.0,0.0
2005-06-21 00:00:00-04:00,2.060670748500667,2.1289801155043215,2.0379013717454404,2.118734359741211,680400,0.0,0.0
2005-06-22 00:00:00-04:00,2.127842776221575,2.14719628686751,2.125565528869629,2.125565528869629,965925,0.0,0.0
2005-06-23 00:00:00-04:00,2.125565093141896,2.1415037601077858,2.0606707712207832,2.0663628578186035,316659,0.0,0.0
2005-06-24 00:00:00-04:00,2.0549791126423966,2.0766098707114486,2.0253779888153076,2.0253779888153076,577884,0.0,0.0
2005-06-27 00:00:00-04:00,2.024239043213876,2.058393625712916,2.0128538388425152,2.042454957962036,243759,0.0,0.0
2005-06-28 00:00:00-04:00,2.0481470557533745,2.066362970598595,1.9866686008045176,2.002608299255371,430566,0.0,0.0
2005-06-29 00:00:00-04:00,1.9855309338832294,2.065225300705858,1.9809764400342174,2.052701473236084,284766,0.0,0.0
2005-06-30 00:00:00-04:00,2.0583937592741823,2.0583937592741823,1.9889459662712616,2.0219619274139404,205791,0.0,0.0
2005-07-01 00:00:00-04:00,2.026516481794598,2.1426426916387347,2.023100610975747,2.1346733570098877,682678,0.0,0.0
2005-07-05 00:00:00-04:00,2.1267037443942796,2.1733813285827637,2.106210583390162,2.1733813285827637,560419,0.0,0.0
2005-07-06 00:00:00-04:00,2.1756585479735824,2.1756585479735824,2.092549334907269,2.102794885635376,299194,0.0,0.0
2005-07-07 00:00:00-04:00,2.086856176404351,2.1950130442488502,2.0766095952612313,2.1392266750335693,419934,0.0,0.0
2005-07-08 00:00:00-04:00,2.1437809914115484,2.1745197016773514,2.1380880803631124,2.163135528564453,316659,0.0,0.0
2005-07-11 00:00:00-04:00,2.164273655681091,2.1859052368596235,2.1631358565662637,2.17907452583313,486759,0.0,0.0
2005-07-12 00:00:00-04:00,2.1745195916854434,2.1745195916854434,2.124426346800561,2.1426422595977783,700903,0.0,0.0
2005-07-13 00:00:00-04:00,2.1494731710302237,2.2394141200830533,2.1471959240630563,2.2371370792388916,700144,0.0,0.0
2005-07-14 00:00:00-04:00,2.2473834739153786,2.2473834739153786,2.169966351875843,2.218921184539795,696347,0.0,0.0
2005-07-15 00:00:00-04:00,2.196151518266095,2.2473833898788187,2.196151518266095,2.2359983921051025,547509,0.0,0.0
2005-07-18 00:00:00-04:00,2.233722499764316,2.2382759640345546,2.1426429082071037,2.1859054565429688,1534697,0.0,0.0
2005-07-19 00:00:00-04:00,2.639025100593826,2.6561023936191934,2.390833803179296,2.496713638305664,7759294,0.0,0.0
2005-07-20 00:00:00-04:00,2.486467018282661,2.5217602274098607,2.427265599286144,2.519483804702759,3471863,0.0,0.0
2005-07-21 00:00:00-04:00,2.5274531779973852,2.567300057641223,2.4910213447125615,2.496713638305664,2717803,0.0,0.0
2005-07-22 00:00:00-04:00,2.502406400464871,2.579823732376099,2.4978521123923594,2.5798237323760986,1458000,0.0,0.0
2005-07-25 00:00:00-04:00,2.579823608921882,2.5991779409735116,2.5126520370578485,2.563884735107422,1134506,0.0,0.0
2005-07-26 00:00:00-04:00,2.566161131718907,2.6014543372289887,2.5183449230038715,2.5376994609832764,1178550,0.0,0.0
2005-07-27 00:00:00-04:00,2.537699628098573,2.544530338830825,2.4659745888721867,2.505821466445923,1283344,0.0,0.0
2005-07-28 00:00:00-04:00,2.493298242939777,2.5411144505945593,2.4648357483432375,2.498990535736084,1312959,0.0,0.0
2005-07-29 00:00:00-04:00,2.4932989814507076,2.561608370346524,2.4830523979117323,2.5445308685302734,938588,0.0,0.0
2005-08-01 00:00:00-04:00,2.5513610660510886,2.569576980393224,2.4534507841158666,2.5581917762756348,703181,0.0,0.0
2005-08-02 00:00:00-04:00,2.5547763689143164,2.603731193771604,2.3623708781919475,2.5160675048828125,1230947,0.0,0.0
2005-08-03 00:00:00-04:00,2.5126522496201527,2.665210290319343,2.494436333398902,2.5821008682250977,1314478,0.0,0.0
2005-08-04 00:00:00-04:00,2.562746608256314,2.5798241088746754,2.505821812318157,2.51492977142334,655341,0.0,0.0
2005-08-05 00:00:00-04:00,2.5080992036345404,2.546808083583007,2.4227125201364044,2.4477591514587402,1524825,0.0,0.0
2005-08-08 00:00:00-04:00,2.4762210845947266,2.5365609167693877,2.4648358800248653,2.4762210845947266,1053253,0.0,0.0
2005-08-09 00:00:00-04:00,2.4580052624636393,2.6697647162711506,2.4580052624636393,2.5923473834991455,2225728,0.0,0.0
2005-08-10 00:00:00-04:00,2.6173944362397275,2.8063843353149,2.6173944362397275,2.675457239151001,2910684,0.0,0.0
2005-08-11 00:00:00-04:00,2.6709031746123286,2.7016420949073354,2.6572409284027136,2.669764757156372,986428,0.0,0.0
2005-08-12 00:00:00-04:00,2.6572413641395123,2.660657235436588,2.5616083045895137,2.6504106521606445,873281,0.0,0.0
2005-08-15 00:00:00-04:00,2.6469941628910205,2.7198578219621368,2.6469941628910205,2.710749864578247,823922,0.0,0.0
2005-08-16 00:00:00-04:00,2.701641920912468,2.7164427897478363,2.5900700092315674,2.5900700092315674,1528622,0.0,0.0
2005-08-17 00:00:00-04:00,2.5775461318751898,2.624224537903927,2.562745882876115,2.608285665512085,825441,0.0,0.0
2005-08-18 00:00:00-04:00,2.6071480994024983,2.6071480994024983,2.5502230948693936,2.5547773838043213,276413,0.0,0.0
2005-08-19 00:00:00-04:00,2.5502223413484995,2.713026940492038,2.5502223413484995,2.593484878540039,584719,0.0,0.0
2005-08-22 00:00:00-04:00,2.5809626722032113,2.6709036446185945,2.5809626722032113,2.618533134460449,692550,0.0,0.0
2005-08-23 00:00:00-04:00,2.616255866742182,2.7471821308135986,2.5980399490787494,2.7471821308135986,964406,0.0,0.0
2005-08-24 00:00:00-04:00,2.720996642458423,2.7631205619279844,2.6617952243615526,2.6913955211639404,877078,0.0,0.0
2005-08-25 00:00:00-04:00,2.6948112392203436,2.734658733759601,2.668625990156446,2.672041654586792,596869,0.0,0.0
2005-08-26 00:00:00-04:00,2.6913957174449226,2.6913957174449226,2.6390252125304343,2.681149959564209,419175,0.0,0.0
2005-08-29 00:00:00-04:00,2.6640720322966422,2.6948117816188297,2.635610354960594,2.675457239151001,496631,0.0,0.0
2005-08-30 00:00:00-04:00,2.669764848949269,2.6834262711365042,2.6196705628273893,2.6299171447753906,475369,0.0,0.0
2005-08-31 00:00:00-04:00,2.620809096335833,2.669764757156372,2.592347423198785,2.669764757156372,378928,0.0,0.0
2005-09-01 00:00:00-04:00,2.650410158929309,2.6754567852675972,2.6173939922065066,2.6549644470214844,388041,0.0,0.0
2005-09-02 00:00:00-04:00,2.6413023503415203,2.668626225331141,2.604870517022026,2.6299171447753906,277931,0.0,0.0
2005-09-06 00:00:00-04:00,2.6435796478960323,2.7073353623897907,2.6435796478960323,2.7005038261413574,1286381,0.0,0.0
2005-09-07 00:00:00-04:00,2.6948108964075272,2.720996142140342,2.6936722730345877,2.709610939025879,416897,0.0,0.0
2005-09-08 00:00:00-04:00,2.697089249163681,2.714166545530892,2.6208096968158086,2.68228816986084,735834,0.0,0.0
2005-09-09 00:00:00-04:00,2.682287386874862,2.7050577957944726,2.5946236829489773,2.7039191722869873,2004750,0.0,0.0
2005-09-12 00:00:00-04:00,2.681149479298578,2.743766555369541,2.681149479298578,2.6948111057281494,1062366,0.0,0.0
2005-09-13 00:00:00-04:00,2.705058104502525,2.705058104502525,2.600316891118116,2.6378865242004395,916566,0.0,0.0
2005-09-14 00:00:00-04:00,2.6413020886090535,2.6788725418237362,2.602593011889071,2.659518003463745,906694,0.0,0.0
2005-09-15 00:00:00-04:00,2.661795546204926,2.7232742188999164,2.6504105457434686,2.674318552017212,590794,0.0,0.0
2005-09-16 00:00:00-04:00,2.6902575633969152,2.6993655209030023,2.666348736932036,2.6970884799957275,807975,0.0,0.0
2005-09-19 00:00:00-04:00,2.6902574856343304,2.7027804888318205,2.6413020350965453,2.6891188621520996,388041,0.0,0.0
2005-09-20 00:00:00-04:00,2.7073349222719814,2.7073349222719814,2.604870346247686,2.6196703910827637,376650,0.0,0.0
2005-09-21 00:00:00-04:00,2.6287780444009097,2.639024624490587,2.4784972745205582,2.5342836380004883,1372191,0.0,0.0
2005-09-22 00:00:00-04:00,2.5274529927888514,2.6105624107144774,2.4989907024168994,2.5912086963653564,758616,0.0,0.0
2005-09-23 00:00:00-04:00,2.5980398245512313,2.6242250761104207,2.554777073704981,2.623086452484131,1245375,0.0,0.0
2005-09-26 00:00:00-04:00,2.64016379614695,2.6526874195374885,2.563885081139936,2.617394208908081,1530900,0.0,0.0
2005-09-27 00:00:00-04:00,2.6173941583639637,2.6173941583639637,2.5103759048942877,2.5786852836608887,744188,0.0,0.0
2005-09-28 00:00:00-04:00,2.5877934202463253,2.599178420552897,2.525176330806273,2.5331456661224365,504984,0.0,0.0
2005-09-29 00:00:00-04:00,2.5331453005165763,2.5411146346825353,2.4056338926310725,2.5308680534362793,597628,0.0,0.0
2005-09-30 00:00:00-04:00,2.5217605221453487,2.6173944034151386,2.5160684340971873,2.6094250679016113,718369,0.0,0.0
2005-10-03 00:00:00-04:00,2.6105631024971268,2.71188928707318,2.599178719251395,2.7050585746765137,1532419,0.0,0.0
2005-10-04 00:00:00-04:00,2.707335029509526,2.779060070669148,2.707335029509526,2.7517364025115967,1353966,0.0,0.0
2005-10-05 00:00:00-04:00,2.7460433952977072,2.756289977392988,2.6071478017320846,2.616255760192871,734316,0.0,0.0
2005-10-06 00:00:00-04:00,2.617394072055075,2.6617952389322928,2.584377285955977,2.5957624912261963,997059,0.0,0.0
2005-10-07 00:00:00-04:00,2.913402111765266,2.9874033621398275,2.814353206158985,2.9054317474365234,5413584,0.0,0.0
2005-10-10 00:00:00-04:00,2.935032583602578,2.965772322639759,2.858754093615007,2.8690006732940674,1197534,0.0,0.0
2005-10-11 00:00:00-04:00,2.869001417489423,2.9373105922487674,2.856477587829788,2.8724162578582764,1858950,0.0,0.0
2005-10-12 00:00:00-04:00,2.8473690947783328,2.8610305149202384,2.7722281921528618,2.787029266357422,942384,0.0,0.0
2005-10-13 00:00:00-04:00,2.78019846939461,2.870139446139616,2.78019846939461,2.8314313888549805,1170956,0.0,0.0
2005-10-14 00:00:00-04:00,2.832569260561876,2.88493975933521,2.8075216040919577,2.8450920581817627,767728,0.0,0.0
2005-10-17 00:00:00-04:00,2.8564768946735377,2.8564768946735377,2.7927211994154315,2.8541996479034424,471572,0.0,0.0
2005-10-18 00:00:00-04:00,2.8610304799375985,2.8610304799375985,2.783613361978409,2.7893054485321045,439678,0.0,0.0
2005-10-19 00:00:00-04:00,2.7767828340449183,2.9042942383735877,2.7767828340449183,2.888354539871216,1800478,0.0,0.0
2005-10-20 00:00:00-04:00,2.8986016172596507,2.8986016172596507,2.7938606039301934,2.848508358001709,943144,0.0,0.0
2005-10-21 00:00:00-04:00,2.834845477010446,2.928202300469048,2.832569260561876,2.8450920581817627,1084388,0.0,0.0
2005-10-24 00:00:00-04:00,2.8541999499502677,2.887215909150826,2.820045367244166,2.8553385734558105,652303,0.0,0.0
2005-10-25 00:00:00-04:00,2.845092168868874,3.1069457035379187,2.845092168868874,2.954387664794922,1926534,0.0,0.0
2005-10-26 00:00:00-04:00,2.9509718981861814,3.0044810244610574,2.914540064925402,2.9304797649383545,1429903,0.0,0.0
2005-10-27 00:00:00-04:00,2.9225106864308046,2.9338948623613894,2.789306140259716,2.8075220584869385,858094,0.0,0.0
2005-10-28 00:00:00-04:00,2.821183921660345,2.903155536516574,2.791582803086284,2.8097987174987793,989466,0.0,0.0
2005-10-31 00:00:00-05:00,2.8234612848179776,2.9202329476364586,2.8063837870572956,2.9190943241119385,1337259,0.0,0.0
2005-11-01 00:00:00-05:00,2.9190945824027787,3.05685155121783,2.91340249489159,3.001066207885742,1739728,0.0,0.0
2005-11-02 00:00:00-05:00,3.210548414334241,3.243565409618327,2.851923175292347,2.8667242527008057,4028484,0.0,0.0
2005-11-03 00:00:00-05:00,2.887216106280292,3.0181433897463563,2.846230810357641,2.947556972503662,3682209,0.0,0.0
2005-11-04 00:00:00-05:00,2.9464181502711124,3.039773941040039,2.932755698807947,3.039773941040039,1768584,0.0,0.0
2005-11-07 00:00:00-05:00,3.0534372130028884,3.0750679735940576,2.9942349584458103,3.060267925262451,2350266,0.0,0.0
2005-11-08 00:00:00-05:00,3.0750672536101735,3.1411002049661247,3.0454671638774067,3.12743878364563,1782253,0.0,0.0
2005-11-09 00:00:00-05:00,3.2278656041173646,3.231410307507657,3.1179857884996123,3.214869499206543,2574281,0.131687,0.0
2005-11-10 00:00:00-05:00,3.213688198343486,3.3034820839004424,3.184150426382544,3.260948419570923,1303847,0.0,0.0
2005-11-11 00:00:00-05:00,3.2585844004097306,3.265673164594905,3.2125058288809414,3.2503139972686768,1873378,0.0,0.0
2005-11-14 00:00:00-05:00,3.21959531195958,3.288122899851189,3.21959531195958,3.272763729095459,1308403,0.0,0.0
2005-11-15 00:00:00-05:00,3.2940296735637475,3.3046633558519103,3.1888766288757324,3.1888766288757324,2090559,0.0,0.0
2005-11-16 00:00:00-05:00,3.2054177302912157,3.3235677462613347,3.192420768627862,3.30466365814209,972759,0.0,0.0
2005-11-17 00:00:00-05:00,3.3188420622016728,3.4015471754314333,3.2963930578099068,3.375554323196411,624966,0.0,0.0
2005-11-18 00:00:00-05:00,3.402728435025659,3.4050908573842924,3.2373173713757124,3.2845773696899414,1745044,0.0,0.0
2005-11-21 00:00:00-05:00,3.2869407849904895,3.341289763931111,3.2751254640533403,3.325930595397949,805697,0.0,0.0
2005-11-22 00:00:00-05:00,3.320023798651217,3.348379074339541,3.271581940604474,3.3389270305633545,1135266,0.0,0.0
2005-11-23 00:00:00-05:00,3.3389271963435023,3.3542872228013176,3.2467700323375874,3.260948419570923,1177791,0.0,0.0
2005-11-25 00:00:00-05:00,3.2704001571440324,3.2704001571440324,3.249132792198385,3.2562217712402344,459422,0.0,0.0
2005-11-28 00:00:00-05:00,3.24440675669835,3.2751250902587468,3.2018720339992357,3.2195944786071777,1087425,0.0,0.0
2005-11-29 00:00:00-05:00,3.20187279218075,3.204236070568102,3.125075870544707,3.1498870849609375,991744,0.0,0.0
2005-11-30 00:00:00-05:00,3.1534321484416266,3.2243219469394657,3.13807190776349,3.217233180999756,2096634,0.0,0.0
2005-12-01 00:00:00-05:00,3.23377355188456,3.343653152442991,3.23377355188456,3.322385787963867,1584056,0.0,0.0
2005-12-02 00:00:00-05:00,3.3188419414386856,3.376734983817827,3.2928482345092873,3.3566501140594482,1005413,0.0,0.0
2005-12-05 00:00:00-05:00,3.3554685421461943,3.379098115732112,3.2444073002368645,3.3696460723876953,1489894,0.0,0.0
2005-12-06 00:00:00-05:00,3.3790986764148885,3.3790986764148885,3.330657026453259,3.351924180984497,1378266,0.0,0.0
2005-12-07 00:00:00-05:00,3.3507417160133555,3.4133613109588623,3.3495602909066595,3.4133613109588623,1453444,0.0,0.0
2005-12-08 00:00:00-05:00,3.4145430968654766,3.557505166877228,3.4050910538751946,3.5456900596618652,1699481,0.0,0.0
2005-12-09 00:00:00-05:00,3.548053239304043,3.568138965005551,3.435810358836992,3.4842522144317627,2161181,0.0,0.0
2005-12-12 00:00:00-05:00,3.503156239256543,3.5267860262191957,3.4736184707781175,3.4748001098632812,784434,0.0,0.0
2005-12-13 00:00:00-05:00,3.47243700356537,3.5031564126494534,3.4015472113485496,3.4275400638580322,595350,0.0,0.0
2005-12-14 00:00:00-05:00,3.4310850941877993,3.499611824282225,3.410999367185379,3.496067762374878,508022,0.0,0.0
2005-12-15 00:00:00-05:00,3.493704611127997,3.5185160401230586,3.4854342060996664,3.5078823566436768,1223353,0.0,0.0
2005-12-16 00:00:00-05:00,3.520878651089589,3.543326798741734,3.4925225219809763,3.5185155868530273,1256766,0.0,0.0
2005-12-19 00:00:00-05:00,3.5149710987599274,3.5504168527257196,3.47125579546181,3.497248649597168,975797,0.0,0.0
2005-12-20 00:00:00-05:00,3.496067510068022,3.4984299326223445,3.4027287168872555,3.4204511642456055,568772,0.0,0.0
2005-12-21 00:00:00-05:00,3.423995389655561,3.501974803491937,3.422813750501793,3.4759819507598877,343997,0.0,0.0
2005-12-22 00:00:00-05:00,3.499611185008929,3.5740458835089797,3.3672825944421465,3.4287211894989014,1246894,0.0,0.0
2005-12-23 00:00:00-05:00,3.4133613454363627,3.5823164746321883,3.402728519368697,3.4618031978607178,833034,0.0,0.0
2005-12-27 00:00:00-05:00,3.4488072487334156,3.544508463214368,3.4488072487334156,3.539782762527466,540675,0.0,0.0
2005-12-28 00:00:00-05:00,3.5551426176191416,3.5775914101440844,3.4712558576230585,3.544508934020996,766969,0.0,0.0
2005-12-29 00:00:00-05:00,3.520878952359484,3.5386014008750415,3.4618036248508184,3.485434055328369,495113,0.0,0.0
2005-12-30 00:00:00-05:00,3.4558964510700694,3.492522989039689,3.4169066346378028,3.453533172607422,646228,0.0,0.0
2006-01-03 00:00:00-05:00,3.4499881806421024,3.655569645702119,3.4428994153966466,3.607128858566284,3196969,0.0,0.0
2006-01-04 00:00:00-05:00,3.6283952224908305,3.6283952224908305,3.42635825512268,3.4748001098632812,2343431,0.0,0.0
2006-01-05 00:00:00-05:00,3.500792930482387,3.7536348146410847,3.4736184404118466,3.635483741760254,3234178,0.0,0.0
2006-01-06 00:00:00-05:00,3.6780185562246106,3.6827442569942357,3.557505271927408,3.591768741607666,1491413,0.0,0.0
2006-01-09 00:00:00-05:00,3.608309323796468,3.7193705578636904,3.6024019842946218,3.682744026184082,1415475,0.0,0.0
2006-01-10 00:00:00-05:00,3.6981048204412823,3.7122823526350057,3.561049852209939,3.613036632537842,1287900,0.0,0.0
2006-01-11 00:00:00-05:00,3.6307586156502496,3.6307586156502496,3.5515982064791616,3.5586869716644287,1068441,0.0,0.0
2006-01-12 00:00:00-05:00,3.5586868561356297,3.6047654326693603,3.535056427461585,3.5775909423828125,1111725,0.0,0.0
2006-01-13 00:00:00-05:00,3.6094916301447717,3.634303915228032,3.583498775365023,3.6035842895507812,331088,0.0,0.0
2006-01-17 00:00:00-05:00,3.61421733017571,3.61421733017571,3.407453827198854,3.4287211894989014,1391175,0.0,0.0
2006-01-18 00:00:00-05:00,3.4216329353258965,3.604765611459664,3.4216329353258965,3.56813907623291,1328147,0.0,0.0
2006-01-19 00:00:00-05:00,3.5681393050121426,3.607129121024483,3.526786424472676,3.5350568294525146,1058569,0.0,0.0
2006-01-20 00:00:00-05:00,3.566957699639117,3.566957699639117,3.3448351936434073,3.367283344268799,1688091,0.0,0.0
2006-01-23 00:00:00-05:00,3.403910304464573,3.426359099605068,3.342472329835174,3.3578317165374756,1869581,0.0,0.0
2006-01-24 00:00:00-05:00,3.3731906878843287,3.413361280250929,3.3271121143972695,3.349560260772705,1420031,0.0,0.0
2006-01-25 00:00:00-05:00,3.357831343272053,3.4948863080819423,3.3011199324524374,3.4795262813568115,1917422,0.0,0.0
2006-01-26 00:00:00-05:00,3.5161522500847036,3.592950232167253,3.459439992812992,3.5622308254241943,1272713,0.0,0.0
2006-01-27 00:00:00-05:00,3.591768483524042,3.644935822012743,3.540964209160405,3.576409101486206,1047178,0.0,0.0
2006-01-30 00:00:00-05:00,3.553961049930043,3.6520264132147284,3.553961049930043,3.614218235015869,1183866,0.0,0.0
2006-01-31 00:00:00-05:00,3.7111003055774483,3.757179098379489,3.5669574427282598,3.595313787460327,2559853,0.0,0.0
2006-02-01 00:00:00-05:00,3.6094914383444348,3.79262412086864,3.5728649018395937,3.7583608627319336,1617469,0.0,0.0
2006-02-02 00:00:00-05:00,3.7713577872823096,3.7713577872823096,3.5173344425552493,3.5823171138763428,842147,0.0,0.0
2006-02-03 00:00:00-05:00,3.5787732656295015,3.646118363813211,3.5740469222990936,3.6201252937316895,852019,0.0,0.0
2006-02-06 00:00:00-05:00,3.6295777182456748,3.672112457149925,3.6024030076136313,3.6496634483337402,1064644,0.0,0.0
2006-02-07 00:00:00-05:00,3.647299245637153,3.647299245637153,3.5976768222203175,3.6213061809539795,735834,0.0,0.0
2006-02-08 00:00:00-05:00,3.6390289599656778,3.6792004136317233,3.6012207846447644,3.6153995990753174,975797,0.0,0.0
2006-02-09 00:00:00-05:00,3.607128540408208,3.7051930286232735,3.607128540408208,3.682744026184082,874800,0.0,0.0
2006-02-10 00:00:00-05:00,3.692195854951049,3.692195854951049,3.6768366866822357,3.682744026184082,634078,0.0,0.0
2006-02-13 00:00:00-05:00,3.6957407720362383,3.712281579333448,3.6768366866822357,3.682744026184082,941625,0.0,0.0
2006-02-14 00:00:00-05:00,3.7028299187863745,3.7760829854734848,3.6815625544094006,3.748908281326294,1041103,0.0,0.0
2006-02-15 00:00:00-05:00,3.754816411022363,3.7973502833917356,3.734730686078995,3.7784461975097656,612816,0.0,0.0
2006-02-16 00:00:00-05:00,3.8032574415187774,3.8233431677627987,3.751271736752121,3.7737207412719727,943144,0.0,0.0
2006-02-17 00:00:00-05:00,3.7949873670097674,3.7949873670097674,3.615399603562822,3.653207778930664,915806,0.0,0.0
2006-02-21 00:00:00-05:00,3.6532073394485667,3.667384868730794,3.62248771936014,3.662659168243408,984150,0.0,0.0
2006-02-22 00:00:00-05:00,3.6673852337105375,3.7808097574571113,3.6673852337105375,3.7619056701660156,776841,0.0,0.0
2006-02-23 00:00:00-05:00,3.779628240115419,3.817436415916071,3.709918800991535,3.7808098793029785,608259,0.0,0.0
2006-02-24 00:00:00-05:00,3.773720899817872,3.8020763899381724,3.763087430590212,3.7808098793029785,993263,0.0,0.0
2006-02-27 00:00:00-05:00,3.803257312580863,3.8103471471679957,3.768994056943989,3.8020761013031006,1287141,0.0,0.0
2006-02-28 00:00:00-05:00,3.7973513136534702,3.8186186834283,3.7335500599693736,3.786717414855957,1307644,0.0,0.0
2006-03-01 00:00:00-05:00,3.792623575635212,3.857606448474758,3.7878978752185657,3.7985317707061768,1054772,0.0,0.0
2006-03-02 00:00:00-05:00,3.7926234338108,4.151801037788123,3.772538566061029,3.882418155670166,2366972,0.0,0.0
2006-03-03 00:00:00-05:00,3.889508245271008,3.9048674171697093,3.7737212833659926,3.8245253562927246,1054013,0.0,0.0
2006-03-06 00:00:00-05:00,3.9131380762074492,3.9698503462452885,3.7831735803986897,3.8127102851867676,2223450,0.0,0.0
2006-03-07 00:00:00-05:00,3.8162550926208496,3.83988488358713,3.771357933618707,3.8162550926208496,834553,0.0,0.0
2006-03-08 00:00:00-05:00,3.7926233149123427,3.810346615446666,3.695740473550399,3.733548641204834,1108688,0.0,0.0
2006-03-09 00:00:00-05:00,3.763087309315494,3.7808097574571113,3.7217342172848675,3.7619056701660156,1098056,0.0,0.0
2006-03-10 00:00:00-05:00,3.779628105235862,3.823343191953922,3.7666309302767735,3.792623996734619,1308403,0.0,0.0
2006-03-13 00:00:00-05:00,3.8280697231003256,3.877692577395521,3.812709697772622,3.85878849029541,1303088,0.0,0.0
2006-03-14 00:00:00-05:00,3.8446106095335475,3.9048669338226323,3.7831730739031855,3.904866933822632,990984,0.0,0.0
2006-03-15 00:00:00-05:00,3.927316301981134,4.015928551777463,3.901323232767492,3.999387741088867,832275,0.0,0.0
2006-03-16 00:00:00-05:00,4.04310313833914,4.246322412297844,4.018291709144373,4.238050937652588,2116378,0.0,0.0
2006-03-17 00:00:00-05:00,4.252229385829009,4.271133472857294,4.05137383549607,4.128170967102051,1449647,0.0,0.0
2006-03-20 00:00:00-05:00,4.147075066123727,4.176613049794684,4.0844554648327325,4.161253452301025,990225,0.0,0.0
2006-03-21 00:00:00-05:00,4.207332611083984,4.2522297683373615,4.145893787940209,4.207332611083984,1262841,0.0,0.0
2006-03-22 00:00:00-05:00,4.197879877594403,4.2841292646193825,4.196698238488824,4.249866008758545,723684,0.0,0.0
2006-03-23 00:00:00-05:00,4.2309614788081475,4.271132925987324,4.181338631055133,4.206150054931641,454106,0.0,0.0
2006-03-24 00:00:00-05:00,4.182519384707999,4.277039807076226,4.1529826885742835,4.260499000549316,779878,0.0,0.0
2006-03-27 00:00:00-05:00,4.282949669364067,4.2841304531570366,4.2380516490970495,4.275859832763672,537638,0.0,0.0
2006-03-28 00:00:00-05:00,4.271133777193259,4.3467497028742414,4.227418259996734,4.273496627807617,849741,0.0,0.0
2006-03-29 00:00:00-05:00,4.292398995334676,4.313665497978311,4.245139007253355,4.268768787384033,1206647,0.0,0.0
2006-03-30 00:00:00-05:00,4.266407413403719,4.274677604838317,4.143531475133763,4.193154335021973,836831,0.0,0.0
2006-03-31 00:00:00-05:00,4.212057429600709,4.239231703849064,4.165978642765587,4.194334983825684,675844,0.0,0.0
2006-04-03 00:00:00-04:00,4.230962044302327,4.320755923415972,4.156527334904095,4.226236343383789,826200,0.0,0.0
2006-04-04 00:00:00-04:00,4.199062023036789,4.3136673398543905,4.111630558543359,4.2593183517456055,822403,0.0,0.0
2006-04-05 00:00:00-04:00,4.280585967344847,4.365654158275324,4.226236976084318,4.319575786590576,640153,0.0,0.0
2006-04-06 00:00:00-04:00,4.31957569767539,4.360927939062748,4.266407491185532,4.342023849487305,819366,0.0,0.0
2006-04-07 00:00:00-04:00,4.364471280434402,4.39991616819759,4.254591272728501,4.269950866699219,827719,0.0,0.0
2006-04-10 00:00:00-04:00,4.287674376636017,4.365653576923203,4.227418052456917,4.330207824707031,547509,0.0,0.0
2006-04-11 00:00:00-04:00,4.3302077412709465,4.3502934674903715,4.148256705260196,4.161253452301025,706978,0.0,0.0
2006-04-12 00:00:00-04:00,4.151801049600915,4.273495745796218,4.147074493707444,4.260499000549316,390319,0.0,0.0
2006-04-13 00:00:00-04:00,4.230963439320677,4.25695608640317,4.212059345953206,4.227419376373291,579403,0.0,0.0
2006-04-17 00:00:00-04:00,4.206150628033835,4.324300852066115,4.19197224178107,4.301852703094482,796584,0.0,0.0
2006-04-18 00:00:00-04:00,4.3242999062570595,4.434179487897437,4.291217867876515,4.365652561187744,796584,0.0,0.0
2006-04-19 00:00:00-04:00,4.388101721151325,4.515703776497789,4.352656824616228,4.50507116317749,489038,0.0,0.0
2006-04-20 00:00:00-04:00,5.255325672711033,5.866162534445975,5.080462327123006,5.817720890045166,13708238,0.0,0.0
2006-04-21 00:00:00-04:00,5.860255004396686,5.9323268735102666,5.6842112830955855,5.8118133544921875,2868919,0.0,0.0
2006-04-24 00:00:00-04:00,5.807086628065307,5.97840418972624,5.677121300992123,5.877976417541504,2357100,0.0,0.0
2006-04-25 00:00:00-04:00,5.877976777309082,5.899244143273726,5.704296354642019,5.752737998962402,1517231,0.0,0.0
2006-04-26 00:00:00-04:00,5.76455321714493,5.992582611769156,5.6972070610940975,5.802360534667969,1831613,0.0,0.0
2006-04-27 00:00:00-04:00,5.792908935789803,6.306862462022188,5.790545657660038,6.260783672332764,3903947,0.0,0.0
2006-04-28 00:00:00-04:00,6.3860225650929365,6.4521870810861195,6.279687881764848,6.290321350097656,3644241,0.0,0.0
2006-05-01 00:00:00-04:00,6.315133022069724,6.339944449145576,6.174534222273055,6.264328956604004,3086100,0.0,0.0
2006-05-02 00:00:00-04:00,5.759826572046034,6.485269546508789,5.560153096458358,6.485269546508789,8580938,0.0,0.0
2006-05-03 00:00:00-04:00,6.498265569911732,6.554977829940213,6.232428000794746,6.256058216094971,2251547,0.0,0.0
2006-05-04 00:00:00-04:00,6.27968875375424,6.5868798780741855,6.25605896345127,6.464003086090088,3284297,0.0,0.0
2006-05-05 00:00:00-04:00,6.455731522903559,6.55379558103284,6.295046587197041,6.302136421203613,2589469,0.0,0.0
2006-05-08 00:00:00-04:00,6.37302649229481,6.37302649229481,6.0930101229107105,6.143815040588379,2454300,0.0,0.0
2006-05-09 00:00:00-04:00,6.128455684538244,6.2525141085328,6.03157282265722,6.192256927490234,2764125,0.0,0.0
2006-05-10 00:00:00-04:00,6.220612538238572,6.297410524954429,6.14972274714717,6.243061542510986,1182347,0.0,0.0
2006-05-11 00:00:00-04:00,6.259601169141886,6.394293030241639,6.208797113666581,6.2808685302734375,1366116,0.0,0.0
2006-05-12 00:00:00-04:00,6.278506413067699,6.292684799049652,6.05638392767843,6.08119535446167,1515713,0.0,0.0
2006-05-15 00:00:00-04:00,6.0492947757752935,6.062291094445665,5.902788641861563,5.998489856719971,2446706,0.0,0.0
2006-05-16 00:00:00-04:00,5.967771956095186,6.09655565225241,5.9016074353469525,6.010305404663086,2123213,0.0,0.0
2006-05-17 00:00:00-04:00,5.961864119367041,6.05638456340111,5.870888593065636,5.938234329223633,1756434,0.0,0.0
2006-05-18 00:00:00-04:00,5.9618640378302175,6.13908981449277,5.9618640378302175,6.025665283203125,1249172,0.0,0.0
2006-05-19 00:00:00-04:00,5.954774360041574,6.261965442074823,5.927600083542854,6.1272735595703125,1551403,0.0,0.0
2006-05-22 00:00:00-04:00,6.096555772333739,6.137908010363216,5.931145536755439,6.071743488311768,1349409,0.0,0.0
2006-05-23 00:00:00-04:00,6.1260923263276315,6.356485407026475,6.019756795038898,6.03039026260376,1251450,0.0,0.0
2006-05-24 00:00:00-04:00,6.016212106721582,6.285595006551551,5.827172105733645,5.9819488525390625,1687331,0.0,0.0
2006-05-25 00:00:00-04:00,6.064653962079557,6.124910706287048,5.957137219275238,6.095373153686523,813291,0.0,0.0
2006-05-26 00:00:00-04:00,6.199346186136664,6.415560910095478,5.972497137603921,6.034526348114014,1178044,0.0,1.5
2006-05-30 00:00:00-04:00,6.045159933818241,6.0806048284401175,5.731470263404124,5.836033344268799,1362825,0.0,0.0
2006-05-31 00:00:00-04:00,5.836033673792293,5.933507781236332,5.60032361387745,5.667669773101807,2458350,0.0,0.0
2006-06-01 00:00:00-04:00,5.66766914241825,6.020347321944615,5.630452219015326,5.9636359214782715,1647338,0.0,0.0
2006-06-02 00:00:00-04:00,6.018575778421998,6.158584613207978,5.905151257027367,5.97249698638916,1722769,0.0,0.0
2006-06-05 00:00:00-04:00,5.988447562406391,5.988447562406391,5.789954444962386,5.8502116203308105,2216363,0.0,0.0
2006-06-06 00:00:00-04:00,5.811222276567712,5.812994307498088,5.339802582091077,5.364614009857178,2192569,0.0,0.0
2006-06-07 00:00:00-04:00,5.378791862148765,5.444365128641842,5.135992417934741,5.150170803070068,2156119,0.0,0.0
2006-06-08 00:00:00-04:00,5.098774939733378,5.12181433177667,4.696473519446785,4.9144606590271,4674206,0.0,0.0
2006-06-09 00:00:00-04:00,4.9180057209957075,5.114726394768457,4.909144710743498,4.988896369934082,1120838,0.0,0.0
2006-06-12 00:00:00-04:00,4.948134600372646,4.98889644605105,4.744324944160502,4.802809238433838,2134856,0.0,0.0
2006-06-13 00:00:00-04:00,4.785086368411317,4.793948233658494,4.473170017150953,4.618494510650635,2957513,0.0,0.0
2006-06-14 00:00:00-04:00,4.597229082243708,4.723059127482293,4.460765138465926,4.508615970611572,1571400,0.0,0.0
2006-06-15 00:00:00-04:00,4.918005355163601,5.405375428665434,4.785086360886761,5.3309407234191895,4025194,0.0,0.0
2006-06-16 00:00:00-04:00,5.33448662900387,5.33448662900387,5.088143072604941,5.137766361236572,2895750,0.0,0.0
2006-06-19 00:00:00-04:00,5.116498591131284,5.201567201479954,4.926867318376796,4.953451633453369,1589119,0.0,0.0
2006-06-20 00:00:00-04:00,4.9357290331903405,5.024341274960769,4.8931943015003005,4.923322677612305,1015031,0.0,0.0
2006-06-21 00:00:00-04:00,4.900283233740219,5.070420019764433,4.662801572437918,4.859521389007568,2697806,0.0,0.0
2006-06-22 00:00:00-04:00,4.822304196186536,5.171438331371226,4.822304196186536,5.112953186035156,1623544,0.0,0.0
2006-06-23 00:00:00-04:00,5.100547009632071,5.29904010328357,5.0562415392256534,5.260050296783447,1669613,0.0,0.0
2006-06-26 00:00:00-04:00,5.272456805668704,5.334486016288653,5.1625771986724125,5.247645378112793,1542038,0.0,0.0
2006-06-27 00:00:00-04:00,5.272456101486313,5.362841217241298,5.063330384376822,5.091686725616455,1478250,0.0,0.0
2006-06-28 00:00:00-04:00,5.132448634673796,5.164349040362544,4.871926729691914,4.894966125488281,1528875,0.0,0.0
2006-06-29 00:00:00-04:00,4.919778684110208,5.293724274767029,4.845343972168837,5.277773857116699,1210444,0.0,0.0
2006-06-30 00:00:00-04:00,5.33625751362738,5.343347348428789,5.1997948786844095,5.249417304992676,3149381,0.0,0.0
2006-07-03 00:00:00-04:00,5.263595581378284,5.439048453689488,5.263595581378284,5.295495986938477,768488,0.0,0.0
2006-07-05 00:00:00-04:00,5.228149123585933,5.270683847553741,4.942817115157358,4.997756481170654,1390163,0.0,0.0
2006-07-06 00:00:00-04:00,5.010163365021354,5.107637465323969,4.8506604862625675,4.932183742523193,1756688,0.0,0.0
2006-07-07 00:00:00-04:00,4.94990678298612,4.94990678298612,4.822304721372791,4.875472068786621,1156781,0.0,0.0
2006-07-10 00:00:00-04:00,4.923322923900055,5.112953772505175,4.850661095923475,5.0473809242248535,1078819,0.0,0.0
2006-07-11 00:00:00-04:00,5.072192338143733,5.15548849105835,4.9888966130492545,5.15548849105835,1520269,0.0,0.0
2006-07-12 00:00:00-04:00,5.127131673649323,5.3096739378409685,5.104092279833084,5.166121482849121,1676194,0.0,0.0
2006-07-13 00:00:00-04:00,5.20511022109421,5.222833951359689,5.003073471874312,5.107637405395508,3308344,0.0,0.0
2006-07-14 00:00:00-04:00,5.120042799091551,5.120042799091551,4.9250950325976675,5.011935234069824,1410919,0.0,0.0
2006-07-17 00:00:00-04:00,4.992440636940111,5.139538033628921,4.980035136513198,5.027886390686035,1322831,0.0,0.0
2006-07-18 00:00:00-04:00,5.042063509820349,5.054469437052968,4.712424700931794,4.841798782348633,1673156,0.0,0.0
2006-07-19 00:00:00-04:00,4.832938214520819,5.1076381026946684,4.75673061330416,5.100548267364502,1556719,0.0,0.0
2006-07-20 00:00:00-04:00,5.139537995656809,5.201567208613623,4.910916907193961,4.94104528427124,1682269,0.0,0.0
2006-07-21 00:00:00-04:00,4.962311374928289,5.0225685466051475,4.7230577136405465,4.9924397468566895,1326881,0.0,0.0
2006-07-24 00:00:00-04:00,5.034975505170849,5.290179634007582,5.034975505170849,5.206883907318115,1542038,0.0,0.0
2006-07-25 00:00:00-04:00,5.240556826956043,5.412465216762825,5.054469622904775,5.237011909484863,1617469,0.0,0.0
2006-07-26 00:00:00-04:00,5.199794712080525,5.426642893610688,5.059785880762481,5.373475551605225,2026519,0.0,0.0
2006-07-27 00:00:00-04:00,6.160355541190488,6.291502495987888,5.49398815534436,5.740331649780273,6143850,0.0,0.0
2006-07-28 00:00:00-04:00,5.80767704124356,6.091238339296084,5.777549094514952,6.062882423400879,2423419,0.0,0.0
2006-07-31 00:00:00-04:00,6.029208812254879,6.2223849764312185,5.903378800403376,5.929963111877441,1710113,0.0,0.0
2006-08-01 00:00:00-04:00,5.910468045069077,5.924646430724184,5.736787205949949,5.848439693450928,2582888,0.0,0.0
2006-08-02 00:00:00-04:00,5.905150363528106,5.9707244799207215,5.864388525905169,5.938823223114014,1676194,0.0,0.0
2006-08-03 00:00:00-04:00,5.853755525967357,6.030980846675381,5.853755525967357,5.98313045501709,3396938,0.0,0.0
2006-08-04 00:00:00-04:00,6.046931528301887,6.114277683628778,5.896290512461047,5.988447666168213,1718719,0.0,0.0
2006-08-07 00:00:00-04:00,6.025665387375829,6.087694174979009,5.894519260138976,6.023893356323242,996806,0.0,0.0
2006-08-08 00:00:00-04:00,6.087691807983683,6.087691807983683,5.795270005472673,5.956544876098633,1813894,0.0,0.0
2006-08-09 00:00:00-04:00,5.983130559874212,6.023892401464231,5.657035399333985,5.765143394470215,1844775,0.0,0.0
2006-08-10 00:00:00-04:00,5.688937271279788,5.968953672399817,5.633997038505136,5.933507919311523,1194244,0.0,0.0
2006-08-11 00:00:00-04:00,5.937051824437457,5.984902645190527,5.814766726373012,5.8502116203308105,718369,0.0,0.0
2006-08-14 00:00:00-04:00,5.8927456034838945,5.972496830293164,5.775777023411608,5.836033344268799,1227656,0.0,0.0
2006-08-15 00:00:00-04:00,5.926419310749996,6.009715894516649,5.8484405314837,5.945913791656494,1596206,0.0,0.0
2006-08-16 00:00:00-04:00,6.011486530573236,6.18516736663563,5.917557347659337,6.16212797164917,2273063,0.0,0.0
2006-08-17 00:00:00-04:00,6.185168709069223,6.488224543424867,6.009716231958434,6.100100517272949,2371275,0.0,0.0
2006-08-18 00:00:00-04:00,6.137318305742757,6.137318305742757,5.991993353309903,6.100100517272949,1246388,0.0,0.0
2006-08-21 00:00:00-04:00,6.087693268654299,6.261374104778004,6.029208979683474,6.215295314788818,1127419,0.0,0.0
2006-08-22 00:00:00-04:00,6.401382301204622,6.681398647244996,6.387203489374148,6.5006279945373535,2587950,0.0,0.0
2006-08-23 00:00:00-04:00,6.553796584793012,6.557341502339227,6.139089575559832,6.194029808044434,1534444,0.0,0.0
2006-08-24 00:00:00-04:00,6.225929424337815,6.2844137153145265,6.034526134661271,6.103643894195557,976050,0.0,0.0
2006-08-25 00:00:00-04:00,6.071743733474204,6.247197481485452,6.057566201646614,6.185168266296387,767981,0.0,0.0
2006-08-28 00:00:00-04:00,6.21352442853648,6.392521805493531,6.192257061877513,6.362393856048584,1352194,0.0,0.0
2006-08-29 00:00:00-04:00,6.410244240662105,6.528985718472453,6.32694894430022,6.47050142288208,1543050,0.0,0.0
2006-08-30 00:00:00-04:00,6.543163955997178,6.543163955997178,6.344671248338552,6.365938186645508,786206,0.0,0.0
2006-08-31 00:00:00-04:00,6.5396188651854095,6.553796395860943,6.397838424588739,6.530757427215576,973519,0.0,0.0
2006-09-01 00:00:00-04:00,6.513035296631572,6.628231428934996,6.468729388082654,6.5236687660217285,878344,0.0,0.0
2006-09-05 00:00:00-04:00,6.663676142054179,6.755834585492953,6.601648214062433,6.754061698913574,1367381,0.0,0.0
2006-09-06 00:00:00-04:00,6.734566795319811,7.0695225480921495,6.67608250506973,6.8816633224487305,3017250,0.0,0.0
2006-09-07 00:00:00-04:00,6.823178872994697,6.956097866941722,6.530757000747226,6.562657833099365,2264456,0.0,0.0
2006-09-08 00:00:00-04:00,6.601648018364219,6.676082727644122,6.58569760128421,6.628231048583984,832781,0.0,0.0
2006-09-11 00:00:00-04:00,6.628232267788558,6.6565886175711535,6.318087873954058,6.397839546203613,2191556,0.0,0.0
2006-09-12 00:00:00-04:00,6.367710582389629,6.741656194233534,6.367710582389629,6.734567642211914,990731,0.0,0.0
2006-09-13 00:00:00-04:00,6.821406260685683,6.908246457307665,6.727477085883133,6.823178291320801,1059581,0.0,0.0
2006-09-14 00:00:00-04:00,6.849763607209858,6.91179238930963,6.699122157018951,6.8550801277160645,948713,0.0,0.0
2006-09-15 00:00:00-04:00,6.9241980559664915,6.929514576272382,6.750517215939039,6.784189224243164,967444,0.0,0.0
2006-09-18 00:00:00-04:00,6.9100189705299675,6.952553698224043,6.794822425320482,6.920652866363525,1165388,0.0,0.0
2006-09-19 00:00:00-04:00,6.996860016270298,7.032304907417541,6.709754686697428,6.757605075836182,1346625,0.0,0.0
2006-09-20 00:00:00-04:00,6.828496856577639,7.018128137382727,6.810774406927666,6.970277309417725,1068188,0.0,0.0
2006-09-21 00:00:00-04:00,7.00040446719376,7.044711228031663,6.803684656625187,6.837357521057129,1043888,0.0,0.0
2006-09-22 00:00:00-04:00,6.7859625312288285,6.82495234571527,6.681399871259088,6.817862510681152,910744,0.0,0.0
2006-09-25 00:00:00-04:00,6.8231792390278585,6.964959677971941,6.722161072013798,6.824952125549316,1437750,0.0,0.0
2006-09-26 00:00:00-04:00,6.835584888071251,6.970276778614384,6.8320412540514095,6.940148830413818,1265625,0.0,0.0
2006-09-27 00:00:00-04:00,6.980910244055681,7.159907602559089,6.879891225435393,7.112057209014893,1569375,0.0,0.0
2006-09-28 00:00:00-04:00,7.147501244092176,7.21130204636049,6.922425122095526,6.95609712600708,1234238,0.0,0.0
2006-09-29 00:00:00-04:00,7.0039494343753645,7.13509640350762,6.950781235427571,6.954326152801514,998831,0.0,0.0
2006-10-02 00:00:00-04:00,6.982681539992772,7.232570387609136,6.972048072137198,7.182946681976318,1386113,0.0,0.0
2006-10-03 00:00:00-04:00,7.138640403689461,7.1652247168441905,6.933058727879079,7.128006935119629,1716694,0.0,0.0
2006-10-04 00:00:00-04:00,7.17940228457676,7.45587418011532,7.1545908577843615,7.408023357391357,1621519,0.0,0.0
2006-10-05 00:00:00-04:00,7.447011830441632,7.470050794408348,7.23256961001282,7.340676307678223,1091981,0.0,0.0
2006-10-06 00:00:00-04:00,7.344223354783545,7.631328322758883,7.236114914478406,7.6047444343566895,1261575,0.0,0.0
2006-10-09 00:00:00-04:00,7.636644430205956,7.647277471011168,7.241431065467807,7.408023357391357,2344950,0.0,0.0
2006-10-10 00:00:00-04:00,7.443468357018555,7.650821639845295,7.372578565190665,7.427518367767334,1686319,0.0,0.0
2006-10-11 00:00:00-04:00,7.4292900915393885,7.4292900915393885,7.129779663897511,7.1740851402282715,2038163,0.0,0.0
2006-10-12 00:00:00-04:00,7.140413067399103,7.384983264694704,6.840901359016441,7.383212089538574,2865375,0.0,0.0
2006-10-13 00:00:00-04:00,7.392073035203088,7.532082307189517,7.319411208371012,7.439924716949463,1087931,0.0,0.0
2006-10-16 00:00:00-04:00,7.466507002696862,7.558664583729627,7.4168850062025715,7.521447658538818,1035788,0.0,0.0
2006-10-17 00:00:00-04:00,7.486001610350853,7.602970171602574,7.321181379508835,7.501950740814209,1473188,0.0,0.0
2006-10-18 00:00:00-04:00,7.461190272681876,7.461190272681876,7.26801580656581,7.344222545623779,1463569,0.0,0.0
2006-10-19 00:00:00-04:00,7.344222283270402,7.443467986894487,7.186491862566281,7.360172271728516,1235250,0.0,0.0
2006-10-20 00:00:00-04:00,7.388528674956896,7.388528674956896,7.213075367770763,7.252065181732178,616106,0.0,0.0
2006-10-23 00:00:00-04:00,7.239658770954384,7.423973076054365,7.205985907623799,7.383212089538574,831263,0.0,0.0
2006-10-24 00:00:00-04:00,7.360172491281114,7.381439428406378,7.268015763738302,7.310548782348633,1019081,0.0,0.0
2006-10-25 00:00:00-04:00,7.319411217345597,7.501952655782914,7.27155953554055,7.395617961883545,955294,0.0,0.0
2006-10-26 00:00:00-04:00,7.466508019683217,7.810325681116945,7.367262301896375,7.776652812957764,1717200,0.0,0.0
2006-10-27 00:00:00-04:00,7.789059552558534,7.921979007983922,7.487776594448166,7.705763816833496,1717200,0.0,0.0
2006-10-30 00:00:00-05:00,7.766017113854127,7.918431428559504,7.709306143914601,7.819185733795166,1307138,0.0,0.0
2006-10-31 00:00:00-05:00,7.815643143825331,7.822732124133384,7.52676612672175,7.645505905151367,1704038,0.0,0.0
2006-11-01 00:00:00-05:00,7.496635481457575,7.55866425786153,7.147501789478694,7.269787311553955,4779506,0.0,0.0
2006-11-02 00:00:00-05:00,7.174085546651986,7.314093957206346,6.575063801792487,7.296371936798096,3229369,0.0,0.0
2006-11-03 00:00:00-05:00,7.312320383515525,7.411567795548553,7.104967116998456,7.191807746887207,1210444,0.0,0.0
2006-11-06 00:00:00-05:00,7.236113922893502,7.303460505838627,6.789506113525065,6.862168788909912,5218425,0.0,0.0
2006-11-07 00:00:00-05:00,6.886980534213634,7.011038526233288,6.762922970014088,6.8550801277160645,2385450,0.0,0.0
2006-11-08 00:00:00-05:00,6.812544037162819,7.041165068806432,6.777099148128165,6.929513454437256,1775925,0.0,0.0
2006-11-09 00:00:00-05:00,7.093204470552903,7.109572656212272,6.718537618422359,6.7985639572143555,2451263,0.197531,0.0
2006-11-10 00:00:00-05:00,6.753093680850416,6.989533837920294,6.749455721187259,6.9822587966918945,1321313,0.0,0.0
2006-11-13 00:00:00-05:00,6.934970846178765,6.971346492715237,6.796744179628325,6.8513078689575195,1154756,0.0,0.0
2006-11-14 00:00:00-05:00,6.794925233921069,6.916782830317091,6.7840122332760675,6.909508228302002,1577475,0.0,0.0
2006-11-15 00:00:00-05:00,6.865856131082941,7.02772730849556,6.865856131082941,6.922238349914551,1086919,0.0,0.0
2006-11-16 00:00:00-05:00,6.769463550702752,6.9076897895810285,6.733088340221366,6.86585807800293,1189688,0.0,0.0
2006-11-17 00:00:00-05:00,6.854945191657477,6.854945191657477,6.694893394987577,6.765825271606445,903150,0.0,0.0
2006-11-20 00:00:00-05:00,6.696711551147802,6.958614795414031,6.658517803662021,6.920420169830322,1192725,0.0,0.0
2006-11-21 00:00:00-05:00,6.64578711036243,6.78946940511254,6.583948377104057,6.7021684646606445,2369756,0.0,0.0
2006-11-22 00:00:00-05:00,6.645786703935603,6.698530973165416,6.514835081741683,6.620323181152344,1067681,0.0,0.0
2006-11-24 00:00:00-05:00,6.553028758235392,6.718537044518981,6.553028758235392,6.580310821533203,560925,0.0,0.0
2006-11-27 00:00:00-05:00,6.55302887695627,6.5657604189161125,6.291126508759508,6.302038192749023,2000700,0.0,0.0
2006-11-28 00:00:00-05:00,6.2856702989640265,6.589404388737791,6.269301235551139,6.58576774597168,2541375,0.0,0.0
2006-11-29 00:00:00-05:00,6.511198634320495,6.643968380160221,6.476641523692297,6.627600193023682,1464075,0.0,0.0
2006-11-30 00:00:00-05:00,6.638512890693576,6.753095032499259,6.543936018647703,6.687619209289551,1275244,0.0,0.0
2006-12-01 00:00:00-05:00,6.653060695167252,6.789468366312169,6.527566024076981,6.6439666748046875,1198294,0.0,0.0
2006-12-04 00:00:00-05:00,6.6512428181668595,6.949520832564742,6.6512428181668595,6.945883750915527,1329919,0.0,0.0
2006-12-05 00:00:00-05:00,6.960433529982573,7.115028821234397,6.849488487957579,7.044096946716309,1728338,0.0,0.0
2006-12-06 00:00:00-05:00,7.071377429624955,7.16231587320537,6.965888905319498,7.111390590667725,1272713,0.0,0.0
2006-12-07 00:00:00-05:00,7.165955273974003,7.242343656876254,7.115029539022829,7.162317752838135,1065656,0.0,0.0
2006-12-08 00:00:00-05:00,6.784011696726227,6.784011696726227,6.181999242472477,6.609410285949707,10270294,0.0,0.0
2006-12-11 00:00:00-05:00,6.634873773564668,6.640330274151282,6.398433610392159,6.589404106140137,2109544,0.0,0.0
2006-12-12 00:00:00-05:00,6.589404495411944,6.625780143690682,6.465728344981826,6.574854850769043,1136531,0.0,0.0
2006-12-13 00:00:00-05:00,6.634873613908538,6.674886779783612,6.571216344475372,6.605773448944092,988706,0.0,0.0
2006-12-14 00:00:00-05:00,6.642149344001698,6.884045587977929,6.6330557610317,6.787651062011719,870244,0.0,0.0
2006-12-15 00:00:00-05:00,6.822207451065886,6.902232909733646,6.565760694572749,6.598498821258545,1494956,0.0,0.0
2006-12-18 00:00:00-05:00,6.589404407085614,6.709443913081704,6.494828425307014,6.5093793869018555,882900,0.0,0.0
2006-12-19 00:00:00-05:00,6.491191708289171,6.494828351023815,6.3256825346848755,6.387521266937256,1955644,0.0,0.0
2006-12-20 00:00:00-05:00,6.376609300800822,6.540298631675115,6.256570663049219,6.45299768447876,2212313,0.0,0.0
2006-12-21 00:00:00-05:00,6.465729204408221,6.536661091359001,6.34205259848998,6.382065773010254,1249931,0.0,0.0
2006-12-22 00:00:00-05:00,6.387520542100254,6.4493583892374895,6.309313633549283,6.409346103668213,780131,0.0,0.0
2006-12-26 00:00:00-05:00,6.36387775717149,6.511198462292671,6.36387775717149,6.45299768447876,573075,0.0,0.0
2006-12-27 00:00:00-05:00,6.480278891248404,6.729450172999206,6.480278891248404,6.683980941772461,1566844,0.0,0.0
2006-12-28 00:00:00-05:00,6.674887438848415,6.674887438848415,6.438447258019785,6.480278968811035,1097550,0.0,0.0
2006-12-29 00:00:00-05:00,6.4620921220508,6.547574094627477,6.367516126433409,6.382065773010254,835313,0.0,0.0
2007-01-03 00:00:00-05:00,6.42207707780926,6.825843592571705,6.42207707780926,6.542115688323975,2338875,0.0,0.0
2007-01-04 00:00:00-05:00,6.491191944066318,6.814932188025893,6.456634836327819,6.729450225830078,2062969,0.0,0.0
2007-01-05 00:00:00-05:00,6.7094437174662955,6.711262258325889,6.496646776808363,6.558485507965088,1346119,0.0,0.0
2007-01-08 00:00:00-05:00,6.416621891222492,6.442084098075505,6.141987091844787,6.362058639526367,3852056,0.0,0.0
2007-01-09 00:00:00-05:00,6.376608517990321,6.458452953855501,6.256569894975,6.416621685028076,1077806,0.0,0.0
2007-01-10 00:00:00-05:00,6.385702842037295,6.540298138804918,6.347508214027609,6.440265655517578,798356,0.0,0.0
2007-01-11 00:00:00-05:00,6.436628116523961,6.44390403689516,6.274758206421702,6.33113956451416,2001713,0.0,0.0
2007-01-12 00:00:00-05:00,6.314770868565512,6.396614428962745,6.260207177820401,6.362058639526367,1256006,0.0,0.0
2007-01-16 00:00:00-05:00,6.234745326741358,6.234745326741358,5.7836896113469125,5.900091171264648,4795200,0.0,0.0
2007-01-17 00:00:00-05:00,5.89463457482009,6.047411333966062,5.8000585903604405,5.8218841552734375,2929163,0.0,0.0
2007-01-18 00:00:00-05:00,5.796421920850454,5.858259781864903,5.738221142023116,5.783689498901367,1398769,0.0,0.0
2007-01-19 00:00:00-05:00,5.7600447088744735,5.7600447088744735,5.538155078574908,5.627274990081787,3033956,0.0,0.0
2007-01-22 00:00:00-05:00,5.640006661416959,5.652737765024544,5.505417510208401,5.519968032836914,1403831,0.0,0.0
2007-01-23 00:00:00-05:00,5.523604789327609,5.601812581583367,5.4781360003443345,5.541792392730713,2483663,0.0,0.0
2007-01-24 00:00:00-05:00,5.527243186923814,5.756408325104207,5.521786685946138,5.725489616394043,1734413,0.0,0.0
2007-01-25 00:00:00-05:00,5.7127565143504855,5.72548893384587,5.523604568424937,5.550886631011963,834806,0.0,0.0
2007-01-26 00:00:00-05:00,5.552705046007105,5.658193578186401,5.549067964603273,5.6254563331604,856575,0.0,0.0
2007-01-29 00:00:00-05:00,5.539974078221612,5.7000258728049324,5.516329973307239,5.563618183135986,1806300,0.0,0.0
2007-01-30 00:00:00-05:00,5.518148413023794,5.525424332646784,5.372647582523005,5.43448543548584,1700494,0.0,0.0
2007-01-31 00:00:00-05:00,5.4053850173950195,5.438123583488597,5.321722036961832,5.4053850173950195,2747925,0.0,0.0
2007-02-01 00:00:00-05:00,5.4490359711362055,5.552705532650323,5.394472281464763,5.549068450927734,2602631,0.0,0.0
2007-02-02 00:00:00-05:00,5.532699487011623,5.689112882990034,5.532699487011623,5.678201198577881,2871450,0.0,0.0
2007-02-05 00:00:00-05:00,5.6927501619458605,5.745494427293681,5.599992733131392,5.643643856048584,1728844,0.0,0.0
2007-02-06 00:00:00-05:00,5.6472811063895705,5.66365016821111,5.572712155449629,5.640006065368652,1937925,0.0,0.0
2007-02-07 00:00:00-05:00,5.634550770907653,5.720033618819672,5.563618886249359,5.649101734161377,1563806,0.0,0.0
2007-02-08 00:00:00-05:00,5.638187645126078,5.718213098066326,5.638187645126078,5.692750453948975,1071225,0.0,0.0
2007-02-09 00:00:00-05:00,5.6818378093262085,5.710937973607385,5.518148068097743,5.550886631011963,740138,0.0,0.0
2007-02-12 00:00:00-05:00,5.53451804256496,5.545431045018692,5.336272921188194,5.46722412109375,2110050,0.0,0.0
2007-02-13 00:00:00-05:00,5.469042076468685,5.541792491376074,5.459948494129748,5.498142242431641,1091475,0.0,0.0
2007-02-14 00:00:00-05:00,5.490867996215727,5.4999611400956185,5.392654051621072,5.412661075592041,1053000,0.0,0.0
2007-02-15 00:00:00-05:00,5.436304643682296,5.467223349440549,5.354459771125155,5.387197017669678,1058569,0.0,0.0
2007-02-16 00:00:00-05:00,5.3871984719946315,5.390836432647189,5.281709906444601,5.361735820770264,1087425,0.0,0.0
2007-02-20 00:00:00-05:00,5.356278080818239,5.458128653825903,5.187132281593877,5.383559703826904,1632150,0.0,0.0
2007-02-21 00:00:00-05:00,5.367190950790868,5.436304721688973,5.294439659219069,5.318083763122559,889988,0.0,0.0
2007-02-22 00:00:00-05:00,5.323539895330521,5.4017476884763145,5.256245981497692,5.287164688110352,1001869,0.0,0.0
2007-02-23 00:00:00-05:00,5.268977526126886,5.316265738525605,5.196227105588869,5.2671589851379395,748744,0.0,0.0
2007-02-26 00:00:00-05:00,5.290802601427224,5.350821912338011,5.1616699583559695,5.18349552154541,1403325,0.0,0.0
2007-02-27 00:00:00-05:00,5.150757514886499,5.358097533815689,4.970700001709075,5.248971462249756,2741850,0.0,0.0
2007-02-28 00:00:00-05:00,5.2798900807371485,5.441759972238772,5.207139666365401,5.376284599304199,3444019,0.0,0.0
2007-03-01 00:00:00-05:00,5.001619038092542,5.44176087418928,4.983431431485081,5.188952922821045,4695469,0.0,0.0
2007-03-02 00:00:00-05:00,5.174401398872332,5.499961058548294,5.141664149574509,5.227145671844482,3714863,0.0,0.0
2007-03-05 00:00:00-05:00,5.252608016509455,5.296259143228243,5.081643664646527,5.114381790161133,2400131,0.0,0.0
2007-03-06 00:00:00-05:00,5.181676145671736,5.465404079001761,5.14893889823804,5.427210330963135,3177731,0.0,0.0
2007-03-07 00:00:00-05:00,5.399928111695909,5.427210174887007,5.278071390594832,5.354459762573242,1565831,0.0,0.0
2007-03-08 00:00:00-05:00,5.3653709598886055,5.399927622129155,5.199863128306579,5.303533554077148,1764281,0.0,0.0
2007-03-09 00:00:00-05:00,5.336272380948845,5.363553128125214,5.301715714141234,5.345365524291992,1339538,0.0,0.0
2007-03-12 00:00:00-04:00,5.345365216380964,5.374465819886803,5.330815573201471,5.341727256774902,1046925,0.0,0.0
2007-03-13 00:00:00-04:00,5.307171596092278,5.365371487339255,5.232601764327166,5.265340328216553,1137038,0.0,0.0
2007-03-14 00:00:00-04:00,5.2707965240043455,5.39447312773765,5.20168405755136,5.356279373168945,1968300,0.0,0.0
2007-03-15 00:00:00-04:00,5.336272268686129,5.4708605342205505,5.336272268686129,5.465404033660889,1920713,0.0,0.0
2007-03-16 00:00:00-04:00,5.479954771779066,5.534517584284601,5.392653832721225,5.423572540283203,1862494,0.0,0.0
2007-03-19 00:00:00-04:00,5.430848854812245,5.485411671283904,5.394472765733107,5.441760540008545,958838,0.0,0.0
2007-03-20 00:00:00-04:00,5.43266686901499,5.501780202225984,5.43266686901499,5.498142242431641,652556,0.0,0.0
2007-03-21 00:00:00-04:00,5.501780989538228,5.5763499559647345,5.416298581215939,5.534518241882324,667744,0.0,0.0
2007-03-22 00:00:00-04:00,5.538154229932078,5.64909968665448,5.487228511296221,5.641823768615723,1135013,0.0,0.0
2007-03-23 00:00:00-04:00,5.619999491844503,5.663649734628352,5.509054466195517,5.525423526763916,1583044,0.0,0.0
2007-03-26 00:00:00-04:00,5.5090547287548555,5.53088029023589,5.385378156875082,5.478135585784912,1432181,0.0,0.0
2007-03-27 00:00:00-04:00,5.441760220050074,5.445398179983299,5.332634593523,5.372647762298584,738113,0.0,0.0
2007-03-28 00:00:00-04:00,5.336271915929836,5.387196763176136,5.230782944791825,5.358096599578857,835819,0.0,0.0
2007-03-29 00:00:00-04:00,5.39447252175948,5.405385084560274,5.187132950446406,5.290802955627441,1152225,0.0,0.0
2007-03-30 00:00:00-04:00,5.305353110824219,5.332635179024935,5.20168397376554,5.31080961227417,1131975,0.0,0.0
2007-04-02 00:00:00-04:00,5.299896215200098,5.376284589195779,5.207139656575005,5.363553047180176,1327894,0.0,0.0
2007-04-03 00:00:00-04:00,5.370827380233257,5.534516668770517,5.370827380233257,5.525423526763916,3157988,0.0,0.0
2007-04-04 00:00:00-04:00,5.536337516063642,5.536337516063642,5.434486045188282,5.461767673492432,899100,0.0,0.0
2007-04-05 00:00:00-04:00,5.4490362089045,5.479954917287458,5.436305105172987,5.46358585357666,735581,0.0,0.0
2007-04-09 00:00:00-04:00,5.483592588764571,5.487229670454511,5.385378650716,5.4144792556762695,695081,0.0,0.0
2007-04-10 00:00:00-04:00,5.399929046630859,5.427211114545531,5.359917191028616,5.399929046630859,1205381,0.0,0.0
2007-04-11 00:00:00-04:00,5.418116607581811,5.429029170342785,5.363553354727946,5.367191314697266,784181,0.0,0.0
2007-04-12 00:00:00-04:00,5.365371990922524,5.469042436614871,5.294440112192343,5.445398330688477,745200,0.0,0.0
2007-04-13 00:00:00-04:00,5.4363048926073745,5.556343078613281,5.430848391900799,5.556343078613281,1233731,0.0,0.0
2007-04-16 00:00:00-04:00,5.563618412845102,5.689113106158817,5.556343370886307,5.669106960296631,785700,0.0,0.0
2007-04-17 00:00:00-04:00,5.658194147447145,5.698207315502216,5.6400065433534685,5.690932273864746,1232719,0.0,0.0
2007-04-18 00:00:00-04:00,5.676382263537793,5.700026370516709,5.563618668936989,5.660013198852539,858600,0.0,0.0
2007-04-19 00:00:00-04:00,5.632731171739802,5.7309451061900605,5.57271230127118,5.680019378662109,1813388,0.0,0.0
2007-04-20 00:00:00-04:00,5.738220575340387,5.750951678885104,5.650919196196384,5.685476303100586,1411425,0.0,0.0
2007-04-23 00:00:00-04:00,5.663650369142265,5.685475932028278,5.565436433777609,5.674562931060791,907706,0.0,0.0
2007-04-24 00:00:00-04:00,5.665469071333436,5.665469071333436,5.549068407553176,5.638187885284424,1123369,0.0,0.0
2007-04-25 00:00:00-04:00,5.661831855773926,5.669106458039222,5.620000148692455,5.661831855773926,785194,0.0,0.0
2007-04-26 00:00:00-04:00,5.640006265460978,5.705482076021095,5.585443455868348,5.674562931060791,1061606,0.0,0.0
2007-04-27 00:00:00-04:00,5.669106907583195,5.694569554202215,5.589081007731558,5.623637676239014,1645313,0.0,0.0
2007-04-30 00:00:00-04:00,5.610905989987171,5.638188054955132,5.399928463389559,5.410841464996338,2204213,0.0,0.0
2007-05-01 00:00:00-04:00,5.365372148950227,5.849165966584142,5.254427975167407,5.729126453399658,2935238,0.0,0.0
2007-05-02 00:00:00-04:00,5.723669662082177,5.801877453219864,5.599993082611244,5.70002555847168,2290781,0.0,0.0
2007-05-03 00:00:00-04:00,5.676381876669803,5.729126149228641,5.625457023133913,5.705482482910156,1339538,0.0,0.0
2007-05-04 00:00:00-04:00,5.705482810614424,5.721851875124247,5.66365109834967,5.683658123016357,1020094,0.0,0.0
2007-05-07 00:00:00-04:00,5.589081113965238,5.714576686595392,5.58180607193581,5.612724781036377,855056,0.0,0.0
2007-05-08 00:00:00-04:00,5.581805850692745,5.636368663750781,5.525424496723936,5.621819019317627,602944,0.0,0.0
2007-05-09 00:00:00-04:00,5.578169132790747,5.703664269585009,5.556343567094645,5.683658123016357,531563,0.0,0.0
2007-05-10 00:00:00-04:00,5.640006724927865,5.645463225856125,5.554524763411086,5.578168869018555,938081,0.0,0.0
2007-05-11 00:00:00-04:00,5.599993367384222,5.629093972941961,5.559981077483663,5.607269287109375,511313,0.0,0.0
2007-05-14 00:00:00-04:00,5.5927183257570325,5.614543889687583,5.549068515042879,5.607269287109375,895050,0.0,0.0
2007-05-15 00:00:00-04:00,5.583625006023172,5.629093795233178,5.49814217197991,5.529061317443848,1228669,0.0,0.0
2007-05-16 00:00:00-04:00,5.525423949764715,5.670924770183083,5.499960428093611,5.640006065368652,786713,0.0,0.0
2007-05-17 00:00:00-04:00,5.609086552926402,5.6927495126207,5.556341854545804,5.629092693328857,978581,0.0,0.0
2007-05-18 00:00:00-04:00,5.627275159771748,5.814608570229795,5.618180699604344,5.763682842254639,1103119,0.0,0.0
2007-05-21 00:00:00-04:00,5.756407748400603,5.9782978224134515,5.716394582703683,5.929190635681152,1595194,0.0,0.0
2007-05-22 00:00:00-04:00,5.912821552275018,6.014673006930493,5.878265765230704,5.972841739654541,1309669,0.0,0.0
2007-05-23 00:00:00-04:00,6.011036304685445,6.096518708793034,5.985573657079553,6.0164923667907715,1577981,0.0,0.0
2007-05-24 00:00:00-04:00,6.000123608736743,6.138350734230648,5.952835832197051,6.020130634307861,2451769,0.0,0.0
2007-05-25 00:00:00-04:00,6.0201302325373565,6.036498418596701,5.847346446963452,5.9382853507995605,1018069,0.0,0.0
2007-05-29 00:00:00-04:00,5.936465734235125,5.945560195079919,5.854622172366874,5.903728485107422,649519,0.0,0.0
2007-05-30 00:00:00-04:00,5.852803729520007,5.934648622186032,5.8000594480248,5.923735618591309,866194,0.0,0.0
2007-05-31 00:00:00-04:00,5.912822293273986,5.961929485984677,5.8819031448482955,5.925554275512695,625725,0.0,0.0
2007-06-01 00:00:00-04:00,5.94010307930396,6.083785798890772,5.94010307930396,6.036497592926025,867713,0.0,0.0
2007-06-04 00:00:00-04:00,6.0364987128926035,6.038318132069579,5.98193589478966,6.000123500823975,1250944,0.0,0.0
2007-06-05 00:00:00-04:00,5.976478865241427,6.01103597222594,5.9219160519608565,5.954653739929199,856575,0.0,0.0
2007-06-06 00:00:00-04:00,5.914641480927397,5.925554043641976,5.765501367632177,5.820065498352051,1659994,0.0,0.0
2007-06-07 00:00:00-04:00,5.783689294908636,5.861897096349899,5.630913408379043,5.683658123016357,1163363,0.0,0.0
2007-06-08 00:00:00-04:00,5.663650366147602,5.816427111024106,5.663650366147602,5.763682842254639,1040344,0.0,0.0
2007-06-11 00:00:00-04:00,5.718213624720105,5.750951752078015,5.627275601639786,5.654557228088379,912263,0.0,0.0
2007-06-12 00:00:00-04:00,5.619999708919546,5.638187310781988,5.578168005111466,5.59271764755249,974531,0.0,0.0
2007-06-13 00:00:00-04:00,5.605449400994817,5.680019230032648,5.5690741958902255,5.640006065368652,1037306,0.0,0.0
2007-06-14 00:00:00-04:00,5.892815330466543,5.938284556780317,5.790964316209561,5.901909351348877,2822850,0.0,0.0
2007-06-15 00:00:00-04:00,5.991030724342224,6.027405938644974,5.881903764286804,5.9473795890808105,2382413,0.0,0.0
2007-06-18 00:00:00-04:00,5.949197471468484,5.949197471468484,5.84007097865359,5.869171142578125,1519256,0.0,0.0
2007-06-19 00:00:00-04:00,5.836432824982261,5.920096671580353,5.729125315506391,5.885540008544922,1408894,0.0,0.0
2007-06-20 00:00:00-04:00,5.923734892216789,5.972842524273282,5.870990617189139,5.89463472366333,1564313,0.0,0.0
2007-06-21 00:00:00-04:00,5.874628709588288,5.9491985517591575,5.7691397181086455,5.838253498077393,886950,0.0,0.0
2007-06-22 00:00:00-04:00,5.820065580244076,5.896453959369957,5.7382207001596335,5.801877975463867,2456831,0.0,0.0
2007-06-25 00:00:00-04:00,5.77459701763781,5.985574590713529,5.77459701763781,5.8491668701171875,1219556,0.0,0.0
2007-06-26 00:00:00-04:00,5.8600773094416985,5.998304420011765,5.843709124057185,5.941922187805176,2358113,0.0,0.0
2007-06-27 00:00:00-04:00,5.898272385730438,5.976478865241427,5.829158610810402,5.954653739929199,942131,0.0,0.0
2007-06-28 00:00:00-04:00,5.95283422197604,6.158355215889965,5.95283422197604,6.094697952270508,1550138,0.0,0.0
2007-06-29 00:00:00-04:00,6.101972805652907,6.103792224314643,5.927371398119677,5.958290100097656,1147669,0.0,0.0
2007-07-02 00:00:00-04:00,5.9928484744839325,6.045592747785267,5.971022909734175,5.994666576385498,925425,0.0,0.0
2007-07-03 00:00:00-04:00,5.980116390788841,6.014673056214218,5.883720996706045,5.916459560394287,595350,0.0,0.0
2007-07-05 00:00:00-04:00,5.911003473622107,5.94010364062787,5.840071597021061,5.90918493270874,940613,0.0,0.0
2007-07-06 00:00:00-04:00,5.872808595468325,6.0055783014444,5.8491644947949535,5.958290100097656,646481,0.0,0.0
2007-07-09 00:00:00-04:00,5.961928360048047,5.961928360048047,5.876445973009101,5.9110026359558105,1439775,0.0,0.0
2007-07-10 00:00:00-04:00,5.898272049540724,5.911003152389381,5.820065135438383,5.841889381408691,836831,0.0,0.0
2007-07-11 00:00:00-04:00,5.827340054431545,5.929191078000709,5.803695949214866,5.90918493270874,1122863,0.0,0.0
2007-07-12 00:00:00-04:00,5.923734548900295,5.985573281590488,5.865533776117455,5.9219160079956055,766969,0.0,0.0
2007-07-13 00:00:00-04:00,5.88735888132454,6.025585980312899,5.8418892155664075,5.985572814941406,1040850,0.0,0.0
2007-07-16 00:00:00-04:00,5.956472576856507,5.972841638765527,5.867352665300555,5.87644624710083,1243856,0.0,0.0
2007-07-17 00:00:00-04:00,5.874627432353447,5.974659900833338,5.874627432353447,5.9110026359558105,1314731,0.0,0.0
2007-07-18 00:00:00-04:00,5.8655344993249185,5.911004174234282,5.84007228922591,5.900091171264648,904163,0.0,0.0
2007-07-19 00:00:00-04:00,5.927372046696033,6.009216918201929,5.901909402672599,5.985572814941406,866700,0.0,0.0
2007-07-20 00:00:00-04:00,5.972840998899403,5.992847140146131,5.823700916955015,5.836432456970215,998831,0.0,0.0
2007-07-23 00:00:00-04:00,5.840071731524048,5.874628400163764,5.792783520001594,5.834615230560303,927956,0.0,0.0
2007-07-24 00:00:00-04:00,5.78005296910593,5.905547673738277,5.700026622243437,5.752770900726318,1608356,0.0,0.0
2007-07-25 00:00:00-04:00,5.732763595120926,5.732763595120926,5.499960522269469,5.59635591506958,1288913,0.0,0.0
2007-07-26 00:00:00-04:00,5.507237346698696,5.554525121916733,5.367191684007333,5.461767673492432,912263,0.0,0.0
2007-07-27 00:00:00-04:00,5.481773316668912,5.565436734954061,5.3799227332509725,5.454492568969727,1440281,0.0,0.0
2007-07-30 00:00:00-04:00,5.4399424798219655,5.447217522661229,5.1289328617717285,5.2617034912109375,1968300,0.0,0.0
2007-07-31 00:00:00-04:00,5.305351430484583,5.370827231900949,5.125293964449599,5.128931045532227,1559756,0.0,0.0
2007-08-01 00:00:00-04:00,5.11438162119388,5.156213327597989,4.963423418744997,5.1180195808410645,2410256,0.0,0.0
2007-08-02 00:00:00-04:00,5.127113696107747,5.1307516561333335,4.948874290157093,5.010712146759033,1766306,0.0,0.0
2007-08-03 00:00:00-04:00,4.981612187627936,5.010712798273401,4.657871022421675,4.666965484619141,2984344,0.0,0.0
2007-08-06 00:00:00-04:00,4.683333851072051,4.945236234414954,4.58148194855205,4.932505130767822,4358813,0.0,0.0
2007-08-07 00:00:00-04:00,5.158032351641545,5.45631126388758,4.654233286815411,4.863391399383545,8179988,0.0,0.0
2007-08-08 00:00:00-04:00,4.856115232187997,4.856115232187997,4.474173461384206,4.556017875671387,4926319,0.0,0.0
2007-08-09 00:00:00-04:00,4.55783849885174,4.55783849885174,4.274110510204185,4.435981750488281,6236494,0.0,0.0
2007-08-10 00:00:00-04:00,4.350498326135868,4.808828600165566,4.303210553782183,4.70334005355835,4456013,0.0,0.0
2007-08-13 00:00:00-04:00,4.7397147133265465,4.870666769495302,4.626951137897618,4.645138740539551,3557419,0.0,0.0
2007-08-14 00:00:00-04:00,4.645139320003706,4.763359410497213,4.514188125597162,4.550563335418701,2327231,0.0,0.0
2007-08-15 00:00:00-04:00,4.53964999313574,4.608763764713971,4.375961561208729,4.386873245239258,2357606,0.0,0.0
2007-08-16 00:00:00-04:00,4.354135682120348,4.4214295908409404,4.126789117594132,4.350497722625732,3758400,0.0,0.0
2007-08-17 00:00:00-04:00,4.5251001260995825,4.5251001260995825,4.2522847692004175,4.446893215179443,2498850,0.0,0.0
2007-08-20 00:00:00-04:00,4.48326896332641,4.552382739863381,4.3977865619468135,4.505094528198242,1091475,0.0,0.0
2007-08-21 00:00:00-04:00,4.490543826060704,4.692426890438747,4.439618095457416,4.617857933044434,1490906,0.0,0.0
2007-08-22 00:00:00-04:00,4.681514844410186,4.683334263597026,4.554201601479698,4.637864589691162,1620000,0.0,0.0
2007-08-23 00:00:00-04:00,4.677876214567282,4.750626615029675,4.637863055264079,4.648776054382324,1566338,0.0,0.0
2007-08-24 00:00:00-04:00,4.659689240189712,4.821559561529027,4.612401473539,4.797915458679199,1601269,0.0,0.0
2007-08-27 00:00:00-04:00,4.774272468477367,4.808829140915435,4.621495693287813,4.665146827697754,1035788,0.0,0.0
2007-08-28 00:00:00-04:00,4.619676124663969,4.657869870917585,4.532375192407955,4.543287754058838,1135519,0.0,0.0
2007-08-29 00:00:00-04:00,4.586938997527557,4.663327384733939,4.455987790208792,4.626952171325684,1154250,0.0,0.0
2007-08-30 00:00:00-04:00,4.574207756871424,4.719709484292784,4.5360140034485745,4.6505961418151855,1175006,0.0,0.0
2007-08-31 00:00:00-04:00,4.672420791682936,4.701521397622487,4.443255660272783,4.477812767028809,1306125,0.0,0.0
2007-09-04 00:00:00-04:00,4.4596251810280005,4.468718324645146,4.306847987078461,4.401424407958984,1360800,0.0,0.0
2007-09-05 00:00:00-04:00,4.359592246789616,4.365048308014359,4.20681550771373,4.248647212982178,1233225,0.0,0.0
2007-09-06 00:00:00-04:00,4.254103961784186,4.2613790039589805,4.104965158151891,4.194084644317627,1290431,0.0,0.0
2007-09-07 00:00:00-04:00,4.123152080212609,4.137701723101707,4.019481648781719,4.095870018005371,1277775,0.0,0.0
2007-09-10 00:00:00-04:00,4.103145102130348,4.197721074771279,4.059494855857125,4.146796226501465,1836169,0.0,0.0
2007-09-11 00:00:00-04:00,4.159527400252993,4.17589646241109,3.9558249303322053,3.9922001361846924,3848513,0.0,0.0
2007-09-12 00:00:00-04:00,3.9594629130531804,3.974012556430057,3.6411778842677767,3.653909206390381,5577863,0.0,0.0
2007-09-13 00:00:00-04:00,3.6593659880516958,3.6593659880516958,3.4611197707246215,3.577521324157715,4651425,0.0,0.0
2007-09-14 00:00:00-04:00,3.5156837431219925,3.53387134894424,3.3174373029879116,3.412013292312622,6134738,0.0,0.0
2007-09-17 00:00:00-04:00,3.428382427216702,3.582977509018655,3.426563008140219,3.4574828147888184,5164256,0.0,0.0
2007-09-18 00:00:00-04:00,3.4793073604159694,3.559333702442762,3.3192557739849216,3.5265953540802,6450638,0.0,0.0
2007-09-19 00:00:00-04:00,3.544784189244607,3.544784189244607,3.3210753168688325,3.3228938579559326,4403363,0.0,0.0
2007-09-20 00:00:00-04:00,3.3192553881574125,3.4338383867225537,3.2628740373767404,3.293792963027954,2804625,0.0,0.0
2007-09-21 00:00:00-04:00,3.310162848926314,3.482945782058731,3.266511711992259,3.442932605743408,5352075,0.0,0.0
2007-09-24 00:00:00-04:00,3.455663016323392,3.497495381397172,3.3974631256667958,3.4593007564544678,2862338,0.0,0.0
2007-09-25 00:00:00-04:00,3.4411131450787975,3.4811263107033135,3.412012760772094,3.472032070159912,2910431,0.0,0.0
2007-09-26 00:00:00-04:00,3.488401485229703,3.5029513495680717,3.4465699941239567,3.482945203781128,2526694,0.0,0.0
2007-09-27 00:00:00-04:00,3.482944895957231,3.4993139583807547,3.4429317298217206,3.479306936264038,2167256,0.0,0.0
2007-09-28 00:00:00-04:00,3.4702138053520044,3.5102269741585417,3.446569919586181,3.4465699195861816,2181938,0.0,0.0
2007-10-01 00:00:00-04:00,3.4483880107880682,3.50113249917839,3.4483880107880682,3.479306936264038,2141944,0.0,0.0
2007-10-02 00:00:00-04:00,3.4865828195773805,3.4938576412660964,3.450206515889018,3.4593007564544678,1730363,0.0,0.0
2007-10-03 00:00:00-04:00,3.4520263671875,3.4629391498987707,3.437475843889468,3.4520263671875,1592156,0.0,0.0
2007-10-04 00:00:00-04:00,3.4593014739851027,3.468395716436886,3.4083757358807363,3.4174699783325195,3447056,0.0,0.0
2007-10-05 00:00:00-04:00,3.4611194057159262,3.4611194057159262,3.36836284686489,3.428382158279419,1388644,0.0,0.0
2007-10-08 00:00:00-04:00,3.4338388982239736,3.437475980381635,3.28288067052375,3.3137993812561035,1610381,0.0,0.0
2007-10-09 00:00:00-04:00,3.3210745762836176,3.3447184589621335,3.1100970752362174,3.2719671726226807,6285094,0.0,0.0
2007-10-10 00:00:00-04:00,3.2592364574134955,3.315618692861482,3.1610225099212377,3.2155864238739014,6118538,0.0,0.0
2007-10-11 00:00:00-04:00,3.2374105488149554,3.273786853470019,3.1519288122882454,3.182847738265991,2112075,0.0,0.0
2007-10-12 00:00:00-04:00,3.1810291974388436,3.2010353417823127,3.1210101058349835,3.182847738265991,2228513,0.0,0.0
2007-10-15 00:00:00-04:00,3.1919423172730057,3.219223286389054,3.157385647406085,3.2155864238739014,2325713,0.0,0.0
2007-10-16 00:00:00-04:00,3.1846664921839927,3.4974957083659213,3.1846664921839927,3.4320192337036133,8312625,0.0,0.0
2007-10-17 00:00:00-04:00,3.3992818625695334,3.468395197131376,3.3301683084831994,3.397463321685791,3566025,0.0,0.0
2007-10-18 00:00:00-04:00,3.395644236697837,3.650271816517969,3.379275171889195,3.5811593532562256,4676231,0.0,0.0
2007-10-19 00:00:00-04:00,4.101326675044471,4.161345984857809,3.8612489967421575,4.008569240570068,6068419,0.0,0.0
2007-10-22 00:00:00-04:00,4.019481359858794,4.075864020938233,3.921267874787731,4.0467634201049805,4494488,0.0,0.0
2007-10-23 00:00:00-04:00,4.063133192930705,4.177715319568107,4.019482064504003,4.101326942443848,3994819,0.0,0.0
2007-10-24 00:00:00-04:00,4.057676770272253,4.1558893857278205,3.9285436935791287,3.9976565837860107,3757894,0.0,0.0
2007-10-25 00:00:00-04:00,4.019482047898266,4.1522530954377475,3.9958383819257115,4.004932403564453,2415319,0.0,0.0
2007-10-26 00:00:00-04:00,4.044943473275245,4.08313808920352,3.9903806770538224,4.052219390869141,2029050,0.0,0.0
2007-10-29 00:00:00-04:00,4.054039189439364,4.0958704600008735,3.995838416357673,4.024938583374023,1954631,0.0,0.0
2007-10-30 00:00:00-04:00,4.0158445270525664,4.072226758734387,3.970375736005815,4.004932403564453,1230188,0.0,0.0
2007-10-31 00:00:00-04:00,4.048582500877786,4.199540707898067,3.9649190855360272,4.054039001464844,3997856,0.0,0.0
2007-11-01 00:00:00-04:00,4.074045502246736,4.348679876426855,3.9558254103085977,4.308666706085205,4619025,0.0,0.0
2007-11-02 00:00:00-04:00,4.308665945054301,4.4105169548584815,4.146796068436672,4.183171272277832,4916700,0.0,0.0
2007-11-05 00:00:00-05:00,4.12497183597317,4.237735443257327,4.066771052028572,4.137702941894531,2189025,0.0,0.0
2007-11-06 00:00:00-05:00,4.1431591660123726,4.177715838002088,4.0722272809014,4.121333599090576,1241325,0.0,0.0
2007-11-07 00:00:00-05:00,4.064952510775122,4.199541686444173,4.046764902995269,4.137702941894531,3340238,0.0,0.0
2007-11-08 00:00:00-05:00,4.137702397257988,4.368686083280925,4.094052583380941,4.366867542266846,2851200,0.0,0.0
2007-11-09 00:00:00-05:00,4.299572802667406,4.4105169548584815,4.166802211024844,4.183171272277832,2774756,0.0,0.0
2007-11-12 00:00:00-05:00,4.183171898924419,4.355954801626513,4.141340188716155,4.255922317504883,1981969,0.0,0.0
2007-11-13 00:00:00-05:00,4.286840759514785,4.363229133326886,4.255922053063716,4.354135990142822,2136375,0.0,0.0
2007-11-14 00:00:00-05:00,4.361411878009424,4.365049399418399,4.277748446553955,4.301392555236816,1343588,0.0,0.0
2007-11-15 00:00:00-05:00,4.301392120116232,4.301392120116232,4.1813534867138955,4.199541091918945,1322325,0.0,0.0
2007-11-16 00:00:00-05:00,4.192266050397203,4.192266050397203,4.112241009771521,4.16680383682251,1924256,0.0,0.0
2007-11-19 00:00:00-05:00,4.112239982053414,4.2195470679603915,4.064951771378245,4.152253150939941,2216869,0.0,0.0
2007-11-20 00:00:00-05:00,4.139520367556364,4.184990033325628,3.919449714155099,4.014025688171387,2278125,0.0,0.0
2007-11-21 00:00:00-05:00,3.983106104234951,4.059494466943774,3.944911483831635,3.979468584060669,1205381,0.0,0.0
2007-11-23 00:00:00-05:00,4.012208385948881,4.285023830486976,4.012208385948881,4.228642463684082,720394,0.0,0.0
2007-11-26 00:00:00-05:00,4.241372592618157,4.286840944797483,4.046764128973675,4.050401210784912,982125,0.0,0.0
2007-11-27 00:00:00-05:00,4.050401044364318,4.154071043194665,4.050401044364318,4.104964733123779,1095019,0.0,0.0
2007-11-28 00:00:00-05:00,4.143160349270042,4.272293051303467,4.128610698915302,4.214092254638672,1177031,0.0,0.0
2007-11-29 00:00:00-05:00,4.186809987216655,4.195904011249704,4.114059551148671,4.16680383682251,682931,0.0,0.0
2007-11-30 00:00:00-05:00,4.217729096759322,4.217729096759322,4.106784035922816,4.134066104888916,1142606,0.0,0.0
2007-12-03 00:00:00-05:00,4.11224073005181,4.188629121776261,4.046764902995269,4.137702941894531,1067175,0.0,0.0
2007-12-04 00:00:00-05:00,4.086776994810624,4.086776994810624,3.9776504989880292,3.988563060760498,884419,0.0,0.0
2007-12-05 00:00:00-05:00,4.086776373766186,4.128608073728198,3.9867439141464964,4.012206554412842,1257019,0.0,0.0
2007-12-06 00:00:00-05:00,3.9940193758086004,4.070407743719648,3.955824752804143,4.0376691818237305,948713,0.0,0.0
2007-12-07 00:00:00-05:00,4.0340333055919535,4.101327226654192,3.988563633108462,4.015844821929932,1322325,0.0,0.0
2007-12-10 00:00:00-05:00,4.008569439102351,4.090414315759581,3.9467315854390677,4.043126106262207,1155263,0.0,0.0
2007-12-11 00:00:00-05:00,4.055857493004943,4.110421181065518,3.9612810776384277,3.9703755378723145,833794,0.0,0.0
2007-12-12 00:00:00-05:00,4.019481766258014,4.072226473398378,3.9139932300751976,3.988563060760498,1171463,0.0,0.0
2007-12-13 00:00:00-05:00,3.948550090260916,3.9740127356544663,3.826692046826484,3.972194194793701,1575956,0.0,0.0
2007-12-14 00:00:00-05:00,3.9212681341811795,3.983106421112443,3.857611745591492,3.872161388397217,1088438,0.0,0.0
2007-12-17 00:00:00-05:00,3.8466990503786938,3.8921678402578994,3.788498718341967,3.7903168201446533,652050,0.0,0.0
2007-12-18 00:00:00-05:00,3.8066865561667185,3.810324077142676,3.655728118517493,3.757579803466797,1396238,0.0,0.0
2007-12-19 00:00:00-05:00,3.735754421002794,3.8012302408166265,3.681191603698786,3.732116460800171,865688,0.0,0.0
2007-12-20 00:00:00-05:00,3.7630359953204904,3.8212358871056615,3.715747787468789,3.788498640060425,673313,0.0,0.0
2007-12-21 00:00:00-05:00,3.8394239915572586,3.863068093161255,3.7684921257941917,3.77758526802063,1523306,0.0,0.0
2007-12-24 00:00:00-05:00,3.7866798767676464,3.8503358263040592,3.7284791103040127,3.763035774230957,415631,0.0,0.0
2007-12-26 00:00:00-05:00,3.761217354448936,3.761217354448936,3.6702790991847474,3.728480100631714,1092994,0.0,0.0
2007-12-27 00:00:00-05:00,3.7302984839303295,3.7430295888704865,3.630265770752657,3.646635055541992,1400288,0.0,0.0
2007-12-28 00:00:00-05:00,3.6684602657202,3.7593982887728017,3.6320839588766725,3.6448161602020264,1096538,0.0,0.0
2007-12-31 00:00:00-05:00,3.630265298818096,3.6848283303837457,3.559333423640099,3.637540340423584,1303088,0.0,0.0
2008-01-02 00:00:00-05:00,3.6320837410387425,3.6520907634838657,3.524776441223543,3.550239086151123,1694419,0.0,0.0
2008-01-03 00:00:00-05:00,3.532051498816766,3.555695383500723,3.4247441985098397,3.428382158279419,1278281,0.0,0.0
2008-01-04 00:00:00-05:00,3.4120131558173403,3.501132859830203,3.264692895977048,3.2756056785583496,1056544,0.0,0.0
2008-01-07 00:00:00-05:00,3.275605844434435,3.301068273331875,3.153747786506796,3.1664791107177734,1851356,0.0,0.0
2008-01-08 00:00:00-05:00,3.1410167415297114,3.1973989798236695,3.002790494133881,3.0100653171539307,1862494,0.0,0.0
2008-01-09 00:00:00-05:00,3.000970892098821,3.1282852264951027,2.982783286845428,3.113734483718872,1431675,0.0,0.0
2008-01-10 00:00:00-05:00,3.0118831943870537,3.1246467680215786,3.0009704134510753,3.1028223037719727,1245881,0.0,0.0
2008-01-11 00:00:00-05:00,3.0828156374771534,3.10282266094136,2.9918773957221125,3.019158363342285,1064644,0.0,0.0
2008-01-14 00:00:00-05:00,2.851831910218597,2.955502131726539,2.679049012628495,2.724517583847046,4034306,0.0,0.0
2008-01-15 00:00:00-05:00,2.6754108850560594,2.8045437442194205,2.6572232820890944,2.7827181816101074,2467969,0.0,0.0
2008-01-16 00:00:00-05:00,2.7809000594887827,3.031890774414143,2.777262099298757,2.990058183670044,2125238,0.0,0.0
2008-01-17 00:00:00-05:00,2.99369622688612,3.0591718287645784,2.9573210144672637,3.0446221828460693,2333813,0.0,0.0
2008-01-18 00:00:00-05:00,3.0409843493245314,3.091910307407429,2.9882398500693985,3.0337095260620117,1647844,0.0,0.0
2008-01-22 00:00:00-05:00,2.9063942432403564,3.0773585717501795,2.7736245356299847,2.9063942432403564,3677400,0.0,0.0
2008-01-23 00:00:00-05:00,2.8263696840577963,2.99005836484583,2.699055558310304,2.899120330810547,4562325,0.0,0.0
2008-01-24 00:00:00-05:00,2.8973006814086597,2.9918766396781775,2.846374743254996,2.8682003021240234,2077650,0.0,0.0
2008-01-25 00:00:00-05:00,2.8863891132316453,2.92822082996582,2.7972693975185603,2.8554701805114746,2970675,0.0,0.0
2008-01-28 00:00:00-05:00,2.8609254826009014,2.9027578532065137,2.824550052200235,2.873657464981079,1722263,0.0,0.0
2008-01-29 00:00:00-05:00,2.890026195679072,2.890026195679072,2.7827188724835334,2.8554701805114746,2040188,0.0,0.0
2008-01-30 00:00:00-05:00,2.8409194011823833,2.9991524502142273,2.8409194011823833,2.9136698246002197,1744031,0.0,0.0
2008-01-31 00:00:00-05:00,2.9045759925036516,3.12646628483087,2.87911356793647,3.1046407222747803,1919194,0.0,0.0
2008-02-01 00:00:00-05:00,3.111915888366399,3.224679470062256,3.1046408469053093,3.224679470062256,1623038,0.0,0.0
2008-02-04 00:00:00-05:00,3.2137667965275445,3.2137667965275445,3.0955467102318748,3.1173722743988037,1037306,0.0,0.0
2008-02-05 00:00:00-05:00,3.0828156661759474,3.166478866931389,3.044621916008057,3.0573530197143555,1602281,0.0,0.0
2008-02-06 00:00:00-05:00,3.073722172641077,3.1682981516817765,2.9609574921333746,3.0264341831207275,929475,0.0,0.0
2008-02-07 00:00:00-05:00,3.015522028466777,3.168298810634023,2.984602217402274,3.141016960144043,1351688,0.0,0.0
2008-02-08 00:00:00-05:00,3.1282848840453354,3.1646600905701705,2.9700516380398976,3.035527229309082,1478756,0.0,0.0
2008-02-11 00:00:00-05:00,3.0300711423269795,3.0300711423269795,2.9409514415863907,2.9773268699645996,1618481,0.0,0.0
2008-02-12 00:00:00-05:00,2.9955144904402293,3.0864533911597083,2.906394789222173,2.9100327491760254,1191206,0.0,0.0
2008-02-13 00:00:00-05:00,2.931857786890245,3.064627505528727,2.931857786890245,3.0555343627929688,1087931,0.0,0.0
2008-02-14 00:00:00-05:00,3.050077767251133,3.0773587312779354,2.979145680205288,3.0009703636169434,724444,0.0,0.0
2008-02-15 00:00:00-05:00,2.979146170824291,3.068265874597254,2.9154891141153154,3.051896810531616,1505081,0.0,0.0
2008-02-19 00:00:00-05:00,3.2919750490686397,3.399282368163796,3.2810622654716304,3.321075439453125,5608238,0.0,0.0
2008-02-20 00:00:00-05:00,3.299248978676118,3.3283493611789288,3.2846982386135517,3.3065237998962402,4932900,0.0,0.0
2008-02-21 00:00:00-05:00,3.324712245774205,3.326531664995625,3.2501432787364646,3.2628746032714844,2569219,0.0,0.0
2008-02-22 00:00:00-05:00,3.257418103307244,3.268330886723962,3.1464730451630034,3.1901230812072754,2307488,0.0,0.0
2008-02-25 00:00:00-05:00,3.1701164071183543,3.2337736778245083,3.1555658852961974,3.1955790519714355,2443163,0.0,0.0
2008-02-26 00:00:00-05:00,3.1810292065322447,3.3047055693702276,3.1810292065322447,3.30106782913208,1914638,0.0,0.0
2008-02-27 00:00:00-05:00,3.2756059599427627,3.299249848596908,3.224680002729499,3.2828807830810547,2898788,0.0,0.0
2008-02-28 00:00:00-05:00,3.2865177003293815,3.3065238431140203,3.1792106284197117,3.2046730518341064,2931694,0.0,0.0
2008-02-29 00:00:00-05:00,3.1792112604060505,3.2101299705964434,3.0609902865892558,3.062809705734253,3995831,0.0,0.0
2008-03-03 00:00:00-05:00,3.0773596222430086,3.1519294708130725,2.9936964090638982,3.0828161239624023,3727013,0.0,0.0
2008-03-04 00:00:00-05:00,3.0573524946278594,3.1446536403618026,3.0428019743855126,3.1082775592803955,2086763,0.0,0.0
2008-03-05 00:00:00-05:00,3.1100972970777168,3.1191906597076065,3.0555344870045924,3.090090274810791,2040694,0.0,0.0
2008-03-06 00:00:00-05:00,3.079178355236808,3.09372799879778,3.0355272293090816,3.035527229309082,972000,0.0,0.0
2008-03-07 00:00:00-05:00,3.0082456091547245,3.10100327079137,3.0082456091547245,3.0573530197143555,1905525,0.0,0.0
2008-03-10 00:00:00-04:00,3.0682662306456265,3.117372769967463,3.053715705871582,3.053715705871582,1291950,0.0,0.0
2008-03-11 00:00:00-04:00,3.099184319419344,3.131921564342611,3.037345593818419,3.106459140777588,981113,0.0,0.0
2008-03-12 00:00:00-04:00,3.093728503071297,3.159204324537432,3.055534969043689,3.077359437942505,1279800,0.0,0.0
2008-03-13 00:00:00-04:00,3.048259131108058,3.177392016919055,3.048259131108058,3.164660692214966,2344444,0.0,0.0
2008-03-14 00:00:00-04:00,3.190122303883204,3.248323069509091,3.1373780383983734,3.217404365539551,2094863,0.0,0.0
2008-03-17 00:00:00-04:00,3.13737870305737,3.1846666979436535,3.1100977332438364,3.124647378921509,3203044,0.0,0.0
2008-03-18 00:00:00-04:00,3.137378596809438,3.2174049381942247,3.113734490404752,3.177391767501831,6914363,0.0,0.0
2008-03-19 00:00:00-04:00,3.2337740468593834,3.2901554045151897,3.0482589336590453,3.075540781021118,3651581,0.0,0.0
2008-03-20 00:00:00-04:00,3.108278314865085,3.2101300056002837,3.090090708952115,3.1973989009857178,3060788,0.0,0.0
2008-03-24 00:00:00-04:00,3.210129177573486,3.364724446530675,3.20103493791376,3.3047051429748535,2009306,0.0,0.0
2008-03-25 00:00:00-04:00,3.3174372251962843,3.3992821080507274,3.2865182960234915,3.37927508354187,1479769,0.0,0.0
2008-03-26 00:00:00-04:00,3.3701818533824457,3.377456676304391,3.2956117902081563,3.3228938579559326,1611900,0.0,0.0
2008-03-27 00:00:00-04:00,3.339262735438682,3.3647251630467094,3.2719677184904103,3.2756056785583496,946688,0.0,0.0
2008-03-28 00:00:00-04:00,3.3083429646564566,3.3083429646564566,3.1482913795094114,3.177391767501831,1623544,0.0,0.0
2008-03-31 00:00:00-04:00,3.2337741943015215,3.2337741943015215,3.110097812403188,3.115554094314575,1965263,0.0,0.0
2008-04-01 00:00:00-04:00,3.1337418190588204,3.2192235722328477,3.1337418190588204,3.2137672901153564,2236106,0.0,0.0
2008-04-02 00:00:00-04:00,3.206491761596116,3.246504927373134,3.186485617756565,3.201035261154175,1464581,0.0,0.0
2008-04-03 00:00:00-04:00,3.1792109983905976,3.2028548838710247,3.173754497601391,3.1810293197631836,1842750,0.0,0.0
2008-04-04 00:00:00-04:00,3.1810291974388436,3.2155860831688226,3.1810291974388436,3.182847738265991,1276763,0.0,0.0
2008-04-07 00:00:00-04:00,3.2174045004141365,3.2555980272824137,3.184666156768799,3.184666156768799,956306,0.0,0.0
2008-04-08 00:00:00-04:00,3.1592039881952045,3.251961428650965,3.1464726651917543,3.2355923652648926,941119,0.0,0.0
2008-04-09 00:00:00-04:00,3.2465056792720586,3.2719681099262363,3.121010750056514,3.133741855621338,702675,0.0,0.0
2008-04-10 00:00:00-04:00,3.128284877907124,3.128284877907124,2.9718701730103585,2.9936957359313965,1503563,0.0,0.0
2008-04-11 00:00:00-04:00,2.960957764897559,3.028252783419626,2.9100329084905505,2.919126272201538,1116281,0.0,0.0
2008-04-14 00:00:00-04:00,2.9464081167071194,3.048258927046078,2.9191262694042326,2.9700520038604736,1051481,0.0,0.0
2008-04-15 00:00:00-04:00,2.990057882228756,3.0791784583457686,2.9791459784793544,3.068265676498413,1165894,0.0,0.0
2008-04-16 00:00:00-04:00,3.0900905968894605,3.14829137274933,3.0428026037061318,3.113734483718872,1499513,0.0,0.0
2008-04-17 00:00:00-04:00,3.1046406777107998,3.133741061493751,3.079178253509106,3.0973658561706543,690525,0.0,0.0
2008-04-18 00:00:00-04:00,3.155565772735958,3.210129459287045,3.128284807558318,3.184666156768799,2851706,0.0,0.0
2008-04-21 00:00:00-04:00,3.150110655784103,3.333806119482457,3.150110655784103,3.3156185150146484,1762256,0.0,0.0
2008-04-22 00:00:00-04:00,3.293792787073471,3.3374428131953877,3.148290870629832,3.1573851108551025,1414463,0.0,0.0
2008-04-23 00:00:00-04:00,3.1737544599519465,3.3356245746005566,3.1737544599519465,3.2919745445251465,1703531,0.0,0.0
2008-04-24 00:00:00-04:00,3.2865182960234915,3.432019358714083,3.2628744090090027,3.37927508354187,1314225,0.0,0.0
2008-04-25 00:00:00-04:00,3.388369014100085,3.437475544158682,3.3592686286149482,3.3847310543060303,847463,0.0,0.0
2008-04-28 00:00:00-04:00,3.395643992878765,3.5356894261297285,3.395643992878765,3.530233144760132,1851356,0.0,0.0
2008-04-29 00:00:00-04:00,3.5320521240343923,3.575703038981913,3.4829455856137006,3.513864517211914,1787569,0.0,0.0
2008-04-30 00:00:00-04:00,3.5011329117204126,3.5429646235826313,3.3647252129152236,3.4392950534820557,1086919,0.0,0.0
2008-05-01 00:00:00-04:00,3.519320508017891,3.6084402131219977,3.4029189558887225,3.561152219772339,2079675,0.0,0.0
2008-05-02 00:00:00-04:00,3.602983670472119,3.60844017152894,3.473851893731775,3.4774887561798096,1242844,0.0,0.0
2008-05-05 00:00:00-04:00,3.48112642825273,3.5084073946083247,3.397463232154245,3.428382158279419,1269169,0.0,0.0
2008-05-06 00:00:00-04:00,3.40655682134792,3.5011328054193847,3.40655682134792,3.492039442062378,1438256,0.0,0.0
2008-05-07 00:00:00-04:00,3.499314499468915,3.499314499468915,3.299249735478371,3.3137993812561035,1103625,0.0,0.0
2008-05-08 00:00:00-04:00,3.3101621926993694,3.5065889770937146,3.2774238464890795,3.2992494106292725,1038319,0.0,0.0
2008-05-09 00:00:00-04:00,3.281062144364265,3.346537745906931,3.233774148937752,3.3228938579559326,1446863,0.0,0.0
2008-05-12 00:00:00-04:00,3.33380644120725,3.5156838205841576,3.228317666540412,3.5120458602905273,1443825,0.0,0.0
2008-05-13 00:00:00-04:00,3.5120451083587794,3.619352401148819,3.31743666581613,3.5466017723083496,972000,0.0,0.0
2008-05-14 00:00:00-04:00,3.5593335285214964,3.59207187528435,3.419287875866736,3.539327383041382,975544,0.0,0.0
2008-05-15 00:00:00-04:00,3.546601980056482,3.546601980056482,3.3283496417016374,3.5084073543548584,1198294,0.0,0.0
2008-05-16 00:00:00-04:00,3.528414226016469,3.528414226016469,3.3774560266659504,3.4229254722595215,1021106,0.0,0.0
2008-05-19 00:00:00-04:00,3.413831416823528,3.4920392099390414,3.29743075376405,3.428382158279419,1081856,0.0,0.0
2008-05-20 00:00:00-04:00,3.419287158272936,3.4811258788618447,3.3719991768435214,3.4211065769195557,663188,0.0,0.0
2008-05-21 00:00:00-04:00,3.430200495055264,3.5175016513169117,3.3447187577355795,3.3519937992095947,1026675,0.0,0.0
2008-05-22 00:00:00-04:00,3.371999670942041,3.4920391705137885,3.3428992859812303,3.4629387855529785,787219,0.0,0.0
2008-05-23 00:00:00-04:00,3.4392951400950174,3.4774888927972247,3.3465376918280194,3.412013292312622,652556,0.0,0.0
2008-05-27 00:00:00-04:00,3.422925795057192,3.477488608056265,3.3756378042668342,3.395643949508667,976556,0.0,0.0
2008-05-28 00:00:00-04:00,3.4029188613365178,3.532051733599806,3.39200695702281,3.492039442062378,1389150,0.0,0.0
2008-05-29 00:00:00-04:00,3.473852106746785,3.5356897483804026,3.4665764056840422,3.5120458602905273,1720238,0.0,0.0
2008-05-30 00:00:00-04:00,3.5229581910896703,3.733935493802677,3.497495545647706,3.7266600131988525,2211300,0.0,0.0
2008-06-02 00:00:00-04:00,3.7011976588140834,3.748485871688248,3.4920395390908534,3.561152219772339,2624906,0.0,0.0
2008-06-03 00:00:00-04:00,3.581159479132398,3.7557607211581145,3.5556959519195592,3.717566967010498,1574944,0.0,0.0
2008-06-04 00:00:00-04:00,3.695741714741598,3.7248423266846373,3.51204621477485,3.703016757965088,1639744,0.0,0.0
2008-06-05 00:00:00-04:00,3.697559669616723,4.159527914387084,3.6720972418972027,4.135883808135986,3049144,0.0,0.0
2008-06-06 00:00:00-04:00,4.155889615372597,4.175896638006185,3.9376374929823377,3.952188014984131,1472681,0.0,0.0
2008-06-09 00:00:00-04:00,3.952187990947296,3.990381738941674,3.910356283187866,3.910356283187866,904163,0.0,0.0
2008-06-10 00:00:00-04:00,3.9085366253043143,4.037669261404042,3.8958055231008393,4.019481658935547,1022119,0.0,0.0
2008-06-11 00:00:00-04:00,4.00129474828138,4.070408527709153,3.873980630891723,3.8939876556396484,1105650,0.0,0.0
2008-06-12 00:00:00-04:00,3.9230879099295954,3.9230879099295954,3.7794043018704047,3.786680221557617,1651894,0.0,0.0
2008-06-13 00:00:00-04:00,3.85033638355556,3.85033638355556,3.7284796499194317,3.803048610687256,1153238,0.0,0.0
2008-06-16 00:00:00-04:00,3.7957734182902065,3.799411378184916,3.6884663338168733,3.781223773956299,1325363,0.0,0.0
2008-06-17 00:00:00-04:00,3.788498475398843,3.812142139248091,3.6848280429840092,3.684828042984009,1791113,0.0,0.0
2008-06-18 00:00:00-04:00,3.663003536494842,3.792136179754096,3.6011650261000208,3.622990369796753,1517231,0.0,0.0
2008-06-19 00:00:00-04:00,3.613897317841939,3.7630372520849646,3.5156844462830654,3.7612178325653076,1151719,0.0,0.0
2008-06-20 00:00:00-04:00,3.728479225395324,3.792136054994585,3.7011971625041293,3.7648544311523438,1359281,0.0,0.0
2008-06-23 00:00:00-04:00,3.784860613066043,3.784860613066043,3.708472241154923,3.730297803878784,1230694,0.0,0.0
2008-06-24 00:00:00-04:00,3.7121102856367076,3.7648550005347263,3.659366009787708,3.6921045780181885,959344,0.0,0.0
2008-06-25 00:00:00-04:00,3.6957407871294814,3.759398057930988,3.6339031547752834,3.744847536087036,1280813,0.0,0.0
2008-06-26 00:00:00-04:00,3.692104539289799,3.735754353292837,3.510227167759203,3.5265953540802,1611394,0.0,0.0
2008-06-27 00:00:00-04:00,3.512045209781108,3.5466018747286197,3.3501751053295146,3.4302003383636475,3974569,0.0,0.0
2008-06-30 00:00:00-04:00,3.4229261446843195,3.4229261446843195,3.2956118037264397,3.342899799346924,1243856,0.0,0.0
2008-07-01 00:00:00-04:00,3.3428993173392003,3.375637662335618,3.2410485178321626,3.30106782913208,1339031,0.0,0.0
2008-07-02 00:00:00-04:00,3.3137991779789604,3.373819371830128,3.286518209651298,3.297430992126465,1186144,0.0,0.0
2008-07-03 00:00:00-04:00,3.310162084830573,3.4956760811094467,3.2519613141016324,3.4156508445739746,917325,0.0,0.0
2008-07-07 00:00:00-04:00,3.4465702967949188,3.4629393621026447,3.379275274921437,3.3810946941375732,1247400,0.0,0.0
2008-07-08 00:00:00-04:00,3.3792749025016713,3.6248090988618156,3.3792749025016713,3.6193528175354004,1362319,0.0,0.0
2008-07-09 00:00:00-04:00,3.613896493506859,3.6866480123744885,3.4447515445874957,3.4520263671875,1220569,0.0,0.0
2008-07-10 00:00:00-04:00,3.43929486879017,3.608440028643272,3.43929486879017,3.5102269649505615,927450,0.0,0.0
2008-07-11 00:00:00-04:00,3.472032333300616,3.5193203241801045,3.3210749975274876,3.3920068740844727,1163869,0.0,0.0
2008-07-14 00:00:00-04:00,3.419287790845645,3.452026136794455,3.3428994145875452,3.388369083404541,816581,0.0,0.0
2008-07-15 00:00:00-04:00,3.3392620206496413,3.413830966051333,3.2465045959486245,3.3719992637634277,845438,0.0,0.0
2008-07-16 00:00:00-04:00,3.3847308598594017,3.621171889951444,3.3647247164352576,3.6048026084899902,718875,0.0,0.0
2008-07-17 00:00:00-04:00,3.8030481264134304,4.104964525372086,3.717566174512124,4.039487838745117,3252656,0.0,0.0
2008-07-18 00:00:00-04:00,4.0594955084779665,4.197721749613929,3.983107126170375,4.117696285247803,1648350,0.0,0.0
2008-07-21 00:00:00-04:00,4.115877125311993,4.115877125311993,3.992200960817906,4.075865268707275,946688,0.0,0.0
2008-07-22 00:00:00-04:00,3.9812881871689427,4.248647498520103,3.9794692072724853,4.175896644592285,1283850,0.0,0.0
2008-07-23 00:00:00-04:00,4.175895923693655,4.279565466523681,4.139519844436008,4.179533004760742,1072238,0.0,0.0
2008-07-24 00:00:00-04:00,4.179533898695158,4.208634504896084,3.812142532206019,3.948550224304199,1609875,0.0,0.0
2008-07-25 00:00:00-04:00,4.006750336405821,4.245009013263909,3.908536410378725,4.028575897216797,1188675,0.0,0.0
2008-07-28 00:00:00-04:00,4.012207663803077,4.044944914148603,3.8539744007736276,3.9631009101867676,727988,0.0,0.0
2008-07-29 00:00:00-04:00,3.95946347076516,4.206816223992174,3.723023280894615,4.163165092468262,2237119,0.0,0.0
2008-07-30 00:00:00-04:00,4.183171719432297,4.199540782435032,4.083139239602874,4.14497709274292,1232213,0.0,0.0
2008-07-31 00:00:00-04:00,4.094052006855097,4.206815583417027,4.064951403286668,4.090414047241211,797344,0.0,0.0
2008-08-01 00:00:00-04:00,4.088595740286777,4.183171719432297,3.928543948179292,4.14497709274292,661163,0.0,0.0
2008-08-04 00:00:00-04:00,4.201359453666304,4.223185018030198,4.057677159152032,4.088595867156982,954281,0.0,0.0
2008-08-05 00:00:00-04:00,4.31048460111382,4.4050614507794545,4.232277691237256,4.3123040199279785,2396081,0.0,0.0
2008-08-06 00:00:00-04:00,4.352316767863668,4.352316767863668,4.2177276448274235,4.319578647613525,2183456,0.0,0.0
2008-08-07 00:00:00-04:00,4.283204034252055,4.374142050072282,4.110421145620184,4.32139778137207,1364850,0.0,0.0
2008-08-08 00:00:00-04:00,4.383236950044596,4.528738668054617,4.348679841991987,4.5251007080078125,1648350,0.0,0.0
2008-08-11 00:00:00-04:00,4.516006436231126,4.6014888335253366,4.359592602927174,4.546926021575928,1220063,0.0,0.0
2008-08-12 00:00:00-04:00,4.597851112319835,4.670602849175318,4.550563339509325,4.634226322174072,2536313,0.0,0.0
2008-08-13 00:00:00-04:00,4.692427696644681,4.76881608614941,4.623315228138609,4.763360023498535,2540363,0.0,0.0
2008-08-14 00:00:00-04:00,4.719708884430285,4.779728196672365,4.645139050056176,4.699702739715576,1426106,0.0,0.0
2008-08-15 00:00:00-04:00,4.752447042438474,4.876123650427139,4.606946183743718,4.8015546798706055,1085906,0.0,0.0
2008-08-18 00:00:00-04:00,4.803372642486548,4.812466664584075,4.565113917450834,4.659689903259277,845438,0.0,0.0
2008-08-19 00:00:00-04:00,4.5923939793797,4.657869341847901,4.505093496088766,4.581480979919434,1382063,0.0,0.0
2008-08-20 00:00:00-04:00,4.6142193577242505,4.719708325685986,4.521461930477446,4.590575695037842,1164881,0.0,0.0
2008-08-21 00:00:00-04:00,4.52509905086241,4.546924607905436,4.368684388090905,4.439616680145264,1449900,0.0,0.0
2008-08-22 00:00:00-04:00,4.497818622603966,4.585120004273665,4.450530849835965,4.550563335418701,428794,0.0,0.0
2008-08-25 00:00:00-04:00,4.517825597428153,4.53237524073552,4.399605519709612,4.486905574798584,1199306,0.0,0.0
2008-08-26 00:00:00-04:00,4.488726129884987,4.674240165935676,4.450531495458113,4.636046409606934,1044900,0.0,0.0
2008-08-27 00:00:00-04:00,4.626951997617514,4.626951997617514,4.492362834961716,4.566932678222656,981619,0.0,0.0
2008-08-28 00:00:00-04:00,4.6069455233346845,4.712434069815583,4.496000475910395,4.670602798461914,797850,0.0,0.0
2008-08-29 00:00:00-04:00,4.648777142408228,4.672420808567759,4.548744659786944,4.574207305908203,452081,0.0,0.0
2008-09-02 00:00:00-04:00,4.668783478776961,4.814285197808642,4.579663555131579,4.7815470695495605,863156,0.0,0.0
2008-09-03 00:00:00-04:00,4.761541088784545,4.93068691986584,4.674239703094894,4.8288350105285645,1978425,0.0,0.0
2008-09-04 00:00:00-04:00,4.785184507210769,4.930686210357648,4.679695530952354,4.888854503631592,1877175,0.0,0.0
2008-09-05 00:00:00-04:00,4.852479201106393,4.9325055458751415,4.603307900440989,4.810647487640381,1162856,0.0,0.0
2008-09-08 00:00:00-04:00,4.92159245841818,4.9816117769119215,4.736078440736994,4.8288350105285645,2817788,0.0,0.0
2008-09-09 00:00:00-04:00,4.834291530024023,5.163489171030493,4.641502469315876,5.052544116973877,2375831,0.0,0.0
2008-09-10 00:00:00-04:00,5.072551105411699,5.192589302938671,4.961605613105127,5.083463668823242,1317769,0.0,0.0
2008-09-11 00:00:00-04:00,5.012531114497564,5.16530785985626,4.956148885863598,5.158031940460205,863156,0.0,0.0
2008-09-12 00:00:00-04:00,5.081643448690581,5.108925511492654,5.001617996286556,5.105287551879883,891506,0.0,0.0
2008-09-15 00:00:00-04:00,5.01798746471723,5.230783532555789,4.961605232838631,5.0470871925354,1691381,0.0,0.0
2008-09-16 00:00:00-04:00,4.952511035379732,5.16530797376308,4.952511035379732,5.037993431091309,2473031,0.0,0.0
2008-09-17 00:00:00-04:00,5.010711548731513,5.108925481475488,4.888854391035054,4.957967281341553,1673156,0.0,0.0
2008-09-18 00:00:00-04:00,5.0580001953795595,5.063456696666601,4.697883842856536,4.963424205780029,3863194,0.0,0.0
2008-09-19 00:00:00-04:00,5.181676241833772,5.274433680496186,4.907042324732291,5.019805908203125,3205069,0.0,0.0
2008-09-22 00:00:00-04:00,5.058000131120102,5.074369195724241,4.821560379649643,4.872486114501953,2212313,0.0,0.0
2008-09-23 00:00:00-04:00,4.872484633426399,4.872484633426399,4.559656155242563,4.648776054382324,2082206,0.0,0.0
2008-09-24 00:00:00-04:00,4.663326721656118,4.705158430652089,4.506912887192037,4.5160064697265625,774563,0.0,0.0
2008-09-25 00:00:00-04:00,4.543288513894643,4.676059133807795,4.51236980357066,4.62331485748291,1096031,0.0,0.0
2008-09-26 00:00:00-04:00,4.539650090854078,4.628770008728368,4.412336863281475,4.605125904083252,803419,0.0,0.0
2008-09-29 00:00:00-04:00,4.54692681396384,4.586939110650659,4.441437814380239,4.468719005584717,1044900,0.0,0.0
2008-09-30 00:00:00-04:00,4.525100790439947,4.5469263558733415,4.4523503691586725,4.506913185119629,1131975,0.0,0.0
2008-10-01 00:00:00-04:00,4.492363060118914,4.60148957981429,4.43416227888465,4.474175453186035,1038825,0.0,0.0
2008-10-02 00:00:00-04:00,4.455986676411875,4.455986676411875,4.219546531210516,4.266834735870361,926944,0.0,0.0
2008-10-03 00:00:00-04:00,4.3432242682699345,4.375962399979448,4.141340732574463,4.141340732574463,776081,0.0,0.0
2008-10-06 00:00:00-04:00,4.126790018930909,4.377780740697669,3.7812241839691776,4.055858135223389,1435219,0.0,0.0
2008-10-07 00:00:00-04:00,4.0849575573006485,4.323217130632576,3.7866799921164147,3.8194172382354736,1615950,0.0,0.0
2008-10-08 00:00:00-04:00,3.730298665451229,4.014026655903388,3.7284801242494443,3.7994120121002197,1168425,0.0,0.0
2008-10-09 00:00:00-04:00,3.8503367908680435,3.9412761423819194,3.5866158326309594,3.6066219806671143,1794656,0.0,0.0
2008-10-10 00:00:00-04:00,3.5120456185973983,3.6393599510192867,3.2392302268802884,3.639359951019287,1997663,0.0,0.0
2008-10-13 00:00:00-04:00,3.773947809575463,3.9994762945904903,3.570246205572821,3.637540340423584,1339538,0.0,0.0
2008-10-14 00:00:00-04:00,3.728479248023576,3.728479248023576,3.3065240048630926,3.472032070159912,1611394,0.0,0.0
2008-10-15 00:00:00-04:00,3.4192880546764806,3.5356896079793576,3.148291415568153,3.202855110168457,1774913,0.0,0.0
2008-10-16 00:00:00-04:00,3.2101298394016426,3.6393599510192867,3.137378541418276,3.639359951019287,1826550,0.0,0.0
2008-10-17 00:00:00-04:00,3.5556951791437776,3.6648218921126103,3.495675871178747,3.5538766384124756,1343588,0.0,0.0
2008-10-20 00:00:00-04:00,3.5666083657688907,3.681191372534504,3.5265951965429307,3.6357219219207764,536625,0.0,0.0
2008-10-21 00:00:00-04:00,3.6011654171650953,3.6739158389728512,3.4847638641746554,3.599346876144409,1293469,0.0,0.0
2008-10-22 00:00:00-04:00,3.5320514589397733,3.632083716676115,3.3501752054382434,3.4629387855529785,643950,0.0,0.0
2008-10-23 00:00:00-04:00,3.473851595953039,3.572064655115926,3.2210423699549575,3.35563063621521,1089956,0.0,0.0
2008-10-24 00:00:00-04:00,3.179210931951485,3.366543470982952,3.0900903560099744,3.253779888153076,1000856,0.0,0.0
2008-10-27 00:00:00-04:00,3.2192227869019283,3.357449883971632,3.073721965930493,3.1555657386779785,514856,0.0,0.0
2008-10-28 00:00:00-04:00,3.1973987859672857,3.4956763903082573,3.0409840635952925,3.4647576808929443,1267144,0.0,0.0
2008-10-29 00:00:00-04:00,3.455663389503453,3.781223933720715,3.4029188959629155,3.6720972061157227,1750613,0.0,0.0
2008-10-30 00:00:00-04:00,3.7612169575087377,3.912175178527832,3.6957411396371196,3.912175178527832,971494,0.0,0.0
2008-10-31 00:00:00-04:00,3.892167261273777,4.163164053678735,3.8394238767848616,3.961280584335327,1019588,0.0,0.0
2008-11-03 00:00:00-05:00,3.961281595867774,4.181353600561411,3.7066542379662115,3.7539420127868652,1538494,0.0,0.0
2008-11-04 00:00:00-05:00,3.755760693810644,3.8285119974211534,3.501133106894529,3.646635055541992,1303088,0.0,0.0
2008-11-05 00:00:00-05:00,3.577520973803993,3.743029045935531,3.4429318280303782,3.521139621734619,917831,0.0,0.0
2008-11-06 00:00:00-05:00,3.764854653420694,3.9794692581553694,3.632083827422229,3.7557601928710938,1664550,0.0,0.0
2008-11-07 00:00:00-05:00,3.770310644153416,3.770310644153416,3.5520585227341273,3.6557278633117676,859106,0.0,0.0
2008-11-10 00:00:00-05:00,3.7193853475551393,3.9212688687285673,3.7193853475551393,3.817599296569824,1346119,0.0,0.0
2008-11-11 00:00:00-05:00,3.803048687640347,3.8175992109432517,3.5593336787651086,3.561152219772339,1388644,0.0,0.0
2008-11-12 00:00:00-05:00,3.537508344480984,3.7375731136670542,3.3501757779470345,3.359269142150879,1054013,0.0,0.0
2008-11-13 00:00:00-05:00,3.3810945219431003,3.588434102735608,3.1482914153532384,3.5447840690612793,1407881,0.0,0.0
2008-11-14 00:00:00-05:00,3.486583371673535,3.5502395533199045,3.1792112950727476,3.1973989009857178,1100081,0.0,0.0
2008-11-17 00:00:00-05:00,3.1737541282654886,3.321074583366771,3.1701161687967168,3.2046730518341064,1044394,0.0,0.0
2008-11-18 00:00:00-05:00,3.2174043617230157,3.361086637313899,2.8736569270899084,2.9555017948150635,1983488,0.0,0.0
2008-11-19 00:00:00-05:00,2.9591389103337713,3.057352847833571,2.680867258214925,2.6881422996520996,1181081,0.0,0.0
2008-11-20 00:00:00-05:00,2.6663167179685114,2.7972687800846576,2.568103659241578,2.582653522491455,1067175,0.0,0.0
2008-11-21 00:00:00-05:00,2.6263044791554386,2.76089362546662,2.4316962402626823,2.71724271774292,3215700,0.0,0.0
2008-11-24 00:00:00-05:00,2.737249333414665,2.960957046563336,2.593565967517421,2.9063942432403564,874800,0.0,0.0
2008-11-25 00:00:00-05:00,2.939133480661959,2.999152582631613,2.7936315297795797,2.966414451599121,998831,0.0,0.0
2008-11-26 00:00:00-05:00,2.9045761544711284,3.246505084203483,2.7918125710139536,3.2283172607421875,680906,0.0,0.0
2008-11-28 00:00:00-05:00,3.18830419967656,3.18830419967656,3.0737220794069113,3.1119158267974854,287044,0.0,0.0
2008-12-01 00:00:00-05:00,3.0428023662634978,3.2737869106774498,3.015521399561266,3.0719027519226074,1716694,0.0,0.0
2008-12-02 00:00:00-05:00,3.2174048009141774,3.637540440963917,2.9154890292701525,3.5938901901245117,3347831,0.0,0.0
2008-12-03 00:00:00-05:00,3.5466024113990997,3.81578073056946,3.5320518878649843,3.7121102809906006,2040694,0.0,0.0
2008-12-04 00:00:00-05:00,3.684828721411186,3.9776511528262795,3.52295858946273,3.7157483100891113,2461388,0.0,0.0
2008-12-05 00:00:00-05:00,3.686648538337551,3.959463974075469,3.5629721460028243,3.9358198642730713,1750613,0.0,0.0
2008-12-08 00:00:00-05:00,3.992200960817906,4.15952825944951,3.950369245922267,4.075865268707275,1724288,0.0,0.0
2008-12-09 00:00:00-05:00,4.024938989838892,4.263197728968677,3.8303305056417236,3.873980760574341,960356,0.0,0.0
2008-12-10 00:00:00-05:00,3.915812413285542,3.9703752188642265,3.7666727608903527,3.8266916275024414,973013,0.0,0.0
2008-12-11 00:00:00-05:00,3.810323876244167,3.974012750580779,3.5284144787995957,3.5411458015441895,1141594,0.0,0.0
2008-12-12 00:00:00-05:00,3.488401259972555,3.6702783941365262,3.4647573752221548,3.6429965496063232,901631,0.0,0.0
2008-12-15 00:00:00-05:00,3.6502712251322826,3.730297775623151,3.473851476763127,3.5484204292297363,770513,0.0,0.0
2008-12-16 00:00:00-05:00,3.606621566081878,3.8557928492268134,3.548420791728368,3.833968162536621,779625,0.0,0.0
2008-12-17 00:00:00-05:00,3.7939549872280423,4.0540392718982385,3.770310881521843,4.00675106048584,1395731,0.0,0.0
2008-12-18 00:00:00-05:00,4.0576771514496395,4.075864755844201,3.7684927049046477,3.801229953765869,1260563,0.0,0.0
2008-12-19 00:00:00-05:00,3.890349859106723,3.890349859106723,3.5938905579964393,3.646635055541992,1805794,0.0,0.0
2008-12-22 00:00:00-05:00,3.6848284964042763,3.7994115044757177,3.5338711567645054,3.601165294647217,993263,0.0,0.0
2008-12-23 00:00:00-05:00,3.6302655657523797,3.677553778714145,3.517501973526803,3.5575151443481445,375638,0.0,0.0
2008-12-24 00:00:00-05:00,3.5702462409604405,3.5993466271953203,3.4683952184251012,3.535689353942871,118463,0.0,0.0
2008-12-26 00:00:00-05:00,3.570246491122352,3.570246491122352,3.4101949044271667,3.4811267852783203,471825,0.0,0.0
2008-12-29 00:00:00-05:00,3.4902195465150396,3.5666079153457795,3.4865826846226495,3.5466017723083496,733556,0.0,0.0
2008-12-30 00:00:00-05:00,3.5611520354815838,3.728479532413644,3.515683463590193,3.6830098628997803,882900,0.0,0.0
2008-12-31 00:00:00-05:00,3.6666407857149137,3.9030805198180283,3.615715713176762,3.8776183128356934,1113244,0.0,0.0
2009-01-02 00:00:00-05:00,3.932181397025172,3.952188421717753,3.7775860911680437,3.8648874759674072,608513,0.0,0.0
2009-01-05 00:00:00-05:00,3.884893183512935,3.9176317516239685,3.750304024250352,3.8648874759674072,1323844,0.0,0.0
2009-01-06 00:00:00-05:00,3.893987013497732,4.1777149314205255,3.846698807652793,4.146796226501465,1925775,0.0,0.0
2009-01-07 00:00:00-05:00,3.87580010980859,3.8958062567670613,3.5466024674134164,3.68664813041687,4744069,0.0,0.0
2009-01-08 00:00:00-05:00,3.6921042145662923,3.723022921567664,3.6211721205462264,3.713928461074829,957825,0.0,0.0
2009-01-09 00:00:00-05:00,3.703015988562292,3.703015988562292,3.542964412326978,3.6320838928222656,1772381,0.0,0.0
2009-01-12 00:00:00-05:00,3.6157159405756616,3.7102921474992674,3.570246487896799,3.599346876144409,1796175,0.0,0.0
2009-01-13 00:00:00-05:00,3.5793397266413574,3.644816201605501,3.5193204112203507,3.610259532928467,1365356,0.0,0.0
2009-01-14 00:00:00-05:00,3.5593334370675254,3.5957086452321887,3.355630734673973,3.397463321685791,4510181,0.0,0.0
2009-01-15 00:00:00-05:00,3.4338386676149386,3.5375080150434095,3.311980837276456,3.492039442062378,3748275,0.0,0.0
2009-01-16 00:00:00-05:00,3.5411457898489704,3.6448160099533737,3.328349727055395,3.562971353530884,2363175,0.0,0.0
2009-01-20 00:00:00-05:00,3.5102270034393808,3.561152076758377,3.3338061413233655,3.357450246810913,2894231,0.0,0.0
2009-01-21 00:00:00-05:00,3.4283823304864764,3.5593335220550157,3.3283498470716673,3.542964458465576,2838038,0.0,0.0
2009-01-22 00:00:00-05:00,3.4793070407500832,3.6466345320810705,3.408375166532949,3.502951145172119,984150,0.0,0.0
2009-01-23 00:00:00-05:00,3.433838605880737,3.532051670099911,3.4120130414497067,3.4338386058807373,845438,0.0,0.0
2009-01-26 00:00:00-05:00,3.4283819638295205,3.566607962897277,3.3701811965518242,3.4902195930480957,547256,0.0,0.0
2009-01-27 00:00:00-05:00,3.4902196793119704,3.566608051049158,3.4356568702489483,3.4683949947357178,354881,0.0,0.0
2009-01-28 00:00:00-05:00,3.544784212509098,3.655728391021244,3.5429647933119948,3.617534637451172,791775,0.0,0.0
2009-01-29 00:00:00-05:00,3.5920719620574904,3.604803066025289,3.3938255310058594,3.3938255310058594,645975,0.0,0.0
2009-01-30 00:00:00-05:00,3.441113257150662,3.4629388204971128,3.157385324136505,3.161022186279297,1396744,0.0,0.0
2009-02-02 00:00:00-05:00,3.1319218133354227,3.261054677367703,3.1246469913988193,3.224679470062256,1105144,0.0,0.0
2009-02-03 00:00:00-05:00,3.2574175918368793,3.3083426624798418,3.2083101839346124,3.2792422771453857,1043381,0.0,0.0
2009-02-04 00:00:00-05:00,3.2701491699936316,3.390187582867182,3.1701166836292503,3.2119483947753906,636863,0.0,0.0
2009-02-05 00:00:00-05:00,3.201035426902904,3.3137990107516266,3.150110574752001,3.2919745445251465,1084894,0.0,0.0
2009-02-06 00:00:00-05:00,3.2792422941252135,3.4556631478840885,3.2792422941252135,3.3847310543060303,1176525,0.0,0.0
2009-02-09 00:00:00-05:00,3.353812557642412,3.448388548179985,3.328350128689242,3.3774566650390625,559406,0.0,0.0
2009-02-10 00:00:00-05:00,3.348355808362452,3.4465697454485236,3.1719349566317145,3.182847738265991,1003388,0.0,0.0
2009-02-11 00:00:00-05:00,3.181029537944216,3.32471206015226,3.181029537944216,3.2064921855926514,1009969,0.0,0.0
2009-02-12 00:00:00-05:00,3.1682977418255818,3.2028544041844316,2.970051348893916,3.1082775592803955,1697963,0.0,0.0
2009-02-13 00:00:00-05:00,3.119191338594829,3.19012322665259,3.0518971915248403,3.0828161239624023,980606,0.0,0.0
2009-02-17 00:00:00-05:00,3.0573529728299196,3.2064919869628343,3.0464401907035157,3.0955467224121094,1250944,0.0,0.0
2009-02-18 00:00:00-05:00,3.1137339871108356,3.301067608490065,3.060989720763648,3.1573851108551025,1488881,0.0,0.0
2009-02-19 00:00:00-05:00,3.1955797203410556,3.2283178524770237,3.084634437892856,3.133741855621338,763425,0.0,0.0
2009-02-20 00:00:00-05:00,3.084634060564881,3.179211143474069,3.026434382992131,3.051896810531616,1411425,0.0,0.0
2009-02-23 00:00:00-05:00,3.055534364078768,3.2155859257610846,3.055534364078768,3.1010029315948486,1805288,0.0,0.0
2009-02-24 00:00:00-05:00,3.101002953048997,3.2701487562634934,3.0027898981890555,3.261054515838623,2234588,0.0,0.0
2009-02-25 00:00:00-05:00,3.231954043242863,3.231954043242863,3.046439841690223,3.0937278270721436,1390163,0.0,0.0
2009-02-26 00:00:00-05:00,3.1264666215720913,3.159204090834361,3.0009708307424687,3.013702154159546,821138,0.0,0.0
2009-02-27 00:00:00-05:00,2.9809649939738785,3.0846343525474427,2.9391334984091073,2.9500460624694824,1528369,0.0,0.0
2009-03-02 00:00:00-05:00,2.920945362394439,2.920945362394439,2.8027252812538195,2.8190934658050537,1342575,0.0,0.0
2009-03-03 00:00:00-05:00,2.8536508873770274,2.8536508873770274,2.5826542067579075,2.5953853130340576,3290119,0.0,0.0
2009-03-04 00:00:00-05:00,2.817275183679212,2.988239550111581,2.689960850063025,2.8609254360198975,4416525,0.0,0.0
2009-03-05 00:00:00-05:00,2.8154569095481317,2.888207556536,2.666317216101129,2.6845057010650635,1631644,0.0,0.0
2009-03-06 00:00:00-05:00,2.7045114629657623,2.7808998399452385,2.5608289501903787,2.6444921493530273,936563,0.0,0.0
2009-03-09 00:00:00-04:00,2.61175472753508,2.6735932573140064,2.440790103638926,2.4680721759796143,1210444,0.0,0.0
2009-03-10 00:00:00-04:00,2.5171778252346897,2.6372171007265273,2.4753461194829773,2.568103551864624,1626581,0.0,0.0
2009-03-11 00:00:00-04:00,2.5771975896034713,2.7299743704841886,2.5681042249154764,2.6899611949920654,1906031,0.0,0.0
2009-03-12 00:00:00-04:00,2.6735927230078103,2.8209132060066096,2.624485309942854,2.800906181335449,1892869,0.0,0.0
2009-03-13 00:00:00-04:00,2.822731638491397,2.902757758378146,2.7317933947472968,2.8627448081970215,845438,0.0,0.0
2009-03-16 00:00:00-04:00,2.7754434131645818,2.8809321709690687,2.7099676021791095,2.731793165206909,959344,0.0,0.0
2009-03-17 00:00:00-04:00,2.739068169025136,2.920945531415101,2.739068169025136,2.9100327491760254,888469,0.0,0.0
2009-03-18 00:00:00-04:00,2.913669626105532,3.142834761406842,2.820913062091374,3.0573530197143555,1525838,0.0,0.0
2009-03-19 00:00:00-04:00,3.084633633914602,3.084633633914602,2.957320416203956,3.0373456478118896,687994,0.0,0.0
2009-03-20 00:00:00-04:00,3.0664463192104887,3.1264665108158325,2.9827831201947097,2.999152183532715,1128431,0.0,0.0
2009-03-23 00:00:00-04:00,3.0737220397467095,3.204673220814774,2.9900577485320747,3.201035261154175,621169,0.0,0.0
2009-03-24 00:00:00-04:00,3.1646599798348336,3.199216644348728,3.062809185604699,3.1010029315948486,1031738,0.0,0.0
2009-03-25 00:00:00-04:00,3.24104885197012,3.24104885197012,3.0809972654948927,3.2155864238739014,1087931,0.0,0.0
2009-03-26 00:00:00-04:00,3.1737548924773047,3.2956118558839247,3.1137346934753247,3.2628746032714844,886950,0.0,0.0
2009-03-27 00:00:00-04:00,3.1992168860273984,3.3719997826004735,3.1992168860273984,3.2919745445251465,590794,0.0,0.0
2009-03-30 00:00:00-04:00,3.226499198217482,3.4011004295412897,3.186486027297795,3.37927508354187,1440788,0.0,0.0
2009-03-31 00:00:00-04:00,3.4101945634789774,3.5429642896483933,3.362906354940031,3.4156508445739746,1226138,0.0,0.0
2009-04-01 00:00:00-04:00,3.377456171485835,3.597527050695993,3.362906308292154,3.4629387855529785,1436738,0.0,0.0
2009-04-02 00:00:00-04:00,3.5229582015405136,3.8157803811876714,3.4665759707497257,3.6684601306915283,2045250,0.0,0.0
2009-04-03 00:00:00-04:00,3.672096665023149,3.7703103761088546,3.6520905219988173,3.763035774230957,845944,0.0,0.0
2009-04-06 00:00:00-04:00,3.7302980207158742,3.7739478315540276,3.5120454541332453,3.6029834747314453,1582538,0.0,0.0
2009-04-07 00:00:00-04:00,3.5611520792966513,3.6484532399497853,3.466576096328045,3.475670337677002,1471163,0.0,0.0
2009-04-08 00:00:00-04:00,3.4811264504304247,3.6011650740242285,3.4811264504304247,3.575702428817749,1372950,0.0,0.0
2009-04-09 00:00:00-04:00,3.655728663972534,3.864887907493798,3.6502721621699576,3.835787296295166,1252969,0.0,0.0
2009-04-13 00:00:00-04:00,3.9376377433550056,3.963100829190472,3.819417653272913,3.9303627014160156,1249931,0.0,0.0
2009-04-14 00:00:00-04:00,3.8885314464569096,3.9703763364358235,3.859431275290568,3.888531446456909,1044900,0.0,0.0
2009-04-15 00:00:00-04:00,3.8266920128446467,3.9867446815215675,3.8194174104172087,3.952188014984131,843919,0.0,0.0
2009-04-16 00:00:00-04:00,3.97583238449126,4.099508536888295,3.901262545810855,4.077682971954346,906188,0.0,0.0
2009-04-17 00:00:00-04:00,4.090413600299683,4.154070422755016,3.981287556226411,4.021299839019775,1401806,0.0,0.0
2009-04-20 00:00:00-04:00,3.977651110349828,4.050401533347967,3.8503365529560187,3.881256580352783,1362825,0.0,0.0
2009-04-21 00:00:00-04:00,3.8794368189482107,4.228641452825482,3.8357865690002897,4.2031779289245605,2053856,0.0,0.0
2009-04-22 00:00:00-04:00,4.150434430773999,4.530557843005637,4.150434430773999,4.303211212158203,2353556,0.0,0.0
2009-04-23 00:00:00-04:00,4.888855376480304,5.047087771496097,4.776090899787686,4.939780235290527,3748275,0.0,0.0
2009-04-24 00:00:00-04:00,4.93977933628915,4.981611042870731,4.79064055208009,4.9143171310424805,1957669,0.0,0.0
2009-04-27 00:00:00-04:00,4.910679424206994,5.259884055391057,4.817922863307529,5.1162004470825195,1945013,0.0,0.0
2009-04-28 00:00:00-04:00,5.087099798482727,5.429028477556467,5.045268093712547,5.281708240509033,2350519,0.0,0.0
2009-04-29 00:00:00-04:00,5.305352606036267,5.483592888170835,5.252608332917697,5.323540210723877,1890338,0.0,0.0
2009-04-30 00:00:00-04:00,5.341726559440025,5.529060380347107,5.33990845797224,5.350821018218994,1267144,0.0,0.0
2009-05-01 00:00:00-04:00,5.365371610923583,5.410841278588061,5.161670011146839,5.178039073944092,1333969,0.0,0.0
2009-05-04 00:00:00-04:00,5.252608427641892,5.519968197091749,5.190770570588848,5.483592987060547,1509638,0.0,0.0
2009-05-05 00:00:00-04:00,5.474498464207349,5.474498464207349,5.256245906839415,5.336272239685059,1423069,0.0,0.0
2009-05-06 00:00:00-04:00,5.334453307082562,5.36537201607471,5.016168243690635,5.1125640869140625,1664044,0.0,0.0
2009-05-07 00:00:00-04:00,5.150757384317142,5.20895815923315,4.801554051968103,4.934323787689209,1328400,0.0,0.0
2009-05-08 00:00:00-04:00,4.98706779873282,5.128931988029216,4.836110466009994,4.943417549133301,879356,0.0,0.0
2009-05-11 00:00:00-04:00,4.877942129517654,5.028899460841172,4.796097253703752,4.981611251831055,1032750,0.0,0.0
2009-05-12 00:00:00-04:00,4.994343580627558,5.08891955786597,4.837928873398112,4.916135787963867,1029206,0.0,0.0
2009-05-13 00:00:00-04:00,4.834291942694861,4.881579721855435,4.652415869000345,4.686971664428711,1563806,0.0,0.0
2009-05-14 00:00:00-04:00,4.68151308534265,4.956147810477136,4.537830392307414,4.907041072845459,1539506,0.0,0.0
2009-05-15 00:00:00-04:00,4.881578435930308,4.996161868845538,4.77972786149127,4.848841190338135,1415981,0.0,0.0
2009-05-18 00:00:00-04:00,4.8997663023685245,4.963423128641373,4.812465813113598,4.910678863525391,1502550,0.0,0.0
2009-05-19 00:00:00-04:00,4.919773928420403,5.281708787995606,4.850660154491566,5.199863910675049,2017406,0.0,0.0
2009-05-20 00:00:00-04:00,5.267158238029513,5.3653712918250225,5.143482101608444,5.174400806427002,1974375,0.0,0.0
2009-05-21 00:00:00-04:00,5.119838694258685,5.25442784954457,4.888855012813738,4.959786891937256,2101950,0.0,0.0
2009-05-22 00:00:00-04:00,5.025261246140934,5.083462004327978,4.827014872405482,4.908859729766846,1282331,0.0,0.0
2009-05-26 00:00:00-04:00,4.908861030626055,5.338091132310243,4.763359316124602,5.2198710441589355,1362319,0.0,0.0
2009-05-27 00:00:00-04:00,5.199863407505385,5.2544270928215004,4.896129349701535,4.994343280792236,1721756,0.0,0.0
2009-05-28 00:00:00-04:00,5.037993356702523,5.161669937769887,4.8251972995591705,4.947055339813232,1607850,0.0,0.0
2009-05-29 00:00:00-04:00,4.965243176089761,5.101650866395455,4.839747609273658,4.950692653656006,1900463,0.0,0.0
2009-06-01 00:00:00-04:00,5.047088155040892,5.363554286268889,4.983431747403875,5.328997611999512,2335838,0.0,0.0
2009-06-02 00:00:00-04:00,5.321721650998432,5.323539752737286,5.1343878021609735,5.278071403503418,1449900,0.0,0.0
2009-06-03 00:00:00-04:00,5.2125954741496745,5.2125954741496745,5.025262068640107,5.136207103729248,1996144,0.0,0.0
2009-06-04 00:00:00-04:00,5.178039138712265,5.236239910125732,4.987067761469862,5.236239910125732,1565831,0.0,0.0
2009-06-05 00:00:00-04:00,5.261702993815952,5.472680533357822,5.207140177679357,5.421754360198975,2215350,0.0,0.0
2009-06-08 00:00:00-04:00,5.350821888234765,5.436304721688973,5.2580644524821345,5.318083763122559,1338019,0.0,0.0
2009-06-09 00:00:00-04:00,5.336271029078454,5.438122023790936,5.238057115162237,5.327176570892334,1398769,0.0,0.0
2009-06-10 00:00:00-04:00,5.383559534737559,5.412660136588968,5.128931354020121,5.259883403778076,691538,0.0,0.0
2009-06-11 00:00:00-04:00,5.236239998287309,5.328996560030452,5.059819140214641,5.078006744384766,978581,0.0,0.0
2009-06-12 00:00:00-04:00,5.054362763421191,5.083462928279413,4.979792493349605,5.04163122177124,883913,0.0,0.0
2009-06-15 00:00:00-04:00,5.001618728730948,5.043450440865244,4.916136324389599,4.974337100982666,916313,0.0,0.0
2009-06-16 00:00:00-04:00,5.0325370263205285,5.052543169442743,4.897947890417671,4.994343280792236,1898944,0.0,0.0
2009-06-17 00:00:00-04:00,5.007074017020628,5.158031325483148,4.976154436616575,5.072549819946289,589275,0.0,0.0
2009-06-18 00:00:00-04:00,5.059819387391594,5.088919994534369,4.937961774925424,4.972518444061279,659138,0.0,0.0
2009-06-19 00:00:00-04:00,5.057998752883046,5.057998752883046,4.859753685857715,4.899765968322754,1645819,0.0,0.0
2009-06-22 00:00:00-04:00,4.88703403711137,4.88703403711137,4.757901423989142,4.779726982116699,898088,0.0,0.0
2009-06-23 00:00:00-04:00,4.803372859954833,4.845204134160107,4.728802577857427,4.803372859954834,933525,0.0,0.0
2009-06-24 00:00:00-04:00,4.81610351540942,4.89794839321189,4.797915911136312,4.841567039489746,764438,0.0,0.0
2009-06-25 00:00:00-04:00,4.823380225050637,4.877943046804687,4.741535333845973,4.763360023498535,1489388,0.0,0.0
2009-06-26 00:00:00-04:00,4.728802878298528,4.728802878298528,4.492363107575299,4.64695930480957,7690950,0.0,0.0
2009-06-29 00:00:00-04:00,4.65423355092386,4.757903123093737,4.646958947681979,4.681514739990234,1335488,0.0,0.0
2009-06-30 00:00:00-04:00,4.6615085002141186,4.73607834078168,4.603307723999023,4.603307723999023,787219,0.0,0.0
2009-07-01 00:00:00-04:00,4.672420905956441,4.728802261161335,4.61785809170219,4.70334005355835,808988,0.0,0.0
2009-07-02 00:00:00-04:00,4.626950798603502,4.746990284384608,4.532374832751758,4.545105934143066,644456,0.0,0.0
2009-07-06 00:00:00-04:00,4.545105901019279,4.557837002317806,4.308665768588587,4.448711395263672,1440281,0.0,0.0
2009-07-07 00:00:00-04:00,4.437798946199391,4.4523494665548995,4.299572734737904,4.341404438018799,929475,0.0,0.0
2009-07-08 00:00:00-04:00,4.365048865127851,4.479630995009999,4.332310737405237,4.441437244415283,1292963,0.0,0.0
2009-07-09 00:00:00-04:00,4.488724969391117,4.488724969391117,4.386873076300829,4.3905110359191895,1134000,0.0,0.0
2009-07-10 00:00:00-04:00,4.381418929045899,4.499638595028922,4.343224295462647,4.435981750488281,907200,0.0,0.0
2009-07-13 00:00:00-04:00,4.483269416006414,4.556019842761537,4.35595529108686,4.530557632446289,788231,0.0,0.0
2009-07-14 00:00:00-04:00,4.51418829074738,4.610582819825525,4.4487124716241935,4.597851276397705,491063,0.0,0.0
2009-07-15 00:00:00-04:00,4.666964058142098,4.781546168304979,4.619675854702716,4.776089668273926,786713,0.0,0.0
2009-07-16 00:00:00-04:00,4.73971384214825,4.91431611256505,4.73971384214825,4.907041072845459,684956,0.0,0.0
2009-07-17 00:00:00-04:00,4.919773618804297,5.0161676952933325,4.885216514490169,4.990705490112305,1158806,0.0,0.0
2009-07-20 00:00:00-04:00,5.028899394705184,5.13438793458787,4.93432341697771,5.114381790161133,1205888,0.0,0.0
2009-07-21 00:00:00-04:00,5.152574486775484,5.181675085633588,5.0325363275624415,5.0816426277160645,792281,0.0,0.0
2009-07-22 00:00:00-04:00,5.076187097550455,5.210776240466332,5.067093954447013,5.196226596832275,599906,0.0,0.0
2009-07-23 00:00:00-04:00,5.1780396483561635,5.392654273171428,5.081644240767403,5.31990385055542,690525,0.0,0.0
2009-07-24 00:00:00-04:00,5.276251639447545,5.30898976197605,5.183495089113213,5.254426956176758,542194,0.0,0.0
2009-07-27 00:00:00-04:00,5.263521835587097,5.316266113724121,5.20168397376554,5.31080961227417,675844,0.0,0.0
2009-07-28 00:00:00-04:00,5.274433615036248,5.356278490319496,5.201683200183103,5.325359344482422,1001869,0.0,0.0
2009-07-29 00:00:00-04:00,5.272615205437089,5.392653831981792,5.1834957254991085,5.199863910675049,2159156,0.0,0.0
2009-07-30 00:00:00-04:00,5.620001430907529,6.30749606530108,5.59817586293624,5.781871795654297,9041119,0.0,0.0
2009-07-31 00:00:00-04:00,5.818245459496237,5.991029220741533,5.783688356008021,5.830977439880371,1749094,0.0,0.0
2009-08-03 00:00:00-04:00,5.901910100056672,6.118343258403561,5.863715470934921,6.040136337280273,2175863,0.0,0.0
2009-08-04 00:00:00-04:00,6.032860022469244,6.129254082214257,5.991028323261834,6.023765563964844,1552669,0.0,0.0
2009-08-05 00:00:00-04:00,6.056505157853115,6.111067970728602,5.878266196744203,5.9219160079956055,1356244,0.0,0.0
2009-08-06 00:00:00-04:00,5.976479901419448,6.096519428595643,5.794602947519806,5.86007833480835,1074769,0.0,0.0
2009-08-07 00:00:00-04:00,5.991029241415023,6.065598192753483,5.8400710418018384,5.87644624710083,728494,0.0,0.0
2009-08-10 00:00:00-04:00,5.865533694450185,6.018310446472374,5.830977905350319,5.8891777992248535,663188,0.0,0.0
2009-08-11 00:00:00-04:00,5.900090277117303,5.921915840699906,5.712756860581214,5.734582424163818,669769,0.0,0.0
2009-08-12 00:00:00-04:00,5.721850353029015,5.920096298292945,5.6927497528584,5.836432456970215,774563,0.0,0.0
2009-08-13 00:00:00-04:00,5.896454325200489,5.896454325200489,5.680020278216395,5.769139766693115,594844,0.0,0.0
2009-08-14 00:00:00-04:00,5.780052319911507,5.783688962712443,5.674563335744839,5.705482482910156,668250,0.0,0.0
2009-08-17 00:00:00-04:00,5.6345500234863035,5.6345500234863035,5.43448550103659,5.543612003326416,685463,0.0,0.0
2009-08-18 00:00:00-04:00,5.578168883943832,5.669106907583195,5.503599045986058,5.623637676239014,1112231,0.0,0.0
2009-08-19 00:00:00-04:00,5.574531314246504,5.765501835833341,5.54906910489376,5.75640869140625,1148175,0.0,0.0
2009-08-20 00:00:00-04:00,5.761864938544992,5.8291588582564735,5.649101347262708,5.747313976287842,792281,0.0,0.0
2009-08-21 00:00:00-04:00,5.825521267305179,5.983753638235898,5.712756807776812,5.740038871765137,791775,0.0,0.0
2009-08-24 00:00:00-04:00,5.769139683933591,5.823702500876716,5.750952078285882,5.787327289581299,1266638,0.0,0.0
2009-08-25 00:00:00-04:00,5.783689119665957,5.938285298736852,5.783689119665957,5.892816066741943,1036800,0.0,0.0
2009-08-26 00:00:00-04:00,5.905546758218479,6.0201297592630185,5.820065240269331,5.951016426086426,1082363,0.0,0.0
2009-08-27 00:00:00-04:00,5.969205062809272,6.011036778123904,5.829159392324117,5.920098304748535,748238,0.0,0.0
2009-08-28 00:00:00-04:00,5.956472459056973,5.987391163425171,5.761864016933716,5.874627590179443,784181,0.0,0.0
2009-08-31 00:00:00-04:00,5.847347229026776,5.9164610159294835,5.796422366851421,5.86007833480835,1150200,0.0,0.0
2009-09-01 00:00:00-04:00,5.849165042467106,5.976478260574252,5.789144856308515,5.830977439880371,1237781,0.0,0.0
2009-09-02 00:00:00-04:00,5.803696924576522,5.914642427553828,5.763684188219109,5.781871795654297,554850,0.0,0.0
2009-09-03 00:00:00-04:00,5.700025680011364,5.820065180462199,5.700025680011364,5.8036956787109375,563456,0.0,0.0
2009-09-04 00:00:00-04:00,5.809152603149414,5.8346152499505095,5.745495327573174,5.809152603149414,540169,0.0,0.0
2009-09-08 00:00:00-04:00,5.867353614457001,5.929191473468742,5.805514877347224,5.927372932434082,545231,0.0,0.0
2009-09-09 00:00:00-04:00,6.0219485507781165,6.101974010467529,5.927372568459821,6.101974010467529,541181,0.0,0.0
2009-09-10 00:00:00-04:00,6.083786679474671,6.372971140296109,6.083786679474671,6.354783535003662,1435725,0.0,0.0
2009-09-11 00:00:00-04:00,6.382065286745271,6.480279235335032,6.267483151647086,6.285670757293701,525488,0.0,0.0
2009-09-14 00:00:00-04:00,6.265663238130935,6.487553765707949,6.214738385387543,6.48391580581665,602944,0.0,0.0
2009-09-15 00:00:00-04:00,6.489371423761513,6.560303290061215,6.45663374063448,6.542115688323975,576619,0.0,0.0
2009-09-16 00:00:00-04:00,6.578492671297512,6.582130631677963,6.49301113953397,6.565761566162109,424238,0.0,0.0
2009-09-17 00:00:00-04:00,6.547573299495238,6.778556978378526,6.547573299495238,6.729450225830078,863663,0.0,0.0
2009-09-18 00:00:00-04:00,6.74036284316999,6.884045132603121,6.736724883363834,6.774919509887695,869231,0.0,0.0
2009-09-21 00:00:00-04:00,6.753094811521683,6.753094811521683,6.616687107076989,6.645787715911865,427781,0.0,0.0
2009-09-22 00:00:00-04:00,6.707623826224384,6.802199798586498,6.65487955927526,6.731267929077148,359438,0.0,0.0
2009-09-23 00:00:00-04:00,6.76036950702317,6.814932322571442,6.622143268585204,6.622143268585205,716344,0.0,0.0
2009-09-24 00:00:00-04:00,6.625779889918625,6.68943672315707,6.460271596639894,6.545754432678223,464738,0.0,0.0
2009-09-25 00:00:00-04:00,6.513015672662804,6.540297736297422,6.400252092694335,6.422077655792236,486000,0.0,0.0
2009-09-28 00:00:00-04:00,6.447540448368626,6.629417364378427,6.447540448368626,6.583948135375977,419681,0.0,0.0
2009-09-29 00:00:00-04:00,6.556666788963496,6.707624116265302,6.549391308575866,6.620323181152344,335138,0.0,0.0
2009-09-30 00:00:00-04:00,6.656699610656585,6.742181570337024,6.611229941361857,6.6948933601379395,712800,0.0,0.0
2009-10-01 00:00:00-04:00,6.6967114816905235,6.6967114816905235,6.511197490515834,6.580310821533203,766463,0.0,0.0
2009-10-02 00:00:00-04:00,6.545754141775186,6.562123204098655,6.400251999748398,6.516653537750244,480938,0.0,0.0
2009-10-05 00:00:00-04:00,6.563941729502599,6.705805472477014,6.54757266721749,6.682161808013916,502200,0.0,0.0
2009-10-06 00:00:00-04:00,6.738544656270081,6.90405251798887,6.727631654376339,6.89495849609375,692044,0.0,0.0
2009-10-07 00:00:00-04:00,6.891320483654148,6.984077925702097,6.738544604990336,6.747637748718262,656606,0.0,0.0
2009-10-08 00:00:00-04:00,6.80947560800229,6.911326619747591,6.776737484872378,6.869494915008545,394875,0.0,0.0
2009-10-09 00:00:00-04:00,6.862220322854812,6.904052030329432,6.742181261943442,6.882226467132568,329569,0.0,0.0
2009-10-12 00:00:00-04:00,6.94042778931857,7.016816168961489,6.9131461624391,6.953159332275391,300206,0.0,0.0
2009-10-13 00:00:00-04:00,6.965890773497257,7.027729511260986,6.925877601723381,7.027729511260986,309319,0.0,0.0
2009-10-14 00:00:00-04:00,7.07865354258769,7.093204064566421,6.965889960833096,7.004084587097168,718875,0.0,0.0
2009-10-15 00:00:00-04:00,7.0059035287461295,7.0786539475569645,6.980440882162338,7.055009841918945,536119,0.0,0.0
2009-10-16 00:00:00-04:00,7.042278551568966,7.165954699319628,6.967708715690065,7.135035991668701,1100588,0.0,0.0
2009-10-19 00:00:00-04:00,7.169592652048088,7.30963742393306,6.967708708727119,7.275081634521484,692044,0.0,0.0
2009-10-20 00:00:00-04:00,8.00258857104385,8.271766859182508,7.32964416784411,7.782517910003662,4721794,0.0,0.0
2009-10-21 00:00:00-04:00,7.76614954569723,7.857087127233093,7.560628082504037,7.600641250610352,1290938,0.0,0.0
2009-10-22 00:00:00-04:00,7.627920418036287,7.80797875911642,7.476963115612791,7.726134777069092,1135013,0.0,0.0
2009-10-23 00:00:00-04:00,7.802525636153267,7.835263766314456,7.704311245669703,7.804344177246094,1237781,0.0,0.0
2009-10-26 00:00:00-04:00,7.849812463635234,7.949845388718633,7.62610382460019,7.631560325622559,948206,0.0,0.0
2009-10-27 00:00:00-04:00,7.635197728729332,7.713404644018541,7.182323982671236,7.31691312789917,2159156,0.0,0.0
2009-10-28 00:00:00-04:00,7.302362472785467,7.347832142429319,7.049553234562764,7.065922737121582,1270688,0.0,0.0
2009-10-29 00:00:00-04:00,7.093204468188406,7.3823893585930955,7.056829258794167,7.2587127685546875,989213,0.0,0.0
2009-10-30 00:00:00-04:00,7.245981097867968,7.506064938069414,7.191417406641534,7.3660197257995605,1795163,0.0,0.0
2009-11-02 00:00:00-05:00,7.444226117505981,7.526070989982102,7.193236316773168,7.404212951660156,1541025,0.0,0.0
2009-11-03 00:00:00-05:00,7.4987907658870725,7.4987907658870725,6.749456197854108,7.078653812408447,3250631,0.0,0.0
2009-11-04 00:00:00-05:00,7.093205230491382,7.093205230491382,6.600318236410657,6.7130818367004395,2243194,0.0,0.0
2009-11-05 00:00:00-05:00,6.72763076208357,7.096840626033559,6.68398007744503,7.093203544616699,1646325,0.0,0.0
2009-11-06 00:00:00-05:00,7.01863484012277,7.0968417621822555,6.829482867521544,6.86585807800293,1316250,0.0,0.0
2009-11-09 00:00:00-05:00,6.973166154501717,7.107755330412711,6.905872225119829,7.06410551071167,1028700,0.0,0.0
2009-11-10 00:00:00-05:00,6.945883906069255,7.366019531814492,6.914963881821607,7.191417217254639,1776938,0.0,0.0
2009-11-11 00:00:00-05:00,7.262349785190492,7.384208279604761,7.004085346149481,7.053191661834717,1324856,0.0,0.0
2009-11-12 00:00:00-05:00,7.038640432942189,7.19323660200432,6.820387870067191,6.858582496643066,999338,0.0,0.0
2009-11-13 00:00:00-05:00,6.860401273090934,6.967708797832386,6.822207523301408,6.893139839172363,951244,0.0,0.0
2009-11-16 00:00:00-05:00,7.053191682271479,7.438770679009443,6.91496456191129,7.3605637550354,2524669,0.0,0.0
2009-11-17 00:00:00-05:00,7.407851527840068,7.431495194299647,7.176867851757761,7.207786560058594,610031,0.0,0.0
2009-11-18 00:00:00-05:00,7.184142420296747,7.3842078261733235,7.102297980448367,7.187780380249023,1346119,0.0,0.0
2009-11-19 00:00:00-05:00,7.209604786860462,7.213242746671572,6.771281559302863,6.858582496643066,1252463,0.0,0.0
2009-11-20 00:00:00-05:00,6.834938198879227,6.902232107228531,6.802199636950874,6.874951362609863,624206,0.0,0.0
2009-11-23 00:00:00-05:00,6.918603080486818,7.1568627099227475,6.8294835859085214,6.862221717834473,767475,0.0,0.0
2009-11-24 00:00:00-05:00,6.862220220382281,6.929514571691219,6.7749192860453755,6.804019451141357,880369,0.0,0.0
2009-11-25 00:00:00-05:00,6.811294717459504,6.827663780391306,6.714900197869724,6.774919509887695,642938,0.0,0.0
2009-11-27 00:00:00-05:00,6.569398259643455,6.674886796959986,6.385702370210284,6.580310821533203,579656,0.0,0.0
2009-11-30 00:00:00-05:00,6.65488108695743,6.65488108695743,6.438447908233339,6.489373207092285,958331,0.0,0.0
2009-12-01 00:00:00-05:00,6.5548481405537595,6.6603371304621914,6.474822676421732,6.560304641723633,1328400,0.0,0.0
2009-12-02 00:00:00-05:00,6.583948822081845,6.820388574125867,6.583948822081845,6.778557300567627,842400,0.0,0.0
2009-12-03 00:00:00-05:00,6.809477271877843,6.8676771743049425,6.6748881041161665,6.687619209289551,1146150,0.0,0.0
2009-12-04 00:00:00-05:00,6.811294555664062,6.86585736572569,6.747637285352049,6.8112945556640625,871763,0.0,0.0
2009-12-07 00:00:00-05:00,6.820388259278425,6.865857929973335,6.7203562130868235,6.742181777954102,639394,0.0,0.0
2009-12-08 00:00:00-05:00,6.729450026473051,6.922239949039784,6.6676112938064716,6.867676258087158,860119,0.0,0.0
2009-12-09 00:00:00-05:00,6.8585822151730955,7.302361925186069,6.8585822151730955,7.2314300537109375,2584913,0.0,0.0
2009-12-10 00:00:00-05:00,7.315094079816425,7.366019811712608,7.12776109398363,7.175049304962158,1014525,0.0,0.0
2009-12-11 00:00:00-05:00,7.1968740401032925,7.360563360603115,7.171411393507452,7.291450023651123,849994,0.0,0.0
2009-12-14 00:00:00-05:00,7.351470079564433,7.622466482325837,7.169592718700063,7.589728355407715,1218038,0.0,0.0
2009-12-15 00:00:00-05:00,7.546078104915539,7.693398358900119,7.420582976177046,7.589728355407715,1146656,0.0,0.0
2009-12-16 00:00:00-05:00,7.618828185431744,7.6388347688802885,7.491514521411489,7.527889728546143,532069,0.0,0.0
2009-12-17 00:00:00-05:00,7.464233370555839,7.480601995281445,7.28053702618872,7.42603874206543,676350,0.0,0.0
2009-12-18 00:00:00-05:00,7.502426721392112,7.502426721392112,7.12048528636802,7.33691930770874,1623544,0.0,0.0
2009-12-21 00:00:00-05:00,7.336919267023816,7.527889763952399,7.3169131225301465,7.476964473724365,676350,0.0,0.0
2009-12-22 00:00:00-05:00,7.466050774794743,7.562445723720474,7.43695061166951,7.506063938140869,659138,0.0,0.0
2009-12-23 00:00:00-05:00,7.5224343333828925,7.638834999731496,7.506064831104146,7.600641250610352,440438,0.0,0.0
2009-12-24 00:00:00-05:00,7.622465674690486,7.802524036515175,7.622465674690486,7.718860626220703,386775,0.0,0.0
2009-12-28 00:00:00-05:00,7.784337399136162,7.787975359330244,7.6024604637850794,7.635198593139648,768994,0.0,0.0
2009-12-29 00:00:00-05:00,7.673391920020767,7.673391920020767,7.562446872676633,7.629741668701172,525488,0.0,0.0
2009-12-30 00:00:00-05:00,7.624285448463964,7.711586832415312,7.560628610088078,7.595185279846191,602438,0.0,0.0
2009-12-31 00:00:00-05:00,7.595185348005547,7.624285516884466,7.4824217545507175,7.500608921051025,766969,0.0,0.0
2010-01-04 00:00:00-05:00,7.637015342091304,7.8916426405929485,7.58245209867014,7.802523612976074,1070719,0.0,0.0
2010-01-05 00:00:00-05:00,7.769787001666523,7.769787001666523,7.244161924504503,7.631560325622559,3144825,0.0,0.0
2010-01-06 00:00:00-05:00,7.600642799686104,7.815257011055529,7.584273294071112,7.807981967926025,1601269,0.0,0.0
2010-01-07 00:00:00-05:00,7.813436383426157,7.866181090604586,7.647928976899792,7.709766387939453,637875,0.0,0.0
2010-01-08 00:00:00-05:00,7.669754996012343,7.7497804584123,7.647929869903264,7.715223789215088,622688,0.0,0.0
2010-01-11 00:00:00-05:00,7.7297751467765075,7.731592809756058,7.502427656741534,7.649748802185059,1025663,0.0,0.0
2010-01-12 00:00:00-05:00,7.638835414571312,7.695217209920316,7.438770441272836,7.458777904510498,1156781,0.0,0.0
2010-01-13 00:00:00-05:00,7.50606523304723,7.747961917427713,7.50606523304723,7.715223789215088,1054519,0.0,0.0
2010-01-14 00:00:00-05:00,7.702493106248871,7.758875785949315,7.598823965178724,7.6570234298706055,310838,0.0,0.0
2010-01-15 00:00:00-05:00,7.693398112108649,7.695216652962992,7.424219819845729,7.451502323150635,1055025,0.0,0.0
2010-01-19 00:00:00-05:00,7.473326792708078,7.493334255094964,7.426038582397745,7.442408084869385,1961213,0.0,0.0
2010-01-20 00:00:00-05:00,7.407850457902376,7.4533201214163896,7.204148437670554,7.302361488342285,1490400,0.0,0.0
2010-01-21 00:00:00-05:00,7.289631104706262,7.318731270735398,7.2387053751063,7.247799396514893,1989056,0.0,0.0
2010-01-22 00:00:00-05:00,7.240525776297517,7.396939189922977,7.187781059640962,7.235069274902344,1718213,0.0,0.0
2010-01-25 00:00:00-05:00,7.2659874054920115,7.316913576980994,7.2659874054920115,7.278718948364258,1270688,0.0,0.0
2010-01-26 00:00:00-05:00,7.2787187677898295,7.520615003018412,7.2496181618107824,7.442408084869385,1213988,0.0,0.0
2010-01-27 00:00:00-05:00,7.391481493619198,7.506064492002036,7.3587442467366095,7.436951160430908,957825,0.0,0.0
2010-01-28 00:00:00-05:00,7.429675474194815,7.504244421708283,7.367837189309558,7.440588474273682,1068694,0.0,0.0
2010-01-29 00:00:00-05:00,7.458777477110387,7.466051640637423,7.287812681775957,7.300543785095215,718369,0.0,0.0
2010-02-01 00:00:00-05:00,7.307819789431489,7.369658529488406,7.2387064458402195,7.313276290893555,508275,0.0,0.0
2010-02-02 00:00:00-05:00,7.355106642843024,7.431494575818863,7.258712126944274,7.404212951660156,980100,0.0,0.0
2010-02-03 00:00:00-05:00,7.355106642843024,7.406032370542541,7.355106642843024,7.404212951660156,1273725,0.0,0.0
2010-02-04 00:00:00-05:00,7.344193334854778,7.375113356436428,7.093203544616698,7.093203544616699,630281,0.0,0.0
2010-02-05 00:00:00-05:00,7.1386717725027244,7.200510493681962,6.973163506633114,7.111390590667725,1512169,0.0,0.0
2010-02-08 00:00:00-05:00,7.125941023138921,7.135035483174679,7.049552651806414,7.096840858459473,878344,0.0,0.0
2010-02-09 00:00:00-05:00,7.189599230892432,7.235068902715727,7.085929222109421,7.140492916107178,362981,0.0,0.0
2010-02-10 00:00:00-05:00,7.111392384896325,7.162317680282596,7.022272898445841,7.058648109436035,527513,0.0,0.0
2010-02-11 00:00:00-05:00,7.096841410412748,7.131398078181697,6.993171846154888,7.045916557312012,1292963,0.0,0.0
2010-02-12 00:00:00-05:00,7.013178672299608,7.356925964355469,6.984078502531629,7.356925964355469,1333463,0.0,0.0
2010-02-16 00:00:00-05:00,7.413307865510682,7.4569581155970655,7.247799569644018,7.275081634521484,725963,0.0,0.0
2010-02-17 00:00:00-05:00,7.316914195833648,7.549715995788574,7.316914195833648,7.549715995788574,1087931,0.0,0.0
2010-02-18 00:00:00-05:00,7.547895515907063,7.749778991833866,7.538801056509151,7.7461419105529785,1215506,0.0,0.0
2010-02-19 00:00:00-05:00,7.751599098045901,7.767968601409542,7.507883869579243,7.556990623474121,1225631,0.0,0.0
2010-02-22 00:00:00-05:00,7.582453519577877,7.729774655661277,7.506065140093077,7.637016773223877,719381,0.0,0.0
2010-02-23 00:00:00-05:00,7.6042796482365524,7.651567866172454,7.3769338988608375,7.4715094566345215,658631,0.0,0.0
2010-02-24 00:00:00-05:00,7.513339613100975,7.615190192636196,7.38420740880862,7.558809280395508,1096031,0.0,0.0
2010-02-25 00:00:00-05:00,7.9262007882104735,7.949845333109342,7.547896850808611,7.637016773223877,3728531,0.0,0.0
2010-02-26 00:00:00-05:00,7.646110587589388,7.809798578488092,7.498790342063041,7.64065408706665,1339538,0.0,0.0
2010-03-01 00:00:00-05:00,7.677029351960132,7.993494969406578,7.617009601950562,7.948026180267334,1976906,0.0,0.0
2010-03-02 00:00:00-05:00,7.971670097315326,8.146271974202953,7.948026431587049,8.098983764648438,2090306,0.0,0.0
2010-03-03 00:00:00-05:00,8.098982841662387,8.124445923466341,7.9316560254600965,8.048057556152344,1045406,0.0,0.0
2010-03-04 00:00:00-05:00,8.04078347786672,8.078977227046673,7.957120059750858,8.060790061950684,973519,0.0,0.0
2010-03-05 00:00:00-05:00,8.073523030589545,8.106261162882774,8.006228224791831,8.08079719543457,977569,0.0,0.0
2010-03-08 00:00:00-05:00,8.040782154906776,8.10262043787434,7.926199170023464,8.02987003326416,665213,0.0,0.0
2010-03-09 00:00:00-05:00,8.002588093443077,8.309960111083305,7.988038889601603,8.28085994720459,1739475,0.0,0.0
2010-03-10 00:00:00-05:00,8.309959343563763,8.457280446264273,8.309959343563763,8.3590669631958,941625,0.0,0.0
2010-03-11 00:00:00-05:00,8.28995321829072,8.31541541898462,8.166276661442321,8.200833320617676,785194,0.0,0.0
2010-03-12 00:00:00-05:00,8.209926502018948,8.293589896156837,8.057149792889094,8.220839500427246,883913,0.0,0.0
2010-03-15 00:00:00-04:00,8.24812255941292,8.289954263790449,7.938931128297793,8.075338363647461,1420538,0.0,0.0
2010-03-16 00:00:00-04:00,8.075338512512301,8.19901508723827,7.92074411125167,8.115351676940918,828731,0.0,0.0
2010-03-17 00:00:00-04:00,8.09170780087524,8.109895841892042,7.9989499332167595,8.048057556152344,978075,0.0,0.0
2010-03-18 00:00:00-04:00,8.048059175840049,8.20811098346593,8.00258950319611,8.184467315673828,853031,0.0,0.0
2010-03-19 00:00:00-04:00,8.169914871373562,8.20810949483924,8.013501052289616,8.100802421569824,1009463,0.0,0.0
2010-03-22 00:00:00-04:00,8.022596767109182,8.137179789875544,7.9225638300753545,8.129904747009277,768994,0.0,0.0
2010-03-23 00:00:00-04:00,8.180827906820197,8.633701621535218,8.166277824894227,8.624608039855957,2952450,0.0,0.0
2010-03-24 00:00:00-04:00,8.617331080843321,8.619150499437911,8.468192320051456,8.535486221313477,1233225,0.0,0.0
2010-03-25 00:00:00-04:00,8.54822048167739,8.739190983646811,8.38634926822272,8.59732723236084,1650375,0.0,0.0
2010-03-26 00:00:00-04:00,8.650072183433254,9.04110678078671,8.650072183433254,8.91925048828125,3334669,0.0,0.0
2010-03-29 00:00:00-04:00,8.982908443902955,9.048383835164994,8.833769613645883,8.844681739807129,1870088,0.0,0.0
2010-03-30 00:00:00-04:00,8.881054834947266,8.982905409168477,8.670076889293263,8.83012866973877,1065150,0.0,0.0
2010-03-31 00:00:00-04:00,8.77738446524861,8.942892738878246,8.670076517247924,8.875597953796387,1499513,0.0,0.0
2010-04-01 00:00:00-04:00,9.026558338238615,9.101127304036307,8.74282992569457,8.90470027923584,1197281,0.0,0.0
2010-04-05 00:00:00-04:00,8.957446405291357,9.061116435382786,8.731918297021195,8.808306694030762,1571906,0.0,0.0
2010-04-06 00:00:00-04:00,8.75555931778834,9.075661985918632,8.735551858289002,9.015643119812012,1846294,0.0,0.0
2010-04-07 00:00:00-04:00,9.035651945839973,9.437601375331957,9.00837119242554,9.403044700622559,2775263,0.0,0.0
2010-04-08 00:00:00-04:00,9.43214372615817,9.603108537635688,9.363030385145773,9.515807151794434,2067525,0.0,0.0
2010-04-09 00:00:00-04:00,9.484886894804967,9.819539664680583,9.484886894804967,9.801352500915527,1983994,0.0,0.0
2010-04-12 00:00:00-04:00,9.80499011857248,9.821359620573608,9.663126369817082,9.70677661895752,1342069,0.0,0.0
2010-04-13 00:00:00-04:00,9.706777061940954,9.728602187507196,9.603107935025804,9.635845184326172,1518750,0.0,0.0
2010-04-14 00:00:00-04:00,9.737697207651225,9.948675208795974,9.632209524226031,9.910481452941895,2319638,0.0,0.0
2010-04-15 00:00:00-04:00,9.88137683483045,9.955947534598595,9.761338230796149,9.837726593017578,1153238,0.0,0.0
2010-04-16 00:00:00-04:00,9.741335231199018,9.906843556533278,9.53217752610488,9.630390167236328,1597219,0.0,0.0
2010-04-19 00:00:00-04:00,9.555820607425492,9.679497208500369,9.383036371663705,9.481250762939453,936056,0.0,0.0
2010-04-20 00:00:00-04:00,9.488524482676086,9.603107484141452,9.372122940356748,9.45033073425293,1077300,0.0,0.0
2010-04-21 00:00:00-04:00,9.417592787843356,9.69586378962351,9.372123118941992,9.683133125305176,857081,0.0,0.0
2010-04-22 00:00:00-04:00,9.681314889441495,10.239677207678437,9.628570177225864,10.146920204162598,2135869,0.0,0.0
2010-04-23 00:00:00-04:00,10.2087575447074,10.345165676590423,10.176020295533865,10.248770713806152,992250,0.0,0.0
2010-04-26 00:00:00-04:00,10.316064836207824,10.381540208380928,10.03597354888916,10.03597354888916,705206,0.0,0.0
2010-04-27 00:00:00-04:00,10.03051686313503,10.128730350032255,9.917752416977255,9.957765579223633,1088944,0.0,0.0
2010-04-28 00:00:00-04:00,10.05779937789248,10.241494827455798,9.821359220857639,9.828634262084961,1209431,0.0,0.0
2010-04-29 00:00:00-04:00,9.815905137326416,10.121458700304466,9.755886251947382,10.117820739746094,1232719,0.0,0.0
2010-04-30 00:00:00-04:00,10.765302517524795,11.00356126154071,10.439743261853318,10.545231819152832,11307094,0.0,0.0
2010-05-03 00:00:00-04:00,11.128147010956912,11.179982016416055,10.557962829004369,10.9344482421875,5180625,0.0,1.5
2010-05-04 00:00:00-04:00,10.462476224761199,10.634350737146384,10.025971951863141,10.110544204711914,4766513,0.0,0.0
2010-05-05 00:00:00-04:00,9.774981062085805,10.020515709795474,9.275728771176121,9.58946704864502,3430350,0.0,0.0
2010-05-06 00:00:00-04:00,9.594924244426666,10.066894941982989,8.320875044573048,9.330292701721191,3484350,0.0,0.0
2010-05-07 00:00:00-04:00,9.150232242903888,9.349386581629062,8.798300301107416,9.073843002319336,2899800,0.0,0.0
2010-05-10 00:00:00-04:00,9.624932572395583,9.815903965507843,9.2784570435622,9.513078689575195,2101950,0.0,0.0
2010-05-11 00:00:00-04:00,9.412136557948081,9.764067695874255,9.237534675166216,9.750428199768066,2375663,0.0,0.0
2010-05-12 00:00:00-04:00,9.742243676040244,10.309699588816928,9.728602423419307,10.304243087768555,1967963,0.0,0.0
2010-05-13 00:00:00-04:00,10.30969883211835,10.30969883211835,10.053252960745175,10.216941833496094,2276438,0.0,0.0
2010-05-14 00:00:00-04:00,10.050525409791975,10.083262659761429,9.684953012414352,9.829545021057129,2423250,0.0,0.0
2010-05-17 00:00:00-04:00,9.843183158663795,10.012329398581498,9.393037691791418,9.671310424804688,1239300,0.0,0.0
2010-05-18 00:00:00-04:00,9.772252027771742,9.84045565206092,9.322106526886854,9.387582778930664,1336500,0.0,0.0
2010-05-19 00:00:00-04:00,9.286639895843948,9.38485338383172,9.02200930389864,9.155688285827637,1553175,0.0,0.0
2010-05-20 00:00:00-04:00,8.866506414900755,8.89378716525024,8.555496377457644,8.7110013961792,3304125,0.0,0.0
2010-05-21 00:00:00-04:00,8.53639834538905,8.828311496859287,8.413632338512874,8.822854995727539,2797200,0.0,0.0
2010-05-24 00:00:00-04:00,8.746466410964647,8.970175049286512,8.70281615912087,8.934709548950195,1955475,0.0,0.0
2010-05-25 00:00:00-04:00,8.642796256796364,8.961989234339446,8.369980019900423,8.921067237854004,1284863,0.0,0.0
2010-05-26 00:00:00-04:00,9.0247382344802,9.275728497819397,9.016554361133007,9.049291610717773,1364175,0.0,0.0
2010-05-27 00:00:00-04:00,9.188426369397991,9.41213586592146,9.084757250013704,9.409407615661621,975375,0.0,0.0
2010-05-28 00:00:00-04:00,9.384853991030095,9.384853991030095,9.030193760084313,9.202067375183105,859275,0.0,0.0
2010-06-01 00:00:00-04:00,9.182971753853245,9.335748516568101,8.880146478982512,8.899243354797363,1100588,0.0,0.0
2010-06-02 00:00:00-04:00,8.99745744884523,9.060205459594727,8.795574797207143,9.060205459594727,794475,0.0,0.0
2010-06-03 00:00:00-04:00,9.125679497997586,9.36302937423192,9.043834622251477,9.349388122558594,711113,0.0,0.0
2010-06-04 00:00:00-04:00,9.161144553111997,9.185697924485167,8.825581225613453,8.885600090026855,992588,0.0,0.0
2010-06-07 00:00:00-04:00,8.893785630308416,8.978358751709465,8.585503896724937,8.601873397827148,1133325,0.0,0.0
2010-06-08 00:00:00-04:00,8.601873023997696,8.710999514211622,8.195377813858467,8.481834411621094,1528875,0.0,0.0
2010-06-09 00:00:00-04:00,8.550038806668791,8.97290267756473,8.44909705746859,8.659164428710938,1587938,0.0,0.0
2010-06-10 00:00:00-04:00,8.771020130864798,9.057476785765576,8.738282001650928,9.05474853515625,1090800,0.0,0.0
2010-06-11 00:00:00-04:00,8.967445389569573,9.22116474354735,8.953805017298698,9.158416748046875,842063,0.0,0.0
2010-06-14 00:00:00-04:00,9.262088599179064,9.597652010391332,9.223894846669332,9.477612495422363,1645313,0.0,0.0
2010-06-15 00:00:00-04:00,9.504895048391194,9.589468191603398,9.292099382064224,9.554001808166504,778613,0.0,0.0
2010-06-16 00:00:00-04:00,9.47761019310475,9.64402817202244,9.253901599339601,9.586736679077148,991575,0.0,0.0
2010-06-17 00:00:00-04:00,9.622204380943222,9.764068142791196,9.423049112999784,9.679496765136719,1225463,0.0,0.0
2010-06-18 00:00:00-04:00,9.71223431086344,9.813176073192777,9.573097917278055,9.63311767578125,1245713,0.0,0.0
2010-06-21 00:00:00-04:00,9.783165880331664,9.818632259782651,9.158418449803577,9.245718955993652,1597388,0.0,0.0
2010-06-22 00:00:00-04:00,9.311194808097083,9.425776937004358,8.841952412522643,8.88287353515625,842738,0.0,0.0
2010-06-23 00:00:00-04:00,8.866505394810009,9.008369143937355,8.599145642403457,8.940165519714355,729675,0.0,0.0
2010-06-24 00:00:00-04:00,8.888332037599163,9.00291507040681,8.70827449135547,8.768293380737305,675675,0.0,0.0
2010-06-25 00:00:00-04:00,8.779203988911307,9.019282115208071,8.75192236369354,8.901970863342285,888638,0.0,0.0
2010-06-28 00:00:00-04:00,8.901972240289693,9.112039645432166,8.86377848593582,8.997457504272461,871763,0.0,0.0
2010-06-29 00:00:00-04:00,8.828311267238533,8.850136393099836,8.566408878804884,8.640069007873535,1262250,0.0,0.0
2010-06-30 00:00:00-04:00,8.61551546918791,8.822855499242907,8.457283074023165,8.599146842956543,660150,0.0,0.0
2010-07-01 00:00:00-04:00,8.590961727907723,8.801030877909003,8.288136447781355,8.735553741455078,993600,0.0,0.0
2010-07-02 00:00:00-04:00,8.741009564715917,8.741009564715917,8.443640808866101,8.623699188232422,653063,0.0,0.0
2010-07-06 00:00:00-04:00,8.792846189915208,8.92652520200758,8.27722438353649,8.32633113861084,1215338,0.0,0.0
2010-07-07 00:00:00-04:00,8.337243676416579,8.73828156843881,8.26631179838477,8.730096817016602,691200,0.0,0.0
2010-07-08 00:00:00-04:00,8.880145618251268,9.057475740710757,8.730096242541295,8.964717864990234,826538,0.0,0.0
2010-07-09 00:00:00-04:00,8.972905497605309,9.057478649603661,8.839226458828254,9.002915382385254,394875,0.0,0.0
2010-07-12 00:00:00-04:00,9.000184811004452,9.068389316493734,8.716457299569653,8.831039428710938,549113,0.0,0.0
2010-07-13 00:00:00-04:00,8.923796687786385,9.109311578197467,8.78466117855159,9.052020072937012,968625,0.0,0.0
2010-07-14 00:00:00-04:00,9.041107284320631,9.251175556505776,8.975631903974918,9.169331550598145,607163,0.0,0.0
2010-07-15 00:00:00-04:00,9.150232875923498,9.177513620465245,8.978358389864566,9.158416748046875,990225,0.0,0.0
2010-07-16 00:00:00-04:00,9.0683890989835,9.229349726014053,8.790117217060033,8.8283109664917,1252463,0.0,0.0
2010-07-19 00:00:00-04:00,8.882874273726395,9.000185540947392,8.741010506503406,8.90470027923584,605138,0.0,0.0
2010-07-20 00:00:00-04:00,8.781930932892461,9.23207636487761,8.68371744795736,9.177513122558594,729675,0.0,0.0
2010-07-21 00:00:00-04:00,9.232077348481537,9.570368960043004,9.071116732398977,9.458514213562012,1149188,0.0,0.0
2010-07-22 00:00:00-04:00,9.556726871342828,9.826814838115496,9.420318762967854,9.614017486572266,2349675,0.0,0.0
2010-07-23 00:00:00-04:00,9.559455515866771,9.946853857162491,9.507620520354683,9.848639488220215,1222425,0.0,0.0
2010-07-26 00:00:00-04:00,9.91138982517403,10.268778377994483,9.840457062278336,10.263321876525879,912938,0.0,0.0
2010-07-27 00:00:00-04:00,10.26877589244401,10.298785765159382,9.955038549214228,10.064164161682129,766800,0.0,0.0
2010-07-28 00:00:00-04:00,10.055981013362763,10.135097643816316,9.723146744693342,9.881379127502441,2177550,0.0,0.0
2010-07-29 00:00:00-04:00,10.176020698644322,10.59888460708594,10.165107696422181,10.497941970825195,3601125,0.0,0.0
2010-07-30 00:00:00-04:00,10.776213039929228,10.958998773418973,10.421552817247871,10.538863182067871,5513400,0.0,0.0
2010-08-02 00:00:00-04:00,10.776214349552486,10.844417976634428,10.5306805895791,10.645262718200684,1715513,0.0,0.0
2010-08-03 00:00:00-04:00,10.514311310486569,10.645262944623692,10.312427797303759,10.457019805908203,1502213,0.0,0.0
2010-08-04 00:00:00-04:00,10.459749234445162,10.817137798535384,10.402458601512475,10.792584419250488,1442813,0.0,0.0
2010-08-05 00:00:00-04:00,10.77621391804164,10.871699167752451,10.642534919685685,10.806222915649414,8999100,0.0,0.0
2010-08-06 00:00:00-04:00,10.724378220132207,10.909893978181625,10.62070909573654,10.795310974121094,2238975,0.0,0.0
2010-08-09 00:00:00-04:00,10.879880730635962,10.893521979468549,10.708008020127505,10.76257038116455,1617975,0.0,0.0
2010-08-10 00:00:00-04:00,10.69436915564801,10.759845408447092,10.293330400121006,10.462475776672363,3097575,0.0,0.0
2010-08-11 00:00:00-04:00,10.24422251429005,10.260592014724708,9.758611563352508,9.821358680725098,2249100,0.0,0.0
2010-08-12 00:00:00-04:00,9.736785951541162,9.834999445679093,9.507620839186686,9.788620948791504,1141425,0.0,0.0
2010-08-13 00:00:00-04:00,9.725874281076967,9.761340660187885,9.466699259376464,9.55127239227295,1071225,0.0,0.0
2010-08-16 00:00:00-04:00,9.466699153429602,9.679496547615566,9.346660520863635,9.562185287475586,920700,0.0,0.0
2010-08-17 00:00:00-04:00,9.652212978043693,9.94139784262174,9.53217523681208,9.739514350891113,973013,0.0,0.0
2010-08-18 00:00:00-04:00,9.690407623679304,10.181476903628608,9.573097243693347,10.058709144592285,1529888,0.0,0.0
2010-08-19 00:00:00-04:00,10.004144085105798,10.069620328517088,9.774978989361964,9.804988861083984,805950,0.0,0.0
2010-08-20 00:00:00-04:00,9.755883335740284,9.925027815838233,9.611290472057247,9.91138744354248,567338,0.0,0.0
2010-08-23 00:00:00-04:00,9.979593118766187,10.102359996328795,9.742243236746495,9.747699737548828,888300,0.0,0.0
2010-08-24 00:00:00-04:00,9.584008188034622,9.660396550674202,9.393036842386765,9.493979454040527,1703363,0.0,0.0
2010-08-25 00:00:00-04:00,9.401223471547596,9.701320482320284,9.357573220769238,9.684952735900879,1229175,0.0,0.0
2010-08-26 00:00:00-04:00,9.693136044039544,9.761340550943535,9.548544034855583,9.562185287475586,1048613,0.0,0.0
2010-08-27 00:00:00-04:00,9.652213979359463,9.813175490636562,9.504893720613307,9.791350364685059,832613,0.0,0.0
2010-08-30 00:00:00-04:00,9.720417225896487,9.821358969149781,9.275727378692746,9.289368629455566,1208588,0.0,0.0
2010-08-31 00:00:00-04:00,9.278457010978077,9.455788028722868,9.139321501058841,9.384855270385742,966263,0.0,0.0
2010-09-01 00:00:00-04:00,9.575825496754982,9.813175385365163,9.50762186912594,9.777709007263184,1071225,0.0,0.0
2010-09-02 00:00:00-04:00,9.753153905559996,9.971405982569282,9.731327907571082,9.895017623901367,791100,0.0,0.0
2010-09-03 00:00:00-04:00,10.03961313990731,10.323341554955082,10.02324451372885,10.197846412658691,1212638,0.0,0.0
2010-09-07 00:00:00-04:00,10.200572099454327,10.227852843528712,9.963222249985213,9.998687744140625,715163,0.0,0.0
2010-09-08 00:00:00-04:00,10.034155315700058,10.146010067785165,9.985048565540245,10.03961181640625,406688,0.0,0.0
2010-09-09 00:00:00-04:00,10.173292845018182,10.184205847666114,9.799535675797344,9.914117813110352,711450,0.0,0.0
2010-09-10 00:00:00-04:00,9.919571315680784,10.04506730691062,9.897747071246728,9.91138744354248,365513,0.0,0.0
2010-09-13 00:00:00-04:00,9.987778285589561,10.50067098738639,9.987778285589561,10.443380355834961,1048950,0.0,0.0
2010-09-14 00:00:00-04:00,10.38609025239945,10.435197016434056,10.091449668191814,10.37244987487793,1467788,0.0,0.0
2010-09-15 00:00:00-04:00,10.29878740230224,10.637079049973803,10.216942521367473,10.533408164978027,1059750,0.0,0.0
2010-09-16 00:00:00-04:00,10.440652417240813,10.634352079919069,10.421555539486034,10.549778938293457,798188,0.0,0.0
2010-09-17 00:00:00-04:00,10.637079956980424,10.699827089712153,10.514312186061062,10.59615707397461,1859963,0.0,0.0
2010-09-20 00:00:00-04:00,10.66981608513444,10.858059219686124,10.628894084539635,10.81167984008789,1172475,0.0,0.0
2010-09-21 00:00:00-04:00,10.803496280706973,10.803496280706973,10.61525400348403,10.738020896911621,763763,0.0,0.0
2010-09-22 00:00:00-04:00,10.6643582640066,10.75984438373684,10.473387780741882,10.5006685256958,706725,0.0,0.0
2010-09-23 00:00:00-04:00,10.397003256895232,10.656177454589784,10.176022818739504,10.37244987487793,910913,0.0,0.0
2010-09-24 00:00:00-04:00,10.517039093242905,10.795310974121092,10.467932342387812,10.795310974121094,757013,0.0,0.0
2010-09-27 00:00:00-04:00,10.841689551565464,10.841689551565464,10.615252670326289,10.770757675170898,763088,0.0,0.0
2010-09-28 00:00:00-04:00,10.776215549743247,11.19362298818636,10.508855756352627,11.160884857177734,2234250,0.0,0.0
2010-09-29 00:00:00-04:00,11.160884130615457,11.534641288781247,11.160884130615457,11.458252906799316,1883250,0.0,0.0
2010-09-30 00:00:00-04:00,11.542823103591973,11.613754966363565,11.016289315432541,11.201804161071777,1222763,0.0,0.0
2010-10-01 00:00:00-04:00,11.390048271257214,11.537368521055777,11.084495648396093,11.239999771118164,626400,0.0,0.0
2010-10-04 00:00:00-04:00,11.264551274182022,11.458249991384799,11.08176555652771,11.201804161071777,566325,0.0,0.0
2010-10-05 00:00:00-04:00,11.362767385409098,12.031165002028368,11.289107261408557,11.927495002746582,2310863,0.0,0.0
2010-10-06 00:00:00-04:00,11.922039224495768,11.94932172922082,11.662865088685727,11.744709968566895,1177538,0.0,0.0
2010-10-07 00:00:00-04:00,11.79927317516765,12.118467087669053,11.739254294837247,11.897486686706543,2939288,0.0,0.0
2010-10-08 00:00:00-04:00,11.938409808228915,12.200312218223985,11.731069778330015,12.118467330932617,1232550,0.0,0.0
2010-10-11 00:00:00-04:00,12.143019210021842,12.205767212627205,12.00388370909373,12.033893585205078,690863,0.0,0.0
2010-10-12 00:00:00-04:00,11.973875174589718,12.126651944548959,11.922040167707188,12.025711059570312,821475,0.0,0.0
2010-10-13 00:00:00-04:00,12.074816536160133,12.235778052832208,11.919311520683324,11.943865776062012,1667588,0.0,0.0
2010-10-14 00:00:00-04:00,11.943865615788988,11.982059367447247,11.766534597910702,11.878389358520508,695925,0.0,0.0
2010-10-15 00:00:00-04:00,12.04753413115089,12.061175383259116,11.731068497513782,11.908398628234863,560588,0.0,0.0
2010-10-18 00:00:00-04:00,11.900213166296828,11.957504665534005,11.810184420150915,11.924766540527344,383738,0.0,0.0
2010-10-19 00:00:00-04:00,11.758350831805497,11.867478229099298,11.147244607364614,11.302749633789062,1413113,0.0,0.0
2010-10-20 00:00:00-04:00,11.327298030698731,11.556463093356896,11.267278295920029,11.45279312133789,780638,0.0,0.0
2010-10-21 00:00:00-04:00,11.542825544432729,11.564651548144974,11.103593025487674,11.33548641204834,775913,0.0,0.0
2010-10-22 00:00:00-04:00,11.340940961893756,11.414601083159502,11.229087093941141,11.398232460021973,461700,0.0,0.0
2010-10-25 00:00:00-04:00,11.42824461560519,11.823826924865017,11.406419487698905,11.646496772766113,1006763,0.0,0.0
2010-10-26 00:00:00-04:00,11.548281440801576,11.943864565907115,11.531911938874345,11.812912940979004,672638,0.0,0.0
2010-10-27 00:00:00-04:00,11.731069482274002,11.812914367499856,11.439157199829255,11.665594100952148,758025,0.0,0.0
2010-10-28 00:00:00-04:00,11.714698984694246,11.722882857240576,11.48553386953667,11.60284423828125,586575,0.0,0.0
2010-10-29 00:00:00-04:00,11.531913438279803,11.769263344203898,11.531913438279803,11.540098190307617,1108013,0.0,0.0
2010-11-01 00:00:00-04:00,11.641040509416118,11.698331137733874,11.471894240769306,11.548282623291016,1757363,0.0,0.0
2010-11-02 00:00:00-04:00,11.084495726860194,11.231815977701597,10.17601996857358,11.049029350280762,8050388,0.0,0.0
2010-11-03 00:00:00-04:00,11.027203908267657,11.199077529304802,10.926262160250834,11.05721378326416,601763,0.0,0.0
2010-11-04 00:00:00-04:00,11.182707923161239,11.365494529263334,11.11995992840019,11.18543529510498,1114763,0.0,0.0
2010-11-05 00:00:00-04:00,11.185435762517178,11.253640260211526,11.043572023013063,11.152698516845703,1223775,0.0,0.0
2010-11-08 00:00:00-05:00,11.068127024451126,11.31911639669842,11.038116270705771,11.239999771118164,780638,0.0,0.0
2010-11-09 00:00:00-05:00,11.264551799334521,11.436426281648759,11.160881811182257,11.272736549377441,929813,0.0,0.0
2010-11-10 00:00:00-05:00,11.26728188875683,11.40369002125185,11.1035930078608,11.387320518493652,1052325,0.0,0.0
2010-11-11 00:00:00-05:00,11.218176396296641,11.420059034298337,11.130875012911188,11.289108276367188,743850,0.0,0.0
2010-11-12 00:00:00-05:00,11.171794922994845,11.35730977913854,11.109046928233797,11.18543529510498,763763,0.0,0.0
2010-11-15 00:00:00-05:00,11.21271726439828,11.594659080662428,11.18543476527461,11.291833877563477,1236600,0.0,0.0
2010-11-16 00:00:00-05:00,11.166339570865421,11.340941444792639,11.038116196217597,11.26455307006836,889650,0.0,0.0
2010-11-17 00:00:00-05:00,11.294562649202899,11.570105365906258,11.278193148972544,11.36276626586914,797850,0.0,0.0
2010-11-18 00:00:00-05:00,11.477349162672306,11.660135781072231,11.444611916166288,11.564650535583496,733388,0.0,0.0
2010-11-19 00:00:00-05:00,11.581020453934212,11.995699606866381,11.567379201282948,11.851107597351074,1063463,0.0,0.0
2010-11-22 00:00:00-05:00,11.76107456414291,12.082997496472,11.76107456414291,12.047531127929688,581850,0.0,0.0
2010-11-23 00:00:00-05:00,11.927495996366057,12.434933033818211,11.834738990585947,12.170302391052246,1603463,0.0,0.0
2010-11-24 00:00:00-05:00,12.342174334153778,12.527689211549951,12.216680086450843,12.287611961364746,1051650,0.0,0.0
2010-11-26 00:00:00-05:00,12.194855242976427,12.418563890402584,12.113011236963033,12.265787124633789,202500,0.0,0.0
2010-11-29 00:00:00-05:00,12.478582840396683,12.691378456627776,12.383096716114377,12.66409683227539,2366213,0.0,0.0
2010-11-30 00:00:00-05:00,12.645000003940943,12.754127387417254,12.328535245778967,12.344902992248535,2169113,0.0,0.0
2010-12-01 00:00:00-05:00,12.705018824784814,12.756852941543876,12.563154212393195,12.639542579650879,1246725,0.0,0.0
2010-12-02 00:00:00-05:00,12.639543378066806,12.691378376198047,12.31762126646631,12.497678756713867,941625,0.0,0.0
2010-12-03 00:00:00-05:00,12.459484158081434,12.6504546361866,12.366727169070108,12.58770751953125,562613,0.0,0.0
2010-12-06 00:00:00-05:00,12.552241229964473,12.576793722584593,12.323076143897929,12.333989143371582,1683450,0.0,0.0
2010-12-07 00:00:00-05:00,12.500406256690377,12.942367839394086,12.497678006626382,12.92054271697998,2305125,0.0,0.0
2010-12-08 00:00:00-05:00,12.972377893507932,12.975106143610102,12.825057656578032,12.90963077545166,1743188,0.0,0.0
2010-12-09 00:00:00-05:00,12.953279230695312,13.010570722610975,12.440386687657856,12.69410514831543,1539000,0.0,0.0
2010-12-10 00:00:00-05:00,12.685922622680664,12.707747747689721,12.492222991791587,12.685922622680664,1234238,0.0,0.0
2010-12-13 00:00:00-05:00,12.811418674722255,12.822331677063415,12.454030141421693,12.467671394348145,1034775,0.0,0.0
2010-12-14 00:00:00-05:00,12.459486744595242,12.560428504685236,12.31762298158694,12.366729736328125,895388,0.0,0.0
2010-12-15 00:00:00-05:00,12.394010109416278,12.549515109717872,11.859291484520575,11.941136360168457,2470838,0.0,0.0
2010-12-16 00:00:00-05:00,11.807456481260866,12.2930683562575,11.758348853406915,12.273970603942871,1458675,0.0,0.0
2010-12-17 00:00:00-05:00,12.252145723452815,12.325805844274951,12.159387851304345,12.290339469909668,1087763,0.0,0.0
2010-12-20 00:00:00-05:00,12.254874607824144,12.451300728750198,12.2439616065015,12.273970603942871,925088,0.0,0.0
2010-12-21 00:00:00-05:00,12.282157980360338,12.628634431143517,12.282157980360338,12.590439796447754,790088,0.0,0.0
2010-12-22 00:00:00-05:00,12.650456754996425,12.650456754996425,12.091185599117702,12.104825973510742,901125,0.0,0.0
2010-12-23 00:00:00-05:00,12.085726845449512,12.20030895452718,12.01752323000085,12.09936809539795,459675,0.0,0.0
2010-12-27 00:00:00-05:00,12.022982104033975,12.17575886503667,11.949321974061034,12.132107734680176,564975,0.0,0.0
2010-12-28 00:00:00-05:00,12.145748117442196,12.235777750646491,11.77471921679804,11.851107597351074,1073925,0.0,0.0
2010-12-29 00:00:00-05:00,11.902942349286228,11.902942349286228,11.71197184099483,11.744709968566895,511313,0.0,0.0
2010-12-30 00:00:00-05:00,11.70105965373689,11.73106953292575,11.471894500973852,11.5128173828125,1476225,0.0,0.0
2010-12-31 00:00:00-05:00,11.474621471939464,11.602844848284192,11.362767597743822,11.381863594055176,1058400,0.0,0.0
2011-01-03 00:00:00-05:00,11.515543984411105,11.646494728867642,11.403689235660972,11.619213104248047,1557900,0.0,0.0
2011-01-04 00:00:00-05:00,11.733797485126004,11.761078234860445,11.199078808946746,11.420059204101562,2253150,0.0,0.0
2011-01-05 00:00:00-05:00,11.346398792679876,11.537369304701496,11.19089378129758,11.531912803649902,968963,0.0,0.0
2011-01-06 00:00:00-05:00,11.531912267331725,11.791088152346658,11.207262763232752,11.280922889709473,1011488,0.0,0.0
2011-01-07 00:00:00-05:00,11.267279310443891,11.330027300462255,11.049027226492893,11.199075698852539,806963,0.0,0.0
2011-01-10 00:00:00-05:00,11.11450440487792,11.19634927902349,10.983553659962526,11.05721378326416,1640250,0.0,0.0
2011-01-11 00:00:00-05:00,11.095409392488907,11.169069528148539,10.967185998244792,11.005380630493164,1127925,0.0,0.0
2011-01-12 00:00:00-05:00,11.144515876088404,11.657408521967646,11.144515876088404,11.578291893005371,2723963,0.0,0.0
2011-01-13 00:00:00-05:00,11.559194861569466,11.559194861569466,11.174524723789073,11.34639835357666,2018925,0.0,0.0
2011-01-14 00:00:00-05:00,11.319116244197883,11.499174617558438,11.24272786998728,11.480077743530273,1122863,0.0,0.0
2011-01-18 00:00:00-05:00,11.411874271348832,11.510087771191888,11.321844644427397,11.430971145629883,786038,0.0,0.0
2011-01-19 00:00:00-05:00,11.387321960709427,11.414603590663676,11.005380897546138,11.03538990020752,1886625,0.0,0.0
2011-01-20 00:00:00-05:00,10.931718902771856,11.09540777658809,10.819864151154034,10.882611274719238,1337175,0.0,0.0
2011-01-21 00:00:00-05:00,10.904435815515143,11.021746173990824,10.574328105602005,10.582512855529785,1562963,0.0,0.0
2011-01-24 00:00:00-05:00,10.541592713301256,10.849874477544502,10.375175582229959,10.645262718200684,1824525,0.0,0.0
2011-01-25 00:00:00-05:00,10.552504776664266,10.557961277089081,10.331524412340483,10.402456283569336,1317938,0.0,0.0
2011-01-26 00:00:00-05:00,10.446106264402639,10.79803823945836,10.315154648035834,10.781669616699219,1633500,0.0,0.0
2011-01-27 00:00:00-05:00,10.811680474906872,10.909894862677545,10.683457964688298,10.819865226745605,1102613,0.0,0.0
2011-01-28 00:00:00-05:00,10.803496342259658,10.86351698108568,10.249681632352326,10.290603637695312,1669950,0.0,0.0
2011-01-31 00:00:00-05:00,10.285144932481352,10.541591668866785,10.162378064658093,10.413369178771973,824513,0.0,0.0
2011-02-01 00:00:00-05:00,10.530681224062299,11.046302151073043,10.470661466631231,10.858059883117676,1376663,0.0,0.0
2011-02-02 00:00:00-05:00,10.795311003004803,10.9562716298614,10.658902873543479,10.833505630493164,1688850,0.0,0.0
2011-02-03 00:00:00-05:00,10.803494586516832,11.289107338762735,10.68618421299317,11.188164710998535,1369238,0.0,0.0
2011-02-04 00:00:00-05:00,11.163609917077869,11.379134640642963,11.021746186752424,11.321843147277832,1191713,0.0,0.0
2011-02-07 00:00:00-05:00,11.33548313032264,11.692870666173807,11.272735144012037,11.6110258102417,1227488,0.0,0.0
2011-02-08 00:00:00-05:00,11.583746681642165,11.744708166230945,11.480076691988085,11.733795166015625,461025,0.0,0.0
2011-02-09 00:00:00-05:00,11.65740939933385,11.837466918270898,11.444613750545495,11.5128173828125,1273725,0.0,0.0
2011-02-10 00:00:00-05:00,11.40914742645094,11.692874959571803,11.403690925099063,11.540098190307617,573750,0.0,0.0
2011-02-11 00:00:00-05:00,11.477348994658167,11.5701059885639,11.420057496964434,11.499174118041992,595350,0.0,0.0
2011-02-14 00:00:00-05:00,11.556468407397166,11.703788684399132,11.414603753985626,11.61375904083252,419513,0.0,0.0
2011-02-15 00:00:00-05:00,11.572834238749117,11.671048611123187,11.458251243361653,11.499174118041992,563963,0.0,0.0
2011-02-16 00:00:00-05:00,11.597390287243115,11.714700672893228,11.488263775318705,11.676506042480469,696938,0.0,0.0
2011-02-17 00:00:00-05:00,11.662864218654434,11.979329834583258,11.572834594071818,11.88657283782959,1186988,0.0,0.0
2011-02-18 00:00:00-05:00,12.031163802963606,12.200309158466764,11.94113506419037,12.1539306640625,2256525,0.0,0.0
2011-02-22 00:00:00-05:00,12.366730967486795,12.380371343784839,11.076313084613453,11.769264221191406,3487725,0.0,0.0
2011-02-23 00:00:00-05:00,11.741980898142035,11.987514642541719,11.212718783492752,11.390048027038574,2607863,0.0,0.0
2011-02-24 00:00:00-05:00,11.360038419055913,11.5646501544152,11.00264994471097,11.520999908447266,1544400,0.0,0.0
2011-02-25 00:00:00-05:00,11.56192390743827,11.74198230087433,11.425515767532758,11.676506042480469,1686488,0.0,0.0
2011-02-28 00:00:00-05:00,11.791090228225281,11.922041001839766,11.681962827350292,11.769264221191406,742163,0.0,0.0
2011-03-01 00:00:00-05:00,11.777447762548993,11.84019489202362,11.28092371555711,11.343670845031738,1508963,0.0,0.0
2011-03-02 00:00:00-05:00,11.384590808470339,11.668320038923614,11.163610452447429,11.50735855102539,644625,0.0,0.0
2011-03-03 00:00:00-05:00,11.687418385659937,12.099371063698165,11.651952883289043,11.973875045776367,1014863,0.0,0.0
2011-03-04 00:00:00-05:00,12.00661080751832,12.216679042045078,11.853834069334841,12.19758129119873,1005413,0.0,0.0
2011-03-07 00:00:00-05:00,12.320351232194566,12.475856248240996,12.200311717851191,12.366729736328125,1704713,0.0,0.0
2011-03-08 00:00:00-05:00,12.426748084414196,12.546787593628354,12.241234075806865,12.347631454467773,1787738,0.0,0.0
2011-03-09 00:00:00-05:00,12.361272258903343,12.625903765963841,12.257603134490848,12.60953426361084,897750,0.0,0.0
2011-03-10 00:00:00-05:00,12.462214638670973,12.743214784138846,12.137564240925956,12.617719650268555,1764788,0.0,0.0
2011-03-11 00:00:00-05:00,12.584981459502053,12.59316621105012,12.364001070586369,12.451301574707031,1065150,0.0,0.0
2011-03-14 00:00:00-04:00,12.309437316303116,12.437660694856104,12.069359183530167,12.21395206451416,630788,0.0,0.0
2011-03-15 00:00:00-04:00,11.856562268025405,12.230319361500134,11.679232157620852,12.093912124633789,738788,0.0,0.0
2011-03-16 00:00:00-04:00,12.05844505459855,12.222133905000094,11.916580447612864,11.957503318786621,906188,0.0,0.0
2011-03-17 00:00:00-04:00,12.20303727071359,12.219405892642667,11.711969831862822,11.731066703796387,828225,0.0,0.0
2011-03-18 00:00:00-04:00,11.864748266093434,11.867476516489418,11.531912254958886,11.638311386108398,1060088,0.0,0.0
2011-03-21 00:00:00-04:00,11.957504167083622,12.088455783553608,11.72833905778562,11.968417167663574,520425,0.0,0.0
2011-03-22 00:00:00-04:00,12.0038844938374,12.033894371910618,11.81018572878903,11.878389358520508,295650,0.0,0.0
2011-03-23 00:00:00-04:00,11.804726352223419,11.965687827527919,11.662862626194165,11.86474609375,980438,0.0,0.0
2011-03-24 00:00:00-04:00,11.982058206753013,11.990242079545288,11.782902959874638,11.799271583557129,1226138,0.0,0.0
2011-03-25 00:00:00-04:00,11.86747915713811,12.312168264868594,11.81018764227035,12.22486686706543,1663200,0.0,0.0
2011-03-28 00:00:00-04:00,12.22486428593616,12.48676754594985,12.170301911689792,12.394010543823242,955125,0.0,0.0
2011-03-29 00:00:00-04:00,12.413105547962909,12.653183663459842,12.298523429681081,12.623174667358398,1637888,0.0,0.0
2011-03-30 00:00:00-04:00,12.647728350505206,12.8114181098167,12.598622476429348,12.805961608886719,1145138,0.0,0.0
2011-03-31 00:00:00-04:00,12.707748840925923,12.838700480343887,12.604078829640786,12.803234100341797,565313,0.0,0.0
2011-04-01 00:00:00-04:00,12.956008234616304,13.084231597362436,12.846882622352048,13.010571479797363,859275,0.0,0.0
2011-04-04 00:00:00-04:00,13.062406792161937,13.474357607205544,13.043309042500038,13.373414993286133,1787400,0.0,0.0
2011-04-05 00:00:00-04:00,13.37341904300483,13.654420092143953,13.277934656270036,13.414341926574707,1392525,0.0,0.0
2011-04-06 00:00:00-04:00,13.504370627968516,13.616224511584829,13.19608884870511,13.223369598388672,607500,0.0,0.0
2011-04-07 00:00:00-04:00,13.201544904807267,13.447077790367723,13.12788477570973,13.318855285644531,533588,0.0,0.0
2011-04-08 00:00:00-04:00,13.447076966640438,13.447076966640438,13.02966959399017,13.15516471862793,715838,0.0,0.0
2011-04-11 00:00:00-04:00,13.127886429906338,13.223370818807371,12.988750027569143,13.09787654876709,402975,0.0,0.0
2011-04-12 00:00:00-04:00,13.010572372340725,13.237009240707504,12.909631503358304,12.983291625976562,440775,0.0,0.0
2011-04-13 00:00:00-04:00,13.095145607577104,13.534378096773706,13.07059223316178,13.496184349060059,1127250,0.0,0.0
2011-04-14 00:00:00-04:00,13.395244567161285,13.556206088674074,13.122429158271897,13.29157543182373,790763,0.0,0.0
2011-04-15 00:00:00-04:00,13.245194327752698,13.43889395416108,13.245194327752698,13.422524452209473,422550,0.0,0.0
2011-04-18 00:00:00-04:00,13.18517555567587,13.34613706822896,13.065136922942015,13.26974868774414,407363,0.0,0.0
2011-04-19 00:00:00-04:00,13.321582387157685,13.556204006694164,13.242465763891968,13.430708885192871,493763,0.0,0.0
2011-04-20 00:00:00-04:00,13.640777403759035,13.856302167760512,13.509826648781177,13.676243782043457,496800,0.0,0.0
2011-04-21 00:00:00-04:00,13.80992175142426,13.853571997033209,13.728076882334072,13.842658996582031,319613,0.0,0.0
2011-04-25 00:00:00-04:00,13.777185506382487,13.935418765908873,13.71989400239914,13.919049263000488,669600,0.0,0.0
2011-04-26 00:00:00-04:00,14.036357700497119,14.15912544292498,13.889037463301136,14.071824073791504,787388,0.0,0.0
2011-04-27 00:00:00-04:00,14.150942456214915,14.415573090507216,14.085467079778116,14.401932716369629,583875,0.0,0.0
2011-04-28 00:00:00-04:00,14.32827198584663,14.50014561009879,14.32827198584663,14.431941986083984,911250,0.0,0.0
2011-04-29 00:00:00-04:00,14.407386138084863,14.644735987840987,14.32281477763458,14.500144004821777,1171125,0.0,0.0
2011-05-02 00:00:00-04:00,14.628367490273565,14.729309229862766,14.082736797720317,14.361008644104004,695250,0.0,0.0
2011-05-03 00:00:00-04:00,14.30098934243056,14.502872827867037,14.14821260328415,14.213688850402832,1104300,0.0,0.0
2011-05-04 00:00:00-04:00,14.191862294339023,14.29553228314145,13.913590450210892,14.104561805725098,675338,0.0,0.0
2011-05-05 00:00:00-04:00,13.894495434083106,14.55743744972746,13.545291676785872,14.347369194030762,2048963,0.0,0.0
2011-05-06 00:00:00-04:00,14.61200117791146,14.857534062466547,14.448311417410736,14.595632553100586,833625,0.0,0.0
2011-05-09 00:00:00-04:00,14.590172233093835,14.974842279293382,14.470133633672697,14.95301628112793,1002375,0.0,0.0
2011-05-10 00:00:00-04:00,14.980301735539438,15.269485731135507,14.890272109630853,15.209465980529785,746550,0.0,0.0
2011-05-11 00:00:00-04:00,15.206741182319698,15.206741182319698,14.767507735861544,15.026681900024414,1100925,0.0,0.0
2011-05-12 00:00:00-04:00,15.004852163841736,15.356785010535289,14.83025118268815,15.269484519958496,587925,0.0,0.0
2011-05-13 00:00:00-04:00,15.318592990147826,15.318592990147826,14.988486107029718,15.02395248413086,448875,0.0,0.0
2011-05-16 00:00:00-04:00,14.914827287509102,14.974847045371178,14.652924007144835,14.658380508422852,629100,0.0,0.0
2011-05-17 00:00:00-04:00,14.587446954550016,14.62018508036865,14.363738330668232,14.584718704223633,494100,0.0,0.0
2011-05-18 00:00:00-04:00,14.650193895397218,14.78114551894372,14.486504146439604,14.620184898376465,1204875,0.0,0.0
2011-05-19 00:00:00-04:00,14.732039086970953,14.873902836642703,14.655650711432791,14.802971839904785,688838,0.0,0.0
2011-05-20 00:00:00-04:00,14.70202935544003,14.79478635589709,14.279165474529483,14.472865104675293,484313,0.0,0.0
2011-05-23 00:00:00-04:00,14.270979881286623,14.448309998700992,14.088194141536327,14.270979881286621,467775,0.0,0.0
2011-05-24 00:00:00-04:00,14.344640205381237,14.614728199690493,14.322815959533573,14.541068077087402,827888,0.0,0.0
2011-05-25 00:00:00-04:00,14.546527671566311,14.78114846245743,14.43740115052981,14.672022819519043,495788,0.0,0.0
2011-05-26 00:00:00-04:00,14.73204203239869,15.49865506950099,14.73204203239869,15.394983291625977,963900,0.0,0.0
2011-05-27 00:00:00-04:00,15.490466495140211,15.555942748020538,15.348602744062783,15.534116744995117,471825,0.0,0.0
2011-05-31 00:00:00-04:00,15.613237732576783,15.82603429672676,14.827529503341694,15.206743240356445,3048300,0.0,0.0
2011-06-01 00:00:00-04:00,15.104430853593467,15.906510071632852,14.502873196259749,14.576533317565918,913500,0.0,1.5
2011-06-02 00:00:00-04:00,14.76068514404923,14.822069462903459,14.376014996578212,14.49468994140625,1122075,0.0,0.0
2011-06-03 00:00:00-04:00,14.22460224211269,14.474228810093203,14.04454386361661,14.0650053024292,948600,0.0,0.0
2011-06-06 00:00:00-04:00,14.028175292106054,14.167311671597426,13.786733474363471,13.835840225219727,682650,0.0,0.0
2011-06-07 00:00:00-04:00,13.954515783999875,14.159127547664466,13.86857808809646,14.036359786987305,475650,0.0,0.0
2011-06-08 00:00:00-04:00,13.942239314357346,14.175497273013248,13.696705545349051,13.782642364501953,971550,0.0,0.0
2011-06-09 00:00:00-04:00,13.794917170408066,14.097743300932713,13.794917170408066,14.01180648803711,492300,0.0,0.0
2011-06-10 00:00:00-04:00,13.864483945733685,13.958604616044695,13.668056099198546,13.700794219970703,616725,0.0,0.0
2011-06-13 00:00:00-04:00,13.835839531206698,14.195956271487578,13.790825597245032,13.966791152954102,666450,0.0,0.0
2011-06-14 00:00:00-04:00,14.126390220281428,14.294171050583927,14.003623330743961,14.200050354003906,530100,0.0,0.0
2011-06-15 00:00:00-04:00,14.040451799636324,14.269616926723923,13.938146362698019,14.01180648803711,397800,0.0,0.0
2011-06-16 00:00:00-04:00,14.028176708651454,14.204143169053863,13.786734866528416,14.200050354003906,1244925,0.0,0.0
2011-06-17 00:00:00-04:00,14.335092482626536,14.445582672035144,14.069097289499078,14.142757415771484,660600,0.0,0.0
2011-06-20 00:00:00-04:00,14.077281345964918,14.506966272780478,14.077281345964918,14.490596771240234,434700,0.0,0.0
2011-06-21 00:00:00-04:00,14.576535041745858,14.87936031341232,14.53561303999018,14.867084503173828,762075,0.0,0.0
2011-06-22 00:00:00-04:00,14.736133220258983,14.928468312952592,14.588812947922966,14.642011642456055,569250,0.0,0.0
2011-06-23 00:00:00-04:00,14.37601431647601,14.736131070608092,14.306447005642053,14.715669631958008,680625,0.0,0.0
2011-06-24 00:00:00-04:00,14.813882671507022,14.961204673963714,14.26143174802892,14.363738059997559,904050,0.0,0.0
2011-06-27 00:00:00-04:00,14.318722929772917,14.592902856293183,14.212325561900435,14.56425666809082,770400,0.0,0.0
2011-06-28 00:00:00-04:00,14.564261610245318,15.235388560181237,14.502878154836326,15.206743240356445,639900,0.0,0.0
2011-06-29 00:00:00-04:00,15.296765775089744,15.300859467512286,14.920281299293016,15.149445533752441,642825,0.0,0.0
2011-06-30 00:00:00-04:00,15.104430411347508,15.415440388710477,15.055323665247869,15.349964141845703,753075,0.0,0.0
2011-07-01 00:00:00-04:00,15.41544373622804,15.796021979242026,15.317230222701355,15.72645378112793,463950,0.0,0.0
2011-07-05 00:00:00-04:00,15.726452958020884,16.057924426922636,15.550487381528127,16.008817672729492,916650,0.0,0.0
2011-07-06 00:00:00-04:00,16.02109326436349,16.266628788171744,15.98835601408054,16.262535095214844,792675,0.0,0.0
2011-07-07 00:00:00-04:00,16.42622248740206,16.70858715748629,16.413946678891847,16.626741409301758,1561950,0.0,0.0
2011-07-08 00:00:00-04:00,16.364836479230636,16.626739685109378,16.16431757812474,16.58991050720215,638550,0.0,0.0
2011-07-11 00:00:00-04:00,16.368931046513286,16.553080458288168,16.26662562261661,16.463050842285156,906975,0.0,0.0
2011-07-12 00:00:00-04:00,16.328008880490447,16.565358738654517,16.299363571304255,16.471237182617188,1364175,0.0,0.0
2011-07-13 00:00:00-04:00,16.548992910758546,16.59809966774666,16.450779396782327,16.520347595214844,1672200,0.0,0.0
2011-07-14 00:00:00-04:00,16.524434554132338,16.659477217068765,16.368930455915695,16.491697311401367,760050,0.0,0.0
2011-07-15 00:00:00-04:00,16.634928678697552,16.704495112842302,16.385301229546556,16.688125610351562,661050,0.0,0.0
2011-07-18 00:00:00-04:00,16.66766619522777,16.716772947292878,16.172504981741305,16.22979736328125,931275,0.0,0.0
2011-07-19 00:00:00-04:00,16.368933331521806,16.84363133739359,16.328010453772258,16.786340713500977,758925,0.0,0.0
2011-07-20 00:00:00-04:00,16.864092259487023,16.950029948888417,16.34847139166632,16.524436950683594,447750,0.0,0.0
2011-07-21 00:00:00-04:00,16.667664996068854,16.89273730080838,16.373024504876195,16.585819244384766,1035000,0.0,0.0
2011-07-22 00:00:00-04:00,16.626743333731977,16.626743333731977,16.401671012565515,16.45896339416504,660375,0.0,0.0
2011-07-25 00:00:00-04:00,16.209336404931538,16.405763419021312,16.094753394647157,16.262535095214844,756675,0.0,0.0
2011-07-26 00:00:00-04:00,16.22570305537182,16.278901736301748,15.76328091497242,15.943338394165039,854550,0.0,0.0
2011-07-27 00:00:00-04:00,15.816479462111676,15.828755270132099,15.427717442333552,15.570945739746094,756450,0.0,0.0
2011-07-28 00:00:00-04:00,15.61596238021651,16.201153268546623,15.456366302105119,15.75919246673584,875250,0.0,0.0
2011-07-29 00:00:00-04:00,15.615961151825852,15.714176411809614,15.06351107111754,15.591407775878906,1134000,0.0,0.0
2011-08-01 00:00:00-04:00,15.865592599240182,16.160233184797153,15.480922360475333,16.143863677978516,1653075,0.0,0.0
2011-08-02 00:00:00-04:00,16.348470458875713,16.761785868071094,15.21901353284905,15.235383033752441,2800575,0.0,0.0
2011-08-03 00:00:00-04:00,15.255844950117671,15.935155550306822,14.908004021216346,15.91878604888916,1105875,0.0,0.0
2011-08-04 00:00:00-04:00,15.656884526483898,16.07838386756037,14.764779090881348,14.764779090881348,1054125,0.0,0.0
2011-08-05 00:00:00-04:00,14.932558785626437,15.002126977884249,14.155034616927146,14.609272956848145,1923750,0.0,0.0
2011-08-08 00:00:00-04:00,13.999528736145042,14.478320422577655,13.483907865630785,13.549384117126465,1768725,0.0,0.0
2011-08-09 00:00:00-04:00,13.893133519782374,14.298264266617593,12.792322541927621,14.07728385925293,2476800,0.0,0.0
2011-08-10 00:00:00-04:00,13.586214546380468,14.482413628395408,13.176991036818821,13.92586898803711,1462950,0.0,0.0
2011-08-11 00:00:00-04:00,14.065005299460065,14.90800481184807,13.860393545671258,14.703393936157227,1306800,0.0,0.0
2011-08-12 00:00:00-04:00,14.895727718236703,15.051231829861278,14.613363048175692,14.903911590576172,1004175,0.0,0.0
2011-08-15 00:00:00-04:00,15.018495674230715,15.059418551289474,14.588810733701479,14.957111358642578,585675,0.0,0.0
2011-08-16 00:00:00-04:00,14.76477833312628,14.76477833312628,14.134573566036185,14.347369194030762,768375,0.0,0.0
2011-08-17 00:00:00-04:00,14.466044047644115,14.466044047644115,13.573936907005479,13.643505096435547,1039050,0.0,0.0
2011-08-18 00:00:00-04:00,13.418433000938427,13.508462636525117,12.698200306735085,12.788229942321777,1187550,0.0,0.0
2011-08-19 00:00:00-04:00,12.54269603478655,13.136070818801391,12.50995878181187,12.735031127929688,1167750,0.0,0.0
2011-08-22 00:00:00-04:00,13.08696051215785,13.08696051215785,12.43220329292374,12.649091720581055,1291050,0.0,0.0
2011-08-23 00:00:00-04:00,12.710475791649781,13.856301421750933,12.550878854158432,13.81947135925293,1572300,0.0,0.0
2011-08-24 00:00:00-04:00,13.852208365784161,14.789329413967513,13.831746927609199,14.302353858947754,1579275,0.0,0.0
2011-08-25 00:00:00-04:00,14.42512065038997,14.580625638360555,13.70898002097885,13.790824890136719,990225,0.0,0.0
2011-08-26 00:00:00-04:00,13.606676054476626,14.376015498163229,13.553477363331107,14.359647750854492,785250,0.0,0.0
2011-08-29 00:00:00-04:00,14.498782979181213,14.838439194053608,14.367830466089867,14.817975997924805,559575,0.0,0.0
2011-08-30 00:00:00-04:00,14.719762661048392,14.981665040335383,14.527427593609117,14.858898162841797,704475,0.0,0.0
2011-08-31 00:00:00-04:00,14.961205306674714,15.133078934580901,14.535612295347818,14.781146049499512,688950,0.0,0.0
2011-09-01 00:00:00-04:00,14.862988877699765,14.961204127817583,14.277800728479678,14.31872272491455,792450,0.0,0.0
2011-09-02 00:00:00-04:00,13.938146348414884,14.048636536310294,13.50436946979723,13.565752029418945,661050,0.0,0.0
2011-09-06 00:00:00-04:00,13.156530715877858,13.676244459125808,13.029671013208871,13.647598266601562,728550,0.0,0.0
2011-09-07 00:00:00-04:00,13.938143679589682,14.285983678796654,13.725347217508343,14.257336616516113,515475,0.0,0.0
2011-09-08 00:00:00-04:00,14.179589310703875,14.494691295386183,13.954516966272559,14.07728385925293,348975,0.0,0.0
2011-09-09 00:00:00-04:00,13.92996527741252,13.92996527741252,13.017397343496517,13.176994323730469,1224000,0.0,0.0
2011-09-12 00:00:00-04:00,12.97237844824467,13.418431114213199,12.9028102629091,13.377509117126465,1198800,0.0,0.0
2011-09-13 00:00:00-04:00,13.426617528001026,13.942239321272197,13.209729950668144,13.872671127319336,1211400,0.0,0.0
2011-09-14 00:00:00-04:00,14.040454142167723,14.547891231230581,13.64759919671675,14.261434555053711,838575,0.0,0.0
2011-09-15 00:00:00-04:00,14.384200286100583,14.400569789646562,14.015899627786567,14.2327880859375,699300,0.0,0.0
2011-09-16 00:00:00-04:00,14.371924476506686,14.666565899276812,14.314633844885849,14.642011642456055,1855125,0.0,0.0
2011-09-19 00:00:00-04:00,14.339185798322704,14.89982242856038,14.085468146602453,14.74841022491455,1077750,0.0,0.0
2011-09-20 00:00:00-04:00,14.76477807047368,14.916190257113064,14.195956752164125,14.21641731262207,882675,0.0,0.0
2011-09-21 00:00:00-04:00,14.179585472525153,14.35145995427218,13.590304545727959,13.631226539611816,622350,0.0,0.0
2011-09-22 00:00:00-04:00,13.340681395157839,13.749904950160401,13.131977680659876,13.332496643066406,1015650,0.0,0.0
2011-09-23 00:00:00-04:00,13.328405043138886,13.762181080611702,13.324312228210273,13.733535766601562,860175,0.0,0.0
2011-09-26 00:00:00-04:00,13.848117087740553,14.044544093645104,13.381602070619264,13.991345405578613,498825,0.0,0.0
2011-09-27 00:00:00-04:00,14.245060531744674,14.658375884559655,14.011803517619958,14.150938987731934,792450,0.0,0.0
2011-09-28 00:00:00-04:00,14.105926842843825,14.200048404600757,13.131975734153295,13.140159606933594,1276650,0.0,0.0
2011-09-29 00:00:00-04:00,13.483907174122374,13.55347535848207,12.419926483813239,13.24655818939209,1354500,0.0,0.0
2011-09-30 00:00:00-04:00,12.812781523082135,13.197450754521805,12.301251729759683,12.317621231079102,1052775,0.0,0.0
2011-10-03 00:00:00-04:00,12.865981391305317,12.865981391305317,11.376408441915606,11.605572700500488,2235600,0.0,0.0
2011-10-04 00:00:00-04:00,11.507359361802264,12.951917406158412,11.462344548963722,12.910994529724121,1717425,0.0,0.0
2011-10-05 00:00:00-04:00,12.910994485224421,13.438893793960867,12.379004118195764,13.140159606933594,1426725,0.0,0.0
2011-10-06 00:00:00-04:00,13.091053915072338,13.442985914280566,12.980563728145121,13.320219039916992,978750,0.0,0.0
2011-10-07 00:00:00-04:00,13.381600940298034,13.725349049693156,13.136068081755072,13.197450637817383,787500,0.0,0.0
2011-10-10 00:00:00-04:00,13.496185639065482,13.958607860786437,13.254744686302432,13.807195663452148,884925,0.0,0.0
2011-10-11 00:00:00-04:00,13.647597106906948,14.03635917756112,13.647597106906948,13.92586898803711,758925,0.0,0.0
2011-10-12 00:00:00-04:00,14.007713242632136,14.216416924674006,13.8931311216614,14.0568208694458,893925,0.0,0.0
2011-10-13 00:00:00-04:00,13.999529404680024,14.14684966043353,13.89313202759004,14.044544219970703,485325,0.0,0.0
2011-10-14 00:00:00-04:00,14.208235670606967,14.208235670606967,13.627138451639508,13.913594245910645,862875,0.0,0.0
2011-10-17 00:00:00-04:00,13.823561565295817,13.86857549509326,13.348862748711378,13.438892364501953,838350,0.0,0.0
2011-10-18 00:00:00-04:00,13.381603033562513,13.381603033562513,12.722753777814061,13.148345947265625,1536300,0.0,0.0
2011-10-19 00:00:00-04:00,13.3775091179711,13.53710604814673,13.086960567772568,13.16062068939209,931725,0.0,0.0
2011-10-20 00:00:00-04:00,13.209727905823405,13.402062954568144,12.788227748665651,13.295663833618164,552150,0.0,0.0
2011-10-21 00:00:00-04:00,13.70079698422837,14.27370938379335,13.332495466002463,13.942238807678223,1474200,0.0,0.0
2011-10-24 00:00:00-04:00,14.019991315386452,14.691117198160006,14.011806564271591,14.60108757019043,911250,0.0,0.0
2011-10-25 00:00:00-04:00,14.437398631133393,14.670655694951211,14.212326318394467,14.40875244140625,916200,0.0,0.0
2011-10-26 00:00:00-04:00,14.62973403930664,14.695209415181477,14.155034271346649,14.62973403930664,664650,0.0,0.0
2011-10-27 00:00:00-04:00,14.961205429000499,15.304952687623416,14.760684731307169,15.165816307067871,1030050,0.0,0.0
2011-10-28 00:00:00-04:00,15.071696284939225,15.42362745274977,14.903914575012202,15.366336822509766,1178325,0.0,0.0
2011-10-31 00:00:00-04:00,15.214923854133703,15.509564376936284,14.98575958846371,15.100340843200684,1034550,0.0,0.0
2011-11-01 00:00:00-04:00,14.00771473536463,16.131584477944163,13.59030732679986,15.178092956542969,2387025,0.0,0.0
2011-11-02 00:00:00-04:00,15.476825775406455,15.583223147287331,15.055324711917988,15.337689399719238,1082250,0.0,0.0
2011-11-03 00:00:00-04:00,15.530023835846773,15.652790704686158,14.916189491649844,15.202644348144531,786150,0.0,0.0
2011-11-04 00:00:00-04:00,15.063510992254841,15.354059565471916,14.474229094515229,14.772960662841797,847125,0.0,0.0
2011-11-07 00:00:00-05:00,14.752501073223213,14.883451826351765,14.273709363635112,14.58062744140625,615600,0.0,0.0
2011-11-08 00:00:00-05:00,14.6911185985866,14.70339528738018,14.273710301506801,14.67065715789795,585000,0.0,0.0
2011-11-09 00:00:00-05:00,14.232787471756854,14.470137360048996,13.98316177348201,14.00771427154541,663975,0.0,0.0
2011-11-10 00:00:00-05:00,14.27780049440793,14.27780049440793,13.62713522974374,13.958605766296387,1080000,0.0,0.0
2011-11-11 00:00:00-05:00,14.101835927611175,14.695209773949792,14.101835927611175,14.609272956848145,685125,0.0,0.0
2011-11-14 00:00:00-05:00,14.609272546691264,15.051233307948785,14.605179732021709,14.834344863891602,991125,0.0,0.0
2011-11-15 00:00:00-05:00,14.715670948588787,14.985759855500005,14.601088813712014,14.924375534057617,880200,0.0,0.0
2011-11-16 00:00:00-05:00,14.727946588271472,14.736130460914538,14.167310919716998,14.195956230163574,1359900,0.0,0.0
2011-11-17 00:00:00-05:00,14.159127294282568,14.298262799349732,13.655782206617545,13.929962158203125,1166625,0.0,0.0
2011-11-18 00:00:00-05:00,13.929962149780668,14.183679783685152,13.692612262453256,13.81537914276123,1283625,0.0,0.0
2011-11-21 00:00:00-05:00,13.533014016561602,13.631227511362633,13.095145226207695,13.312033653259277,951750,0.0,0.0
2011-11-22 00:00:00-05:00,13.320219116467884,13.479816054057729,13.197451363300818,13.271111488342285,706050,0.0,0.0
2011-11-23 00:00:00-05:00,13.111515480507377,13.32022006102234,12.906904592948266,13.066500663757324,880200,0.0,0.0
2011-11-25 00:00:00-05:00,12.947825024908264,13.185174906255789,12.796412835709166,12.890534400939941,501525,0.0,0.0
2011-11-28 00:00:00-05:00,13.328404781158875,13.848117628544781,13.148345514583957,13.794918060302734,1029375,0.0,0.0
2011-11-29 00:00:00-05:00,13.827658297917587,14.171405602282189,13.76218203549703,13.913594245910645,1171575,0.0,0.0
2011-11-30 00:00:00-05:00,14.547888324949573,14.707485257928456,14.363738017666249,14.592903137207031,1295550,0.0,0.0
2011-12-01 00:00:00-05:00,14.744315346654625,14.744315346654625,14.265524518318063,14.376014709472656,794025,0.0,0.0
2011-12-02 00:00:00-05:00,14.727946281433104,14.826159775887124,14.470135858491304,14.727946281433105,1563975,0.0,0.0
2011-12-05 00:00:00-05:00,14.961207749592694,14.977575498411431,14.805701842441117,14.940746307373047,827100,0.0,0.0
2011-12-06 00:00:00-05:00,14.920281091450887,15.018494584307625,14.793422289210232,14.903911590576172,535950,0.0,0.0
2011-12-07 00:00:00-05:00,14.834343818001207,14.916189568446063,14.543796145650711,14.79342269897461,662400,0.0,0.0
2011-12-08 00:00:00-05:00,14.596995825174625,14.711578829893991,14.466044196108767,14.539704322814941,787950,0.0,0.0
2011-12-09 00:00:00-05:00,14.625640641780683,14.752500329986335,14.466043705991202,14.699300765991211,1044450,0.0,0.0
2011-12-12 00:00:00-05:00,14.470136642873966,14.49878195427653,14.216417264317178,14.445582389831543,361350,0.0,0.0
2011-12-13 00:00:00-05:00,14.580628586545298,14.674750161203217,13.909501753086808,13.995438575744629,656775,0.0,0.0
2011-12-14 00:00:00-05:00,13.848118872587595,14.007715835455068,13.393881362887862,13.414341926574707,734400,0.0,0.0
2011-12-15 00:00:00-05:00,13.537106347052957,13.623044035604527,13.123790918362339,13.496184349060059,877275,0.0,0.0
2011-12-16 00:00:00-05:00,13.586214245849291,13.884946681180905,13.475724058769357,13.717164993286133,928800,0.0,0.0
2011-12-19 00:00:00-05:00,13.835840940196311,13.995437888726425,13.463447474894034,13.794918060302734,660600,0.0,0.0
2011-12-20 00:00:00-05:00,14.036357864533546,14.220508163180602,14.024081177957076,14.163217544555664,738450,0.0,0.0
2011-12-21 00:00:00-05:00,14.110018449966535,14.126387951341012,13.312033796143034,14.105926513671875,493425,0.0,0.0
2011-12-22 00:00:00-05:00,14.167311054056203,14.396476174095605,13.860392996484933,14.0568208694458,540450,0.0,0.0
2011-12-23 00:00:00-05:00,14.105928346144195,14.322817681797302,13.974977586724327,14.245064735412598,234450,0.0,0.0
2011-12-27 00:00:00-05:00,14.159126865036269,14.73203924881754,14.065005300230627,14.678839683532715,447525,0.0,0.0
2011-12-28 00:00:00-05:00,14.678841344765459,14.691118911918943,14.20823522367378,14.277803421020508,302625,0.0,0.0
2011-12-29 00:00:00-05:00,14.216417831082813,14.43330715586962,14.216417831082813,14.28598690032959,246825,0.0,0.0
2011-12-30 00:00:00-05:00,14.261431470254609,14.421028400595318,14.110018412481478,14.118203163146973,339300,0.0,0.0
2012-01-03 00:00:00-05:00,14.768870099156977,14.768870099156977,14.224602152477116,14.30644702911377,672975,0.0,0.0
2012-01-04 00:00:00-05:00,14.277801117051313,14.727946602477276,14.19595624385625,14.502873420715332,631125,0.0,0.0
2012-01-05 00:00:00-05:00,14.351462019795964,14.486504706858396,13.897223695249359,14.461952209472656,874350,0.0,0.0
2012-01-06 00:00:00-05:00,14.392384545170692,14.392384545170692,14.015899147972132,14.0609130859375,714375,0.0,0.0
2012-01-09 00:00:00-05:00,14.155033809021663,14.167311374576295,13.889038621427607,14.048636436462402,732600,0.0,0.0
2012-01-10 00:00:00-05:00,14.15094189049791,14.523334451123047,14.146849075941862,14.445582389831543,873000,0.0,0.0
2012-01-11 00:00:00-05:00,14.44558207676818,15.182185065334577,14.363738080792297,14.977572441101074,1595700,0.0,0.0
2012-01-12 00:00:00-05:00,14.981664861327758,15.182185555667989,14.77705398668188,15.010310173034668,780300,0.0,0.0
2012-01-13 00:00:00-05:00,14.809789810066455,15.378611077761525,14.760683064380245,15.345873832702637,1349550,0.0,0.0
2012-01-17 00:00:00-05:00,15.411350891974108,15.64051691417678,15.411350891974108,15.509564399719238,864225,0.0,0.0
2012-01-18 00:00:00-05:00,15.53411434900568,15.562759656411327,15.35405687660185,15.50137710571289,876600,0.0,0.0
2012-01-19 00:00:00-05:00,15.534116423584551,16.225704610547034,15.42771905152689,16.06610679626465,1386675,0.0,0.0
2012-01-20 00:00:00-05:00,16.074293935562785,16.323919643425658,15.877865162530888,15.959709167480469,876600,0.0,0.0
2012-01-23 00:00:00-05:00,16.01700331097274,16.062018133308463,15.738730502423284,15.828760147094727,889200,0.0,0.0
2012-01-24 00:00:00-05:00,15.746913509043173,16.119306081278804,15.599593254783189,16.08656883239746,944325,0.0,0.0
2012-01-25 00:00:00-05:00,16.152045663899194,16.58173067900545,15.971988134742135,16.56536293029785,991575,0.0,0.0
2012-01-26 00:00:00-05:00,16.651296925303303,16.876371005578818,16.381209785168686,16.553083419799805,988875,0.0,0.0
2012-01-27 00:00:00-05:00,16.458965107637162,16.741328083602756,16.44668754023196,16.675851821899414,437400,0.0,0.0
2012-01-30 00:00:00-05:00,16.47532919841656,16.835445923545304,16.47532919841656,16.663572311401367,674550,0.0,0.0
2012-01-31 00:00:00-05:00,16.712686115783583,17.130093635840105,16.675855162386217,16.835453033447266,1438875,0.0,0.0
2012-02-01 00:00:00-05:00,16.986862067971064,17.101445088239984,16.749512153198364,16.819080352783203,917100,0.0,0.0
2012-02-02 00:00:00-05:00,16.8313520523743,16.85181173082853,16.561264978627136,16.61446189880371,1102050,0.0,0.0
2012-02-03 00:00:00-05:00,16.90092387189839,16.905015808471543,16.72495654968517,16.737234115600586,1121850,0.0,0.0
2012-02-06 00:00:00-05:00,16.73723480515117,16.945937628547878,16.61446616572296,16.91320037841797,754200,0.0,0.0
2012-02-07 00:00:00-05:00,16.86000087910479,17.015505005002698,16.708588689752197,16.749509811401367,879075,0.0,0.0
2012-02-08 00:00:00-05:00,16.749510444691285,16.892738766368613,16.729049004995094,16.782249450683594,1465425,0.0,0.0
2012-02-09 00:00:00-05:00,16.921386051435068,16.93366361916198,16.40576508702529,16.56536293029785,1464075,0.0,0.0
2012-02-10 00:00:00-05:00,16.450777168802954,16.450777168802954,16.23798066527544,16.389392852783203,811350,0.0,0.0
2012-02-13 00:00:00-05:00,16.418039881911188,16.810893883683853,16.098844249274983,16.426223754882812,1103175,0.0,0.0
2012-02-14 00:00:00-05:00,16.48351316498703,17.7439208320464,16.381207735587125,17.723461151123047,3602700,0.0,0.0
2012-02-15 00:00:00-05:00,17.801214638648034,17.87487652794572,17.175104385382607,17.28150177001953,1382400,0.0,0.0
2012-02-16 00:00:00-05:00,17.228298978800627,17.878964211158543,17.2201151069129,17.801210403442383,1061100,0.0,0.0
2012-02-17 00:00:00-05:00,17.805307099745743,17.907612540386367,17.404267454255812,17.68663215637207,1232775,0.0,0.0
2012-02-21 00:00:00-05:00,17.973086188206697,17.973086188206697,16.782246746757608,17.269222259521484,2310975,0.0,0.0
2012-02-22 00:00:00-05:00,17.289684295654297,17.396081661187367,17.11371699023236,17.289684295654297,774450,0.0,0.0
2012-02-23 00:00:00-05:00,17.35106934077375,17.57614166888304,17.20374907988083,17.477928161621094,554175,0.0,0.0
2012-02-24 00:00:00-05:00,17.351068595634043,17.535218035743895,17.109626774617773,17.506572723388672,908325,0.0,0.0
2012-02-27 00:00:00-05:00,17.592510472973427,17.82576842154812,17.187380649717127,17.748016357421875,897300,0.0,0.0
2012-02-28 00:00:00-05:00,17.73164708621286,17.801213521836484,17.191471054494667,17.67435646057129,787950,0.0,0.0
2012-02-29 00:00:00-05:00,17.727552004208864,17.81758162847309,17.543402575536227,17.67026138305664,1015200,0.0,0.0
2012-03-01 00:00:00-05:00,17.678448651644047,18.701506591769796,17.678448651644047,18.4068660736084,2277675,0.0,0.0
2012-03-02 00:00:00-05:00,18.415048468312595,18.43141797007242,17.53112698480761,17.81348991394043,1717875,0.0,0.0
2012-03-05 00:00:00-05:00,17.690725405810433,17.93625918404704,17.686633468872508,17.89533805847168,833850,0.0,0.0
2012-03-06 00:00:00-05:00,17.63343749121484,17.772572149506672,17.154645671838345,17.22830581665039,932850,0.0,0.0
2012-03-07 00:00:00-05:00,17.2774090408924,17.428821237070373,17.00732189857072,17.34697723388672,643725,0.0,0.0
2012-03-08 00:00:00-05:00,17.51475831319778,17.625247625774847,17.34697661984376,17.54340362548828,520425,0.0,0.0
2012-03-09 00:00:00-05:00,17.592508362448825,17.89124077329385,17.54340161666072,17.821674346923828,369450,0.0,0.0
2012-03-12 00:00:00-04:00,17.752103624319428,18.087665168394224,17.584321974184274,17.78893280029297,339750,0.0,0.0
2012-03-13 00:00:00-04:00,17.9362591909865,18.09176508806059,17.678449601836377,18.075395584106445,534375,0.0,0.0
2012-03-14 00:00:00-04:00,18.009915587988864,18.14496001615178,17.71936705121023,17.83395004272461,429525,0.0,0.0
2012-03-15 00:00:00-04:00,17.91169958606541,18.112218475958848,17.78893273958009,18.06720542907715,355050,0.0,0.0
2012-03-16 00:00:00-04:00,18.132687455935212,18.169518403306324,17.883061723562065,17.899431228637695,693675,0.0,0.0
2012-03-19 00:00:00-04:00,17.907610352187827,18.161327954469538,17.907610352187827,17.964900970458984,562725,0.0,0.0
2012-03-20 00:00:00-04:00,17.911704861931785,18.144962817057433,17.88715148540256,17.960811614990234,287325,0.0,0.0
2012-03-21 00:00:00-04:00,18.005826061885156,18.071302316684996,17.87487530848146,17.91579818725586,652500,0.0,0.0
2012-03-22 00:00:00-04:00,17.793025866059665,18.054929074823807,17.715273817447272,17.85441017150879,721800,0.0,0.0
2012-03-23 00:00:00-04:00,17.895339372075203,17.944446131327194,17.50657547910132,17.8748779296875,984150,0.0,0.0
2012-03-26 00:00:00-04:00,18.059020675587192,18.545996149572602,18.059020675587192,18.447784423828125,547875,0.0,0.0
2012-03-27 00:00:00-04:00,18.42323826622435,18.529635671392203,17.932170617455125,18.005830764770508,758700,0.0,0.0
2012-03-28 00:00:00-04:00,17.95671626267902,18.09176068600065,17.404264517756587,17.801210403442383,610200,0.0,0.0
2012-03-29 00:00:00-04:00,17.351069544365412,17.67844907654396,17.289686979704474,17.621156692504883,578250,0.0,0.0
2012-03-30 00:00:00-04:00,17.79712316807778,17.89124297894504,17.404267397145496,17.49429702758789,627075,0.0,0.0
2012-04-02 00:00:00-04:00,17.375619428960672,17.825765756177518,17.330604620619415,17.77665901184082,521325,0.0,0.0
2012-04-03 00:00:00-04:00,17.82167546739603,18.00582489758127,17.612970906577168,17.838043212890625,676350,0.0,0.0
2012-04-04 00:00:00-04:00,17.60069424644394,17.784843667725358,17.41245113279094,17.711183547973633,572175,0.0,0.0
2012-04-05 00:00:00-04:00,17.580233347981036,17.973089127466814,17.53112835126583,17.768476486206055,308475,0.0,0.0
2012-04-09 00:00:00-04:00,17.486114937748873,17.678450028112373,17.207842144799063,17.555683135986328,505575,0.0,0.0
2012-04-10 00:00:00-04:00,17.580231966507622,17.596601468257035,16.864092168860022,16.98276710510254,1055025,0.0,0.0
2012-04-11 00:00:00-04:00,17.191472883223998,17.35107072333974,17.089167431040252,17.252857208251953,459000,0.0,0.0
2012-04-12 00:00:00-04:00,17.216026360377786,17.56386556678588,17.216026360377786,17.408361434936523,316125,0.0,0.0
2012-04-13 00:00:00-04:00,17.39608510093923,17.612973567269503,17.326516903490337,17.41245460510254,461925,0.0,0.0
2012-04-16 00:00:00-04:00,17.43700506219264,17.555679996054838,17.109625570946065,17.28559112548828,394425,0.0,0.0
2012-04-17 00:00:00-04:00,17.461556935911943,17.90351943119092,17.273315569692308,17.65798568725586,481050,0.0,0.0
2012-04-18 00:00:00-04:00,17.62525129377434,17.694819498783975,17.400178928999395,17.592514038085938,495000,0.0,0.0
2012-04-19 00:00:00-04:00,17.514757880355834,17.682539569563474,17.220117379170492,17.256946563720703,458775,0.0,0.0
2012-04-20 00:00:00-04:00,17.486107366166035,17.797117276948367,17.37152439773141,17.518844604492188,701550,0.0,0.0
2012-04-23 00:00:00-04:00,17.224210120765488,17.469743883230258,17.019597481247516,17.420637130737305,602100,0.0,0.0
2012-04-24 00:00:00-04:00,17.371527783816564,17.52703364761687,16.741323968878906,16.990949630737305,983475,0.0,0.0
2012-04-25 00:00:00-04:00,17.199659945039834,17.87487879556099,17.187384132730305,17.592514038085938,1120950,0.0,0.0
2012-04-26 00:00:00-04:00,17.51475431650131,18.095851327664334,17.367434095884956,18.038558959960938,1426275,0.0,0.0
2012-04-27 00:00:00-04:00,18.005826160634644,18.149054480934563,17.38380612711478,17.67435646057129,1807875,0.0,0.0
2012-04-30 00:00:00-04:00,17.739831521009535,17.86669034248587,17.60069688916261,17.682540893554688,796050,0.0,0.0
2012-05-01 00:00:00-04:00,17.61296767015683,18.07129782750776,17.61296767015683,17.678443908691406,1607400,0.0,0.0
2012-05-02 00:00:00-04:00,17.62115466360201,18.415048269339678,17.62115466360201,18.116315841674805,1408725,0.0,0.0
2012-05-03 00:00:00-04:00,17.57204552759494,17.907608849180658,17.064608609425548,17.85441017150879,2187225,0.0,0.0
2012-05-04 00:00:00-04:00,17.846229700511614,18.087671543892185,17.318332950849054,17.437007904052734,805275,0.0,0.0
2012-05-07 00:00:00-04:00,17.432911559901402,17.608877116363587,17.216024883733787,17.248762130737305,1066950,0.0,0.0
2012-05-08 00:00:00-04:00,17.187385431314073,17.19147561286329,16.11931065085267,16.814990997314453,1870200,0.0,0.0
2012-05-09 00:00:00-04:00,16.553079319726564,16.884550696795902,16.553079319726564,16.65129280090332,742950,0.0,0.0
2012-05-10 00:00:00-04:00,16.810890585913334,16.929565501701177,16.524434013749275,16.65129280090332,551250,0.0,0.0
2012-05-11 00:00:00-04:00,16.47533341259625,16.741328649270773,16.254352997601508,16.503978729248047,852075,0.0,0.0
2012-05-14 00:00:00-04:00,16.287085593182763,16.561266382050793,16.066105241390737,16.364837646484375,714150,0.0,0.0
2012-05-15 00:00:00-04:00,16.409853133554726,16.753602117857273,16.34028670564867,16.577634811401367,879750,0.0,0.0
2012-05-16 00:00:00-04:00,16.675848944894767,16.831354820087004,16.430315201113203,16.610374450683594,660825,0.0,0.0
2012-05-17 00:00:00-04:00,16.585818674394602,16.598096239203628,15.849217471727082,15.926969528198242,1138500,0.0,0.0
2012-05-18 00:00:00-04:00,15.853309167227273,16.25434876449883,15.7837409842212,15.935154914855957,1182825,0.0,0.0
2012-05-21 00:00:00-04:00,16.008814628579557,16.458960960550016,15.922876946984974,16.4139461517334,766350,0.0,0.0
2012-05-22 00:00:00-04:00,16.442593796320313,16.667666116185362,16.12749184603085,16.254350662231445,1071900,0.0,0.0
2012-05-23 00:00:00-04:00,16.16432116472823,16.446685868183447,15.91878740354803,16.42213249206543,787500,0.0,0.0
2012-05-24 00:00:00-04:00,16.475330505104395,16.59400544417254,16.221612881024857,16.426223754882812,492750,0.0,0.0
2012-05-25 00:00:00-04:00,16.422134957861303,16.56536329942159,16.27890661630101,16.43031883239746,477450,0.0,0.0
2012-05-29 00:00:00-04:00,16.4916976348657,16.778152465820312,16.409851892139528,16.778152465820312,426150,0.0,0.0
2012-05-30 00:00:00-04:00,16.581724768215988,16.655384879731628,16.217516146356054,16.60218620300293,771075,0.0,0.0
2012-05-31 00:00:00-04:00,16.581724879515075,16.63492531279645,16.172501449616217,16.58991050720215,986850,0.0,0.0
2012-06-01 00:00:00-04:00,16.1970569982127,16.27890274891517,15.562761211247771,15.95561695098877,1236150,0.0,0.0
2012-06-04 00:00:00-04:00,15.967897662842718,16.05792731378083,15.652795640755699,15.894237518310547,768600,0.0,0.0
2012-06-05 00:00:00-04:00,15.783739785878375,16.098841675455603,15.558667509379106,15.996536254882812,1556100,0.0,0.0
2012-06-06 00:00:00-04:00,16.13567598544936,16.565360949167548,15.99653960089749,16.54080581665039,805275,0.0,0.0
2012-06-07 00:00:00-04:00,16.659482487036307,16.679945684985366,16.098846710270738,16.21752166748047,958500,0.0,0.0
2012-06-08 00:00:00-04:00,16.164321977816957,16.54080651183231,15.967894958992236,16.139768600463867,1287900,0.0,0.0
2012-06-11 00:00:00-04:00,16.34846910521987,16.446682590116552,15.652789083071296,15.689620018005371,1167525,0.0,0.0
2012-06-12 00:00:00-04:00,15.828756388639114,15.988354197552253,15.59550021400709,15.95561695098877,726075,0.0,0.0
2012-06-13 00:00:00-04:00,15.902417818809733,16.037462264861098,15.415442235611858,15.489102363586426,697950,0.0,0.0
2012-06-14 00:00:00-04:00,15.50956156579495,15.63232842804427,15.124891478681844,15.304950714111328,1060875,0.0,0.0
2012-06-15 00:00:00-04:00,15.239476477151472,15.65279192722478,14.920282593238893,15.575039863586426,2062575,0.0,0.0
2012-06-18 00:00:00-04:00,15.190369388813007,15.21083082746309,14.34736900484426,14.715669631958008,3945375,0.0,0.0
2012-06-19 00:00:00-04:00,14.830254517001464,15.165817938583801,14.74431681500271,14.932559967041016,2076075,0.0,0.0
2012-06-20 00:00:00-04:00,14.858900533831731,15.223109287877717,14.71976500983689,15.120803833007812,1378125,0.0,0.0
2012-06-21 00:00:00-04:00,15.083971608654888,15.223107998967441,14.846621708991377,14.924375534057617,1403775,0.0,0.0
2012-06-22 00:00:00-04:00,15.006218493269527,15.034865561662476,14.744315234533085,14.834344863891602,1579725,0.0,0.0
2012-06-25 00:00:00-04:00,14.609273151075628,14.67884046616032,14.45376813964876,14.547889709472656,646875,0.0,0.0
2012-06-26 00:00:00-04:00,14.531520512188296,14.732040344377438,14.216418545961094,14.220510482788086,3125925,0.0,0.0
2012-06-27 00:00:00-04:00,14.310538220939094,14.355553032461527,13.426615882314284,13.708980560302734,2675700,0.0,0.0
2012-06-28 00:00:00-04:00,13.504367460804405,13.733532553565157,12.980561910821754,13.18108081817627,1742850,0.0,0.0
2012-06-29 00:00:00-04:00,13.422523775508957,13.422523775508957,12.951916862938079,12.992838859558105,2562525,0.0,0.0
2012-07-02 00:00:00-04:00,13.033763726273044,13.099239984589543,12.788229952831264,12.968287467956543,2589300,0.0,0.0
2012-07-03 00:00:00-04:00,12.927363694020226,13.058315314614683,12.820965447406111,13.046038627624512,1153125,0.0,0.0
2012-07-05 00:00:00-04:00,12.95600990131597,13.872670430844849,12.95600990131597,13.696704864501953,2469825,0.0,0.0
2012-07-06 00:00:00-04:00,13.520738979886234,13.889039630340344,13.463447474894034,13.794918060302734,1783575,0.0,0.0
2012-07-09 00:00:00-04:00,13.725350313428393,13.9135925694858,13.602582555706448,13.839932441711426,2198925,0.0,0.0
2012-07-10 00:00:00-04:00,13.884947390738438,14.12229727903058,13.852209263157246,14.00771427154541,2225025,0.0,0.0
2012-07-11 00:00:00-04:00,13.995437496330704,14.056821814450013,13.831747737541857,13.942238807678223,1869975,0.0,0.0
2012-07-12 00:00:00-04:00,13.88085511640044,13.88085511640044,13.463446853712957,13.811286926269531,631125,0.0,0.0
2012-07-13 00:00:00-04:00,13.819472610019092,14.245064774547966,13.807195921408626,14.2327880859375,806625,0.0,0.0
2012-07-16 00:00:00-04:00,14.150943013349192,14.150943013349192,13.52073908770365,13.668059349060059,1495575,0.0,0.0
2012-07-17 00:00:00-04:00,13.708979739631351,13.717163611710665,13.275202907904658,13.41843032836914,1668375,0.0,0.0
2012-07-18 00:00:00-04:00,13.479814914195545,13.929960377417002,13.361139985631317,13.790824890136719,1370025,0.0,0.0
2012-07-19 00:00:00-04:00,13.905407475778901,14.179586523508654,13.786732543192393,14.16731071472168,747900,0.0,0.0
2012-07-20 00:00:00-04:00,14.04454373671139,14.04454373671139,13.905408237097706,13.987252235412598,947475,0.0,0.0
2012-07-23 00:00:00-04:00,13.688520190064503,13.8481171328822,13.537107120454186,13.672151565551758,869400,0.0,0.0
2012-07-24 00:00:00-04:00,13.741718324992487,13.76217976338302,13.357049078696889,13.422524452209473,1260450,0.0,0.0
2012-07-25 00:00:00-04:00,13.451168450979985,13.704886925493833,13.242464785293814,13.41843032836914,1213425,0.0,0.0
2012-07-26 00:00:00-04:00,14.953017140124864,16.25025563666823,14.646099999514032,15.857399940490723,5097600,0.0,0.0
2012-07-27 00:00:00-04:00,16.082475441162043,16.540803908829165,15.914693762953483,16.373023986816406,2455425,0.0,0.0
2012-07-30 00:00:00-04:00,16.434407142512978,16.643111702889197,16.176597589561265,16.344377517700195,1276425,0.0,0.0
2012-07-31 00:00:00-04:00,16.164320787764467,16.63902055243983,16.143859348777298,16.544898986816406,1323675,0.0,0.0
2012-08-01 00:00:00-04:00,16.557176133302136,16.63492995897035,16.074294212718794,16.127492904663086,1561050,0.0,0.0
2012-08-02 00:00:00-04:00,16.115212001274813,16.381207162120184,15.722358042166755,15.943338394165039,1001250,0.0,0.0
2012-08-03 00:00:00-04:00,16.270719365710473,16.53262439914819,15.943341586305479,16.368934631347656,839250,0.0,0.0
2012-08-06 00:00:00-04:00,16.39348329751084,16.573542536493747,16.377115553018402,16.495790481567383,544275,0.0,0.0
2012-08-07 00:00:00-04:00,16.675851744382282,17.12599818768151,16.634930617679558,16.880462646484375,821700,0.0,0.0
2012-08-08 00:00:00-04:00,16.778154302168172,16.847722488621304,15.959707322502442,16.585819244384766,903600,0.0,0.0
2012-08-09 00:00:00-04:00,16.536714356136397,16.647205430861174,16.35665684332853,16.622652053833008,959850,0.0,0.0
2012-08-10 00:00:00-04:00,16.528527880904672,16.663572311401367,16.35256233259946,16.663572311401367,770625,0.0,0.0
2012-08-13 00:00:00-04:00,16.56535691431798,16.651292832412473,16.311637583334203,16.61446189880371,658125,0.0,0.0
2012-08-14 00:00:00-04:00,16.720866399675465,16.749511714944138,16.43850167160681,16.569454193115234,600075,0.0,0.0
2012-08-15 00:00:00-04:00,16.458961823550908,16.78224761809982,16.458961823550908,16.757694244384766,706500,0.0,0.0
2012-08-16 00:00:00-04:00,16.675848493482164,16.94593560433067,16.499882941234713,16.925474166870117,347850,0.0,0.0
2012-08-17 00:00:00-04:00,16.970493595130357,17.46974683393167,16.749513171587697,17.46156120300293,799425,0.0,0.0
2012-08-20 00:00:00-04:00,17.33879035419008,17.396080970865867,16.77406103468999,17.076887130737305,605700,0.0,0.0
2012-08-21 00:00:00-04:00,17.09325258672386,17.608873336372323,16.851810831887633,17.44109344482422,943200,0.0,0.0
2012-08-22 00:00:00-04:00,17.359250875609067,17.735737106855566,16.990950272995626,17.625246047973633,1026675,0.0,0.0
2012-08-23 00:00:00-04:00,17.449280682981648,17.649799609395668,17.14236438896733,17.154640197753906,645750,0.0,0.0
2012-08-24 00:00:00-04:00,17.056426921408274,17.58023164979844,17.056426921408274,17.51475715637207,771975,0.0,0.0
2012-08-27 00:00:00-04:00,17.53931113919474,17.62524707337288,17.1546410131317,17.318330764770508,788850,0.0,0.0
2012-08-28 00:00:00-04:00,17.269220771032735,17.52703203753146,17.13826829184156,17.32651138305664,728550,0.0,0.0
2012-08-29 00:00:00-04:00,17.301960848274195,17.469742532350427,17.138271100556626,17.42881965637207,817650,0.0,0.0
2012-08-30 00:00:00-04:00,17.396083754490828,17.4615582536841,17.183287241622697,17.420637130737305,600975,0.0,0.0
2012-08-31 00:00:00-04:00,17.592510974885275,17.617064351425434,17.314238203299475,17.563865661621094,999450,0.0,0.0
2012-09-04 00:00:00-04:00,17.576138499656587,17.96899421406297,17.3183289676787,17.944440841674805,1014975,0.0,0.0
2012-09-05 00:00:00-04:00,17.825765531496938,17.944440454847424,17.71936641597804,17.801210403442383,992250,0.0,0.0
2012-09-06 00:00:00-04:00,17.968998634657794,18.345483185164273,17.68254196759208,18.325021743774414,954000,0.0,0.0
2012-09-07 00:00:00-04:00,18.406861514540644,18.640117655546817,18.218618422496817,18.43550682067871,702225,0.0,0.0
2012-09-10 00:00:00-04:00,18.386402991884463,18.55827661213007,18.161328930447233,18.29637336730957,841950,0.0,0.0
2012-09-11 00:00:00-04:00,18.251359610143375,18.30865023480529,17.985364413591387,18.16951560974121,573525,0.0,0.0
2012-09-12 00:00:00-04:00,18.206342230727522,18.33729472036031,17.76438152965722,17.919885635375977,922050,0.0,0.0
2012-09-13 00:00:00-04:00,17.903520452297382,18.19406902522428,17.682540070152466,18.1326847076416,698850,0.0,0.0
2012-09-14 00:00:00-04:00,18.26772675096202,18.545997721309927,18.239081442334463,18.31683349609375,500400,0.0,0.0
2012-09-17 00:00:00-04:00,18.185883165557044,18.22271410687949,17.87896685011775,18.206344604492188,323100,0.0,0.0
2012-09-18 00:00:00-04:00,18.222714763679015,18.243176203351645,17.84622848857301,18.02219581604004,579825,0.0,0.0
2012-09-19 00:00:00-04:00,18.0385584296325,18.08357323286333,17.760287495381213,17.78893280029297,665550,0.0,0.0
2012-09-20 00:00:00-04:00,17.666170055633035,17.752107746519318,17.33879230659995,17.473834991455078,698625,0.0,0.0
2012-09-21 00:00:00-04:00,17.703002478219823,17.78484648328003,17.17101205483831,17.45337677001953,1302525,0.0,0.0
2012-09-24 00:00:00-04:00,17.346975438670455,17.41654362446525,17.187379385549317,17.28559112548828,504450,0.0,0.0
2012-09-25 00:00:00-04:00,17.29377864746633,17.46155859156715,17.035967313791645,17.10553550720215,829800,0.0,0.0
2012-09-26 00:00:00-04:00,17.10553382127864,17.281499377740825,16.913198763216766,17.248762130737305,660375,0.0,0.0
2012-09-27 00:00:00-04:00,17.289686582955333,17.57204953506914,17.064612501173873,17.563865661621094,1781775,0.0,0.0
2012-09-28 00:00:00-04:00,17.396085380420825,17.94444533864209,17.2855942988866,17.891244888305664,1328625,0.0,0.0
2012-10-01 00:00:00-04:00,17.940350208409264,18.038563714708054,17.10553540486951,17.34697723388672,1168425,0.0,0.0
2012-10-02 00:00:00-04:00,17.54340553108022,18.05902647690465,17.14645954008935,17.95262908935547,1289925,0.0,0.0
2012-10-03 00:00:00-04:00,17.928070667371234,17.948532102958108,17.330604124256247,17.52703285217285,1086975,0.0,0.0
2012-10-04 00:00:00-04:00,17.83804216931813,18.34547913007731,17.715275304311533,17.964900970458984,693450,0.0,0.0
2012-10-05 00:00:00-04:00,17.97718246772806,18.08357985527724,17.846229945610137,17.95262908935547,587025,0.0,0.0
2012-10-08 00:00:00-04:00,17.80120860688565,18.050835992420684,17.75619555985032,17.78893280029297,447525,0.0,0.0
2012-10-09 00:00:00-04:00,17.756199643836926,18.030378705619437,17.469743016442344,17.510665893554688,464850,0.0,0.0
2012-10-10 00:00:00-04:00,17.48202110382359,17.79302935933285,17.412452913134636,17.506572723388672,307125,0.0,0.0
2012-10-11 00:00:00-04:00,17.686632448823794,17.874875586680602,17.330607612815836,17.408361434936523,342225,0.0,0.0
2012-10-12 00:00:00-04:00,17.36743612552532,17.486111054256664,17.27740650589552,17.31423568725586,344925,0.0,0.0
2012-10-15 00:00:00-04:00,17.416549021085064,17.621159949367193,17.256951162315755,17.61297607421875,355500,0.0,0.0
2012-10-16 00:00:00-04:00,17.698912606191524,18.07949091208589,17.698912606191524,18.005830764770508,310050,0.0,0.0
2012-10-17 00:00:00-04:00,17.985367786775424,18.349576554596318,17.91989152045594,18.292285919189453,545625,0.0,0.0
2012-10-18 00:00:00-04:00,18.21044260936672,18.345485328402507,18.07130619661779,18.300472259521484,492300,0.0,0.0
2012-10-19 00:00:00-04:00,18.140869473772728,18.284097785120586,18.079485159111123,18.222713470458984,705150,0.0,0.0
2012-10-22 00:00:00-04:00,18.23908792818059,18.33730145336893,18.075398134134577,18.300472259521484,645750,0.0,0.0
2012-10-23 00:00:00-04:00,18.185880554069893,18.55009095366221,18.185880554069893,18.247264862060547,778500,0.0,0.0
2012-10-24 00:00:00-04:00,18.275915550039667,18.34548375043028,17.739833145131296,17.97309112548828,393300,0.0,0.0
2012-10-25 00:00:00-04:00,18.05902627645625,18.23089992315666,17.625249344623175,17.80940055847168,593325,0.0,0.0
2012-10-26 00:00:00-04:00,17.73983015308534,17.838043653260975,16.9213831474911,17.293777465820312,1214100,0.0,0.0
2012-10-31 00:00:00-04:00,17.359253019655764,17.617064351425434,17.306054329851428,17.563865661621094,1281825,0.0,0.0
2012-11-01 00:00:00-04:00,17.678448651644047,19.05343773639724,17.66207914856974,18.4068660736084,2631375,0.0,0.0
2012-11-02 00:00:00-04:00,18.61966085284788,18.7301519253766,17.563865661621094,17.563865661621094,1113525,0.0,0.0
2012-11-05 00:00:00-05:00,17.61706288657467,17.71118444818511,17.355159639858115,17.633432388305664,550125,0.0,0.0
2012-11-06 00:00:00-05:00,17.60069569995592,17.77666126341744,17.125995940445662,17.641616821289062,855675,0.0,0.0
2012-11-07 00:00:00-05:00,17.396082149531452,17.53521676462762,17.314236398796936,17.32242202758789,470250,0.0,0.0
2012-11-08 00:00:00-05:00,17.310144962687712,17.359251712069057,16.900923221973745,16.921382904052734,851400,0.0,0.0
2012-11-09 00:00:00-05:00,16.83135636554832,17.498389471369485,16.76178817238979,17.31014633178711,950400,0.0,0.0
2012-11-12 00:00:00-05:00,17.412453419300903,17.420637292727164,16.679944061770268,16.974584579467773,999675,0.0,0.0
2012-11-13 00:00:00-05:00,16.937750101314485,17.318328235335347,16.778152309442486,17.080978393554688,495000,0.0,0.0
2012-11-14 00:00:00-05:00,17.154645040502597,17.261044194335152,16.769974824131097,16.82317352294922,631800,0.0,0.0
2012-11-15 00:00:00-05:00,16.778157504704964,17.003231608601446,16.491702587721043,16.831357955932617,563400,0.0,0.0
2012-11-16 00:00:00-05:00,16.819081659662206,17.269228145284206,16.716776198992402,17.220121383666992,601650,0.0,0.0
2012-11-19 00:00:00-05:00,17.310145376934628,17.67435582579069,17.28559200165637,17.641616821289062,672300,0.0,0.0
2012-11-20 00:00:00-05:00,17.645710429576265,17.956720464631587,17.424730031136033,17.71527862548828,374400,0.0,0.0
2012-11-21 00:00:00-05:00,17.715278144072307,17.821677281597662,17.49429775163726,17.682540893554688,281475,0.0,0.0
2012-11-23 00:00:00-05:00,17.784845160484824,18.00582553828784,17.723462600304174,17.87078285217285,312525,0.0,0.0
2012-11-26 00:00:00-05:00,17.817579997418715,18.050837909406493,17.6989050734421,18.042654037475586,522675,0.0,0.0
2012-11-27 00:00:00-05:00,17.45746595707813,18.280004922474333,17.424728708156458,18.16951560974121,1456425,0.0,0.0
2012-11-28 00:00:00-05:00,18.05083951243474,18.312742755635043,17.73573758456778,18.30864906311035,1276875,0.0,0.0
2012-11-29 00:00:00-05:00,18.38640340146524,18.574644771320795,17.944442653845577,18.402772903442383,651150,0.0,0.0
2012-11-30 00:00:00-05:00,18.415049893063568,18.415049893063568,18.034471680122756,18.21453094482422,819675,0.0,0.0
2012-12-03 00:00:00-05:00,18.431417053342276,18.586921165640717,18.271819248660577,18.374126434326172,698850,0.0,0.0
2012-12-04 00:00:00-05:00,18.41095587738939,18.537814681979416,18.050839144846886,18.263635635375977,400275,0.0,0.0
2012-12-05 00:00:00-05:00,18.32092331116239,18.361846179433147,17.813486418147978,17.932161331176758,840150,0.0,0.0
2012-12-06 00:00:00-05:00,17.66617606160572,17.97718617044865,17.551593020201164,17.772573471069336,773550,0.0,0.0
2012-12-07 00:00:00-05:00,17.678442373247396,17.866683688867017,17.412447262785648,17.518844604492188,1081125,0.0,0.0
2012-12-10 00:00:00-05:00,17.547500605911615,17.617068816440003,17.25286001275359,17.355165481567383,832950,0.0,0.0
2012-12-11 00:00:00-05:00,17.379714957589808,17.79302863593361,17.32651451544051,17.547494888305664,993375,0.0,0.0
2012-12-12 00:00:00-05:00,17.64162079484868,17.657990300786526,17.125999797867948,17.220121383666992,634950,0.0,0.0
2012-12-13 00:00:00-05:00,17.26513079694509,17.359252362820346,16.798616660333945,16.95412254333496,459450,0.0,0.0
2012-12-14 00:00:00-05:00,16.868185613494795,17.232394327564343,16.61446621657437,17.10553550720215,429300,0.0,0.0
2012-12-17 00:00:00-05:00,17.154644826180718,17.477930708664115,16.954125845665466,17.46156120300293,419400,0.0,0.0
2012-12-18 00:00:00-05:00,17.645709089818666,18.28409861526101,17.49429689878648,18.16951560974121,985050,0.0,0.0
2012-12-19 00:00:00-05:00,18.144963657108818,18.222715727018358,17.862598935852176,17.90761375427246,764550,0.0,0.0
2012-12-20 00:00:00-05:00,17.87079025570556,17.88715800856342,17.41655174616336,17.55978012084961,717300,0.0,0.0
2012-12-21 00:00:00-05:00,17.3960812951736,17.645706959023393,17.28559023958679,17.580230712890625,1078875,0.0,0.0
2012-12-24 00:00:00-05:00,17.547490791892866,17.55567641903348,16.671753377726347,17.44109344482422,134550,0.0,0.0
2012-12-26 00:00:00-05:00,17.457464204842623,17.482019334314188,16.659478695281834,16.806798934936523,512775,0.0,0.0
2012-12-27 00:00:00-05:00,16.81089434175105,17.015505221184295,16.6553884576815,16.892738342285156,580950,0.0,0.0
2012-12-28 00:00:00-05:00,16.790431750881947,17.17510186377934,16.70858775596167,16.864091873168945,572400,0.0,0.0
2012-12-31 00:00:00-05:00,16.884555167236712,17.334701579276945,16.884555167236712,17.297870635986328,762300,0.0,0.0
2013-01-02 00:00:00-05:00,17.85441794736043,17.85441794736043,16.860005113090494,17.048248291015625,1349100,0.0,0.0
2013-01-03 00:00:00-05:00,17.02778482698333,17.612973979203506,17.02778482698333,17.24057960510254,700200,0.0,0.0
2013-01-04 00:00:00-05:00,17.36334418939592,17.51475636335821,17.228299759951224,17.31423568725586,555525,0.0,0.0
2013-01-07 00:00:00-05:00,17.19556182809928,17.600693344060655,17.105532212064375,17.572046279907227,954900,0.0,0.0
2013-01-08 00:00:00-05:00,17.47383458235691,17.6375243311391,17.355159646204516,17.41654396057129,1303425,0.0,0.0
2013-01-09 00:00:00-05:00,17.4983885194455,17.572048645336306,17.26104039570573,17.424728393554688,784575,0.0,0.0
2013-01-10 00:00:00-05:00,17.49429708499363,17.83804434901587,17.37153020498569,17.68663215637207,937575,0.0,0.0
2013-01-11 00:00:00-05:00,17.97718074922147,17.97718074922147,17.53931191740176,17.91579818725586,1017450,0.0,0.0
2013-01-14 00:00:00-05:00,17.858503082769627,18.0017313804454,17.772565401685878,17.919885635375977,551025,0.0,0.0
2013-01-15 00:00:00-05:00,17.793028871504166,18.12450031328835,17.592509934319224,18.087669372558594,426150,0.0,0.0
2013-01-16 00:00:00-05:00,17.915798018292303,18.271821089205574,17.878967076503503,18.1326847076416,526275,0.0,0.0
2013-01-17 00:00:00-05:00,18.181791354621023,18.820179059926488,18.087668041482186,18.795625686645508,845325,0.0,0.0
2013-01-18 00:00:00-05:00,18.824267503757852,19.213029467948065,18.5787338165004,19.118907928466797,1625850,0.0,0.0
2013-01-22 00:00:00-05:00,19.11891336050386,19.208942990142496,18.84064059841933,19.0002384185791,1426725,0.0,0.0
2013-01-23 00:00:00-05:00,18.926576230754407,18.942945731505297,18.533722262299197,18.61556625366211,770625,0.0,0.0
2013-01-24 00:00:00-05:00,18.599199432624264,19.253956664625928,18.541907055249258,19.151649475097656,882900,0.0,0.0
2013-01-25 00:00:00-05:00,19.40536951724054,19.54859783133525,19.155742073597693,19.36444664001465,737550,0.0,0.0
2013-01-28 00:00:00-05:00,19.401273862023526,19.454472538502795,19.114817288740586,19.303058624267578,896625,0.0,0.0
2013-01-29 00:00:00-05:00,19.23349500349589,19.23349500349589,18.938854515944122,19.05752944946289,850275,0.0,0.0
2013-01-30 00:00:00-05:00,19.02479165638119,19.02479165638119,18.636029584554393,18.832456588745117,770400,0.0,0.0
2013-01-31 00:00:00-05:00,18.74243053560561,18.906118550859265,18.631939456923085,18.857011795043945,554400,0.0,0.0
2013-02-01 00:00:00-05:00,19.008423291415927,19.217127873955263,18.84882721905883,19.077991485595703,416925,0.0,0.0
2013-02-04 00:00:00-05:00,19.037070753303965,19.135284263298182,18.726060719590247,18.955224990844727,573525,0.0,0.0
2013-02-05 00:00:00-05:00,19.33171114969274,19.33171114969274,18.758797841221597,18.836551666259766,620100,0.0,0.0
2013-02-06 00:00:00-05:00,18.766976075640528,19.04524877254695,18.70968546448711,18.76288414001465,416700,0.0,0.0
2013-02-07 00:00:00-05:00,18.807904648016347,18.99205585659143,18.7137830752954,18.979778289794922,460125,0.0,0.0
2013-02-08 00:00:00-05:00,18.95931712154561,19.184391214413314,18.758798162623567,18.91839599609375,465300,0.0,0.0
2013-02-11 00:00:00-05:00,18.852916457725453,18.967499452693385,18.664673342320093,18.963407516479492,215550,0.0,0.0
2013-02-12 00:00:00-05:00,19.004333510783006,19.09845509263459,18.55009686297263,18.64421844482422,663075,0.0,0.0
2013-02-13 00:00:00-05:00,18.6810401589104,18.89792855284198,18.566457180408015,18.76288414001465,331650,0.0,0.0
2013-02-14 00:00:00-05:00,18.77516584945809,19.000238164347152,18.66058284565081,18.893840789794922,536625,0.0,0.0
2013-02-15 00:00:00-05:00,19.00023921138079,19.01660871459702,18.828365574296516,18.934762954711914,454950,0.0,0.0
2013-02-19 00:00:00-05:00,18.87338205394025,19.004332822620132,18.591017318610156,18.828367233276367,765000,0.0,0.0
2013-02-20 00:00:00-05:00,18.78334730950659,18.975682351254854,18.370031917787152,18.378215789794922,873900,0.0,0.0
2013-02-21 00:00:00-05:00,18.58283086602853,18.701505806895597,18.161329790074063,18.206344604492188,771075,0.0,0.0
2013-02-22 00:00:00-05:00,18.316834950054314,18.566460631589546,18.251358699282694,18.464155197143555,741150,0.0,0.0
2013-02-25 00:00:00-05:00,18.500983480920777,18.824271026471635,18.329111623872468,18.374126434326172,1488600,0.0,0.0
2013-02-26 00:00:00-05:00,17.121906532855764,18.415051740574874,16.778157471992134,18.239086151123047,2704725,0.0,0.0
2013-02-27 00:00:00-05:00,18.349573384223145,18.50507927033964,18.067210437136332,18.10813331604004,1238175,0.0,0.0
2013-02-28 00:00:00-05:00,18.071299345429452,18.41095461730179,18.00582310139512,18.042654037475586,1139400,0.0,0.0
2013-03-01 00:00:00-05:00,17.98536345951716,18.120407897022755,17.670261528199976,17.838043212890625,1113750,0.0,0.0
2013-03-04 00:00:00-05:00,17.84213630298355,17.993548495774444,17.719369422856342,17.91579818725586,1162125,0.0,0.0
2013-03-05 00:00:00-05:00,18.02628196577707,18.476428225476962,18.022190030395375,18.251354217529297,906750,0.0,0.0
2013-03-06 00:00:00-05:00,18.26363779177972,18.44369530121261,18.218622975372487,18.37003517150879,695475,0.0,0.0
2013-03-07 00:00:00-05:00,18.427323998344114,18.586921808546162,18.325018565335654,18.357757568359375,568125,0.0,0.0
2013-03-08 00:00:00-05:00,18.509169934138498,18.58692199375184,18.116315943506144,18.48870849609375,646425,0.0,0.0
2013-03-11 00:00:00-04:00,18.492801490832047,18.533724369263613,18.284098674462193,18.36185073852539,526725,0.0,0.0
2013-03-12 00:00:00-04:00,18.37821867949133,18.37821867949133,18.153146358127064,18.27591323852539,665100,0.0,0.0
2013-03-13 00:00:00-04:00,18.28819168345035,18.562370770148846,18.28819168345035,18.415050506591797,706500,0.0,0.0
2013-03-14 00:00:00-04:00,18.468248099610555,18.5828311054058,18.38231040621513,18.529630661010742,468450,0.0,0.0
2013-03-15 00:00:00-04:00,18.582832890883278,18.656493025358504,18.230899966481992,18.410959243774414,1165500,0.0,0.0
2013-03-18 00:00:00-04:00,18.25135807044362,18.480524062150582,18.124499265853593,18.263635635375977,619650,0.0,0.0
2013-03-19 00:00:00-04:00,18.173604771802434,18.17769670776844,17.432909919888864,17.572046279907227,2240100,0.0,0.0
2013-03-20 00:00:00-04:00,17.67845038294394,18.087672194113658,17.65389524782972,18.009920120239258,646875,0.0,0.0
2013-03-21 00:00:00-04:00,17.911706605603932,18.17770183659736,17.8216787203634,17.829862594604492,728325,0.0,0.0
2013-03-22 00:00:00-04:00,17.96899819194266,18.112224765750586,17.780755043229227,17.89533805847168,973800,0.0,0.0
2013-03-25 00:00:00-04:00,17.977177518086155,18.263634105628576,17.69072093054373,17.887147903442383,1077300,0.0,0.0
2013-03-26 00:00:00-04:00,18.0344693364069,18.04265496495428,17.473833687819486,17.711183547973633,1144800,0.0,0.0
2013-03-27 00:00:00-04:00,17.567952865926532,17.6866277799349,17.51475419045274,17.678443908691406,838800,0.0,0.0
2013-03-28 00:00:00-04:00,17.752107734953366,17.772567417345424,17.567956543857544,17.690723419189453,743400,0.0,0.0
2013-04-01 00:00:00-04:00,17.678449868497285,17.797124822513666,17.453377527664355,17.60478973388672,1392750,0.0,0.0
2013-04-02 00:00:00-04:00,17.58023644967862,17.70300510981287,17.34698021029471,17.400178909301758,1383300,0.0,0.0
2013-04-03 00:00:00-04:00,17.469742978966448,17.58023228825848,17.158732977210818,17.498388290405273,2316600,0.0,0.0
2013-04-04 00:00:00-04:00,17.572049205509657,18.288190804663216,17.54340389278271,18.27591323852539,1039950,0.0,0.0
2013-04-05 00:00:00-04:00,17.989459219492346,18.42323438027961,17.92807489824554,18.415050506591797,1173825,0.0,0.0
2013-04-08 00:00:00-04:00,18.415047669275136,18.91429901123047,18.349571421272742,18.91429901123047,1337625,0.0,0.0
2013-04-09 00:00:00-04:00,19.028886047478625,19.08617667373813,18.795628093343762,19.0084228515625,857475,0.0,0.0
2013-04-10 00:00:00-04:00,19.09436108638895,19.540413811339466,18.983871767454445,19.462661743164062,952425,0.0,0.0
2013-04-11 00:00:00-04:00,19.376723761510355,19.634535095577053,19.315341197711067,19.34398651123047,1099575,0.0,0.0
2013-04-12 00:00:00-04:00,19.225309374711117,19.2498645048696,18.959314197416465,19.05752944946289,669150,0.0,0.0
2013-04-15 00:00:00-04:00,19.004330706063506,19.08617646404474,18.406865805019635,18.46824836730957,784575,0.0,0.0
2013-04-16 00:00:00-04:00,18.66876935849178,18.922486997292037,18.435511403307657,18.586923599243164,1868400,0.0,0.0
2013-04-17 00:00:00-04:00,18.39458831584347,18.517355197133234,17.993548666166244,18.443695068359375,830025,0.0,0.0
2013-04-18 00:00:00-04:00,18.476434174879795,18.52144899096408,18.054933083324066,18.202253341674805,390375,0.0,0.0
2013-04-19 00:00:00-04:00,18.210437393780616,18.578738007753223,18.087668766260556,18.550092697143555,641925,0.0,0.0
2013-04-22 00:00:00-04:00,18.57054905134946,18.652394788364173,18.247263307488865,18.582826614379883,523575,0.0,0.0
2013-04-23 00:00:00-04:00,18.730153717717407,19.004332822620132,17.698910048152168,18.828367233276367,943425,0.0,0.0
2013-04-24 00:00:00-04:00,18.869286366998853,19.028884176163952,18.6646737461155,19.02069854736328,833850,0.0,0.0
2013-04-25 00:00:00-04:00,19.01660873984352,19.609981718818133,18.766981279297784,19.34398651123047,1267875,0.0,0.0
2013-04-26 00:00:00-04:00,19.327616560274432,19.466751175245548,19.028884136471127,19.225309371948242,938700,0.0,0.0
2013-04-29 00:00:00-04:00,19.237588554316382,19.659087883350434,19.237588554316382,19.552690505981445,661950,0.0,0.0
2013-04-30 00:00:00-04:00,19.589519722664058,19.9864656407117,19.50767397233139,19.900527954101562,659925,0.0,0.0
2013-05-01 00:00:00-04:00,19.80640647437933,19.867790787375043,19.21712549936048,19.225309371948242,927450,0.0,0.0
2013-05-02 00:00:00-04:00,19.20894603149242,19.33580486667134,19.05344012329573,19.24577522277832,919575,0.0,0.0
2013-05-03 00:00:00-04:00,19.4749383463801,19.593613289280476,19.30715665167239,19.34807777404785,1146600,0.0,0.0
2013-05-06 00:00:00-04:00,19.40537111528662,19.614073942694485,19.127098337148052,19.462661743164062,1314450,0.0,0.0
2013-05-07 00:00:00-04:00,19.646811148375438,20.1337867092746,19.31533970957003,20.064218521118164,1837800,0.0,0.0
2013-05-08 00:00:00-04:00,20.219721586795988,20.23609108791751,19.88825192150471,19.97418785095215,1051200,0.0,0.0
2013-05-09 00:00:00-04:00,19.957822381119424,20.141973582092533,19.601797545462887,19.67136573791504,957825,0.0,0.0
2013-05-10 00:00:00-04:00,19.650902973692546,20.10514128426528,19.62634959896418,20.076494216918945,972675,0.0,0.0
2013-05-13 00:00:00-04:00,20.006931397225628,20.060130092708462,19.70819715393643,19.753211975097656,669825,0.0,0.0
2013-05-14 00:00:00-04:00,19.720469768982554,20.170616111348135,19.614070648541936,20.15833854675293,941850,0.0,0.0
2013-05-15 00:00:00-04:00,20.162431419337302,20.36295210493659,20.00692730188073,20.04375648498535,755100,0.0,0.0
2013-05-16 00:00:00-04:00,19.941449491463356,20.072400224536427,19.38081386655735,19.487211227416992,755100,0.0,0.0
2013-05-17 00:00:00-04:00,19.63044409538682,19.87188593773477,19.409463694013528,19.85551643371582,1091250,0.0,0.0
2013-05-20 00:00:00-04:00,19.7859499144703,20.051945133691866,19.7859499144703,19.880069732666016,940500,0.0,0.0
2013-05-21 00:00:00-04:00,19.945543592900297,20.00692790819606,19.74502465742008,19.84733009338379,573075,0.0,0.0
2013-05-22 00:00:00-04:00,19.810501893781847,19.9005297686826,19.106636104002238,19.29897117614746,1333350,0.0,0.0
2013-05-23 00:00:00-04:00,19.19257249639001,19.339892742992394,18.955222624798658,19.31943130493164,1209825,0.0,0.0
2013-05-24 00:00:00-04:00,19.298972236854443,19.315341740552455,19.00023977059127,19.221221923828125,382950,0.0,0.0
2013-05-28 00:00:00-04:00,19.507671295437838,19.83504898325742,19.07389449802531,19.327613830566406,655875,0.0,0.0
2013-05-29 00:00:00-04:00,19.26214380672915,19.442203085904204,19.18848367148376,19.372634887695312,443025,0.0,0.0
2013-05-30 00:00:00-04:00,19.48721483385488,20.0683120025132,19.466753393857665,19.9700984954834,983250,0.0,0.0
2013-05-31 00:00:00-04:00,19.884161033800428,20.035573219522394,19.761392403208895,19.84733009338379,802800,0.0,0.0
2013-06-03 00:00:00-04:00,19.966003379341,19.9823728799713,19.70410015023494,19.953725814819336,1120050,0.0,0.0
2013-06-04 00:00:00-04:00,20.01511282870402,20.252462717024038,19.740933754235577,19.937360763549805,586800,0.0,0.0
2013-06-05 00:00:00-04:00,19.88006510818578,19.994648096816796,19.466749718112297,19.511764526367188,295650,0.0,0.0
2013-06-06 00:00:00-04:00,19.48311989058128,19.732745556395336,19.409459771675696,19.507673263549805,509850,0.0,0.0
2013-06-07 00:00:00-04:00,19.76548554147635,19.84732953671261,19.560872919091935,19.622257232666016,737550,0.0,0.0
2013-06-10 00:00:00-04:00,19.745026876376095,19.99465258966763,19.622259988183856,19.929176330566406,490275,0.0,0.0
2013-06-11 00:00:00-04:00,19.753210380664743,19.753210380664743,19.544507552740214,19.654996871948242,504000,0.0,0.0
2013-06-12 00:00:00-04:00,19.83096247323075,19.83096247323075,19.47902959360305,19.56905746459961,1320525,0.0,0.0
2013-06-13 00:00:00-04:00,19.663182366577654,20.117418963169555,19.53222985172553,20.113327026367188,938475,0.0,0.0
2013-06-14 00:00:00-04:00,20.039663304511645,20.15833823149574,19.785945706266855,19.82277488708496,672750,0.0,0.0
2013-06-17 00:00:00-04:00,19.84733352144583,19.90871784734399,19.45447945552544,19.560876846313477,878850,0.0,0.0
2013-06-18 00:00:00-04:00,19.614073355556556,19.7368419936693,19.564968358985872,19.67136573791504,693450,0.0,0.0
2013-06-19 00:00:00-04:00,19.70410254380842,19.826869422959515,19.54859841561569,19.601797103881836,456975,0.0,0.0
2013-06-20 00:00:00-04:00,19.397190851496227,19.614077592907847,19.294885387163262,19.368545532226562,591300,0.0,0.0
2013-06-21 00:00:00-04:00,19.45857019092294,19.55269176443614,19.094361463769985,19.15983772277832,1068975,0.0,0.0
2013-06-24 00:00:00-04:00,19.03706819940717,19.163927006765086,18.656490021137582,18.97159194946289,632250,0.0,0.0
2013-06-25 00:00:00-04:00,19.18029222837889,19.22939720963492,18.816083632914424,19.118907928466797,392850,0.0,0.0
2013-06-26 00:00:00-04:00,19.339893839456444,19.40537009372382,19.184389711291892,19.204851150512695,352800,0.0,0.0
2013-06-27 00:00:00-04:00,19.262137818506126,19.712284120305906,19.192569641924624,19.675453186035156,333225,0.0,0.0
2013-06-28 00:00:00-04:00,19.581335056354867,19.990558559544475,19.540412179177135,19.7982234954834,608850,0.0,0.0
2013-07-01 00:00:00-04:00,19.892346213424222,20.391599372893037,19.892346213424222,20.22381591796875,520650,0.0,0.0
2013-07-02 00:00:00-04:00,20.174712904600806,20.416153000345687,19.89234816908445,20.019207000732422,1074825,0.0,0.0
2013-07-03 00:00:00-04:00,19.916896710663973,20.076492756692492,19.7900379098269,19.978281021118164,374625,0.0,0.0
2013-07-05 00:00:00-04:00,20.45298007889612,20.477533453158713,19.99055790425127,20.416149139404297,515250,0.0,0.0
2013-07-08 00:00:00-04:00,20.452980374496555,20.731253124291655,20.37932025064418,20.583932876586914,819225,0.0,0.0
2013-07-09 00:00:00-04:00,20.710791821392238,20.94813994011446,20.44479663526592,20.91949462890625,934875,0.0,0.0
2013-07-10 00:00:00-04:00,20.870388108976318,21.05862946437382,20.759897052459824,21.013614654541016,329850,0.0,0.0
2013-07-11 00:00:00-04:00,21.222323695701604,21.41875072114006,20.64531843037807,20.81719207763672,584325,0.0,0.0
2013-07-12 00:00:00-04:00,20.731251996924392,20.86220273569776,20.473440699362953,20.73534393310547,676800,0.0,0.0
2013-07-15 00:00:00-04:00,20.39978441039039,20.567566118692728,20.05603711988671,20.48162841796875,509175,0.0,0.0
2013-07-16 00:00:00-04:00,20.543010075766205,20.588024888763197,20.34248938548907,20.55937957763672,552375,0.0,0.0
2013-07-17 00:00:00-04:00,20.6453182318513,20.82537750756918,20.6207648539076,20.67396354675293,486000,0.0,0.0
2013-07-18 00:00:00-04:00,20.66577917111594,21.18140009541547,20.66577917111594,21.038171768188477,732375,0.0,0.0
2013-07-19 00:00:00-04:00,21.02180239627183,21.02180239627183,20.58802551125284,20.759899139404297,459900,0.0,0.0
2013-07-22 00:00:00-04:00,20.637136791301113,21.01362137876452,20.551199080267015,20.91131591796875,961650,0.0,0.0
2013-07-23 00:00:00-04:00,21.029984792147864,21.115920722089225,20.52663975267708,20.829465866088867,607500,0.0,0.0
2013-07-24 00:00:00-04:00,20.948140528791765,21.136385415640007,20.493903960734187,20.543010711669922,561600,0.0,0.0
2013-07-25 00:00:00-04:00,20.452981693191983,21.144568163474062,20.42842831699146,21.14047622680664,1483200,0.0,0.0
2013-07-26 00:00:00-04:00,20.948145130498947,21.144572177391282,20.829471919831768,21.10365104675293,654750,0.0,0.0
2013-07-29 00:00:00-04:00,21.11592053451882,21.275518340414827,20.911309674022412,21.08318328857422,829125,0.0,0.0
2013-07-30 00:00:00-04:00,21.140471404304037,21.263238257301442,20.772170845311834,20.858108520507812,1092825,0.0,0.0
2013-07-31 00:00:00-04:00,20.927681777851475,21.2550595466006,20.673962382589586,21.04226303100586,970650,0.0,0.0
2013-08-01 00:00:00-04:00,21.230504741753517,21.742033678395583,20.702606303106645,21.73794174194336,1035450,0.0,0.0
2013-08-02 00:00:00-04:00,21.602900186613734,21.848435724690038,21.386013476116364,21.815696716308594,902475,0.0,0.0
2013-08-05 00:00:00-04:00,22.806016196996413,22.912413577788037,22.43362360802969,22.617773056030273,1090125,0.0,0.0
2013-08-06 00:00:00-04:00,22.54001883073749,22.60958701774664,22.19217965188762,22.51137351989746,628650,0.0,0.0
2013-08-07 00:00:00-04:00,22.486821551133424,22.58912699175567,22.14307428717293,22.24947166442871,918450,0.0,0.0
2013-08-08 00:00:00-04:00,22.290397245365806,22.490916214285186,22.12261552967933,22.23310661315918,725850,0.0,0.0
2013-08-09 00:00:00-04:00,22.220827385720494,22.39679296252185,22.073507122882695,22.339502334594727,531000,0.0,0.0
2013-08-12 00:00:00-04:00,22.20854753789793,22.728260300174185,22.20854753789793,22.66687774658203,886275,0.0,0.0
2013-08-13 00:00:00-04:00,22.740542691546498,22.740542691546498,22.425440715954466,22.51546859741211,589950,0.0,0.0
2013-08-14 00:00:00-04:00,22.556384841828134,22.560476777572642,22.032578430227993,22.171714782714844,824625,0.0,0.0
2013-08-15 00:00:00-04:00,21.991658076822162,22.016213206490164,21.66837228547079,21.72157096862793,535500,0.0,0.0
2013-08-16 00:00:00-04:00,21.55788456048537,21.60699131102326,21.340996119577028,21.422840118408203,462150,0.0,0.0
2013-08-19 00:00:00-04:00,21.377823327149454,21.590619811864094,21.22641115302771,21.447391510009766,439200,0.0,0.0
2013-08-20 00:00:00-04:00,21.512868432458433,22.179901460489905,21.476037493706677,22.093965530395508,718875,0.0,0.0
2013-08-21 00:00:00-04:00,21.98757127336417,22.130801367615934,21.795236176900787,21.967111587524414,545850,0.0,0.0
2013-08-22 00:00:00-04:00,22.040770380297754,22.183996953417992,21.946648806392954,22.155351638793945,250200,0.0,0.0
2013-08-23 00:00:00-04:00,22.155348914082484,22.179902288768627,21.766586855519225,22.040767669677734,477675,0.0,0.0
2013-08-26 00:00:00-04:00,22.130797704879114,22.433622079543362,22.093966764070807,22.098058700561523,545400,0.0,0.0
2013-08-27 00:00:00-04:00,21.897540004549377,22.10624281744607,21.684743498920877,21.807510375976562,651150,0.0,0.0
2013-08-28 00:00:00-04:00,21.864800179855866,22.126701649252272,21.762492997533815,22.028488159179688,364725,0.0,0.0
2013-08-29 00:00:00-04:00,21.97120080769601,22.364054826377682,21.885263113011398,22.20036506652832,407025,0.0,0.0
2013-08-30 00:00:00-04:00,22.151257387332713,22.257654760875084,21.84024738349111,22.098058700561523,629100,0.0,0.0
2013-09-03 00:00:00-04:00,22.335406732064538,22.376327849783873,22.003935316982837,22.29039192199707,688275,0.0,0.0
2013-09-04 00:00:00-04:00,22.319039356076114,22.441806233313326,22.25765503935954,22.433622360229492,468225,0.0,0.0
2013-09-05 00:00:00-04:00,22.474544185853027,22.66278555133992,22.404974243113724,22.56048011779785,309150,0.0,0.0
2013-09-06 00:00:00-04:00,22.711898012594276,22.715988193461282,22.17581386480726,22.548208236694336,322425,0.0,0.0
2013-09-09 00:00:00-04:00,22.6546034175035,22.842846553634935,22.54820603944451,22.82647705078125,378900,0.0,0.0
2013-09-10 00:00:00-04:00,22.826474131684954,23.162037481999075,22.310853297790352,22.748722076416016,495900,0.0,0.0
2013-09-11 00:00:00-04:00,22.69552471261996,22.715984394514198,21.930276411507585,22.294485092163086,749475,0.0,0.0
2013-09-12 00:00:00-04:00,22.196270543750597,22.290392100792854,21.77886319753398,21.819786071777344,559350,0.0,0.0
2013-09-13 00:00:00-04:00,21.934372577788388,22.044863662304117,21.512873194153844,21.967111587524414,943425,0.0,0.0
2013-09-16 00:00:00-04:00,22.10215425936063,22.257658408668952,21.94255817289097,21.954833984375,626625,0.0,0.0
2013-09-17 00:00:00-04:00,21.58652617359818,22.057133915781595,21.328714899350064,22.048948287963867,1896075,0.0,0.0
2013-09-18 00:00:00-04:00,22.0980566806636,22.314945100610053,21.713386586562503,22.110332489013672,544050,0.0,0.0
2013-09-19 00:00:00-04:00,22.23719424916333,22.39269836718719,22.003936315931686,22.151256561279297,607725,0.0,0.0
2013-09-20 00:00:00-04:00,22.159443751516516,22.17990343464874,21.819788424777936,21.840248107910156,1091475,0.0,0.0
2013-09-23 00:00:00-04:00,21.766588975646872,22.00803080961039,21.697020781227344,21.918001174926758,616725,0.0,0.0
2013-09-24 00:00:00-04:00,21.967108851942644,22.245379862868322,21.737942837113508,22.020307540893555,352350,0.0,0.0
2013-09-25 00:00:00-04:00,22.114424853503245,22.2167302750608,21.742030590111998,21.913904190063477,340650,0.0,0.0
2013-09-26 00:00:00-04:00,22.003940571940298,22.290397245365806,21.889357551330857,22.23310661315918,306000,0.0,0.0
2013-09-27 00:00:00-04:00,21.97529487161466,22.241290098545296,21.50878067927058,21.537425994873047,1215450,0.0,0.0
2013-09-30 00:00:00-04:00,21.38600853765415,22.1185177771448,21.37373097329721,22.028488159179688,935100,0.0,0.0
2013-10-01 00:00:00-04:00,22.03258129256869,22.12261091542636,21.594712499500318,22.069412231445312,766350,0.0,0.0
2013-10-02 00:00:00-04:00,22.104194789459285,22.558433070336335,21.656096169009867,22.05508804321289,460200,0.0,1.5
2013-10-03 00:00:00-04:00,22.091921082186047,22.25765504938397,21.71748078929696,22.018260955810547,571800,0.0,0.0
2013-10-04 00:00:00-04:00,21.975289582870065,22.4847725040998,21.84024515527849,22.251516342163086,390450,0.0,0.0
2013-10-07 00:00:00-04:00,22.116476872455646,22.257657479610025,21.827974240268812,21.852527618408203,365100,0.0,0.0
2013-10-08 00:00:00-04:00,21.791144721084514,22.00598545940283,21.26938412637861,21.361459732055664,613650,0.0,0.0
2013-10-09 00:00:00-04:00,21.478084766632104,21.680649656922032,21.238688938364493,21.37373161315918,437100,0.0,0.0
2013-10-10 00:00:00-04:00,21.705205378640958,22.067368112359937,21.68065200273113,21.877079010009766,436200,0.0,0.0
2013-10-11 00:00:00-04:00,21.840244641708658,21.889351385824362,21.49035952893321,21.73589324951172,541500,0.0,0.0
2013-10-14 00:00:00-04:00,21.680650541758794,21.938461849537116,21.521052731001575,21.748172760009766,855300,0.0,0.0
2013-10-15 00:00:00-04:00,21.72975885031685,21.864803296514058,21.177307011812967,21.238691329956055,820200,0.0,0.0
2013-10-16 00:00:00-04:00,21.441256675728795,21.57629936845511,20.82742226289096,21.07909393310547,1326000,0.0,0.0
2013-10-17 00:00:00-04:00,20.974742098713136,21.330766929072702,20.974742098713136,21.238691329956055,955350,0.0,0.0
2013-10-18 00:00:00-04:00,21.238693280713022,21.5210562527573,21.079095443838842,21.201862335205078,1339950,0.0,0.0
2013-10-21 00:00:00-04:00,21.220272742676805,21.379868785259244,20.80900331572094,20.980876922607422,1200300,0.0,0.0
2013-10-22 00:00:00-04:00,21.128204019952737,21.300077682667286,20.962468263286066,21.226417541503906,979200,0.0,0.0
2013-10-23 00:00:00-04:00,21.195718748490616,21.422836997593475,21.091367357848178,21.214134216308594,448950,0.0,0.0
2013-10-24 00:00:00-04:00,21.293933259372253,21.545604892271125,21.103644180557897,21.50877571105957,989100,0.0,0.0
2013-10-25 00:00:00-04:00,21.643820227476702,21.643820227476702,21.416701948103874,21.484222412109375,742950,0.0,0.0
2013-10-28 00:00:00-04:00,21.435114027920193,21.45966739900103,20.993151592269456,21.355314254760742,973500,0.0,0.0
2013-10-29 00:00:00-04:00,21.349182092697006,21.63154681416375,21.207999731963632,21.336904525756836,579750,0.0,0.0
2013-10-30 00:00:00-04:00,21.379874498459454,21.705208087006646,21.214140507534875,21.61313247680664,1231650,0.0,0.0
2013-10-31 00:00:00-04:00,21.600853953946658,23.43622114630046,21.48422496993086,22.51546859741211,2330550,0.0,0.0
2013-11-01 00:00:00-04:00,22.582990374667997,22.88990847023364,22.37428578869199,22.644372940063477,1087050,0.0,0.0
2013-11-04 00:00:00-05:00,22.718033672940773,23.074058532714844,22.705757862015528,23.074058532714844,805500,0.0,0.0
2013-11-05 00:00:00-05:00,23.061777239597355,23.15385282443322,22.441803274151848,22.981977462768555,911100,0.0,0.0
2013-11-06 00:00:00-05:00,23.178406880287195,23.178406880287195,22.75486160413235,22.828521728515625,625200,0.0,0.0
2013-11-07 00:00:00-05:00,22.95128962813092,22.975843004022583,22.429530829482115,22.49091339111328,922050,0.0,0.0
2013-11-08 00:00:00-05:00,22.472499921846957,23.258207958963744,22.435668979509114,23.043365478515625,740400,0.0,0.0
2013-11-11 00:00:00-05:00,23.098611282663647,23.57126511435579,23.074057905284683,23.270484924316406,781500,0.0,0.0
2013-11-12 00:00:00-05:00,23.233651488022836,23.54056952723732,23.233651488022836,23.466909408569336,365550,0.0,0.0
2013-11-13 00:00:00-05:00,23.38711187324984,23.964117069603777,23.38711187324984,23.945701599121094,505650,0.0,0.0
2013-11-14 00:00:00-05:00,23.957978408755086,23.957978408755086,23.411664509649377,23.558984756469727,650400,0.0,0.0
2013-11-15 00:00:00-05:00,23.516017857100923,23.595815885720334,23.037226172992693,23.52215576171875,704550,0.0,0.0
2013-11-18 00:00:00-05:00,23.54671459662358,23.82907759267541,23.47305445554098,23.61423683166504,463350,0.0,0.0
2013-11-19 00:00:00-05:00,23.687895365698118,23.810662259173625,23.356423875216166,23.485328674316406,491250,0.0,0.0
2013-11-20 00:00:00-05:00,23.626505693506875,23.798379305472658,23.159991603885462,23.325725555419922,426150,0.0,0.0
2013-11-21 00:00:00-05:00,23.49760210443819,23.64492235066949,23.12316182812008,23.601953506469727,416250,0.0,0.0
2013-11-22 00:00:00-05:00,23.675616125870285,24.056194346859414,23.565125051449037,24.019363403320312,665400,0.0,0.0
2013-11-25 00:00:00-05:00,24.105305011413733,24.1359962985447,23.835217821029282,23.994813919067383,483000,0.0,0.0
2013-11-26 00:00:00-05:00,24.074606407069286,24.074606407069286,23.7922417339363,23.908870697021484,515850,0.0,0.0
2013-11-27 00:00:00-05:00,23.99480660794694,24.019359981409668,23.77382624678239,23.92728614807129,286050,0.0,0.0
2013-11-29 00:00:00-05:00,24.068464770181343,24.099156045463832,23.786100120234604,23.915006637573242,201450,0.0,0.0
2013-12-02 00:00:00-05:00,23.835211843305512,24.093023156658628,23.42394237658758,23.460771560668945,440250,0.0,0.0
2013-12-03 00:00:00-05:00,23.411664565977844,23.847487402918944,23.270482223386352,23.552846908569336,746400,0.0,0.0
2013-12-04 00:00:00-05:00,23.48532208170776,23.49145998560951,22.82238104303545,23.123159408569336,846150,0.0,0.0
2013-12-05 00:00:00-05:00,22.95742572041354,22.963565381048667,22.196271127870258,22.460220336914062,1466550,0.0,0.0
2013-12-06 00:00:00-05:00,24.23420667504362,24.23420667504362,22.43567043731984,22.576852798461914,725850,0.0,0.0
2013-12-09 00:00:00-05:00,22.57685607161891,22.57685607161891,22.07351087656274,22.147171020507812,847500,0.0,0.0
2013-12-10 00:00:00-05:00,22.15944710746271,22.429534283867262,21.80956012997327,22.0059871673584,1654350,0.0,0.0
2013-12-11 00:00:00-05:00,22.116472823583816,22.116472823583816,21.877076991502054,21.938461303710938,981900,0.0,0.0
2013-12-12 00:00:00-05:00,22.036674670257465,22.21468795947855,21.938462924619405,22.018260955810547,1168050,0.0,0.0
2013-12-13 00:00:00-05:00,22.09806118196242,22.190136788126487,21.80955855261961,21.907772064208984,798450,0.0,0.0
2013-12-16 00:00:00-05:00,21.956878625898153,22.09806098660881,21.90163396516654,21.94460105895996,714300,0.0,0.0
2013-12-17 00:00:00-05:00,21.97529039120304,22.073503885356573,21.76044793369323,21.932321548461914,672450,0.0,0.0
2013-12-18 00:00:00-05:00,22.024398746827405,22.20241027893277,21.852525119505962,22.030536651611328,1084200,0.0,0.0
2013-12-19 00:00:00-05:00,22.09192148826977,22.12261276910806,21.778865506370447,21.877079010009766,1083750,0.0,0.0
2013-12-20 00:00:00-05:00,21.950736189234846,22.319036778410783,21.791140145356472,22.220823287963867,1221300,0.0,0.0
2013-12-23 00:00:00-05:00,22.245376366901887,22.32517614398333,21.963011707496786,22.31903648376465,656850,0.0,0.0
2013-12-24 00:00:00-05:00,22.34973327326696,22.497053543333177,22.22082847600806,22.374286651611328,283200,0.0,0.0
2013-12-26 00:00:00-05:00,22.392702479529333,22.65051383433174,22.263797680226215,22.28835105895996,498450,0.0,0.0
2013-12-27 00:00:00-05:00,22.38656095214168,22.595265515711855,22.11647382976585,22.18399429321289,529950,0.0,0.0
2013-12-30 00:00:00-05:00,22.19627274838352,22.582988855425878,22.10419715028849,22.521604537963867,741000,0.0,0.0
2013-12-31 00:00:00-05:00,22.497049519745662,22.52160289369867,22.257653684654862,22.460220336914062,1106850,0.0,0.0
2014-01-02 00:00:00-05:00,22.37428935862269,22.552302690303883,22.04281958896805,22.147171020507812,784350,0.0,0.0
2014-01-03 00:00:00-05:00,22.19013160676822,22.49704788072252,22.14716276643199,22.33131217956543,476700,0.0,0.0
2014-01-06 00:00:00-05:00,22.404975655585325,22.447944502364543,21.852525577151845,21.883216857910156,865650,0.0,0.0
2014-01-07 00:00:00-05:00,22.018262043914202,22.233104528842205,21.625408017164045,21.674514770507812,999750,0.0,0.0
2014-01-08 00:00:00-05:00,20.913355038953878,21.0299839987992,20.56346815941791,20.84583282470703,3160800,0.0,0.0
2014-01-09 00:00:00-05:00,20.845835560406087,21.195722485859392,20.520503767170258,21.18958282470703,2320650,0.0,0.0
2014-01-10 00:00:00-05:00,21.115924364652493,21.3246289554194,20.354769647860227,20.70465660095215,3550200,0.0,0.0
2014-01-13 00:00:00-05:00,20.489810253256067,20.870390207028205,20.489810253256067,20.759899139404297,1571400,0.0,0.0
2014-01-14 00:00:00-05:00,20.931774574858114,21.287799427724188,20.729207892756822,20.77217674255371,1134150,0.0,0.0
2014-01-15 00:00:00-05:00,20.75989790744206,20.950185238741927,20.495948697966973,20.538917541503906,1138950,0.0,0.0
2014-01-16 00:00:00-05:00,20.440703214289176,20.594161356456734,19.93122028560145,20.15833854675293,1471800,0.0,0.0
2014-01-17 00:00:00-05:00,20.195169032829472,20.41001325565701,19.998742036182442,20.354766845703125,932850,0.0,0.0
2014-01-21 00:00:00-05:00,20.858109706224425,20.858109706224425,20.440702382304995,20.446840286254883,1170900,0.0,0.0
2014-01-22 00:00:00-05:00,20.403872863870358,20.66782207020746,20.225861343585446,20.581884384155273,1007100,0.0,0.0
2014-01-23 00:00:00-05:00,20.545052375557464,20.56346608615356,20.146058790650635,20.256549835205078,1056600,0.0,0.0
2014-01-24 00:00:00-05:00,20.07240650304929,20.342493681878494,20.07240650304929,20.16448211669922,925800,0.0,0.0
2014-01-27 00:00:00-05:00,20.287244853517457,20.44070476351167,20.109233324863578,20.28110694885254,996900,0.0,0.0
2014-01-28 00:00:00-05:00,20.36090679367064,20.477535773683385,20.201310720976192,20.324077606201172,694350,0.0,0.0
2014-01-29 00:00:00-05:00,20.18903057466298,20.41001269602758,19.8759746182916,19.912805557250977,1402350,0.0,0.0
2014-01-30 00:00:00-05:00,20.121511338439074,20.379322680762858,20.10309586623107,20.18289566040039,928350,0.0,0.0
2014-01-31 00:00:00-05:00,19.912805315068592,20.317936857715317,19.550642615286606,20.004880905151367,2809950,0.0,0.0
2014-02-03 00:00:00-05:00,20.017160699845448,20.10309664649141,19.27441968312484,19.3173885345459,964500,0.0,0.0
2014-02-04 00:00:00-05:00,19.384908004894466,19.526090350210467,18.967500629844135,18.9736385345459,1413450,0.0,0.0
2014-02-05 00:00:00-05:00,18.955220115718895,19.421734168207866,18.820177452306744,19.35421371459961,765750,0.0,0.0
2014-02-06 00:00:00-05:00,19.47084750509651,20.403875841923384,19.21303616550684,20.238140106201172,1594050,0.0,0.0
2014-02-07 00:00:00-05:00,20.348632709976023,20.52050636387573,20.13379020355234,20.3916015625,714450,0.0,0.0
2014-02-10 00:00:00-05:00,20.385459740747265,20.54505756627154,20.158341446920424,20.483675003051758,663750,0.0,0.0
2014-02-11 00:00:00-05:00,20.557331866151113,20.97473920078769,20.391596161878834,20.894939422607422,1037100,0.0,0.0
2014-02-12 00:00:00-05:00,20.882670017279544,21.04226611018275,20.606443173399235,20.710796356201172,506100,0.0,0.0
2014-02-13 00:00:00-05:00,20.594164271945445,21.26324334172109,20.563471234210148,21.066816329956055,675600,0.0,0.0
2014-02-14 00:00:00-05:00,21.091373786889925,21.091373786889925,20.833562427439524,20.97474479675293,350250,0.0,0.0
2014-02-18 00:00:00-05:00,20.94405172685632,21.06067895085745,20.753762615407652,20.913358688354492,614700,0.0,0.0
2014-02-19 00:00:00-05:00,20.913357902194424,20.931773373364045,20.49595050746026,20.532779693603516,963900,0.0,0.0
2014-02-20 00:00:00-05:00,20.630997191937325,20.735348612889098,20.403877120670764,20.434568405151367,793500,0.0,0.0
2014-02-21 00:00:00-05:00,20.53891903164129,21.441256030403967,20.403874586783438,21.293935775756836,1787700,0.0,0.0
2014-02-24 00:00:00-05:00,21.416701834329228,21.699066523019113,21.300072864818368,21.54560661315918,1509900,0.0,0.0
2014-02-25 00:00:00-05:00,21.177306548070455,22.374284041787362,21.054539670668614,21.999845504760742,2127900,0.0,0.0
2014-02-26 00:00:00-05:00,22.134886958447755,22.386558584081598,21.7788621839694,22.33131217956543,946500,0.0,0.0
2014-02-27 00:00:00-05:00,22.312898159475694,22.460218390426416,22.23923804400033,22.447940826416016,607650,0.0,0.0
2014-02-28 00:00:00-05:00,22.521606921677545,22.521606921677545,22.177859624856374,22.374286651611328,822600,0.0,0.0
2014-03-03 00:00:00-05:00,22.19627378304412,22.343594044384993,21.944600352773094,22.214689254760742,567450,0.0,0.0
2014-03-04 00:00:00-05:00,22.4663579607261,22.693477984101353,22.325177379406657,22.54001808166504,824100,0.0,0.0
2014-03-05 00:00:00-05:00,22.497050950415854,22.74872436658591,22.44794419938696,22.625957489013672,816600,0.0,0.0
2014-03-06 00:00:00-05:00,22.564571792951696,22.61981820162943,22.269931304787146,22.40497398376465,906300,0.0,0.0
2014-03-07 00:00:00-05:00,22.527742732681435,23.043363589776693,22.392698296772846,23.024948120117188,882750,0.0,0.0
2014-03-10 00:00:00-04:00,22.9819830048557,23.15385840796798,22.871493681364814,23.04950523376465,462150,0.0,0.0
2014-03-11 00:00:00-04:00,23.153854179018673,23.153854179018673,22.343591092494535,22.54001808166504,835200,0.0,0.0
2014-03-12 00:00:00-04:00,22.4540847677253,22.466360577880586,22.202411341385755,22.30062484741211,985350,0.0,0.0
2014-03-13 00:00:00-04:00,22.404972499749547,22.429527628332664,22.018258201794854,22.27606773376465,768750,0.0,0.0
2014-03-14 00:00:00-04:00,22.165578234604045,22.595263125574917,22.165578234604045,22.33131217956543,520500,0.0,0.0
2014-03-17 00:00:00-04:00,22.55229954234178,22.810109132065,22.282212385576624,22.51546859741211,709500,0.0,0.0
2014-03-18 00:00:00-04:00,22.50932886208102,22.705755869214308,22.331315569719496,22.49091339111328,925350,0.0,0.0
2014-03-19 00:00:00-04:00,22.503193584209768,22.60140709924199,22.202413377276457,22.269935607910156,519750,0.0,0.0
2014-03-20 00:00:00-04:00,22.20241381283096,22.325182465225822,22.073509010871437,22.159446716308594,526350,0.0,0.0
2014-03-21 00:00:00-04:00,22.177855713186766,22.662785289006546,22.048950938663737,22.40497398376465,906750,0.0,0.0
2014-03-24 00:00:00-04:00,22.570709248661057,22.871489391495878,22.362006451791796,22.601402282714844,1091250,0.0,0.0
2014-03-25 00:00:00-04:00,22.687339083666394,22.687339083666394,22.23310253408863,22.294485092163086,704550,0.0,0.0
2014-03-26 00:00:00-04:00,22.454084262972252,22.52160472970054,21.815694731955514,21.840248107910156,729900,0.0,0.0
2014-03-27 00:00:00-04:00,21.82797078729045,22.091919999583627,21.680650541758794,21.748172760009766,626550,0.0,0.0
2014-03-28 00:00:00-04:00,21.723619575388067,22.11647535485724,21.58243897792129,21.71134376525879,1233600,0.0,0.0
2014-03-31 00:00:00-04:00,21.84638715686236,22.343592566962137,21.711342714798064,22.085783004760742,939750,0.0,0.0
2014-04-01 00:00:00-04:00,22.177857810959225,22.362009011578593,22.018261742872046,22.3497314453125,913050,0.0,0.0
2014-04-02 00:00:00-04:00,22.435668087358888,22.779415339928434,22.331314925681905,22.724170684814453,491700,0.0,0.0
2014-04-03 00:00:00-04:00,22.779417965211557,22.926738233291164,22.441808578480096,22.503192901611328,480300,0.0,0.0
2014-04-04 00:00:00-04:00,22.595261743792154,22.754857775001543,22.005979091693096,22.171714782714844,421650,0.0,0.0
2014-04-07 00:00:00-04:00,22.159444065447715,22.28834885198679,21.59471465429443,21.742034912109375,433650,0.0,0.0
2014-04-08 00:00:00-04:00,21.791139653788658,21.993704534217,21.668371037303704,21.73589324951172,455850,0.0,0.0
2014-04-09 00:00:00-04:00,21.82797105290244,21.82797105290244,21.49036171373526,21.63768196105957,884700,0.0,0.0
2014-04-10 00:00:00-04:00,21.987569423668923,21.993709085100562,21.465810598527483,21.53333282470703,1149600,0.0,0.0
2014-04-11 00:00:00-04:00,21.293937431956504,21.54560911417088,21.08523284354246,21.336904525756836,819000,0.0,0.0
2014-04-14 00:00:00-04:00,21.47808491630753,21.60698968773617,21.2079960524444,21.32462501525879,459150,0.0,0.0
2014-04-15 00:00:00-04:00,21.355314527994572,21.56401906294982,20.870386760090238,21.275516510009766,551850,0.0,0.0
2014-04-16 00:00:00-04:00,21.490364453430377,21.54560911417088,21.13433959891093,21.336904525756836,483450,0.0,0.0
2014-04-17 00:00:00-04:00,21.28779371345144,21.545603230636896,21.140471731379666,21.398283004760742,599550,0.0,0.0
2014-04-21 00:00:00-04:00,21.441253828654418,21.441253828654418,21.22027346937565,21.37373161315918,577800,0.0,0.0
2014-04-22 00:00:00-04:00,21.47194811614651,21.74817492111376,21.324627855975724,21.656099319458008,724200,0.0,0.0
2014-04-23 00:00:00-04:00,21.699066580198828,21.827971359368462,21.521053295035728,21.53946876525879,496200,0.0,0.0
2014-04-24 00:00:00-04:00,21.606994651203948,21.680654788397753,21.115925313715714,21.588579177856445,387900,0.0,0.0
2014-04-25 00:00:00-04:00,21.570160273786676,21.791142406417205,21.373733272511473,21.465808868408203,411450,0.0,0.0
2014-04-28 00:00:00-04:00,21.551749270702768,21.742036634978703,20.974744003773537,21.220277786254883,584550,0.0,0.0
2014-04-29 00:00:00-04:00,21.392148309151,21.61926658572109,21.171167937197318,21.59471321105957,719550,0.0,0.0
2014-04-30 00:00:00-04:00,21.533331766907065,21.95073915775477,21.330766854515257,21.85866355895996,1000200,0.0,0.0
2014-05-01 00:00:00-04:00,21.76044983705576,22.81624674775145,20.95018668322047,21.31848907470703,1334250,0.0,0.0
2014-05-02 00:00:00-04:00,21.3860098915012,21.90776865149295,21.048400558955308,21.115921020507812,687450,0.0,0.0
2014-05-05 00:00:00-04:00,21.01157358792232,21.306214132437173,20.79059317953618,21.097511291503906,1056300,0.0,0.0
2014-05-06 00:00:00-04:00,21.06067871349117,21.06067871349117,20.391599634546843,20.410015106201172,1156200,0.0,0.0
2014-05-07 00:00:00-04:00,20.452977436881536,20.471392904248628,19.783898513703093,20.053985595703125,1678650,0.0,0.0
2014-05-08 00:00:00-04:00,20.096959659914887,20.483675794202327,20.011021960652755,20.18903350830078,1087800,0.0,0.0
2014-05-09 00:00:00-04:00,20.103094061941395,20.348629571553307,20.035573596898953,20.139925003051758,880800,0.0,0.0
2014-05-12 00:00:00-04:00,20.281105649286086,20.79672648821318,20.195167964700346,20.73534393310547,512400,0.0,0.0
2014-05-13 00:00:00-04:00,20.753759774703834,20.85197326959601,20.514363941855198,20.56346893310547,526650,0.0,0.0
2014-05-14 00:00:00-04:00,20.563474195862817,20.69238075804639,20.090822069778525,20.170621871948242,528750,0.0,0.0
2014-05-15 00:00:00-04:00,20.053989143612426,20.305660802770582,19.84528457431829,20.115371704101562,645000,0.0,0.0
2014-05-16 00:00:00-04:00,20.07854169038293,20.434564741396706,20.06012622051784,20.38545799255371,454800,0.0,0.0
2014-05-19 00:00:00-04:00,20.397733486366256,20.630991397779855,20.15219976708651,20.452978134155273,300450,0.0,0.0
2014-05-20 00:00:00-04:00,20.46525950982111,20.557335110748788,19.59975167101455,19.82686996459961,870450,0.0,0.0
2014-05-21 00:00:00-04:00,19.943493369002397,20.256549270958303,19.654990836686256,19.790035247802734,578550,0.0,0.0
2014-05-22 00:00:00-04:00,19.783900357518313,20.103092455252526,19.654993830130504,20.041709899902344,622200,0.0,0.0
2014-05-23 00:00:00-04:00,20.109233314930915,20.232000189148106,19.427876723976524,19.667272567749023,1232400,0.0,0.0
2014-05-27 00:00:00-04:00,19.8514267856727,20.15834492328866,19.8514267856727,19.961917877197266,707850,0.0,0.0
2014-05-28 00:00:00-04:00,19.820731991068225,19.82686989612327,19.170066637941456,19.256004333496094,1568100,0.0,0.0
2014-05-29 00:00:00-04:00,19.37877069445177,19.716380050144405,19.317386376964038,19.409461975097656,1006050,0.0,0.0
2014-05-30 00:00:00-04:00,19.317389689772206,19.60589234342939,19.317389689772206,19.556785583496094,1036650,0.0,0.0
2014-06-02 00:00:00-04:00,19.599749767141542,19.857561073456665,19.507674175157867,19.84528350830078,1483050,0.0,0.0
2014-06-03 00:00:00-04:00,19.685685365596164,20.256552621285834,19.685685365596164,19.980327606201172,1880250,0.0,0.0
2014-06-04 00:00:00-04:00,19.943499924907837,20.24428011901527,19.833010603306167,20.152204513549805,1139100,0.0,0.0
2014-06-05 00:00:00-04:00,20.109235684762996,20.25041804579979,19.704104074004384,20.1337890625,621900,0.0,0.0
2014-06-06 00:00:00-04:00,20.26882911894781,20.594162648687455,20.26882911894781,20.34248924255371,679350,0.0,0.0
2014-06-09 00:00:00-04:00,20.317940252148414,20.446845046082398,20.13992694659623,20.152204513549805,474300,0.0,0.0
2014-06-10 00:00:00-04:00,20.115366670493454,20.207442244382392,19.85141751156974,19.888248443603516,563100,0.0,0.0
2014-06-11 00:00:00-04:00,19.820730855370297,19.91894435540753,19.507674884952635,19.636581420898438,582900,0.0,0.0
2014-06-12 00:00:00-04:00,19.556780009486857,19.59361094703753,19.280555002639876,19.507673263549805,486300,0.0,0.0
2014-06-13 00:00:00-04:00,19.60589098791779,19.636584027901243,19.366495110745248,19.384910583496094,357450,0.0,0.0
2014-06-16 00:00:00-04:00,19.42173789900108,19.51995315879777,19.243726362773778,19.397186279296875,444600,0.0,0.0
2014-06-17 00:00:00-04:00,19.317390690062254,19.918949408493088,19.256008115065264,19.857566833496094,745800,0.0,0.0
2014-06-18 00:00:00-04:00,19.857560792335732,19.961912191802156,19.64885623720706,19.925081253051758,474750,0.0,0.0
2014-06-19 00:00:00-04:00,19.95577640956086,20.07240539667586,19.783904515975596,19.918947219848633,474000,0.0,0.0
2014-06-20 00:00:00-04:00,20.041711577797034,20.182893925596368,19.906668891003367,20.115371704101562,1120800,0.0,0.0
2014-06-23 00:00:00-04:00,20.213585129076552,20.250416070186915,19.906668815404547,20.139925003051758,525750,0.0,0.0
2014-06-24 00:00:00-04:00,20.07239867967953,20.45297679779469,19.98032485811233,20.256549835205078,754950,0.0,0.0
2014-06-25 00:00:00-04:00,20.15220120460423,20.667822051872495,20.15220120460423,20.600299835205078,780900,0.0,0.0
2014-06-26 00:00:00-04:00,20.594160079956055,20.71078903350045,20.532775773176393,20.594160079956055,1535550,0.0,0.0
2014-06-27 00:00:00-04:00,20.452981012123537,20.888803864219266,20.452981012123537,20.766036987304688,1455150,0.0,0.0
2014-06-30 00:00:00-04:00,20.716931266801733,21.072956105657255,20.64940904209182,21.054540634155273,1080000,0.0,0.0
2014-07-01 00:00:00-04:00,21.042264085906698,21.619269342116905,20.913359291547692,21.34304428100586,1315350,0.0,0.0
2014-07-02 00:00:00-04:00,21.177309735909255,21.514919138633932,20.901084659223702,20.97474479675293,1567500,0.0,0.0
2014-07-03 00:00:00-04:00,21.042262722004548,21.257105202808127,20.864251183599748,21.14047622680664,452550,0.0,0.0
2014-07-07 00:00:00-04:00,21.103647444714934,21.177307574727013,20.80900692466662,21.048402786254883,715350,0.0,0.0
2014-07-08 00:00:00-04:00,21.048402229730417,21.22641376683727,20.87652684138396,21.18958282470703,876000,0.0,0.0
2014-07-09 00:00:00-04:00,21.31234970728895,21.87707730931383,21.238689585285705,21.82183265686035,1223550,0.0,0.0
2014-07-10 00:00:00-04:00,21.416700699776683,21.619265592377975,21.146613590909688,21.330764770507812,1222050,0.0,0.0
2014-07-11 00:00:00-04:00,21.281655480510825,21.41669990804994,20.88266361439245,20.894939422607422,590100,0.0,0.0
2014-07-14 00:00:00-04:00,21.054537635178686,21.165028692256367,20.624852727714938,20.78445053100586,621600,0.0,0.0
2014-07-15 00:00:00-04:00,20.680101466794987,20.7844546402765,20.52664329358751,20.70465660095215,482400,0.0,0.0
2014-07-16 00:00:00-04:00,20.802868880719288,20.876529016458246,20.471399147992063,20.520505905151367,400950,0.0,0.0
2014-07-17 00:00:00-04:00,20.44070588693061,20.692377553983032,20.44070588693061,20.54505729675293,506550,0.0,0.0
2014-07-18 00:00:00-04:00,20.47753631029647,20.772176842557464,20.47753631029647,20.72920799255371,676950,0.0,0.0
2014-07-21 00:00:00-04:00,20.723072133164322,20.85811660188157,20.594167326622422,20.698518753051758,1191750,0.0,0.0
2014-07-22 00:00:00-04:00,20.796724922083108,20.815140389706933,20.58802214299863,20.630990982055664,863700,0.0,0.0
2014-07-23 00:00:00-04:00,20.606437983183525,20.894940566376565,20.434564365395563,20.508224487304688,593400,0.0,0.0
2014-07-24 00:00:00-04:00,20.643270301986462,20.888804058094482,20.588025645911145,20.680099487304688,1131450,0.0,0.0
2014-07-25 00:00:00-04:00,20.600304004423364,20.784455222386757,20.477537111179828,20.514368057250977,499200,0.0,0.0
2014-07-28 00:00:00-04:00,20.557334785744718,20.65554653399993,20.348630210687922,20.569610595703125,602550,0.0,0.0
2014-07-29 00:00:00-04:00,20.704653750627553,20.704653750627553,20.299522191945115,20.354766845703125,600450,0.0,0.0
2014-07-30 00:00:00-04:00,20.563471594470013,21.023847850408835,20.422290994437503,20.962465286254883,995400,0.0,0.0
2014-07-31 00:00:00-04:00,19.305108285016736,20.176753899407,18.537814066204085,19.550642013549805,3554400,0.0,0.0
2014-08-01 00:00:00-04:00,19.489263874216217,20.379323402715645,19.145514820208245,19.372634887695312,1553400,0.0,0.0
2014-08-04 00:00:00-04:00,19.372632579956985,19.599750864192746,19.213034761172434,19.464706420898438,1270050,0.0,0.0
2014-08-05 00:00:00-04:00,19.40946235351696,20.06626560684177,19.23145081486504,19.931222915649414,963150,0.0,0.0
2014-08-06 00:00:00-04:00,19.906667467809818,20.64940658256396,19.569056384472734,20.600299835205078,1081200,0.0,0.0
2014-08-07 00:00:00-04:00,20.716930991317078,20.809006591406575,20.34249068593872,20.489810943603516,775350,0.0,0.0
2014-08-08 00:00:00-04:00,20.44684230670539,20.729205234454675,20.3486288090194,20.38545799255371,806850,0.0,0.0
2014-08-11 00:00:00-04:00,20.391596318861463,20.680097132287404,20.189029675993357,20.20744514465332,894000,0.0,0.0
2014-08-12 00:00:00-04:00,19.82073260695635,20.078543945435197,19.544507552740214,19.654996871948242,912750,0.0,0.0
2014-08-13 00:00:00-04:00,19.74707447279331,19.949641172157328,19.562925003421583,19.63044548034668,485250,0.0,0.0
2014-08-14 00:00:00-04:00,19.654996365552073,19.851423377924277,19.587474141000122,19.839147567749023,408900,0.0,0.0
2014-08-15 00:00:00-04:00,20.851970277140786,20.962459564940318,20.078538237761812,20.317934036254883,1121700,0.0,0.0
2014-08-18 00:00:00-04:00,20.422292333430583,20.575750510073036,20.330216724966647,20.526643753051758,836250,0.0,0.0
2014-08-19 00:00:00-04:00,20.606439225693542,20.82128169993185,20.56347037960669,20.759899139404297,628650,0.0,0.0
2014-08-20 00:00:00-04:00,20.716929538824342,21.072954347984204,20.61871604060036,21.00543212890625,765150,0.0,0.0
2014-08-21 00:00:00-04:00,20.987020608243032,21.072958313458567,20.71079553155748,20.97474479675293,681300,0.0,0.0
2014-08-22 00:00:00-04:00,20.956326820008734,21.201860582442883,20.9072200675219,21.152753829956055,526200,0.0,0.0
2014-08-25 00:00:00-04:00,21.232549538259768,21.336900936816473,21.06067592337986,21.312349319458008,765750,0.0,0.0
2014-08-26 00:00:00-04:00,21.312350430333357,21.69292686216367,21.312350430333357,21.54560661315918,989400,0.0,0.0
2014-08-27 00:00:00-04:00,21.521051629003782,21.711340708787272,21.312348836618614,21.447391510009766,784500,0.0,0.0
2014-08-28 00:00:00-04:00,21.220274595320173,21.53333055995808,20.790589662492327,21.00543212890625,870900,0.0,0.0
2014-08-29 00:00:00-04:00,20.99930038291262,21.023852008473146,20.735351089976643,20.864255905151367,322800,0.0,0.0
2014-09-02 00:00:00-04:00,20.9501882908887,20.96860376311538,20.594165194218718,20.77217674255371,783000,0.0,0.0
2014-09-03 00:00:00-04:00,20.839695933870768,20.839695933870768,20.483672889068327,20.538917541503906,616200,0.0,0.0
2014-09-04 00:00:00-04:00,20.839700515428074,21.072958497741908,20.661688953891446,20.907222747802734,653250,0.0,0.0
2014-09-05 00:00:00-04:00,20.790586145896455,20.894937531060087,20.483669893957394,20.876522064208984,447900,0.0,0.0
2014-09-08 00:00:00-04:00,20.894943587876096,20.90722115473426,20.66168737953192,20.80900764465332,347850,0.0,0.0
2014-09-09 00:00:00-04:00,20.759898442874963,20.809005192127763,20.32407560420737,20.36704444885254,552600,0.0,0.0
2014-09-10 00:00:00-04:00,20.42842896200468,20.575749223859354,20.164479720466044,20.330215454101562,548700,0.0,0.0
2014-09-11 00:00:00-04:00,20.293383968686584,20.630993302921233,20.293383968686584,20.47139549255371,769350,0.0,0.0
2014-09-12 00:00:00-04:00,20.53277531036821,20.809002050357055,20.31793463197104,20.778310775756836,781950,0.0,0.0
2014-09-15 00:00:00-04:00,20.69237724422864,20.845835404163807,20.428428014926897,20.64327049255371,757650,0.0,0.0
2014-09-16 00:00:00-04:00,20.612576751823255,20.833557107987815,20.459116854006602,20.80286407470703,718950,0.0,0.0
2014-09-17 00:00:00-04:00,20.741481102538035,21.115919592777505,20.557331687543243,20.980876922607422,1189050,0.0,0.0
2014-09-18 00:00:00-04:00,21.005433572495562,21.25096733492971,20.845835748815364,21.152753829956055,774300,0.0,0.0
2014-09-19 00:00:00-04:00,21.183448485117626,21.367599714371167,20.643274121728453,20.710796356201172,1488600,0.0,0.0
2014-09-22 00:00:00-04:00,20.69851561502197,20.833560063265605,20.45911975616936,20.49595069885254,436050,0.0,0.0
2014-09-23 00:00:00-04:00,20.495953308661836,20.673964871107888,20.2872487046729,20.29338836669922,499950,0.0,0.0
2014-09-24 00:00:00-04:00,20.35476707341924,20.379320448274804,20.170617640100442,20.28110694885254,370650,0.0,0.0
2014-09-25 00:00:00-04:00,20.225862503051758,20.385458563160793,20.01102003180106,20.225862503051758,801450,0.0,0.0
2014-09-26 00:00:00-04:00,20.293382662113306,20.452978706009514,20.08467811679241,20.274967193603516,369450,0.0,0.0
2014-09-29 00:00:00-04:00,20.01715621298481,20.22586076153713,19.949635754396372,20.15833854675293,530400,0.0,0.0
2014-09-30 00:00:00-04:00,20.189031014810126,20.30565998246304,19.753208179399035,19.78390121459961,683550,0.0,0.0
2014-10-01 00:00:00-04:00,19.70409633855996,19.91280084548922,19.40945592138601,19.51380729675293,1164450,0.0,0.0
2014-10-02 00:00:00-04:00,19.48926820443208,19.82687591550425,19.372639191998,19.771631240844727,1001850,0.0,0.0
2014-10-03 00:00:00-04:00,19.92508125305176,20.03557231310713,19.72865426290516,19.925081253051758,758400,0.0,0.0
2014-10-06 00:00:00-04:00,19.95577576170282,19.96191542328567,19.50153915155379,19.526092529296875,469500,0.0,0.0
2014-10-07 00:00:00-04:00,19.458567095864545,19.55678059065727,19.280555575601685,19.329662322998047,679800,0.0,0.0
2014-10-08 00:00:00-04:00,19.298973526027584,19.76548948491748,19.22531338876016,19.759349822998047,626400,0.0,0.0
2014-10-09 00:00:00-04:00,19.759340977731224,19.820725276073503,19.470840219728288,19.51380729675293,737850,0.0,0.0
2014-10-10 00:00:00-04:00,19.470847654565386,19.93122392124071,19.378772049991102,19.581336975097656,1057500,0.0,0.0
2014-10-13 00:00:00-04:00,19.648857710264224,19.76548668345629,19.256003700519116,19.47084617614746,638100,0.0,0.0
2014-10-14 00:00:00-04:00,19.61816581806215,19.9557734050125,19.372632069627763,19.667272567749023,709950,0.0,0.0
2014-10-15 00:00:00-04:00,19.483121509943327,19.667272700611097,19.09640541449774,19.636581420898438,931050,0.0,0.0
2014-10-16 00:00:00-04:00,19.378768980579796,19.986465415842243,19.35421560699541,19.97418785095215,1055850,0.0,0.0
2014-10-17 00:00:00-04:00,20.244283780903658,20.244283780903658,19.354222360732237,19.605894088745117,1221900,0.0,0.0
2014-10-20 00:00:00-04:00,17.930125073003214,18.052891988101383,17.199661489119993,17.72142219543457,4171650,0.0,0.0
2014-10-21 00:00:00-04:00,17.78279972916813,18.095855712890625,17.68458622495684,18.095855712890625,1193100,0.0,0.0
2014-10-22 00:00:00-04:00,18.089718696952332,18.881564674522448,17.635480339553396,18.415050506591797,1018500,0.0,0.0
2014-10-23 00:00:00-04:00,18.568510792340476,18.697415586408106,18.230899653218394,18.280006408691406,680250,0.0,0.0
2014-10-24 00:00:00-04:00,18.304553828698474,18.384353597516128,18.03446676150431,18.3720760345459,704250,0.0,0.0
2014-10-27 00:00:00-04:00,18.273868148300608,18.421188411857656,18.157239167268926,18.415050506591797,766650,0.0,0.0
2014-10-28 00:00:00-04:00,18.421187090477456,18.875425415293176,18.329113249505955,18.850872039794922,772950,0.0,0.0
2014-10-29 00:00:00-04:00,18.94294933759625,19.133238453840235,18.857011637539184,18.906118392944336,608700,0.0,0.0
2014-10-30 00:00:00-04:00,18.752659582602067,19.20075827136198,18.488710342240953,19.120960235595703,900900,0.0,0.0
2014-10-31 00:00:00-04:00,19.575200129631032,19.575200129631032,18.875427955653507,19.243728637695312,1186800,0.0,0.0
2014-11-03 00:00:00-05:00,19.292832792466736,19.544506208388682,19.108681598191943,19.464706420898438,1055550,0.0,0.0
2014-11-04 00:00:00-05:00,19.354219414834926,19.476986306910575,19.157792387513886,19.372634887695312,826500,0.0,0.0
2014-11-05 00:00:00-05:00,19.556781655180224,19.93735984631573,19.262141154764056,19.56905746459961,777150,0.0,0.0
2014-11-06 00:00:00-05:00,19.648857570839546,20.12150960891129,19.636581761220093,20.115371704101562,334800,0.0,0.0
2014-11-07 00:00:00-05:00,20.078541101004234,20.22586134320883,19.888252015774345,19.980327606201172,483750,0.0,0.0
2014-11-10 00:00:00-05:00,19.900525598513482,20.152198967941764,19.808450018385958,20.066261291503906,592200,0.0,0.0
2014-11-11 00:00:00-05:00,20.035572691604315,20.096957005282665,19.71637882658612,19.80231475830078,567150,0.0,0.0
2014-11-12 00:00:00-05:00,19.81459132482797,20.20744529274221,19.81459132482797,20.15833854675293,560400,0.0,0.0
2014-11-13 00:00:00-05:00,20.213587762331073,20.391601073894666,19.839149178642014,19.918947219848633,738450,0.0,0.0
2014-11-14 00:00:00-05:00,19.949639586482675,20.15220451354981,19.857563981017215,20.152204513549805,750000,0.0,0.0
2014-11-17 00:00:00-05:00,20.1828986958514,20.37318783949551,19.802320408563176,19.857566833496094,876000,0.0,0.0
2014-11-18 00:00:00-05:00,19.759346311003263,20.011019719082086,19.654994907470712,19.710241317749023,674400,0.0,0.0
2014-11-19 00:00:00-05:00,19.76549013247787,20.16448211669922,19.556785525284447,20.16448211669922,504900,0.0,0.0
2014-11-20 00:00:00-05:00,20.090819222421842,20.508226623382857,20.090819222421842,20.483675003051758,469350,0.0,0.0
2014-11-21 00:00:00-05:00,20.77831372033296,20.77831372033296,20.244277388108884,20.403873443603516,666150,0.0,0.0
2014-11-24 00:00:00-05:00,20.495951523540665,20.870391845703125,20.336353692485243,20.870391845703125,899550,0.0,0.0
2014-11-25 00:00:00-05:00,20.98088290861808,21.287801029436523,20.8090092526947,20.88880729675293,694500,0.0,0.0
2014-11-26 00:00:00-05:00,20.85811811577515,21.042267601886923,20.79673378294029,20.851980209350586,606000,0.0,0.0
2014-11-28 00:00:00-05:00,20.99929253836389,21.410560212010797,20.901079048025093,20.93177032470703,344250,0.0,0.0
2014-12-01 00:00:00-05:00,20.839692819441883,21.029981878499463,20.231996464881377,20.256549835205078,731550,0.0,0.0
2014-12-02 00:00:00-05:00,20.287243536000613,20.78445066168257,19.94963597080879,20.753759384155273,978300,0.0,0.0
2014-12-03 00:00:00-05:00,20.839696449204062,21.24482800820687,20.581885137803024,20.96860122680664,600900,0.0,0.0
2014-12-04 00:00:00-05:00,20.901081874013276,21.109784691103588,19.894391705732563,19.992605209350586,1211850,0.0,0.0
2014-12-05 00:00:00-05:00,19.968054481805602,20.115374756771697,19.710244878713034,19.753211975097656,907650,0.0,0.0
2014-12-08 00:00:00-05:00,19.78389934142649,20.103091422767147,19.642715256502317,19.747068405151367,696000,0.0,0.0
2014-12-09 00:00:00-05:00,19.526098602946156,20.31794659861435,19.20690459299983,19.968059539794922,610800,0.0,0.0
2014-12-10 00:00:00-05:00,19.569058154402153,19.740933541899377,19.182342044925345,19.397186279296875,1078050,0.0,0.0
2014-12-11 00:00:00-05:00,19.532233942287952,19.82687452811662,19.532233942287952,19.605894088745117,788700,0.0,0.0
2014-12-12 00:00:00-05:00,19.415603083984823,19.863703582623334,19.415603083984823,19.6181697845459,646050,0.0,0.0
2014-12-15 00:00:00-05:00,19.667273414198842,19.88825379730045,19.37877080832275,19.397186279296875,520950,0.0,0.0
2014-12-16 00:00:00-05:00,19.34193667777984,19.495394812808783,19.0718495874028,19.163925170898438,931500,0.0,0.0
2014-12-17 00:00:00-05:00,19.19461790772257,19.378769088731083,18.95522207488983,19.311246871948242,859650,0.0,0.0
2014-12-18 00:00:00-05:00,19.4892635345459,19.562923668507494,19.041163069132416,19.4892635345459,543000,0.0,0.0
2014-12-19 00:00:00-05:00,19.49539824261801,19.49539824261801,18.942948156843453,19.29283332824707,1986000,0.0,0.0
2014-12-22 00:00:00-05:00,19.28669685587127,19.45857050184286,19.09026983190374,19.440155029296875,357900,0.0,0.0
2014-12-23 00:00:00-05:00,19.57519950803865,19.86370213885931,19.409463767333577,19.42173957824707,650100,0.0,0.0
2014-12-24 00:00:00-05:00,19.38490869605545,19.544506517363047,19.34193984921926,19.366493225097656,346050,0.0,0.0
2014-12-26 00:00:00-05:00,19.409462089148978,19.55678234455005,19.335801961448443,19.397186279296875,548400,0.0,0.0
2014-12-29 00:00:00-05:00,19.323525004581786,19.937359365649996,19.26214069037703,19.734792709350586,553500,0.0,0.0
2014-12-30 00:00:00-05:00,19.648858966702477,19.802317135022992,19.550645457985976,19.654996871948242,592500,0.0,0.0
2014-12-31 00:00:00-05:00,19.66727285470481,19.86983776106973,19.53836631774902,19.538366317749023,448500,0.0,0.0
2015-01-02 00:00:00-05:00,19.70410468494312,19.70410468494312,19.09027022248569,19.3173885345459,475950,0.0,0.0
2015-01-05 00:00:00-05:00,19.24372871764992,19.476986695343637,19.035024118861003,19.219175338745117,1031850,0.0,0.0
2015-01-06 00:00:00-05:00,19.292832363759594,19.298970268446777,18.003779301067993,18.34752655029297,2029800,0.0,0.0
2015-01-07 00:00:00-05:00,18.42118667512689,18.599199960622464,18.17565292568048,18.34752655029297,1629300,0.0,0.0
2015-01-08 00:00:00-05:00,18.51939952182146,19.20075609155628,18.329112189857877,19.182340621948242,1569900,0.0,0.0
2015-01-09 00:00:00-05:00,18.96749859215696,19.89438883799145,18.611473814763983,19.642715454101562,2810850,0.0,0.0
2015-01-12 00:00:00-05:00,19.7347986988488,20.925640355034574,19.661138553164808,20.851980209350586,2411550,0.0,0.0
2015-01-13 00:00:00-05:00,21.017708041931563,21.355315598387868,20.72920371833514,20.894939422607422,2078850,0.0,0.0
2015-01-14 00:00:00-05:00,20.66168690032262,20.827422633789293,20.09081956907032,20.348630905151367,1219950,0.0,0.0
2015-01-15 00:00:00-05:00,20.373184267011105,20.39773764394368,19.679550051518774,19.740934371948242,1188900,0.0,0.0
2015-01-16 00:00:00-05:00,19.673413477795513,20.121512198092535,19.642720437405508,19.882116317749023,906750,0.0,0.0
2015-01-20 00:00:00-05:00,19.90052854023345,20.00488169936154,19.53222792147632,19.722517013549805,1143750,0.0,0.0
2015-01-21 00:00:00-05:00,19.759345192449526,20.17675429534246,19.59361123958427,20.078540802001953,667050,0.0,0.0
2015-01-22 00:00:00-05:00,20.25655198691044,20.882663874769904,20.060125003455827,20.83355712890625,977850,0.0,0.0
2015-01-23 00:00:00-05:00,20.870390593851603,21.06681584489798,20.606439607624722,20.63713264465332,697050,0.0,0.0
2015-01-26 00:00:00-05:00,20.575749680113056,20.809007644653324,20.32407799957968,20.80900764465332,682800,0.0,0.0
2015-01-27 00:00:00-05:00,20.575747344543917,20.980878905739022,20.44684256624379,20.95632553100586,612600,0.0,0.0
2015-01-28 00:00:00-05:00,21.343041823210317,21.74203372733478,20.968601537854468,21.484222412109375,1163700,0.0,0.0
2015-01-29 00:00:00-05:00,21.570163704508946,21.987571148607177,21.37373667199213,21.588579177856445,1115400,0.0,0.0
2015-01-30 00:00:00-05:00,21.386012017622395,21.64382159291628,21.00543380356493,21.07909393310547,1064700,0.0,0.0
2015-02-02 00:00:00-05:00,21.115922810423754,21.287798199696343,20.80900648659925,21.17730712890625,833400,0.0,0.0
2015-02-03 00:00:00-05:00,21.177305841813727,21.61926658572109,20.956325469860047,21.59471321105957,379800,0.0,0.0
2015-02-04 00:00:00-05:00,21.6131302594405,21.82183483740237,21.379872305024055,21.71134376525879,674400,0.0,0.0
2015-02-05 00:00:00-05:00,21.846391157808128,22.036678533826585,21.478090461358494,21.981433868408203,687450,0.0,0.0
2015-02-06 00:00:00-05:00,22.055091172617242,22.067368739018796,21.564023640475547,21.680652618408203,706800,0.0,0.0
2015-02-09 00:00:00-05:00,21.57629823567694,21.74203395749086,21.343042049142763,21.459671020507812,607500,0.0,0.0
2015-02-10 00:00:00-05:00,21.63154803026855,21.717483978896556,21.300076534798325,21.588579177856445,470850,0.0,0.0
2015-02-11 00:00:00-05:00,21.613128624356424,21.656097468950236,21.39214825298296,21.60085105895996,461250,0.0,0.0
2015-02-12 00:00:00-05:00,21.77886208966188,21.827968833777582,21.50263533686429,21.73589324951172,402600,0.0,0.0
2015-02-13 00:00:00-05:00,21.803418825460156,21.9998458322269,21.58243844284757,21.883216857910156,299850,0.0,0.0
2015-02-17 00:00:00-05:00,21.82183165423871,21.864800495815327,21.471944773652254,21.50877571105957,663300,0.0,0.0
2015-02-18 00:00:00-05:00,21.349180891269526,21.77886585466111,21.257105291086187,21.742034912109375,600150,0.0,0.0
2015-02-19 00:00:00-05:00,21.625405727757077,21.72361746785125,21.085229741966142,21.115921020507812,939750,0.0,0.0
2015-02-20 00:00:00-05:00,20.870391440023955,21.12206311420804,20.618718009643825,20.962465286254883,2567400,0.0,0.0
2015-02-23 00:00:00-05:00,20.999291090343274,21.122057944801295,20.624850867099592,20.747617721557617,1793400,0.0,0.0
2015-02-24 00:00:00-05:00,22.521601663408617,23.42394030213434,21.699064559013554,22.220823287963867,2644950,0.0,0.0
2015-02-25 00:00:00-05:00,22.27607034592999,22.312901286927865,21.827971686363423,22.085783004760742,1444800,0.0,0.0
2015-02-26 00:00:00-05:00,22.06736781460241,22.63209545290855,22.06736781460241,22.570711135864258,1211850,0.0,0.0
2015-02-27 00:00:00-05:00,22.441806927572088,22.582989279811475,22.03667534205819,22.411115646362305,1368450,0.0,0.0
2015-03-02 00:00:00-05:00,22.355871652593493,22.533883196329803,22.098060316668448,22.177858352661133,918600,0.0,0.0
2015-03-03 00:00:00-05:00,22.165579100365168,22.171717004597024,21.920045369133188,22.05508804321289,925050,0.0,0.0
2015-03-04 00:00:00-05:00,22.048952641378573,22.104197298126696,21.86480320015284,21.877079010009766,556200,0.0,0.0
2015-03-05 00:00:00-05:00,21.963018893996665,21.975296462255645,21.72362299681125,21.86480712890625,599100,0.0,0.0
2015-03-06 00:00:00-05:00,21.760447194723717,22.024396390346762,21.45352915781874,21.55788230895996,788100,0.0,0.0
2015-03-09 00:00:00-04:00,21.6131301255703,21.840248417319337,21.502639054111093,21.742034912109375,737700,0.0,0.0
2015-03-10 00:00:00-04:00,21.637684907338205,21.95074091457836,21.570162679071483,21.907772064208984,721500,0.0,0.0
2015-03-11 00:00:00-04:00,21.98143207074849,22.7303109703836,21.82797389882681,22.576852798461914,1575450,0.0,0.0
2015-03-12 00:00:00-04:00,22.736444307906215,23.09860699608579,22.490910579682055,22.803966522216797,1642050,0.0,0.0
2015-03-13 00:00:00-04:00,22.816246938824772,23.14771663526421,22.362008606731052,22.49091339111328,964950,0.0,0.0
2015-03-16 00:00:00-04:00,22.552297651776854,22.76714012933332,22.27607085654884,22.497051239013672,880800,0.0,0.0
2015-03-17 00:00:00-04:00,22.62595442694637,23.074053030392967,22.50932546998765,23.00039291381836,1312350,0.0,0.0
2015-03-18 00:00:00-04:00,22.97583897780973,23.313448276207485,22.865347927561366,23.178403854370117,1121550,0.0,0.0
2015-03-19 00:00:00-04:00,23.172273406033906,23.282762727261908,22.93287753511177,23.19682502746582,563400,0.0,0.0
2015-03-20 00:00:00-04:00,23.411666870117188,23.47305119057931,23.03108864936176,23.411666870117188,901050,0.0,0.0
2015-03-23 00:00:00-04:00,23.35642034566116,23.540571536144107,23.215238000450356,23.42394256591797,575550,0.0,0.0
2015-03-24 00:00:00-04:00,23.362560449880444,23.430082676494287,23.215240186102644,23.2950382232666,340050,0.0,0.0
2015-03-25 00:00:00-04:00,23.258209840474677,23.540574567253874,23.061782815305193,23.080198287963867,840150,0.0,0.0
2015-03-26 00:00:00-04:00,23.03722372082913,23.09246836890091,22.70575232000705,23.031084060668945,429150,0.0,0.0
2015-03-27 00:00:00-04:00,22.975839000149143,23.295032831116583,22.822380866617564,23.209096908569336,552750,0.0,0.0
2015-03-30 00:00:00-04:00,23.399389001801374,23.595816000091027,23.33800468673791,23.460771560668945,396300,0.0,0.0
2015-03-31 00:00:00-04:00,23.338003120086793,23.620367789271324,23.295034278046405,23.325725555419922,668550,0.0,0.0
2015-04-01 00:00:00-04:00,23.20909749483257,23.270480047317463,22.797828070879227,23.012670516967773,753300,0.0,0.0
2015-04-02 00:00:00-04:00,23.638787048889352,23.976398204002606,23.405530827442274,23.44849967956543,1113600,0.0,0.0
2015-04-06 00:00:00-04:00,23.264352161262565,23.70017514512046,22.963573660936607,23.47305679321289,688650,0.0,0.0
2015-04-07 00:00:00-04:00,23.387111097809388,23.669475781861813,23.32572678363439,23.595815658569336,528900,0.0,0.0
2015-04-08 00:00:00-04:00,23.663338473381245,24.037777003834446,23.663338473381245,24.031639099121094,648000,0.0,0.0
2015-04-09 00:00:00-04:00,23.988671693072188,24.32014315422452,23.933427034945474,24.1789608001709,868350,0.0,0.0
2015-04-10 00:00:00-04:00,24.307863918448252,24.326279388624425,23.988670045576818,24.086883544921875,424050,0.0,0.0
2015-04-13 00:00:00-04:00,24.154406127656713,24.38152440925532,23.915010280357578,23.982532501220703,593400,0.0,0.0
2015-04-14 00:00:00-04:00,23.915007444348866,24.025496741571462,23.55898266799622,23.644920349121094,739800,0.0,0.0
2015-04-15 00:00:00-04:00,23.620371510065993,23.755414205499513,23.36869807861017,23.405529022216797,672900,0.0,0.0
2015-04-16 00:00:00-04:00,23.4116687331181,23.657202522113018,23.33800859641962,23.44849967956543,503400,0.0,0.0
2015-04-17 00:00:00-04:00,23.258206338644392,23.319590652865703,22.93287456623947,22.94515037536621,521100,0.0,0.0
2015-04-20 00:00:00-04:00,23.055640096488908,23.092469277921285,22.668924032372217,22.718029022216797,823800,0.0,0.0
2015-04-21 00:00:00-04:00,22.834657577995458,23.012670846380363,22.687337342488057,22.877626419067383,531600,0.0,0.0
2015-04-22 00:00:00-04:00,22.926732434147908,23.153852440469443,22.687336620022876,23.123159408569336,775650,0.0,0.0
2015-04-23 00:00:00-04:00,23.11088253327373,23.84748365333046,22.932871034975587,23.54056739807129,1175100,0.0,0.0
2015-04-24 00:00:00-04:00,24.921703424035375,26.394907870120544,24.835765722360446,25.486431121826172,1458600,0.0,0.0
2015-04-27 00:00:00-04:00,25.695135976474866,25.836316585215833,24.442911921097476,24.80507469177246,1137600,0.0,0.0
2015-04-28 00:00:00-04:00,24.7620972720951,24.7620972720951,24.271029873712248,24.44904136657715,824850,0.0,0.0
2015-04-29 00:00:00-04:00,24.246479526948555,24.246479526948555,23.847487626163986,24.11143684387207,906900,0.0,0.0
2015-04-30 00:00:00-04:00,24.06846841820703,24.289448794886837,23.88431898240515,23.951839447021484,816150,0.0,0.0
2015-05-01 00:00:00-04:00,23.8413515307045,24.24034521796227,23.7676914008379,24.1359920501709,667800,0.0,0.0
2015-05-04 00:00:00-04:00,24.221929746446612,24.24648136687279,23.9150116605711,24.1359920501709,387150,0.0,0.0
2015-05-05 00:00:00-04:00,24.00094781935842,24.129852599318387,23.80451906276792,24.031639099121094,450600,0.0,0.0
2015-05-06 00:00:00-04:00,24.019366705870507,24.240348885097013,23.595821334111662,23.632652282714844,534750,0.0,0.0
2015-05-07 00:00:00-04:00,23.552847203184154,24.135990294594404,23.50987835817172,24.086883544921875,705300,0.0,0.0
2015-05-08 00:00:00-04:00,24.344696219594667,24.504292286853367,24.178960491136788,24.27717399597168,491850,0.0,0.0
2015-05-11 00:00:00-04:00,24.283311921151,24.418356368509176,24.203513887455347,24.258758544921875,350250,0.0,0.0
2015-05-12 00:00:00-04:00,24.185095239145078,24.197372803744788,23.76154999388097,24.025497436523438,506400,0.0,0.0
2015-05-13 00:00:00-04:00,24.02549877533574,24.123714029019137,23.51601757426607,23.601953506469727,825000,0.0,0.0
2015-05-14 00:00:00-04:00,23.62650622576014,23.945700083744473,23.37483458447529,23.80451774597168,408750,0.0,0.0
2015-05-15 00:00:00-04:00,23.847489976868967,24.01322571187808,23.57740282789696,23.96411895751953,482550,0.0,0.0
2015-05-18 00:00:00-04:00,23.957978446683168,24.209650096350725,23.853627044069185,24.20351219177246,376500,0.0,0.0
2015-05-19 00:00:00-04:00,24.191237908600616,24.4429113486102,24.086886491828608,24.35697364807129,438150,0.0,0.0
2015-05-20 00:00:00-04:00,24.406078435427112,24.41221634034313,24.062331173386553,24.363109588623047,564450,0.0,0.0
2015-05-21 00:00:00-04:00,24.3140017466098,24.3140017466098,23.595814269636314,24.043912887573242,934050,0.0,0.0
2015-05-22 00:00:00-04:00,24.086886296642234,24.20965318484862,23.816799142588184,23.835214614868164,597450,0.0,0.0
2015-05-26 00:00:00-04:00,23.694030488307725,23.804519801359916,23.080196093028963,23.15999412536621,710400,0.0,0.0
2015-05-27 00:00:00-04:00,23.202963033328448,23.90273336769528,22.951289613452893,23.74927520751953,836100,0.0,0.0
2015-05-28 00:00:00-04:00,23.675615350902856,23.96411795979681,23.430081589332683,23.638784408569336,658650,0.0,0.0
2015-05-29 00:00:00-04:00,23.571265411840578,23.835214661044688,23.129304613441366,23.19068717956543,631200,0.0,0.0
2015-06-01 00:00:00-04:00,23.239790517806593,23.847486965299954,23.092470273335223,23.681751251220703,716100,0.0,0.0
2015-06-02 00:00:00-04:00,23.638782445457842,23.841349099077835,23.46691058282802,23.694028854370117,694350,0.0,0.0
2015-06-03 00:00:00-04:00,23.675613193097888,24.55339850595454,23.675613193097888,24.38152313232422,837150,0.0,0.0
2015-06-04 00:00:00-04:00,24.30786297385632,24.516567529952354,24.234202852209926,24.418354034423828,549600,0.0,0.0
2015-06-05 00:00:00-04:00,24.42449479999548,24.86645558164631,24.099161240799926,24.731412887573242,634800,0.0,0.0
2015-06-08 00:00:00-04:00,24.73140642014971,25.038322671270844,24.58408619812463,25.013771057128906,920700,0.0,0.0
2015-06-09 00:00:00-04:00,24.93397538936446,25.013775173239413,24.67616408029896,24.866453170776367,1106850,0.0,0.0
2015-06-10 00:00:00-04:00,25.032189058070635,25.326829552620037,24.792793217200277,24.848039627075195,1136100,0.0,0.0
2015-06-11 00:00:00-04:00,24.817345355277077,24.98308106425267,23.141576308871905,24.627058029174805,589500,0.0,0.0
2015-06-12 00:00:00-04:00,24.59636857178198,24.73755092796357,24.350834802855758,24.700721740722656,377850,0.0,0.0
2015-06-15 00:00:00-04:00,24.522706642272592,24.872591798278073,24.406077671538792,24.657751083374023,346800,0.0,0.0
2015-06-16 00:00:00-04:00,24.51657083961322,25.20406540112254,24.51657083961322,25.17951202392578,488550,0.0,0.0
2015-06-17 00:00:00-04:00,25.2531706450434,25.271586115888503,25.01377654884095,25.08743667602539,623100,0.0,0.0
2015-06-18 00:00:00-04:00,25.16723086851898,25.43731973536622,24.96466597457937,25.10584831237793,583350,0.0,0.0
2015-06-19 00:00:00-04:00,25.16109927885996,25.627611707399847,25.07516157725789,25.504846572875977,846900,0.0,0.0
2015-06-22 00:00:00-04:00,25.56622512721975,25.62147153651928,25.382075698142216,25.541671752929688,390300,0.0,0.0
2015-06-23 00:00:00-04:00,25.61533555812455,25.73196454181727,25.41890853556675,25.621475219726562,451650,0.0,0.0
2015-06-24 00:00:00-04:00,25.719680356872217,26.130949768577807,25.71354245304566,25.916109085083008,755550,0.0,0.0
2015-06-25 00:00:00-04:00,25.96521707422152,26.3151021958664,25.830172646382177,26.1370906829834,755100,0.0,0.0
2015-06-26 00:00:00-04:00,26.241442945041765,26.683403667892318,26.137091546751,26.480838775634766,2043900,0.0,0.0
2015-06-29 00:00:00-04:00,26.35193623459693,26.444010075838182,25.731962184302663,25.750377655029297,1342350,0.0,0.0
2015-06-30 00:00:00-04:00,25.817902101436314,26.32124546589666,25.57236656838246,26.259862899780273,1400850,0.0,0.0
2015-07-01 00:00:00-04:00,26.43787237401643,26.646576946063707,25.91611357819218,26.30896759033203,1015350,0.0,0.0
2015-07-02 00:00:00-04:00,26.37034896078129,26.407179900854146,26.026601715682087,26.05115509033203,626850,0.0,0.0
2015-07-06 00:00:00-04:00,25.84245475418471,26.094126429354944,25.77493252839395,25.89156150817871,553200,0.0,0.0
2015-07-07 00:00:00-04:00,25.952943703696846,26.026603833640895,25.431184888975523,25.995912551879883,696450,0.0,0.0
2015-07-08 00:00:00-04:00,25.817899876896305,25.854729062153616,25.468012957874134,25.750377655029297,732600,0.0,0.0
2015-07-09 00:00:00-04:00,25.90383518215283,26.08798461634452,25.774930402599054,25.965219497680664,541800,0.0,0.0
2015-07-10 00:00:00-04:00,26.198478477865386,26.38876759325572,25.603059510298046,26.302831649780273,930150,0.0,0.0
2015-07-13 00:00:00-04:00,26.529950698920295,26.965773602480994,26.394907996465456,26.65271759033203,639900,0.0,0.0
2015-07-14 00:00:00-04:00,26.56677714500595,26.99032419378881,26.333520953507357,26.922801971435547,786450,0.0,0.0
2015-07-15 00:00:00-04:00,26.82458736108382,26.984185174948887,26.628160363216594,26.64043617248535,738300,0.0,0.0
2015-07-16 00:00:00-04:00,26.67113324405119,26.781622568973333,26.35193932421501,26.585195541381836,507750,0.0,0.0
2015-07-17 00:00:00-04:00,26.517670737298047,26.54836201833071,26.155509757481447,26.192338943481445,590250,0.0,0.0
2015-07-20 00:00:00-04:00,26.173923957854917,26.327382122060552,25.952943569168244,26.02660369873047,441150,0.0,0.0
2015-07-21 00:00:00-04:00,25.897697487485434,26.26599811505159,25.774930611630047,25.86086654663086,808500,0.0,0.0
2015-07-22 00:00:00-04:00,25.817901517508762,25.989775157421896,25.603059028568328,25.8117618560791,1027200,0.0,0.0
2015-07-23 00:00:00-04:00,26.03273584876635,26.03273584876635,25.308412279628367,25.38821029663086,883050,0.0,0.0
2015-07-24 00:00:00-04:00,25.29613545877514,25.510977901194106,25.007632900915013,25.1242618560791,883650,0.0,0.0
2015-07-27 00:00:00-04:00,25.105848219520627,25.369797424820856,24.9708055427923,25.14881706237793,851700,0.0,0.0
2015-07-28 00:00:00-04:00,25.30841524023167,25.664438284626495,24.87259065710783,25.627607345581055,1320000,0.0,0.0
2015-07-29 00:00:00-04:00,25.535537483221926,26.27213881677413,25.394355121908728,25.60919761657715,1576950,0.0,0.0
2015-07-30 00:00:00-04:00,25.302280746139175,27.456841946760253,24.87873539780665,25.20406723022461,1887600,0.0,0.0
2015-07-31 00:00:00-04:00,25.49870091419054,26.08798185105444,24.77437730739319,25.584638595581055,1253400,0.0,0.0
2015-08-03 00:00:00-04:00,25.498705778102803,25.584643475886043,24.49815522414735,24.602506637573242,1099050,0.0,0.0
2015-08-04 00:00:00-04:00,24.54726284496881,25.22248161586275,24.154408798251207,24.332420349121094,1446150,0.0,0.0
2015-08-05 00:00:00-04:00,24.58409360921442,24.737551781036295,24.13599314832432,24.39994239807129,742500,0.0,0.0
2015-08-06 00:00:00-04:00,24.42449464383606,24.811210764357053,23.921149545409428,24.154407501220703,818850,0.0,0.0
2015-08-07 00:00:00-04:00,23.970256899217745,24.068470408084195,23.730861032306755,23.976396560668945,544950,0.0,0.0
2015-08-10 00:00:00-04:00,24.11757388722084,24.663887773245147,23.90273142670323,24.418354034423828,802800,0.0,0.0
2015-08-11 00:00:00-04:00,24.154408620677852,24.620922797725385,24.154408620677852,24.39994239807129,717150,0.0,0.0
2015-08-12 00:00:00-04:00,24.12371313577311,24.28944708949967,23.589676823909837,23.92728614807129,513000,0.0,0.0
2015-08-13 00:00:00-04:00,23.84748968256095,24.320143504575867,23.767691646762138,24.09302520751953,796050,0.0,0.0
2015-08-14 00:00:00-04:00,23.95798092898314,24.80507331540686,23.95798092898314,24.602506637573242,1021200,0.0,0.0
2015-08-17 00:00:00-04:00,24.461325208239856,24.94011516645867,24.326280760924295,24.90328598022461,564300,0.0,0.0
2015-08-18 00:00:00-04:00,24.786654132117828,24.933974372376223,24.172818041512066,24.57181167602539,508950,0.0,0.0
2015-08-19 00:00:00-04:00,24.418351260369857,25.51711505581883,24.3201377759989,25.38821029663086,1451100,0.0,0.0
2015-08-20 00:00:00-04:00,25.081296852276648,25.41890620539801,24.39380233634745,24.492015838623047,1327350,0.0,0.0
2015-08-21 00:00:00-04:00,24.043918463861722,24.47974137448023,24.01936508518175,24.12371826171875,847800,0.0,0.0
2015-08-24 00:00:00-04:00,23.000395907249363,23.9579793035415,22.88990659610546,23.25206756591797,1083750,0.0,0.0
2015-08-25 00:00:00-04:00,23.841350704915673,23.841350704915673,23.043365114235854,23.147716522216797,855600,0.0,0.0
2015-08-26 00:00:00-04:00,23.687890409607846,23.970253327426143,23.037225132224783,23.88431739807129,1037700,0.0,0.0
2015-08-27 00:00:00-04:00,24.025499055427517,24.817346705299084,23.7983807788888,24.78665542602539,1123950,0.0,0.0
2015-08-28 00:00:00-04:00,24.65161440922728,25.27772642801885,24.43063400662957,24.891010284423828,1140450,0.0,0.0
2015-08-31 00:00:00-04:00,24.712996286236997,25.1856483281802,24.645474064189127,25.081296920776367,988200,0.0,0.0
2015-09-01 00:00:00-04:00,24.522703501842297,24.774376881447694,24.307861058255522,24.436767578125,1012200,0.0,0.0
2015-09-02 00:00:00-04:00,24.80507340999464,24.80507340999464,24.129854660366576,24.608646392822266,1110900,0.0,0.0
2015-09-03 00:00:00-04:00,24.743688697854413,24.983084560297623,24.56567715540517,24.731412887573242,890400,0.0,0.0
2015-09-04 00:00:00-04:00,24.43063376016416,24.590231594083818,24.086886470702243,24.375389099121094,672750,0.0,0.0
2015-09-08 00:00:00-04:00,24.84804384899207,24.84804384899207,24.41835884333539,24.67616844177246,642300,0.0,0.0
2015-09-09 00:00:00-04:00,24.927840535892322,24.927840535892322,23.859767741629263,23.87818145751953,901500,0.0,0.0
2015-09-10 00:00:00-04:00,23.72472268667594,23.945703077523635,23.37483750688276,23.479188919067383,717450,0.0,0.0
2015-09-11 00:00:00-04:00,23.270482130214003,23.69402915629264,23.17840653704944,23.595815658569336,351600,0.0,0.0
2015-09-14 00:00:00-04:00,23.706308153910744,23.77382862052811,23.491463919415573,23.761552810668945,486750,0.0,0.0
2015-09-15 00:00:00-04:00,23.779964669966013,24.393798974594922,23.7124407012122,24.34469223022461,839550,0.0,0.0
2015-09-16 00:00:00-04:00,24.424489164094137,25.535530523187294,24.301722308630442,25.38821029663086,1002450,0.0,0.0
2015-09-17 00:00:00-04:00,25.296138384909042,25.750376694104766,25.27158501025511,25.41890525817871,731550,0.0,0.0
2015-09-18 00:00:00-04:00,25.007631732175973,25.1856432304571,24.694575817132886,24.86031150817871,1605900,0.0,0.0
2015-09-21 00:00:00-04:00,25.04447200620758,25.265452424614583,24.725276312312328,24.952396392822266,620550,0.0,0.0
2015-09-22 00:00:00-04:00,24.737546882163304,24.90328258813161,24.418353034763037,24.725269317626953,836100,0.0,0.0
2015-09-23 00:00:00-04:00,24.82962791501341,24.860319198791714,23.9395666358735,24.215791702270508,1367100,0.0,0.0
2015-09-24 00:00:00-04:00,23.957979817983414,24.332418361627628,23.338005759000136,23.761552810668945,930750,0.0,0.0
2015-09-25 00:00:00-04:00,24.06233160130554,24.06846950633071,23.485326380235293,23.60809326171875,724800,0.0,0.0
2015-09-28 00:00:00-04:00,23.430079545152285,23.651059911285788,22.312900149379416,22.454082489013672,1262400,0.0,0.0
2015-09-29 00:00:00-04:00,22.398837062201515,22.54001764075932,21.9016299384427,22.067365646362305,1173900,0.0,0.0
2015-09-30 00:00:00-04:00,22.355868918299663,22.59526475319382,22.104195518341168,22.478635787963867,1461000,0.0,0.0
2015-10-01 00:00:00-04:00,22.939012605796613,23.049501913370975,22.116473678804887,22.282209396362305,1095450,0.0,0.0
2015-10-02 00:00:00-04:00,22.09806243491947,22.208553519820402,21.69907046051388,22.122615814208984,1837350,0.0,0.0
2015-10-05 00:00:00-04:00,22.263797147456106,23.14158085523126,22.098061405920323,23.080198287963867,1130700,0.0,0.0
2015-10-06 00:00:00-04:00,22.846934492739027,22.98197716001637,21.54560402656427,22.441802978515625,942450,0.0,0.0
2015-10-07 00:00:00-04:00,20.545057586741205,22.963567811366033,20.545057586741205,22.939014434814453,918600,0.0,0.0
2015-10-08 00:00:00-04:00,22.96970523351852,23.78610454764487,22.79783160127108,23.70016860961914,1014000,0.0,0.0
2015-10-09 00:00:00-04:00,23.718580630888543,23.718580630888543,23.282757830601405,23.5773983001709,519900,0.0,0.0
2015-10-12 00:00:00-04:00,23.632649435901243,23.792245510766477,23.19068688688379,23.270484924316406,624750,0.0,0.0
2015-10-13 00:00:00-04:00,23.110888984038834,23.540573968771064,22.576852583887323,22.632097244262695,666900,0.0,0.0
2015-10-14 00:00:00-04:00,22.533882157669044,22.625957755983638,21.846387635152546,21.870939254760742,977100,0.0,0.0
2015-10-15 00:00:00-04:00,21.993708609197544,22.07350664412156,21.207998801574803,21.680652618408203,1610100,0.0,0.0
2015-10-16 00:00:00-04:00,21.656096628702535,22.251517256725872,21.57015894284926,21.938461303710938,788250,0.0,0.0
2015-10-19 00:00:00-04:00,21.91390570870556,22.24537712396662,21.711340819488118,22.05508804321289,642450,0.0,0.0
2015-10-20 00:00:00-04:00,21.969152486867394,22.355868559145886,21.846385619175475,21.932321548461914,478200,0.0,0.0
2015-10-21 00:00:00-04:00,21.98143164117234,22.14102947156096,21.459672813117525,21.471948623657227,492150,0.0,0.0
2015-10-22 00:00:00-04:00,21.582439189372614,21.85866423814383,21.37987251449076,21.656099319458008,409050,0.0,0.0
2015-10-23 00:00:00-04:00,21.58857765188256,21.606993123928373,19.931223804072765,20.250417709350586,2849850,0.0,0.0
2015-10-26 00:00:00-04:00,20.090815211090064,21.386007759542462,19.820728123217343,19.906665802001953,1492650,0.0,0.0
2015-10-27 00:00:00-04:00,19.740931976506822,19.94963653320673,19.23758693236882,19.875974655151367,2299650,0.0,0.0
2015-10-28 00:00:00-04:00,20.060127641556477,20.87039081105996,19.67341152797436,20.532779693603516,2462250,0.0,0.0
2015-10-29 00:00:00-04:00,20.1583388995065,21.981428193407844,20.133785526082196,21.32462501525879,2784900,0.0,0.0
2015-10-30 00:00:00-04:00,21.521053753473158,21.74203413226948,20.698514798744423,21.392148971557617,1966350,0.0,0.0
2015-11-02 00:00:00-05:00,21.37373310286699,21.772726763187357,20.999294573707047,21.484222412109375,1545300,0.0,0.0
2015-11-03 00:00:00-05:00,21.613129102492927,22.11647417096568,21.336902315018357,22.098058700561523,1879650,0.0,0.0
2015-11-04 00:00:00-05:00,21.809555447504525,22.331314214489126,20.993154431505104,21.036123275756836,1777950,0.0,0.0
2015-11-05 00:00:00-05:00,21.12206218474338,21.43511816550161,20.772175262156672,21.257104873657227,851700,0.0,0.0
2015-11-06 00:00:00-05:00,21.158893215133343,21.232553349016467,20.4713986322242,20.70465660095215,1153650,0.0,0.0
2015-11-09 00:00:00-05:00,20.704653008857203,20.858111155440895,20.207445874260575,20.581884384155273,731100,0.0,0.0
2015-11-10 00:00:00-05:00,20.446842770016715,20.95018607896489,20.373182645083137,20.901081085205078,856650,0.0,0.0
2015-11-11 00:00:00-05:00,20.89493800026041,20.89493800026041,19.931218629353072,20.066261291503906,789300,0.0,0.0
2015-11-12 00:00:00-05:00,19.98646751587836,20.274970124857628,19.734794093047515,19.937360763549805,617550,0.0,0.0
2015-11-13 00:00:00-05:00,19.697965889859663,19.747072644638727,18.58078634053793,19.028886795043945,1296900,0.0,0.0
2015-11-16 00:00:00-05:00,19.065714981300438,19.34194002337054,18.525540707111983,19.29897117614746,1494150,0.0,0.0
2015-11-17 00:00:00-05:00,19.20689729304147,19.378770925380934,18.500985536402283,19.33580207824707,2103600,0.0,0.0
2015-11-18 00:00:00-05:00,19.335799939167092,20.115369981513542,19.18234003869397,20.02943229675293,1950450,0.0,0.0
2015-11-19 00:00:00-05:00,19.875974730247115,20.195168592844375,19.826867982155232,19.851421356201172,809850,0.0,0.0
2015-11-20 00:00:00-05:00,20.10923531450437,20.753762785380513,20.04785099319404,20.238140106201172,1322100,0.0,0.0
2015-11-23 00:00:00-05:00,20.281109328922017,20.4652605400476,19.69796616861916,20.1337890625,776100,0.0,0.0
2015-11-24 00:00:00-05:00,19.91894272100625,20.33635006191513,19.84528260202233,20.15833854675293,1182150,0.0,0.0
2015-11-25 00:00:00-05:00,20.096955789155263,20.594161148220326,20.053986947800176,20.21358299255371,592500,0.0,0.0
2015-11-27 00:00:00-05:00,20.324073938832463,20.33634974704183,19.845282294752362,20.274967193603516,358200,0.0,0.0
2015-11-30 00:00:00-05:00,20.060128713927053,20.569611735549184,19.409463332783837,19.581336975097656,843750,0.0,0.0
2015-12-01 00:00:00-05:00,19.605887615741743,19.863698921322065,19.286693753144487,19.851421356201172,925650,0.0,0.0
2015-12-02 00:00:00-05:00,19.906675730230827,20.403881314559612,19.63044884454013,19.771631240844727,996300,0.0,0.0
2015-12-03 00:00:00-05:00,19.912807155539063,20.078542881767266,19.151650747112654,19.366493225097656,1034400,0.0,0.0
2015-12-04 00:00:00-05:00,19.36035465490278,19.765486221072965,19.311247904833415,19.56905746459961,718200,0.0,0.0
2015-12-07 00:00:00-05:00,19.501535489832023,19.734791656495744,19.12709523240997,19.47698211669922,694500,0.0,0.0
2015-12-08 00:00:00-05:00,19.127096937916725,19.550643979370818,18.807903058728733,19.495397567749023,884550,0.0,0.0
2015-12-09 00:00:00-05:00,19.44015370041222,19.75320968750971,18.998192926696706,19.28055763244629,822750,0.0,0.0
2015-12-10 00:00:00-05:00,19.22531089179965,19.636582133372613,19.22531089179965,19.397186279296875,1186650,0.0,0.0
2015-12-11 00:00:00-05:00,19.041160621741405,19.440152523701293,18.875424902581056,19.004329681396484,860100,0.0,0.0
2015-12-14 00:00:00-05:00,19.077989862887296,19.305109897902415,18.869287054295555,18.998191833496094,1134450,0.0,0.0
2015-12-15 00:00:00-05:00,19.170066354067817,19.61202712301442,18.642169647035143,18.691274642944336,1137900,0.0,0.0
2015-12-16 00:00:00-05:00,18.875423375134716,19.084127922409944,18.5930587093263,18.881561279296875,755850,0.0,0.0
2015-12-17 00:00:00-05:00,18.973637354346298,19.25600202741463,18.740379428229343,18.746519088745117,831750,0.0,0.0
2015-12-18 00:00:00-05:00,18.629890516935674,19.01660659634822,18.54395282986807,18.605337142944336,1216350,0.0,0.0
2015-12-21 00:00:00-05:00,18.764938063720255,18.99205814920566,18.40277702054442,18.875429153442383,705900,0.0,0.0
2015-12-22 00:00:00-05:00,19.010472509406558,19.268282109988636,18.58078750017484,19.249868392944336,649800,0.0,0.0
2015-12-23 00:00:00-05:00,19.44629282023816,19.599750978901316,19.071852524673567,19.452430725097656,849150,0.0,0.0
2015-12-24 00:00:00-05:00,19.49539921513065,19.501538876626945,18.967502479194494,18.979778289794922,349800,0.0,0.0
2015-12-28 00:00:00-05:00,18.967502873726474,19.108683479548432,18.64217105549901,18.857011795043945,862500,0.0,0.0
2015-12-29 00:00:00-05:00,19.010473019559754,19.213037962052464,18.869290647920977,19.035024642944336,491250,0.0,0.0
2015-12-30 00:00:00-05:00,18.918392514363212,19.047297284775805,18.7710722749786,18.783348083496094,308400,0.0,0.0
2015-12-31 00:00:00-05:00,18.752657595779525,18.881562371620973,18.52553932287871,18.550092697143555,406350,0.0,0.0
2016-01-04 00:00:00-05:00,18.280003620412216,18.721964352256315,18.040607784947703,18.605337142944336,871350,0.0,0.0
2016-01-05 00:00:00-05:00,18.48257244100506,18.740382020057428,18.255454143993017,18.494848251342773,794550,0.0,0.0
2016-01-06 00:00:00-05:00,18.169517201326485,18.679000231614477,17.97922808362194,18.267730712890625,1069800,0.0,0.0
2016-01-07 00:00:00-05:00,18.224760141543808,19.61816640052393,18.03447104180852,18.84473419189453,2089050,0.0,0.0
2016-01-08 00:00:00-05:00,18.84473271089901,19.25600215846473,18.03446962449106,18.065162658691406,1527750,0.0,0.0
2016-01-11 00:00:00-05:00,18.11426776161842,18.37207906455737,17.50657132115845,18.0037784576416,1312650,0.0,0.0
2016-01-12 00:00:00-05:00,18.365945488416042,19.237591341633284,17.973091415122912,19.035024642944336,2524350,0.0,0.0
2016-01-13 00:00:00-05:00,18.99205617899011,19.415601507228168,18.13882586091348,18.273868560791016,1794000,0.0,0.0
2016-01-14 00:00:00-05:00,18.040606482734482,18.697411384837878,17.844179504982332,18.378215789794922,1493250,0.0,0.0
2016-01-15 00:00:00-05:00,17.881011794081633,18.273865779304778,17.770520732639703,17.94853401184082,1660050,0.0,0.0
2016-01-19 00:00:00-05:00,18.10813107253298,18.10813107253298,17.35311265566294,17.524986267089844,1565850,0.0,0.0
2016-01-20 00:00:00-05:00,17.2733135648782,18.29841726587816,17.064609028658598,17.942394256591797,1634700,0.0,0.0
2016-01-21 00:00:00-05:00,17.93011902809942,18.599199806960016,17.59864759098736,18.39663314819336,1075950,0.0,0.0
2016-01-22 00:00:00-05:00,18.715833221060574,19.035025412316354,18.18793290444151,18.826322555541992,925200,0.0,0.0
2016-01-25 00:00:00-05:00,18.746517093338742,18.985912898294032,18.525536755579,18.789485931396484,1632150,0.0,0.0
2016-01-26 00:00:00-05:00,18.838594616330035,19.421737727870017,18.513262827568262,19.415599822998047,1012050,0.0,0.0
2016-01-27 00:00:00-05:00,19.32353051688717,19.538371287400455,18.795631937680177,19.194623947143555,955050,0.0,0.0
2016-01-28 00:00:00-05:00,19.403325861876827,19.593614980605018,19.07799228592343,19.42173957824707,560700,0.0,0.0
2016-01-29 00:00:00-05:00,19.43401412650929,20.053988142434363,19.43401412650929,19.820730209350586,1495350,0.0,0.0
2016-02-01 00:00:00-05:00,19.697965177018467,20.00488326137873,19.10868238479893,19.82686996459961,945750,0.0,0.0
2016-02-02 00:00:00-05:00,19.679551353721582,20.182896492243955,19.360357432476913,19.94964027404785,1222650,0.0,0.0
2016-02-03 00:00:00-05:00,20.201308844105633,20.851974153443805,19.59975028429502,20.305660247802734,1425450,0.0,0.0
2016-02-04 00:00:00-05:00,20.16447968498618,20.508226962042254,19.507676412990737,19.740934371948242,1037100,0.0,0.0
2016-02-05 00:00:00-05:00,19.54450595758476,19.89439111478185,18.611475944732653,18.942947387695312,1871850,0.0,0.0
2016-02-08 00:00:00-05:00,18.72810376716737,19.18234030194913,18.13882279910726,18.648303985595703,1391100,0.0,0.0
2016-02-09 00:00:00-05:00,18.458019535548026,19.16392957768048,18.458019535548026,18.955224990844727,815700,0.0,0.0
2016-02-10 00:00:00-05:00,19.016606664949066,19.562920555374014,18.949084447180343,19.231449127197266,1035750,0.0,0.0
2016-02-11 00:00:00-05:00,19.041160621741405,19.550643588540158,18.697413374103,19.004329681396484,834150,0.0,0.0
2016-02-12 00:00:00-05:00,19.15779275839905,19.86984074622271,19.03502410775051,19.808456420898438,864000,0.0,0.0
2016-02-16 00:00:00-05:00,20.078540118630517,20.483671642969377,19.691824062715185,20.268827438354492,855750,0.0,0.0
2016-02-17 00:00:00-05:00,20.618712647370316,21.023842382773925,20.428423586828334,20.882661819458008,907200,0.0,0.0
2016-02-18 00:00:00-05:00,21.115920574828024,21.398285248800057,20.630992764278,21.312349319458008,1286250,0.0,0.0
2016-02-19 00:00:00-05:00,21.22641561253868,21.355320408811203,20.385461093531895,21.244831085205078,1170600,0.0,0.0
2016-02-22 00:00:00-05:00,21.545609470184843,21.71748311681448,21.12820204265573,21.25096893310547,1689750,0.0,0.0
2016-02-23 00:00:00-05:00,21.35531903777863,21.93232426550984,20.91335825933618,21.072956085205078,1362450,0.0,0.0
2016-02-24 00:00:00-05:00,20.256551799422095,21.662233703905443,19.654993290062297,21.55788230895996,1651950,0.0,0.0
2016-02-25 00:00:00-05:00,21.619269647985956,22.06737011617687,21.23869316492352,21.852527618408203,1304850,0.0,0.0
2016-02-26 00:00:00-05:00,21.97528839111328,22.048948505024228,21.754308049380445,21.97528839111328,647700,0.0,0.0
2016-02-29 00:00:00-05:00,21.92004678073886,21.963013869324616,21.214136818938837,21.606990814208984,1080900,0.0,0.0
2016-03-01 00:00:00-05:00,20.99315511739241,21.428977966308594,20.606439018883794,21.428977966308594,1412100,0.0,0.0
2016-03-02 00:00:00-05:00,21.44125520916331,21.723618141657298,21.24482821049066,21.54560661315918,564300,0.0,0.0
2016-03-03 00:00:00-05:00,21.533332225012142,21.71134376525879,21.35531892856948,21.71134376525879,663150,0.0,0.0
2016-03-04 00:00:00-05:00,21.72975869792263,22.171719463147802,21.66223647529757,21.883216857910156,630750,0.0,0.0
2016-03-07 00:00:00-05:00,21.778866416501664,22.269933955219795,21.557886024078506,22.177858352661133,912150,0.0,0.0
2016-03-08 00:00:00-05:00,22.177857917895665,22.61982045027398,21.643821540959713,21.71134376525879,718650,0.0,0.0
2016-03-09 00:00:00-05:00,21.803417111187233,22.02439747642545,21.65609686769509,21.797277450561523,521550,0.0,0.0
2016-03-10 00:00:00-05:00,21.846388971528985,22.484776781488303,21.778866744888113,22.061229705810547,829650,0.0,0.0
2016-03-11 00:00:00-05:00,22.23310588583746,22.49705338402321,22.20241284597724,22.42339324951172,450600,0.0,0.0
2016-03-14 00:00:00-04:00,22.417255880458484,22.63209838364051,21.969157157173022,22.269935607910156,625200,0.0,0.0
2016-03-15 00:00:00-04:00,22.411117325456072,23.32573021864368,22.16558354498986,23.074058532714844,1551150,0.0,0.0
2016-03-16 00:00:00-04:00,22.834664048472682,22.85921918421098,22.38042740504265,22.668930053710938,962100,0.0,0.0
2016-03-17 00:00:00-04:00,22.53388076631551,23.123161749230235,22.53388076631551,22.9942569732666,501900,0.0,0.0
2016-03-18 00:00:00-04:00,23.110887547461793,23.41780386931019,22.687340494388792,23.092472076416016,899250,0.0,0.0
2016-03-21 00:00:00-04:00,22.988120433326433,23.16613196843312,22.38042394457358,22.521604537963867,1003650,0.0,0.0
2016-03-22 00:00:00-04:00,22.362005528008822,22.84693507415473,22.079640866031706,22.263792037963867,473850,0.0,0.0
2016-03-23 00:00:00-04:00,22.098057598171522,22.098057598171522,21.51491452863283,21.797277450561523,1400550,0.0,0.0
2016-03-24 00:00:00-04:00,21.77886349692449,21.993705955361865,21.588574412131507,21.938461303710938,439950,0.0,0.0
2016-03-28 00:00:00-04:00,21.95073844972012,22.466359327665035,21.84024738349111,22.098058700561523,577650,0.0,0.0
2016-03-29 00:00:00-04:00,22.165584334530237,22.871494417564218,22.15944642884898,22.810110092163086,862650,0.0,0.0
2016-03-30 00:00:00-04:00,22.840797643513437,22.95128694400634,22.546157167271343,22.718029022216797,434550,0.0,0.0
2016-03-31 00:00:00-04:00,22.834659880858275,23.620369638998525,22.632094975655978,22.736446380615234,932850,0.0,0.0
2016-04-01 00:00:00-04:00,22.63209520212076,22.932875366771725,22.521604135143768,22.711894989013672,518550,0.0,0.0
2016-04-04 00:00:00-04:00,23.362555783531025,23.362555783531025,22.306760770670664,22.325176239013672,589950,0.0,0.0
2016-04-05 00:00:00-04:00,22.190130249760728,22.46021732704981,21.98142572103045,22.171714782714844,716400,0.0,0.0
2016-04-06 00:00:00-04:00,22.2822110712432,22.44794504506242,21.834110634076385,22.355871200561523,530250,0.0,0.0
2016-04-07 00:00:00-04:00,22.300624305405332,22.331315586243626,21.71748118849789,21.877079010009766,562500,0.0,0.0
2016-04-08 00:00:00-04:00,21.96915730344969,21.96915730344969,20.925637821186218,21.02998924255371,991800,0.0,0.0
2016-04-11 00:00:00-04:00,21.09750586322569,21.32462411880384,20.741481085442146,20.999292373657227,565500,0.0,0.0
2016-04-12 00:00:00-04:00,20.962461847489454,21.60084954218634,20.882663824701282,21.50877571105957,695550,0.0,0.0
2016-04-13 00:00:00-04:00,20.974743814321677,21.95074102991848,20.974743814321677,21.895496368408203,844500,0.0,0.0
2016-04-14 00:00:00-04:00,21.85866699230497,22.067371598608084,21.50264210726892,21.9630184173584,629550,0.0,0.0
2016-04-15 00:00:00-04:00,21.852522410300505,22.52160136608831,21.64995577178113,22.31903648376465,728250,0.0,0.0
2016-04-18 00:00:00-04:00,22.190133223430962,22.656647328538135,22.190133223430962,22.460220336914062,673350,0.0,0.0
2016-04-19 00:00:00-04:00,22.34359450599425,22.810108676545003,22.233105185803954,22.644372940063477,1195350,0.0,0.0
2016-04-20 00:00:00-04:00,22.576852469367665,23.043366639918418,22.576852469367665,22.644372940063477,1190550,0.0,0.0
2016-04-21 00:00:00-04:00,22.785553840222295,23.061778857917798,22.368144727168165,22.478635787963867,888750,0.0,0.0
2016-04-22 00:00:00-04:00,22.466358542764603,23.3257266426493,21.950737682833783,22.36200714111328,1240500,0.0,0.0
2016-04-25 00:00:00-04:00,22.300620806842282,22.503187443466324,21.637679761280317,21.73589324951172,1063800,0.0,0.0
2016-04-26 00:00:00-04:00,21.846387327601043,22.08578317737041,21.821833952142544,22.018260955810547,451050,0.0,0.0
2016-04-27 00:00:00-04:00,21.96915254341324,22.30062220893668,21.69906543379585,21.926183700561523,649350,0.0,0.0
2016-04-28 00:00:00-04:00,21.625406246533384,22.177856298319643,21.53333065250371,21.59471321105957,597600,0.0,0.0
2016-04-29 00:00:00-04:00,21.643816480574262,21.662231947658608,21.140471502841002,21.490358352661133,886950,0.0,0.0
2016-05-02 00:00:00-04:00,21.52105694637974,21.60085498929065,21.312354102428728,21.588579177856445,1367550,0.0,0.0
2016-05-03 00:00:00-04:00,21.55174828094493,21.815695767843557,21.416703828683996,21.502639770507812,550800,0.0,0.0
2016-05-04 00:00:00-04:00,21.37987171286968,21.680651883254548,21.25096692910243,21.293935775756836,619050,0.0,0.0
2016-05-05 00:00:00-04:00,21.306208853136507,21.447391184783108,20.710790006012683,20.894939422607422,567750,0.0,0.0
2016-05-06 00:00:00-04:00,20.894937626617832,21.128195524610373,20.692372758916026,20.882661819458008,825750,0.0,0.0
2016-05-09 00:00:00-04:00,20.87652574597617,21.564021994700575,20.87652574597617,20.95632553100586,1049100,0.0,0.0
2016-05-10 00:00:00-04:00,20.94405172685632,21.158892459192753,20.759900520629596,20.913358688354492,548250,0.0,0.0
2016-05-11 00:00:00-04:00,20.630989181793293,20.698509630196046,19.685681829808757,19.888248443603516,1555800,0.0,0.0
2016-05-12 00:00:00-04:00,20.04171584358545,20.225867076640498,19.76549075019919,19.98647117614746,1311300,0.0,0.0
2016-05-13 00:00:00-04:00,19.89438883799145,20.20744477469643,19.605886273651652,19.642715454101562,619800,0.0,0.0
2016-05-16 00:00:00-04:00,19.71023829076438,20.115368033412505,19.44628911395676,20.066261291503906,821700,0.0,0.0
2016-05-17 00:00:00-04:00,20.023294320888393,20.274965935521333,19.808450128598377,20.053985595703125,1106250,0.0,0.0
2016-05-18 00:00:00-04:00,19.955771955245552,20.39159652229924,19.839144750358994,20.103092193603516,1257750,0.0,0.0
2016-05-19 00:00:00-04:00,20.066266813463084,20.661687540103102,20.066266813463084,20.152204513549805,952050,0.0,0.0
2016-05-20 00:00:00-04:00,20.170621469116384,20.45912236128887,20.096961330566682,20.29338836669922,677250,0.0,0.0
2016-05-23 00:00:00-04:00,20.324077450388046,20.594164595812398,20.324077450388046,20.373184204101562,495300,0.0,0.0
2016-05-24 00:00:00-04:00,20.238136886936196,20.35476584953649,19.97418768406051,20.041709899902344,1040100,0.0,0.0
2016-05-25 00:00:00-04:00,19.97419119319348,20.21972497012199,19.83914849398085,20.121511459350586,749100,0.0,0.0
2016-05-26 00:00:00-04:00,20.12765043553397,20.44684433467184,20.09695915351203,20.373184204101562,465300,0.0,0.0
2016-05-27 00:00:00-04:00,20.38545675575359,21.05453748529269,20.38545675575359,20.83355712890625,542850,0.0,0.0
2016-05-31 00:00:00-04:00,20.931769902935073,21.066812571331962,20.698511989982673,21.0606746673584,684000,0.0,0.0
2016-06-01 00:00:00-04:00,20.956328282542,21.281660101423018,20.91949733750846,21.26324462890625,545250,0.0,0.0
2016-06-02 00:00:00-04:00,21.263240816153658,21.312349319458008,20.98087789837743,21.312349319458008,480600,0.0,0.0
2016-06-03 00:00:00-04:00,21.214138071234945,21.392149609300994,21.0361247769729,21.17730712890625,337800,0.0,0.0
2016-06-06 00:00:00-04:00,21.171171051412557,21.275522470024825,21.097510916592814,21.201862335205078,340050,0.0,0.0
2016-06-07 00:00:00-04:00,21.109786059928908,21.508779761396124,20.753762964325897,21.43511962890625,355350,0.0,0.0
2016-06-08 00:00:00-04:00,21.576294505312188,21.68064764912118,21.26323858627646,21.398283004760742,835350,0.0,0.0
2016-06-09 00:00:00-04:00,21.36145418799006,21.521050223959676,20.993151860869542,21.275516510009766,446250,0.0,0.0
2016-06-10 00:00:00-04:00,21.079090560215228,21.27551754089282,20.851972302855692,20.93177032470703,537150,0.0,0.0
2016-06-13 00:00:00-04:00,20.74148578979565,21.04226423076937,20.575750049509594,20.70465660095215,1004700,0.0,0.0
2016-06-14 00:00:00-04:00,20.723066628517184,20.962462460073294,20.391596963143638,20.624853134155273,690150,0.0,0.0
2016-06-15 00:00:00-04:00,20.63099531079315,21.34918113685343,20.63099531079315,21.023847579956055,381600,0.0,0.0
2016-06-16 00:00:00-04:00,20.98087686647008,21.011568142854472,20.563467780381174,20.987014770507812,492450,0.0,0.0
2016-06-17 00:00:00-04:00,20.944047360709042,21.214134452326824,20.815140840744693,21.122058868408203,890550,0.0,0.0
2016-06-20 00:00:00-04:00,21.355319991762556,21.79114464077414,21.146617159606247,21.38601303100586,529350,0.0,0.0
2016-06-21 00:00:00-04:00,21.31849121967454,21.459673583123376,21.14661757257913,21.244831085205078,568650,0.0,0.0
2016-06-22 00:00:00-04:00,21.244829799620426,21.38601215452592,20.987018466480137,21.048402786254883,562200,0.0,0.0
2016-06-23 00:00:00-04:00,21.300074379522332,21.349181132682602,21.029987237140833,21.072956085205078,413850,0.0,0.0
2016-06-24 00:00:00-04:00,20.446842993931963,20.96246387411363,20.2565538967207,20.827421188354492,1900800,0.0,0.0
2016-06-27 00:00:00-04:00,20.667818357631567,20.667818357631567,19.759341937680805,19.888248443603516,879750,0.0,0.0
2016-06-28 00:00:00-04:00,20.103094445538193,20.311799018022132,19.72865590348297,20.01715850830078,1240800,0.0,0.0
2016-06-29 00:00:00-04:00,20.13992111332632,20.87038608390535,20.053985194325936,20.858108520507812,998550,0.0,0.0
2016-06-30 00:00:00-04:00,20.894939241066318,20.98087692260742,20.28724283481162,20.980876922607422,1171950,0.0,0.0
2016-07-01 00:00:00-04:00,21.066811123880726,21.072950783628148,20.80900161274756,20.876522064208984,645600,0.0,0.0
2016-07-05 00:00:00-04:00,20.882669145070587,20.882669145070587,20.317941425114412,20.3916015625,423000,0.0,0.0
2016-07-06 00:00:00-04:00,20.391598507651178,20.88266601665534,20.28110744002727,20.759899139404297,746550,0.0,0.0
2016-07-07 00:00:00-04:00,20.71079553155748,21.091373786889925,20.698517963871172,20.97474479675293,414000,0.0,0.0
2016-07-08 00:00:00-04:00,21.2202756908074,21.92004777987662,21.2202756908074,21.90163230895996,613350,0.0,0.0
2016-07-11 00:00:00-04:00,21.91390819577652,22.312901871458234,21.72975875455079,21.877079010009766,866550,0.0,0.0
2016-07-12 00:00:00-04:00,22.030537059399812,22.644371454052845,21.883216804683087,22.53388214111328,838500,0.0,0.0
2016-07-13 00:00:00-04:00,22.607540523737914,22.69347821045509,22.28834666315208,22.466358184814453,586350,0.0,0.0
2016-07-14 00:00:00-04:00,22.558432189230803,22.638230209715438,22.233100447104444,22.33131217956543,405600,0.0,0.0
2016-07-15 00:00:00-04:00,22.503187745494852,22.582985766704958,22.214685180894023,22.27606773376465,394950,0.0,0.0
2016-07-18 00:00:00-04:00,21.47194937914963,22.012125454412285,21.35532039393851,21.852527618408203,797250,0.0,0.0
2016-07-19 00:00:00-04:00,21.82183493593983,21.82183493593983,21.533332322246853,21.66837501525879,433950,0.0,0.0
2016-07-20 00:00:00-04:00,21.723617089077752,22.00598176408615,21.66223453306468,21.938461303710938,306900,0.0,0.0
2016-07-21 00:00:00-04:00,21.981433242890077,22.03667790673638,21.52105694637974,21.588579177856445,370950,0.0,0.0
2016-07-22 00:00:00-04:00,21.38601087684891,21.557884503275414,21.134337463863158,21.428977966308594,538800,0.0,0.0
2016-07-25 00:00:00-04:00,21.44125545579849,21.53946895626455,21.361457425718797,21.45353126525879,462450,0.0,0.0
2016-07-26 00:00:00-04:00,21.484221847053117,21.803417469392617,21.15889007637876,21.69292640686035,512700,0.0,0.0
2016-07-27 00:00:00-04:00,21.674514770507812,21.81569536922413,21.459672285579813,21.674514770507812,447900,0.0,0.0
2016-07-28 00:00:00-04:00,21.668375520870057,21.674515182301697,21.361459184738408,21.53333282470703,591300,0.0,0.0
2016-07-29 00:00:00-04:00,21.484224355916385,21.717482317281522,21.115923698126217,21.496501922607422,921150,0.0,0.0
2016-08-01 00:00:00-04:00,21.0668157938889,22.233103780860393,20.833559601451377,21.883216857910156,2551950,0.0,0.0
2016-08-02 00:00:00-04:00,21.17730703479634,21.484223357256933,20.225863274015722,20.575748443603516,3004800,0.0,0.0
2016-08-03 00:00:00-04:00,20.293386855731395,20.82742325950348,20.066266794966467,20.72920799255371,1021800,0.0,0.0
2016-08-04 00:00:00-04:00,20.809007524159938,21.042263731153458,20.661687259891583,20.870391845703125,740400,0.0,0.0
2016-08-05 00:00:00-04:00,21.0177109457937,21.398287395975323,20.962464532606123,21.238691329956055,750150,0.0,0.0
2016-08-08 00:00:00-04:00,21.238689685280217,21.533330174680405,21.060676405787387,21.128198623657227,468300,0.0,0.0
2016-08-09 00:00:00-04:00,21.091370528275267,21.171168559220757,20.759899082507946,20.766036987304688,430500,0.0,0.0
2016-08-10 00:00:00-04:00,20.84583247905971,21.18344178850024,20.84583247905971,20.999292373657227,642300,0.0,0.0
2016-08-11 00:00:00-04:00,21.214138446908237,21.760450636955724,21.214138446908237,21.649959564208984,820800,0.0,0.0
2016-08-12 00:00:00-04:00,21.77886258095274,22.319036778410783,21.77886258095274,22.220823287963867,889500,0.0,0.0
2016-08-15 00:00:00-04:00,22.312904437693707,22.58912950939929,22.263797680226215,22.28835105895996,632700,0.0,0.0
2016-08-16 00:00:00-04:00,22.14716710705286,22.460223102550795,21.950740091241773,22.190135955810547,554100,0.0,0.0
2016-08-17 00:00:00-04:00,22.104197433695596,22.245379785092005,21.80341901600445,21.84638786315918,504000,0.0,0.0
2016-08-18 00:00:00-04:00,21.895495432093917,22.220827237982018,21.895495432093917,22.190135955810547,580350,0.0,0.0
2016-08-19 00:00:00-04:00,22.17785946780674,22.656651220229516,21.96301696976585,22.42339324951172,637350,0.0,0.0
2016-08-22 00:00:00-04:00,22.34359210726019,22.34359210726019,22.04895161012292,22.18399429321289,326400,0.0,0.0
2016-08-23 00:00:00-04:00,22.319036063383052,22.60753862137714,22.23923804400033,22.447940826416016,544350,0.0,0.0
2016-08-24 00:00:00-04:00,22.331317291779566,22.368148236555232,21.907771964036076,21.950740814208984,585750,0.0,0.0
2016-08-25 00:00:00-04:00,21.821832769227257,22.048951040857798,21.594712741400865,21.760448455810547,447750,0.0,0.0
2016-08-26 00:00:00-04:00,21.809556961059574,21.993708159949207,21.582438671132213,21.80955696105957,367950,0.0,0.0
2016-08-29 00:00:00-04:00,21.80955788829467,22.1471672631485,21.73589775684635,22.141029357910156,396600,0.0,0.0
2016-08-30 00:00:00-04:00,22.005987317399665,22.005987317399665,21.37987525336749,21.404430389404297,476550,0.0,0.0
2016-08-31 00:00:00-04:00,21.33076595671709,21.668373544428423,21.207997326027275,21.53946876525879,540300,0.0,0.0
2016-09-01 00:00:00-04:00,21.471948974777252,21.52719363550144,21.042263987331992,21.38601303100586,738300,0.0,0.0
2016-09-02 00:00:00-04:00,21.428980124793508,21.514917824761,21.25710648105462,21.38601303100586,602700,0.0,0.0
2016-09-06 00:00:00-04:00,21.38601209640683,21.38601209640683,20.82742233961759,21.054540634155273,581250,0.0,0.0
2016-09-07 00:00:00-04:00,21.09137254088258,21.34918212890625,20.925636802183877,21.34918212890625,374250,0.0,0.0
2016-09-08 00:00:00-04:00,21.214134362129922,21.31848575348965,21.08522784271365,21.165027618408203,493350,0.0,0.0
2016-09-09 00:00:00-04:00,21.042262078983722,21.21413746333112,20.747621573581224,20.759899139404297,622200,0.0,0.0
2016-09-12 00:00:00-04:00,20.667822419920473,21.134336528137435,20.661684515440264,21.128198623657227,500850,0.0,0.0
2016-09-13 00:00:00-04:00,21.005434548938027,21.2018615680163,20.612580510781473,20.8212833404541,468900,0.0,0.0
2016-09-14 00:00:00-04:00,20.894939942613185,20.925632976305938,20.624852837009126,20.723066329956055,362250,0.0,0.0
2016-09-15 00:00:00-04:00,20.723070482232625,21.250968990695167,20.649410347763165,21.244831085205078,450000,0.0,0.0
2016-09-16 00:00:00-04:00,21.367592941957877,21.416699686701705,21.011568164467263,21.01770782470703,763650,0.0,0.0
2016-09-19 00:00:00-04:00,21.122058633414362,21.447390369285557,21.122058633414362,21.214134216308594,305700,0.0,0.0
2016-09-20 00:00:00-04:00,21.34917937269018,21.361456938066116,20.9440495706142,21.00543212890625,271200,0.0,0.0
2016-09-21 00:00:00-04:00,21.079091374643987,21.361456048375565,21.02384496704707,21.330764770507812,336900,0.0,0.0
2016-09-22 00:00:00-04:00,21.459669297643263,21.502636383689516,21.01770857908572,21.37373161315918,856950,0.0,0.0
2016-09-23 00:00:00-04:00,21.428975820019307,21.754309326031574,21.28779524388488,21.52105140686035,573150,0.0,0.0
2016-09-26 00:00:00-04:00,21.361454593295072,21.37373040112766,21.042259002908228,21.165027618408203,602550,0.0,0.0
2016-09-27 00:00:00-04:00,21.15889076386061,21.49650011076167,21.005432608431374,21.45353126525879,340650,0.0,0.0
2016-09-28 00:00:00-04:00,21.410564652486745,21.557886674744744,21.207999725700656,21.38601303100586,387900,0.0,0.0
2016-09-29 00:00:00-04:00,21.416697969269418,21.416697969269418,20.8642462571053,20.876522064208984,405750,0.0,0.0
2016-09-30 00:00:00-04:00,21.023843390450356,21.355314786391325,20.950183275374105,21.214134216308594,367500,0.0,0.0
2016-10-03 00:00:00-04:00,21.072955602785292,21.41670286703785,20.999295474731174,21.238691329956055,477450,0.0,0.0
2016-10-04 00:00:00-04:00,21.36759463618599,21.87707759234884,21.232550199334984,21.69292640686035,561450,0.0,0.0
2016-10-05 00:00:00-04:00,21.809552001217877,22.306759071429443,21.6131250370441,22.20240592956543,836250,0.0,0.0
2016-10-06 00:00:00-04:00,22.110336794378824,22.110336794378824,21.37373546406932,21.38601303100586,951300,0.0,0.0
2016-10-07 00:00:00-04:00,21.447395603433943,21.742036135644756,21.171170543535332,21.336904525756836,928800,0.0,0.0
2016-10-10 00:00:00-04:00,21.422839852796027,21.686789072713587,21.422839852796027,21.484222412109375,455850,0.0,0.0
2016-10-11 00:00:00-04:00,21.502635016543827,21.588572695563958,21.09750526172228,21.214134216308594,452250,0.0,0.0
2016-10-12 00:00:00-04:00,21.1957182208331,21.496496577524475,21.14047181875449,21.355314254760742,183450,0.0,0.0
2016-10-13 00:00:00-04:00,21.152754120041514,21.263243436554117,20.93791163591632,21.072956085205078,421650,0.0,0.0
2016-10-14 00:00:00-04:00,21.097509404539608,21.324627698240604,20.925635768945014,21.07909393310547,358800,0.0,0.0
2016-10-17 00:00:00-04:00,20.950186812424043,21.066815786701,20.62485502162662,20.64327049255371,302700,0.0,0.0
2016-10-18 00:00:00-04:00,20.686238127288288,20.686238127288288,20.37318216465391,20.403873443603516,700350,0.0,0.0
2016-10-19 00:00:00-04:00,20.538917297324993,20.64940660088259,20.27496809098789,20.581884384155273,369300,0.0,0.0
2016-10-20 00:00:00-04:00,20.61871888542863,20.71079449176654,20.36090753892172,20.67396354675293,355950,0.0,0.0
2016-10-21 00:00:00-04:00,20.483679363197982,20.51437065134081,20.201314594934082,20.299528121948242,541050,0.0,0.0
2016-10-24 00:00:00-04:00,20.434568981772305,20.606442638388273,20.244281607666085,20.29338836669922,352650,0.0,0.0
2016-10-25 00:00:00-04:00,20.090818635731118,20.20130970497461,19.88211406324718,20.01715850830078,606600,0.0,0.0
2016-10-26 00:00:00-04:00,19.998741319329884,20.422288332814958,19.826867703424522,19.980327606201172,826650,0.0,0.0
2016-10-27 00:00:00-04:00,19.94963811866468,20.189032216586632,19.882114139682322,19.992605209350586,573750,0.0,0.0
2016-10-28 00:00:00-04:00,20.029433639197194,20.925634460182938,20.029433639197194,20.901081085205078,788850,0.0,0.0
2016-10-31 00:00:00-04:00,21.02384735453948,21.02384735453948,20.47139726539984,20.50208854675293,1293300,0.0,0.0
2016-11-01 00:00:00-04:00,22.711894432102177,22.711894432102177,21.330765787833634,21.606990814208984,1759050,0.0,0.0
2016-11-02 00:00:00-04:00,21.76045061642821,22.404976312222114,21.238691803461524,21.66837501525879,1364850,0.0,0.0
2016-11-03 00:00:00-04:00,21.82183470223947,21.913908546226807,21.45353230150611,21.742034912109375,1051050,0.0,0.0
2016-11-04 00:00:00-04:00,21.76044935333433,22.31290117208755,21.63768247763316,22.098058700561523,858300,0.0,0.0
2016-11-07 00:00:00-05:00,22.34359524532513,22.558437743710428,22.220828354275834,22.435670852661133,518250,0.0,0.0
2016-11-08 00:00:00-05:00,22.435671831450463,22.94515489058102,22.312904935045285,22.742589950561523,503850,0.0,0.0
2016-11-09 00:00:00-05:00,22.15944572938385,23.14158085523126,21.576300803166784,23.080198287963867,949350,0.0,0.0
2016-11-10 00:00:00-05:00,23.32572947088556,24.062332544866873,23.233655623309456,23.939565658569336,922950,0.0,0.0
2016-11-11 00:00:00-05:00,23.9395666358735,24.584094132394707,23.694032853254797,24.215791702270508,1412100,0.0,0.0
2016-11-14 00:00:00-05:00,24.46132085483723,24.891003984142213,24.154402828594513,24.430627822875977,1088100,0.0,0.0
2016-11-15 00:00:00-05:00,24.43063626555915,24.553404923438897,23.387116723151646,23.632652282714844,1001700,0.0,0.0
2016-11-16 00:00:00-05:00,23.63264613366054,23.63264613366054,22.95742571579488,23.110885620117188,1371600,0.0,0.0
2016-11-17 00:00:00-05:00,23.325725555419922,23.632645353938198,22.773275537913506,23.325725555419922,1174350,0.0,0.0
2016-11-18 00:00:00-05:00,23.295036200957934,23.448496112884573,22.988119889496502,23.356420516967773,841200,0.0,0.0
2016-11-21 00:00:00-05:00,23.172272337952386,23.755413712591796,22.83466121588365,23.571264266967773,823050,0.0,0.0
2016-11-22 00:00:00-05:00,23.724719258592298,24.307862311450847,23.601952392527117,23.970252990722656,1075500,0.0,0.0
2016-11-23 00:00:00-05:00,23.970252021054115,24.3692456367723,23.970252021054115,24.307861328125,751650,0.0,0.0
2016-11-25 00:00:00-05:00,24.46132352131066,24.553399114839998,24.12371418250035,24.185096740722656,239850,0.0,0.0
2016-11-28 00:00:00-05:00,24.215789172494176,24.215789172494176,23.663339097413544,23.816797256469727,709350,0.0,0.0
2016-11-29 00:00:00-05:00,23.93956268310547,23.95797815281025,22.92673467988876,23.018810272216797,1111200,0.0,0.0
2016-11-30 00:00:00-05:00,23.172274966077765,23.172274966077765,22.711898665509285,22.742589950561523,967500,0.0,0.0
2016-12-01 00:00:00-05:00,22.896042660516564,23.47918571813564,22.896042660516564,23.26434326171875,880350,0.0,0.0
2016-12-02 00:00:00-05:00,23.264346940695244,23.356422544605387,23.08019748907103,23.2950382232666,935100,0.0,0.0
2016-12-05 00:00:00-05:00,23.479188149013623,23.890457635318434,23.479188149013623,23.724721908569336,644100,0.0,0.0
2016-12-06 00:00:00-05:00,23.694031268664553,23.694031268664553,23.295037581445627,23.50988006591797,843150,0.0,0.0
2016-12-07 00:00:00-05:00,23.54057273369944,23.8045202110652,23.479188415017084,23.663339614868164,590400,0.0,0.0
2016-12-08 00:00:00-05:00,23.7247232510148,24.553401931650452,23.69403196838269,24.522708892822266,917100,0.0,0.0
2016-12-09 00:00:00-05:00,24.706859267507916,24.706859267507916,24.0930265671573,24.215791702270508,805800,0.0,0.0
2016-12-12 00:00:00-05:00,24.031641780035603,24.123717385791284,23.571265507453298,23.755414962768555,642750,0.0,0.0
2016-12-13 00:00:00-05:00,23.66334072256443,24.24648211826609,23.66334072256443,23.87818145751953,679350,0.0,0.0
2016-12-14 00:00:00-05:00,23.908877372453542,24.06233556050879,23.57126795377497,23.632652282714844,511800,0.0,0.0
2016-12-15 00:00:00-05:00,23.78610293616092,24.00094715715972,23.479186634610315,23.601953506469727,567900,0.0,0.0
2016-12-16 00:00:00-05:00,23.6633401454803,23.75541399127445,22.773278919901884,22.83466148376465,1182450,0.0,0.0
2016-12-19 00:00:00-05:00,22.957423236372318,23.07405218907857,22.527740116785186,22.6505069732666,782550,0.0,0.0
2016-12-20 00:00:00-05:00,22.742587637970498,23.141579571666597,22.681203317911695,22.83466148376465,831150,0.0,0.0
2016-12-21 00:00:00-05:00,22.742588436695083,22.988122213161425,22.55843722624728,22.619821548461914,403350,0.0,0.0
2016-12-22 00:00:00-05:00,22.527745449928513,22.742587938680995,22.0366761515531,22.128751754760742,604800,0.0,0.0
2016-12-23 00:00:00-05:00,22.220829678547442,22.466363475278854,21.913911554535062,22.0059871673584,683700,0.0,0.0
2016-12-27 00:00:00-05:00,22.036672612757943,22.435666243852666,21.944597024336407,22.067365646362305,755400,0.0,0.0
2016-12-28 00:00:00-05:00,22.067365169301073,22.312898895653266,21.760447133262964,22.251516342163086,1011900,0.0,0.0
2016-12-29 00:00:00-05:00,22.374284878861815,22.619820399047494,21.975292951427605,22.34359359741211,409950,0.0,0.0
2016-12-30 00:00:00-05:00,22.466361651813074,22.466361651813074,21.883218492857303,21.94460105895996,557400,0.0,0.0
2017-01-03 00:00:00-05:00,21.33076717271274,22.220826624483944,21.33076717271274,21.7911434173584,804600,0.0,0.0
2017-01-04 00:00:00-05:00,21.852527209805974,22.122614364289095,21.699069038353223,21.94460105895996,922350,0.0,0.0
2017-01-05 00:00:00-05:00,21.668376076051036,21.89549613754725,20.870392176706183,21.361459732055664,1205850,0.0,0.0
2017-01-06 00:00:00-05:00,21.48422113953683,21.48422113953683,20.901079835817573,21.300071716308594,1293600,0.0,0.0
2017-01-09 00:00:00-05:00,21.392147733743506,22.036673362222942,21.33076517683872,21.82183265686035,837150,0.0,0.0
2017-01-10 00:00:00-05:00,21.821838642148652,22.89604948837921,21.821838642148652,22.8653564453125,1223250,0.0,0.0
2017-01-11 00:00:00-05:00,22.86534777170093,22.86534777170093,21.852521639607204,21.913904190063477,1231350,0.0,0.0
2017-01-12 00:00:00-05:00,21.69907079954226,22.15944710746271,21.57630214498031,22.0059871673584,900750,0.0,0.0
2017-01-13 00:00:00-05:00,22.098055247631525,22.282206410506713,21.91390408475634,21.97528839111328,375000,0.0,0.0
2017-01-17 00:00:00-05:00,21.94460080258596,22.343594502376295,21.913909519893192,22.03667640686035,737850,0.0,0.0
2017-01-18 00:00:00-05:00,22.00598579273034,22.251521330320344,21.545609513567793,21.852527618408203,666300,0.0,0.0
2017-01-19 00:00:00-05:00,21.88321584058434,22.06736702896517,21.545606499350082,21.606990814208984,491550,0.0,0.0
2017-01-20 00:00:00-05:00,21.668372995171044,21.89549302437459,21.606990437577984,21.72975730895996,489750,0.0,0.0
2017-01-23 00:00:00-05:00,21.760450871858865,21.975293358377392,21.514917103322272,21.5762996673584,468000,0.0,0.0
2017-01-24 00:00:00-05:00,21.57629943034229,21.883217515739545,21.57629943034229,21.699068069458008,870750,0.0,0.0
2017-01-25 00:00:00-05:00,21.729760727711266,22.036677076355538,21.729760727711266,21.852527618408203,652350,0.0,0.0
2017-01-26 00:00:00-05:00,21.852524676683146,21.932322705844935,21.48422229797603,21.54560661315918,380100,0.0,0.0
2017-01-27 00:00:00-05:00,21.361455467345614,21.760447337361263,20.83969497680664,20.83969497680664,943200,0.0,0.0
2017-01-30 00:00:00-05:00,20.77831867223919,20.870394287227402,20.563474399802505,20.686243057250977,1060800,0.0,0.0
2017-01-31 00:00:00-05:00,21.023845969734996,21.668373372872004,20.778313978887038,21.606990814208984,1009950,0.0,0.0
2017-02-01 00:00:00-05:00,21.606989783709196,21.606989783709196,21.17730486877744,21.330764770507812,562050,0.0,0.0
2017-02-02 00:00:00-05:00,21.300072204149515,21.576297223416226,21.05453846342447,21.115921020507812,501900,0.0,0.0
2017-02-03 00:00:00-05:00,20.96246287160362,21.361456517428696,20.77831344415776,21.115921020507812,564000,0.0,0.0
2017-02-06 00:00:00-05:00,21.054536583757695,21.392145886163146,21.023843551760336,21.1466121673584,379200,0.0,0.0
2017-02-07 00:00:00-05:00,21.20799399556644,21.23868702651687,20.686235299952227,20.71692657470703,552300,0.0,0.0
2017-02-08 00:00:00-05:00,20.65554656849101,21.207998410049502,20.58188644002961,21.17730712890625,923100,0.0,0.0
2017-02-09 00:00:00-05:00,21.177305509643144,21.913906737934997,20.901080488082663,21.72975730895996,583650,0.0,0.0
2017-02-10 00:00:00-05:00,21.913909863579033,22.681204236304676,21.913909863579033,22.55843734741211,761550,0.0,0.0
2017-02-13 00:00:00-05:00,22.58912789262781,22.773279098048732,22.15944467363908,22.190135955810547,540900,0.0,0.0
2017-02-14 00:00:00-05:00,22.220828098374774,22.80397126319232,22.220828098374774,22.527746200561523,649650,0.0,0.0
2017-02-15 00:00:00-05:00,22.374284878861815,22.466360479406944,22.067368551972734,22.34359359741211,393150,0.0,0.0
2017-02-16 00:00:00-05:00,22.34359618250846,22.466363078707108,22.128753675111774,22.159446716308594,317850,0.0,0.0
2017-02-17 00:00:00-05:00,22.19013380258642,22.435667548524865,22.03667389422798,22.282209396362305,526500,0.0,0.0
2017-02-21 00:00:00-05:00,22.435671831450463,22.896048132018947,22.3313186523589,22.742589950561523,670950,0.0,0.0
2017-02-22 00:00:00-05:00,22.742591297830934,22.926740775249602,22.58913135108634,22.8653564453125,518400,0.0,0.0
2017-02-23 00:00:00-05:00,23.66334395351322,23.724726527254003,22.834665158442107,22.8653564453125,863100,0.0,0.0
2017-02-24 00:00:00-05:00,23.018808973461876,23.387109565798113,22.650508381125636,22.803966522216797,682200,0.0,0.0
2017-02-27 00:00:00-05:00,23.17226993308528,23.374834829107893,22.773276289282276,23.110885620117188,1465950,0.0,0.0
2017-02-28 00:00:00-05:00,23.018810517626083,23.295035541359248,22.466358713963885,22.926734924316406,1729500,0.0,0.0
2017-03-01 00:00:00-05:00,23.233655658123887,23.63264935633582,22.988121885160886,23.2950382232666,1173750,0.0,0.0
2017-03-02 00:00:00-05:00,23.325727480864895,23.786103704252962,23.14157804522722,23.356420516967773,675300,0.0,0.0
2017-03-03 00:00:00-05:00,23.264348821234492,23.47919132899261,22.454087304960296,22.742589950561523,959400,0.0,0.0
2017-03-06 00:00:00-05:00,22.711897857980084,23.049505493943418,22.355872992965537,22.957429885864258,779100,0.0,0.0
2017-03-07 00:00:00-05:00,23.018812314148104,23.17227223370643,22.711895987423468,22.988121032714844,699150,0.0,0.0
2017-03-08 00:00:00-05:00,23.04950471959368,23.417805383341083,22.95742911460781,23.23365592956543,424050,0.0,0.0
2017-03-09 00:00:00-05:00,23.29503901507343,23.356423338498693,23.04950523376465,23.04950523376465,615450,0.0,0.0
2017-03-10 00:00:00-05:00,23.141577782253407,23.509878405539425,23.08019522313702,23.417802810668945,486600,0.0,0.0
2017-03-13 00:00:00-04:00,23.387114237570486,23.509881126206285,23.049504854773023,23.202964782714844,822750,0.0,0.0
2017-03-14 00:00:00-04:00,23.018813964500335,23.448498960156645,22.957429641036807,23.080198287963867,404550,0.0,0.0
2017-03-15 00:00:00-04:00,23.172269168552333,23.509876732052575,23.110884857609523,23.325725555419922,703650,0.0,0.0
2017-03-16 00:00:00-04:00,23.2950382232666,23.479189431086887,23.141580054213744,23.2950382232666,721350,0.0,0.0
2017-03-17 00:00:00-04:00,23.20296044592585,23.38710986636273,23.018809269293197,23.325725555419922,1168800,0.0,0.0
2017-03-20 00:00:00-04:00,23.29503453943665,23.417801406504044,23.080193839215553,23.26434326171875,606450,0.0,0.0
2017-03-21 00:00:00-04:00,23.356423602141902,23.601957386222224,22.80397170986309,22.957429885864258,416100,0.0,0.0
2017-03-22 00:00:00-04:00,22.834659087560723,23.018810272216797,22.58912534548319,23.018810272216797,445950,0.0,0.0
2017-03-23 00:00:00-04:00,23.32572632501592,23.49760169884824,22.914458628532635,23.110885620117188,633900,0.0,0.0
2017-03-24 00:00:00-04:00,23.110886502695216,23.66333831572219,23.110886502695216,23.417802810668945,755400,0.0,0.0
2017-03-27 00:00:00-04:00,23.264343000672888,23.44849417730554,23.159991603885462,23.325725555419922,516450,0.0,0.0
2017-03-28 00:00:00-04:00,23.202963869556772,23.571264520969603,23.141579549556614,23.479188919067383,511200,0.0,0.0
2017-03-29 00:00:00-04:00,23.417803584249317,23.908872854381816,23.37483649392684,23.816797256469727,453600,0.0,0.0
2017-03-30 00:00:00-04:00,23.78610293616092,23.847487250188557,23.417802320582673,23.601953506469727,472950,0.0,0.0
2017-03-31 00:00:00-04:00,23.632648333624985,23.8045202110652,23.54057273369944,23.663339614868164,573300,0.0,0.0
2017-04-03 00:00:00-04:00,23.694032198298704,23.694032198298704,23.2029646466355,23.23365592956543,778650,0.0,0.0
2017-04-04 00:00:00-04:00,23.172274966077765,23.264348821234492,22.650514339208584,22.742589950561523,802350,0.0,0.0
2017-04-05 00:00:00-04:00,22.742588958382438,22.9574297005716,22.435670852661133,22.435670852661133,577800,0.0,0.0
2017-04-06 00:00:00-04:00,22.55843722624728,23.018813496170694,22.497052904032646,22.619821548461914,524100,0.0,0.0
2017-04-07 00:00:00-04:00,22.619817713567194,22.865349692210696,22.527742123953505,22.58912467956543,688500,0.0,0.0
2017-04-10 00:00:00-04:00,22.65051040761907,22.957426717260546,22.527743532523296,22.773277282714844,796950,0.0,0.0
2017-04-11 00:00:00-04:00,22.650513278186907,23.04950523376465,22.589128954761645,23.04950523376465,1032450,0.0,0.0
2017-04-12 00:00:00-04:00,23.018807542710846,23.018807542710846,22.607538134449197,22.6505069732666,527250,0.0,0.0
2017-04-13 00:00:00-04:00,22.619822067333143,22.86535409323559,22.31290396161184,22.435670852661133,986850,0.0,0.0
2017-04-17 00:00:00-04:00,22.4663588277182,22.48477429771255,22.19013380258642,22.282209396362305,1229250,0.0,0.0
2017-04-18 00:00:00-04:00,22.28220759759106,22.343590151022514,21.8218314220722,22.220823287963867,1759800,0.0,0.0
2017-04-19 00:00:00-04:00,22.220824556759723,22.58912516696541,22.220824556759723,22.40497398376465,934500,0.0,0.0
2017-04-20 00:00:00-04:00,22.49704848383872,22.896042109349796,22.159440924677316,22.803966522216797,1005300,0.0,0.0
2017-04-21 00:00:00-04:00,23.479189431086887,23.847490090531387,22.926737563822098,23.2950382232666,1448250,0.0,0.0
2017-04-24 00:00:00-04:00,23.632650899409715,23.93956725755527,23.17227460599519,23.44849967956543,1066800,0.0,0.0
2017-04-25 00:00:00-04:00,23.540573103839748,23.755413832116062,23.430082030952594,23.50988006591797,683100,0.0,0.0
2017-04-26 00:00:00-04:00,23.57126222755384,23.878178529104446,23.387111041666785,23.601953506469727,1158900,0.0,0.0
2017-04-27 00:00:00-04:00,23.63264629717316,23.755411411567078,22.650509576259218,23.694028854370117,572400,0.0,0.0
2017-04-28 00:00:00-04:00,23.8474880202628,23.8474880202628,23.1722710813301,23.356420516967773,881100,0.0,0.0
2017-05-01 00:00:00-04:00,23.448496112884573,23.50987867269849,23.018811169403463,23.356420516967773,630600,0.0,0.0
2017-05-02 00:00:00-04:00,23.417801033699032,23.54056965500778,23.252065326747566,23.387109756469727,575700,0.0,0.0
2017-05-03 00:00:00-04:00,23.29503416858605,23.448494067124102,23.17226905966884,23.387109756469727,376500,0.0,0.0
2017-05-04 00:00:00-04:00,23.38711153111075,23.509878405539425,23.159993252466684,23.417802810668945,429900,0.0,0.0
2017-05-05 00:00:00-04:00,23.479188666057755,23.63264858630646,23.27662374901253,23.571264266967773,430500,0.0,0.0
2017-05-08 00:00:00-04:00,23.632645353938198,23.632645353938198,23.233651723299367,23.325725555419922,689550,0.0,0.0
2017-05-09 00:00:00-04:00,23.325731028871783,23.57126657406289,23.325731028871783,23.44849967956543,590250,0.0,0.0
2017-05-10 00:00:00-04:00,23.417803584249317,23.878179817613812,23.264345425193138,23.816797256469727,425400,0.0,0.0
2017-05-11 00:00:00-04:00,23.78610343395496,23.78610343395496,22.96970415805327,23.417802810668945,512400,0.0,0.0
2017-05-12 00:00:00-04:00,23.295032530745118,23.325723805816562,22.589122666928073,22.6505069732666,1230750,0.0,0.0
2017-05-15 00:00:00-04:00,22.711896356039116,23.08019700780383,22.711896356039116,22.83466148376465,810000,0.0,0.0
2017-05-16 00:00:00-04:00,22.803969334562,23.233654290043916,22.49705125833264,23.172271728515625,1291050,0.0,0.0
2017-05-17 00:00:00-04:00,22.988122666535517,23.2336564478443,22.803971452455865,23.04950523376465,1128000,0.0,0.0
2017-05-18 00:00:00-04:00,22.988119753181422,23.264344783097936,22.54615900283664,22.773277282714844,1061700,0.0,0.0
2017-05-19 00:00:00-04:00,22.681206967893836,23.006540579787465,22.15944806631191,22.8653564453125,896700,0.0,0.0
2017-05-22 00:00:00-04:00,22.77328042590209,23.356423602141902,22.527746641821764,22.957429885864258,580800,0.0,0.0
2017-05-23 00:00:00-04:00,23.049501550927527,23.202961456872874,22.91445887088281,23.018810272216797,501750,0.0,0.0
2017-05-24 00:00:00-04:00,23.018813950150083,23.264347731458866,22.803971452455865,23.04950523376465,530850,0.0,0.0
2017-05-25 00:00:00-04:00,23.172273895061092,23.417805920326813,23.049505248134036,23.080198287963867,384450,0.0,0.0
2017-05-26 00:00:00-04:00,23.14158291978474,23.75541742820201,23.110891633412947,23.632652282714844,532050,0.0,0.0
2017-05-30 00:00:00-04:00,23.601953262378835,23.87817828215684,23.528293140024978,23.694028854370117,487200,0.0,0.0
2017-05-31 00:00:00-04:00,23.724722798179684,24.154407771612146,23.509880311463455,24.09302520751953,849750,0.0,0.0
2017-06-01 00:00:00-04:00,24.123712890450967,24.123712890450967,23.4546321532489,23.970252990722656,863700,0.0,0.0
2017-06-02 00:00:00-04:00,24.093025964509636,24.338557984790615,23.755414826608533,23.78610610961914,840750,0.0,0.0
2017-06-05 00:00:00-04:00,23.97025629861222,24.21579006462618,23.743138004098313,24.154407501220703,757350,0.0,0.0
2017-06-06 00:00:00-04:00,23.970257320075,24.277175418769396,23.78610610961914,23.78610610961914,624300,0.0,0.0
2017-06-07 00:00:00-04:00,23.755414962768555,23.908874891093394,23.60195679063982,23.755414962768555,420900,0.0,0.0
2017-06-08 00:00:00-04:00,23.816798400514646,24.18509905365845,23.558987065215963,24.09302520751953,529800,0.0,0.0
2017-06-09 00:00:00-04:00,24.154408620677852,24.541124759121544,23.835214710066385,24.39994239807129,656700,0.0,0.0
2017-06-12 00:00:00-04:00,24.430633288729847,24.86031827036373,24.430633288729847,24.522708892822266,859200,0.0,0.0
2017-06-13 00:00:00-04:00,24.584092076678715,24.65775220530488,24.18509839613997,24.27717399597168,543300,0.0,0.0
2017-06-14 00:00:00-04:00,24.277174655993413,25.01377771847707,24.062332169277184,24.09302520751953,777600,0.0,0.0
2017-06-15 00:00:00-04:00,24.000947686785384,24.24647967972647,23.78610346104564,24.06233024597168,938400,0.0,0.0
2017-06-16 00:00:00-04:00,23.540570705181878,24.00094690894245,23.479186391789074,23.694028854370117,1057800,0.0,0.0
2017-06-19 00:00:00-04:00,23.847490568524236,23.878181851710764,23.632649830022455,23.755414962768555,600150,0.0,0.0
2017-06-20 00:00:00-04:00,23.694030526289975,23.878179967070817,23.049503093067106,23.172271728515625,675300,0.0,0.0
2017-06-21 00:00:00-04:00,23.172270178162144,23.276621579496133,23.006534463210848,23.018810272216797,612300,0.0,0.0
2017-06-22 00:00:00-04:00,23.018809269293197,23.38710986636273,22.89604240360335,23.325725555419922,790650,0.0,0.0
2017-06-23 00:00:00-04:00,23.295038305621794,23.908874496395473,23.233655740262076,23.87818145751953,1098150,0.0,0.0
2017-06-26 00:00:00-04:00,23.970257457466445,24.062333063222127,23.66334111320898,23.755414962768555,366600,0.0,0.0
2017-06-27 00:00:00-04:00,23.724721908569336,23.927288577349778,23.38711255013124,23.724721908569336,663300,0.0,0.0
2017-06-28 00:00:00-04:00,23.81679612280119,24.39993920689248,23.080194886958257,24.185096740722656,605550,0.0,0.0
2017-06-29 00:00:00-04:00,24.18509837939116,24.430632141308347,24.093024535819207,24.24648094177246,483600,0.0,0.0
2017-06-30 00:00:00-04:00,24.338557684637436,24.584093214282564,24.185099515280797,24.522708892822266,524100,0.0,0.0
2017-07-03 00:00:00-04:00,24.584091319940025,24.891007635003678,24.461324442675377,24.55340003967285,301500,0.0,0.0
2017-07-05 00:00:00-04:00,24.522707741076292,24.58409205965359,24.062331498432563,24.24648094177246,410850,0.0,0.0
2017-07-06 00:00:00-04:00,24.15440505813069,24.15440505813069,23.66333757577164,23.694028854370117,524700,0.0,0.0
2017-07-07 00:00:00-04:00,23.69403188597425,24.062332544866873,23.509880678429905,23.939565658569336,288300,0.0,0.0
2017-07-10 00:00:00-04:00,23.847490174839674,24.03164138331099,23.632649439884574,23.87818145751953,657150,0.0,0.0
2017-07-11 00:00:00-04:00,23.908877372453542,23.908877372453542,23.54057666740318,23.632652282714844,600750,0.0,0.0
2017-07-12 00:00:00-04:00,23.786105113841817,23.8167981517636,23.448497502466456,23.50988006591797,557700,0.0,0.0
2017-07-13 00:00:00-04:00,23.755412939129677,23.84748853704177,23.54057221892941,23.816797256469727,741450,0.0,0.0
2017-07-14 00:00:00-04:00,23.81679572495988,23.87817828215684,23.571261983780357,23.694028854370117,442500,0.0,0.0
2017-07-17 00:00:00-04:00,23.72472316849962,24.185099431164414,23.601956282202078,23.939565658569336,518250,0.0,0.0
2017-07-18 00:00:00-04:00,23.847490568524236,23.847490568524236,23.62037226303018,23.755414962768555,402000,0.0,0.0
2017-07-19 00:00:00-04:00,23.847489415605242,24.277174384227685,23.847489415605242,24.154407501220703,536100,0.0,0.0
2017-07-20 00:00:00-04:00,24.15440971782952,24.645477294921875,24.123718433310295,24.645477294921875,735150,0.0,0.0
2017-07-21 00:00:00-04:00,24.82962143261108,24.82962143261108,24.338552239383596,24.430627822875977,456750,0.0,0.0
2017-07-24 00:00:00-04:00,24.49201583862305,24.891007752568687,24.277173363346186,24.492015838623047,808800,0.0,0.0
2017-07-25 00:00:00-04:00,24.706854434896925,25.382074839320822,24.492013734275073,25.19792366027832,901800,0.0,0.0
2017-07-26 00:00:00-04:00,25.290002806964836,25.3513853711489,25.044469037836482,25.259309768676758,603750,0.0,0.0
2017-07-27 00:00:00-04:00,25.320689549164687,25.5969145508591,25.111985004727405,25.535531997680664,532500,0.0,0.0
2017-07-28 00:00:00-04:00,25.44346048098296,25.75037856454885,25.382077917987388,25.474153518676758,594600,0.0,0.0
2017-07-31 00:00:00-04:00,25.504847484923072,25.633752285739646,25.032193621601966,25.167236328125,826500,0.0,0.0
2017-08-01 00:00:00-04:00,25.87314863114503,26.180064996289488,24.921704738044,25.658306121826172,1620750,0.0,0.0
2017-08-02 00:00:00-04:00,26.026606813717258,26.026606813717258,25.566230509804342,25.658306121826172,1122600,0.0,0.0
2017-08-03 00:00:00-04:00,25.62761223206048,25.84245649046405,25.0751620906085,25.320695877075195,721500,0.0,0.0
2017-08-04 00:00:00-04:00,25.3513853711489,25.47415401190912,25.01377775574445,25.259309768676758,1156800,0.0,0.0
2017-08-07 00:00:00-04:00,25.35138496631206,26.21075490073404,25.32069368471014,26.02660369873047,1108350,0.0,0.0
2017-08-08 00:00:00-04:00,26.118682849097837,26.486983546958726,25.799488910951737,26.087989807128906,679650,0.0,0.0
2017-08-09 00:00:00-04:00,25.96522264432191,26.19847885672507,25.382079479019822,26.149372100830078,878700,0.0,0.0
2017-08-10 00:00:00-04:00,26.149370446106687,26.241446046632316,25.615334070493237,26.057294845581055,727200,0.0,0.0
2017-08-11 00:00:00-04:00,26.118676410533727,26.486977017604136,25.713544864658363,26.3949031829834,743550,0.0,0.0
2017-08-14 00:00:00-04:00,26.51766599172671,26.609741574542944,26.272132275013863,26.486974716186523,895200,0.0,0.0
2017-08-15 00:00:00-04:00,26.88597519545111,26.88597519545111,26.118680817444734,26.149372100830078,959400,0.0,0.0
2017-08-16 00:00:00-04:00,26.333521647157948,26.333521647157948,25.89156087207013,26.057294845581055,946050,0.0,0.0
2017-08-17 00:00:00-04:00,25.93452561812341,26.02659944789106,25.510978625170146,25.535531997680664,815250,0.0,0.0
2017-08-18 00:00:00-04:00,25.320690527574722,25.40048855226843,25.044465515206774,25.19792366027832,731700,0.0,0.0
2017-08-21 00:00:00-04:00,25.197925433108608,25.277723463416603,24.60250476768268,24.614782333374023,1158450,0.0,0.0
2017-08-22 00:00:00-04:00,24.614777471997627,25.075153604874902,24.277168190807924,25.013771057128906,887400,0.0,0.0
2017-08-23 00:00:00-04:00,24.891010298875116,25.075161512578184,24.860319015323316,24.921703338623047,337050,0.0,0.0
2017-08-24 00:00:00-04:00,25.1365361526209,25.474147190006178,24.98307802706033,25.013771057128906,535950,0.0,0.0
2017-08-25 00:00:00-04:00,24.983083708059116,25.70740917582069,24.983083708059116,25.5969181060791,802800,0.0,0.0
2017-08-28 00:00:00-04:00,25.53553339906728,25.811758415920885,25.474150842520178,25.68899154663086,721950,0.0,0.0
2017-08-29 00:00:00-04:00,25.44346048098296,25.566227363170114,25.25930927960422,25.474153518676758,568350,0.0,0.0
2017-08-30 00:00:00-04:00,25.443463612507315,25.71968869237657,25.351388000485485,25.658306121826172,807000,0.0,0.0
2017-08-31 00:00:00-04:00,25.750378651921128,26.118679299732253,25.658303050919343,26.02660369873047,884250,0.0,0.0
2017-09-01 00:00:00-04:00,26.057296373274742,26.333523191046332,26.02660509003216,26.210756301879883,465150,0.0,0.0
2017-09-05 00:00:00-04:00,26.24144657524365,26.259862046958943,25.873145921918034,25.903837203979492,583650,0.0,0.0
2017-09-06 00:00:00-04:00,26.02660369873047,26.241446182335963,25.965221135526622,26.02660369873047,555900,0.0,0.0
2017-09-07 00:00:00-04:00,26.02660369873047,26.106401733373875,25.781069933523053,26.02660369873047,486600,0.0,0.0
2017-09-08 00:00:00-04:00,26.057293971558696,26.057293971558696,25.596917740568642,25.750377655029297,398700,0.0,0.0
2017-09-11 00:00:00-04:00,25.688994970426865,25.9345304979274,25.197927427817906,25.8117618560791,867750,0.0,0.0
2017-09-12 00:00:00-04:00,25.781073019123202,25.87314863114503,25.19792981791326,25.658306121826172,712350,0.0,0.0
2017-09-13 00:00:00-04:00,25.719686252790908,25.842454894639207,25.400492350095085,25.8117618560791,653550,0.0,0.0
2017-09-14 00:00:00-04:00,25.811760215856797,25.903835813293995,25.46187505303057,25.750377655029297,599100,0.0,0.0
2017-09-15 00:00:00-04:00,25.781070067160737,26.290553071656067,25.535536300680583,25.995912551879883,999450,0.0,0.0
2017-09-18 00:00:00-04:00,26.02660521109259,26.18006338421542,25.873147037969765,26.149372100830078,468450,0.0,0.0
2017-09-19 00:00:00-04:00,26.05729498033239,26.21075490073404,25.873145534524838,26.02660369873047,318000,0.0,0.0
2017-09-20 00:00:00-04:00,26.087987656517328,26.364214474288914,25.903838200865714,26.210756301879883,576300,0.0,0.0
2017-09-21 00:00:00-04:00,26.149373711014288,26.180064996289488,25.566230509804342,25.658306121826172,695700,0.0,0.0
2017-09-22 00:00:00-04:00,25.53553339906728,25.719682824904407,25.351382217034324,25.68899154663086,1168500,0.0,0.0
2017-09-25 00:00:00-04:00,25.688994228692565,25.842454148473966,25.41276918299966,25.44346046447754,766050,0.0,0.0
2017-09-26 00:00:00-04:00,25.566228084774625,26.11867994830773,25.504845520046537,25.8117618560791,602100,0.0,0.0
2017-09-27 00:00:00-04:00,25.81176232693795,26.456289805516736,25.750379761090116,26.272138595581055,746850,0.0,0.0
2017-09-28 00:00:00-04:00,26.272136822234117,26.45628801973975,25.903836183418832,26.241445541381836,861000,0.0,0.0
2017-09-29 00:00:00-04:00,26.302832624380674,26.671133301913752,26.08798836724118,26.579057693481445,705450,0.0,0.0
2017-10-02 00:00:00-04:00,26.54836710688972,26.597475624629055,26.180066395317137,26.425601959228516,530400,0.0,0.0
2017-10-03 00:00:00-04:00,26.579050170015257,26.73250830316714,26.45628331225462,26.51766586303711,582900,0.0,0.0
2017-10-04 00:00:00-04:00,26.62816101135046,26.824588013998756,26.413318538154904,26.456287384033203,577200,0.0,0.0
2017-10-05 00:00:00-04:00,26.456290203271852,26.548364053427875,26.05729649447793,26.149372100830078,664800,0.0,0.0
2017-10-06 00:00:00-04:00,26.149371979198605,26.27213886836505,25.995913806789577,26.210756301879883,419100,0.0,0.0
2017-10-09 00:00:00-04:00,26.210752058260343,26.30282764927682,25.59691595561438,25.68899154663086,606900,0.0,0.0
2017-10-10 00:00:00-04:00,25.811764722782307,26.272141034157478,25.811764722782307,26.087989807128906,500250,0.0,0.0
2017-10-11 00:00:00-04:00,26.026599936698364,26.118675524391023,25.32069002471425,25.351381301879883,534450,0.0,0.0
2017-10-12 00:00:00-04:00,25.320687308250037,25.320687308250037,24.952386753187334,25.013771057128906,663750,0.0,0.0
2017-10-13 00:00:00-04:00,25.105853758668037,25.290004979431313,25.001502336873486,25.167236328125,698100,0.0,0.0
2017-10-16 00:00:00-04:00,25.105853758668037,25.247036127093722,24.98308686355792,25.167236328125,428700,0.0,0.0
2017-10-17 00:00:00-04:00,25.228618486584725,25.842454665601647,25.081298225107712,25.259309768676758,548550,0.0,0.0
2017-10-18 00:00:00-04:00,25.290004854524785,25.49256979140697,25.105853634671025,25.228620529174805,508350,0.0,0.0
2017-10-19 00:00:00-04:00,25.16723674327751,25.308420870228332,25.044471602338483,25.075162887573242,382950,0.0,0.0
2017-10-20 00:00:00-04:00,25.35138398486674,25.995911410731196,25.29000142403924,25.750377655029297,700050,0.0,0.0
2017-10-23 00:00:00-04:00,25.688994228692565,26.180061757122623,25.41276918299966,25.44346046447754,546750,0.0,0.0
2017-10-24 00:00:00-04:00,25.65830318392066,26.27213760012105,25.615334335737625,25.995912551879883,826500,0.0,0.0
2017-10-25 00:00:00-04:00,25.995913806789577,26.302831907803746,25.903838200865714,26.210756301879883,774900,0.0,0.0
2017-10-26 00:00:00-04:00,26.24144316766232,27.039428691010137,26.24144316766232,27.00873565673828,792900,0.0,0.0
2017-10-27 00:00:00-04:00,26.97804413723732,27.25427090603721,26.64043481283465,27.100811004638672,884250,0.0,0.0
2017-10-30 00:00:00-04:00,26.94735735708376,27.22358417198728,25.873146648981873,26.272138595581055,1063800,0.0,0.0
2017-10-31 00:00:00-04:00,25.382078767810523,25.68899510545634,23.601956282202078,23.939565658569336,2466000,0.0,0.0
2017-11-01 00:00:00-04:00,23.908871564216195,25.136540282810344,23.08019474011618,23.601953506469727,1530150,0.0,0.0
2017-11-02 00:00:00-04:00,23.63264561911673,23.69402817455253,22.86534962660287,23.26434326171875,923550,0.0,0.0
2017-11-03 00:00:00-04:00,23.295037464237723,23.571264266967773,22.926736816793664,23.571264266967773,1509900,0.0,0.0
2017-11-06 00:00:00-05:00,23.509876621582706,23.72471907457936,23.221374049518264,23.387109756469727,938400,0.0,0.0
2017-11-07 00:00:00-05:00,23.26434557080806,23.847488686306672,23.172271728515625,23.172271728515625,878400,0.0,0.0
2017-11-08 00:00:00-05:00,23.172266838042923,23.601949946644883,23.172266838042923,23.54056739807129,616050,0.0,0.0
2017-11-09 00:00:00-05:00,23.38711331716517,23.694031404773877,23.110888267654556,23.479188919067383,753000,0.0,0.0
2017-11-10 00:00:00-05:00,23.417805532301436,24.461326720517704,23.417805532301436,24.39994239807129,1125300,0.0,0.0
2017-11-13 00:00:00-05:00,24.246480707901654,24.61478310342095,23.8167975067891,24.36924934387207,1068750,0.0,0.0
2017-11-14 00:00:00-05:00,24.277171411988057,24.61478073797295,23.51601683053248,23.84748649597168,833400,0.0,0.0
2017-11-15 00:00:00-05:00,23.724726141830217,24.031644274136998,23.632652282714844,23.632652282714844,419250,0.0,0.0
2017-11-16 00:00:00-05:00,23.786102183885426,24.387662471264996,23.694028350049752,23.84748649597168,582600,0.0,0.0
2017-11-17 00:00:00-05:00,23.97025832782181,24.4920189419183,23.97025832782181,24.12371826171875,1174200,0.0,0.0
2017-11-20 00:00:00-05:00,24.246484911021746,25.013781115965497,24.185102338591864,24.79893684387207,1333950,0.0,0.0
2017-11-21 00:00:00-05:00,24.58408771409518,24.602501425837108,24.000944693570997,24.430627822875977,870450,0.0,0.0
2017-11-22 00:00:00-05:00,24.399942398071293,24.58409360921442,24.154408620677852,24.39994239807129,474000,0.0,0.0
2017-11-24 00:00:00-05:00,24.52270340636836,24.52270340636836,24.215785380125645,24.430627822875977,266850,0.0,0.0
2017-11-27 00:00:00-05:00,24.430630486003633,24.645472952173456,24.185096740722656,24.185096740722656,680850,0.0,0.0
2017-11-28 00:00:00-05:00,24.338559347082644,25.228620653778158,24.307868062354164,25.167236328125,1532250,0.0,0.0
2017-11-29 00:00:00-05:00,26.978052148489226,27.192894669288982,26.241450725344063,26.425601959228516,1935300,0.0,0.0
2017-11-30 00:00:00-05:00,26.640437461049405,26.855281695603292,26.026603063023927,26.241445541381836,1166850,0.0,0.0
2017-12-01 00:00:00-05:00,26.11867497260029,26.677264634953527,25.259305180551785,26.180057525634766,1244250,0.0,0.0
2017-12-04 00:00:00-05:00,26.57905325635814,27.07012074442314,26.57905325635814,26.793895721435547,1012200,0.0,0.0
2017-12-05 00:00:00-05:00,26.94735783172678,26.94735783172678,26.026605278222693,26.732515335083008,924450,0.0,0.0
2017-12-06 00:00:00-05:00,26.67113036554524,27.25427347982028,26.67113036554524,26.916664123535156,533250,0.0,0.0
2017-12-07 00:00:00-05:00,27.039428449035892,27.303377652997753,26.916661581634543,27.100811004638672,888000,0.0,0.0
2017-12-08 00:00:00-05:00,27.19288480978459,27.561185387819993,26.96576655904501,27.070117950439453,439200,0.0,0.0
2017-12-11 00:00:00-05:00,27.100811776258443,27.19288736848,26.60974429267126,26.885971069335938,697500,0.0,0.0
2017-12-12 00:00:00-05:00,26.978048640007675,27.008739922931593,26.210756029733226,26.272138595581055,684300,0.0,0.0
2017-12-13 00:00:00-05:00,26.30282672441605,26.824585461503613,26.30282672441605,26.671127319335938,511650,0.0,0.0
2017-12-14 00:00:00-05:00,26.732510755651074,26.947353215491102,26.35193433977623,26.3949031829834,637800,0.0,0.0
2017-12-15 00:00:00-05:00,26.486976667631907,27.25427090603721,26.486976667631907,27.100811004638672,1223700,0.0,0.0
2017-12-18 00:00:00-05:00,27.10081330465521,27.837416327773823,27.10081330465521,27.622573852539062,822750,0.0,0.0
2017-12-19 00:00:00-05:00,27.898797368017767,28.451249166197456,27.825137245340198,28.11363983154297,928050,0.0,0.0
2017-12-20 00:00:00-05:00,28.14433491016098,28.359175633090896,27.782170418786365,28.082950592041016,621000,0.0,0.0
2017-12-21 00:00:00-05:00,28.26709975695552,28.408280341703968,28.08294857203759,28.144332885742188,561150,0.0,0.0
2017-12-22 00:00:00-05:00,27.77603475686872,28.72747853293455,27.77603475686872,28.54332733154297,489000,0.0,0.0
2017-12-26 00:00:00-05:00,28.48194011786143,29.065084944273845,28.48194011786143,28.88093376159668,400350,0.0,0.0
2017-12-27 00:00:00-05:00,28.911625549723222,29.034392421607244,28.635400527033138,28.727476119995117,565950,0.0,0.0
2017-12-28 00:00:00-05:00,28.850241235683278,29.18785232860917,28.604709248111096,28.727476119995117,777300,0.0,0.0
2017-12-29 00:00:00-05:00,28.758171339220308,29.03439639975739,28.48194452248712,28.666095733642578,532950,0.0,0.0
2018-01-02 00:00:00-05:00,28.48194062003121,29.065085456725146,27.56118820280311,28.727476119995117,815250,0.0,0.0
2018-01-03 00:00:00-05:00,28.72747868552023,28.942319413356852,27.80672618606376,27.86810874938965,1061700,0.0,0.0
2018-01-04 00:00:00-05:00,27.86811202315049,28.14433885915434,27.56119390187829,28.021570205688477,885600,0.0,0.0
2018-01-05 00:00:00-05:00,28.0522545152901,28.42055509245759,27.960178931949308,28.389862060546875,685350,0.0,0.0
2018-01-08 00:00:00-05:00,28.51263501807404,29.126469406835888,28.500357452200827,28.850242614746094,790650,0.0,0.0
2018-01-09 00:00:00-05:00,29.09578172447689,29.15716604904193,28.81955489822845,28.97301483154297,497850,0.0,0.0
2018-01-10 00:00:00-05:00,28.91162783166383,29.310619757729622,28.7581696687456,29.21854591369629,475050,0.0,0.0
2018-01-11 00:00:00-05:00,29.37200469979895,29.95514783869594,29.175577685113314,29.648231506347656,689250,0.0,0.0
2018-01-12 00:00:00-05:00,29.70961020766484,29.91217685736987,29.586841583251953,29.586841583251953,422400,0.0,0.0
2018-01-16 00:00:00-05:00,29.893760604235776,29.893760604235776,29.09577510365109,29.24923324584961,509100,0.0,0.0
2018-01-17 00:00:00-05:00,29.310615800250712,29.5254582530461,29.157159414247957,29.24923324584961,577350,0.0,0.0
2018-01-18 00:00:00-05:00,29.310615669764115,29.58684067573089,29.18785056150844,29.279924392700195,359100,0.0,0.0
2018-01-19 00:00:00-05:00,29.24923492879809,30.016527440135093,29.24923492879809,29.95514488220215,570300,0.0,0.0
2018-01-22 00:00:00-05:00,29.924454133330254,30.016527971860707,29.709611664367404,29.832380294799805,699750,0.0,0.0
2018-01-23 00:00:00-05:00,29.83237928094024,30.20067813493713,29.70961065468016,30.13929557800293,544350,0.0,0.0
2018-01-24 00:00:00-05:00,30.200676754183796,30.24978349996437,29.157159284444525,29.279924392700195,1015500,0.0,0.0
2018-01-25 00:00:00-05:00,29.34131086625985,29.67892020744102,28.438973906966638,28.60470962524414,1057050,0.0,0.0
2018-01-26 00:00:00-05:00,28.727476773184534,29.187852992266365,28.457389648898594,29.157161712646484,712650,0.0,0.0
2018-01-29 00:00:00-05:00,29.034392421607244,29.175574763322835,28.666091805955176,28.727476119995117,352050,0.0,0.0
2018-01-30 00:00:00-05:00,28.48193907572669,28.727474562377548,28.14433151349777,28.57401466369629,609000,0.0,0.0
2018-01-31 00:00:00-05:00,28.604710236844497,28.819550952920693,28.101365166623744,28.359174728393555,573600,0.0,0.0
2018-02-01 00:00:00-05:00,28.17502529230025,28.561741391150886,27.806724663917723,28.359174728393555,986850,0.0,0.0
2018-02-02 00:00:00-05:00,28.359181137899434,28.635407988763767,27.438428480744307,27.591888427734375,656250,0.0,0.0
2018-02-05 00:00:00-05:00,27.407734108478824,27.80672781830186,26.671132768154003,26.732515335083008,751500,0.0,0.0
2018-02-06 00:00:00-05:00,26.272135198219583,27.008736430317082,25.891558773067143,26.793895721435547,933450,0.0,0.0
2018-02-07 00:00:00-05:00,26.79390024944501,27.346352144977143,26.536088896544367,27.162200927734375,771750,0.0,0.0
2018-02-08 00:00:00-05:00,27.192889961563708,27.192889961563708,26.02660369873047,26.02660369873047,521700,0.0,0.0
2018-02-09 00:00:00-05:00,26.39490751372761,26.793899464469533,25.56622881660896,26.210756301879883,982350,0.0,0.0
2018-02-12 00:00:00-05:00,26.333521140134653,26.793897377702756,26.057294343876208,26.241445541381836,589350,0.0,0.0
2018-02-13 00:00:00-05:00,26.026604819797544,26.456289805516736,25.830177799170734,26.272138595581055,419850,0.0,0.0
2018-02-14 00:00:00-05:00,26.057299491459613,26.54836710688972,25.873150013771482,26.425601959228516,716850,0.0,0.0
2018-02-15 00:00:00-05:00,26.6097455408032,27.07012176730912,26.014324871878607,26.456287384033203,579900,0.0,0.0
2018-02-16 00:00:00-05:00,26.36421003616231,27.254271149934066,26.24144316766232,27.00873565673828,1273200,0.0,0.0
2018-02-20 00:00:00-05:00,26.793895721435547,28.021564441598045,26.302828233370548,26.793895721435547,942600,0.0,0.0
2018-02-21 00:00:00-05:00,26.88597580285709,27.40773465697991,26.4255995168917,26.579057693481445,769050,0.0,0.0
2018-02-22 00:00:00-05:00,26.732509873724702,26.824585461503613,26.364209278804815,26.671127319335938,463200,0.0,0.0
2018-02-23 00:00:00-05:00,26.793896863785374,27.640989194910958,26.763205583521763,27.039430618286133,414150,0.0,0.0
2018-02-26 00:00:00-05:00,27.07011974699361,27.407729071647662,26.68954333586394,27.13150405883789,843450,0.0,0.0
2018-02-27 00:00:00-05:00,26.456287512297845,28.052258672748714,26.087985124350766,27.039430618286133,938100,0.0,0.0
2018-02-28 00:00:00-05:00,26.91666398983844,27.591882699054842,26.88597270929114,26.947355270385742,746400,0.0,0.0
2018-03-01 00:00:00-05:00,26.91666311727367,27.31565677623815,26.579053773609843,27.2542724609375,943500,0.0,0.0
2018-03-02 00:00:00-05:00,27.008738488480653,27.008738488480653,26.548362244288413,26.763206481933594,954150,0.0,0.0
2018-03-05 00:00:00-05:00,26.70182248423759,28.113642515085235,26.70182248423759,27.86810874938965,1116450,0.0,0.0
2018-03-06 00:00:00-05:00,27.837414810551053,28.205715423938894,27.438421162234004,28.11363983154297,719550,0.0,0.0
2018-03-07 00:00:00-05:00,28.052252527002665,28.070667993604708,27.561183369389664,27.806718826293945,691950,0.0,0.0
2018-03-08 00:00:00-05:00,27.837413985970237,27.89879654161872,26.93507531465367,27.13150405883789,729750,0.0,0.0
2018-03-09 00:00:00-05:00,27.22399761596771,28.179767824326966,27.193166831104744,27.994779586791992,681600,0.133333,0.0
2018-03-12 00:00:00-04:00,27.809793913014175,28.272262755969788,27.717299791587326,27.93311882019043,661800,0.0,0.0
2018-03-13 00:00:00-04:00,28.118109331760834,28.76556651043297,27.933122826553713,28.395591735839844,757200,0.0,0.0
2018-03-14 00:00:00-04:00,28.549745545909172,28.549745545909172,27.70496854382133,27.748132705688477,527550,0.0,0.0
2018-03-15 00:00:00-04:00,27.840627003456245,28.210601755612124,27.840627003456245,27.90229034423828,412800,0.0,0.0
2018-03-16 00:00:00-04:00,27.902289144449178,28.734732742049804,27.809795019342733,28.64223861694336,1429650,0.0,0.0
2018-03-19 00:00:00-04:00,28.51891173187214,28.67306919398041,28.08727542483358,28.333925247192383,595200,0.0,0.0
2018-03-20 00:00:00-04:00,28.39558858487143,28.580575069551188,27.902288940153824,28.333925247192383,365850,0.0,0.0
2018-03-21 00:00:00-04:00,28.395587076057467,28.457248646281403,28.148935502625935,28.30309295654297,428100,0.0,0.0
2018-03-22 00:00:00-04:00,28.11810526074346,28.303093503346354,27.254830911680088,27.285661697387695,714750,0.0,0.0
2018-03-23 00:00:00-04:00,27.439822416704608,27.439822416704608,26.114077303511284,26.20656967163086,1555800,0.0,0.0
2018-03-26 00:00:00-04:00,26.63820584875812,26.97735156399634,26.391556023292782,26.85402488708496,720900,0.0,0.0
2018-03-27 00:00:00-04:00,26.884851982452133,27.03900765103929,26.453213993394062,26.514877319335938,576000,0.0,0.0
2018-03-28 00:00:00-04:00,26.607373570205926,27.00818083725482,26.5148812139749,26.823192596435547,760050,0.0,0.0
2018-03-29 00:00:00-04:00,26.91568759597094,27.223998988501716,26.884856809553597,27.069843292236328,563250,0.0,0.0
2018-04-02 00:00:00-04:00,26.94651853968724,27.439819946137707,26.453218897415454,26.5765438079834,482250,0.0,0.0
2018-04-03 00:00:00-04:00,26.730698554786652,27.242497356492212,26.730698554786652,27.13150405883789,572250,0.0,0.0
2018-04-04 00:00:00-04:00,26.76153140953698,28.21060137445929,26.76153140953698,28.087276458740234,681450,0.0,0.0
2018-04-05 00:00:00-04:00,27.655639808860784,28.796396661679694,27.5323148867327,28.765565872192383,492300,0.0,0.0
2018-04-06 00:00:00-04:00,28.51891489652533,29.166372075197465,27.73580294677071,28.395591735839844,670800,0.0,0.0
2018-04-09 00:00:00-04:00,28.67306919398041,29.166368838698013,28.303094460442207,28.333925247192383,570150,0.0,0.0
2018-04-10 00:00:00-04:00,28.703899346869143,28.703899346869143,28.21059971304496,28.54974365234375,463800,0.0,0.0
2018-04-11 00:00:00-04:00,28.333926540468195,28.765564631387164,27.933121001885418,28.703901290893555,617700,0.0,0.0
2018-04-12 00:00:00-04:00,28.33391940138186,28.950543830057864,28.33391940138186,28.673063278198242,571050,0.0,0.0
2018-04-13 00:00:00-04:00,28.888887591642536,28.888887591642536,28.333924621501005,28.54974365234375,630300,0.0,0.0
2018-04-16 00:00:00-04:00,28.796396661679694,28.919721583807778,28.303096973167357,28.765565872192383,484200,0.0,0.0
2018-04-17 00:00:00-04:00,28.888885899009033,29.23419562245386,28.580572763844017,28.858055114746094,542550,0.0,0.0
2018-04-18 00:00:00-04:00,29.228031158447266,29.53634254356881,29.16636782291578,29.228031158447266,1457100,0.0,0.0
2018-04-19 00:00:00-04:00,29.104707478296895,29.258863177355174,28.259930507398682,28.64223861694336,1389750,0.0,0.0
2018-04-20 00:00:00-04:00,28.827222930485732,29.536339754987686,28.333921585343237,29.135534286499023,1647600,0.0,0.0
2018-04-23 00:00:00-04:00,29.505511303212586,29.598005422995165,28.488079513961406,28.611404418945312,1285500,0.0,0.0
2018-04-24 00:00:00-04:00,28.796392922187543,29.320525096302365,28.444915616631125,29.07387351989746,1369200,0.0,0.0
2018-04-25 00:00:00-04:00,29.073871151707074,29.4746783870613,28.9813770386116,29.289691925048828,744450,0.0,0.0
2018-04-26 00:00:00-04:00,28.919718907784773,29.721329945352572,28.919718907784773,29.62883758544922,532050,0.0,0.0
2018-04-27 00:00:00-04:00,29.598000106528083,30.30711862385655,29.33901697049178,29.87548065185547,742800,0.0,0.0
2018-04-30 00:00:00-04:00,29.87548415913238,30.091303170469313,29.598003581229747,29.752161026000977,683700,0.0,0.0
2018-05-01 00:00:00-04:00,29.69049413923211,29.78299001185544,29.012208127052084,29.721324920654297,542400,0.0,0.0
2018-05-02 00:00:00-04:00,29.6596675266688,30.122136369718138,29.351356140754998,30.029644012451172,457350,0.0,0.0
2018-05-03 00:00:00-04:00,29.87548848596287,29.87548848596287,29.462349579095708,29.536344528198242,400200,0.0,0.0
2018-05-04 00:00:00-04:00,29.53634472586925,30.06047694198732,29.382189021918645,29.84465789794922,564150,0.0,0.0
2018-05-07 00:00:00-04:00,29.998815773242956,29.998815773242956,29.536345126756657,29.813827514648438,386550,0.0,0.0
2018-05-08 00:00:00-04:00,29.8446534763397,30.214629933693615,29.172533224782313,30.06047248840332,945750,0.0,0.0
2018-05-09 00:00:00-04:00,30.183798017329316,30.43045136071094,29.690498387280613,30.337955474853516,499350,0.0,0.0
2018-05-10 00:00:00-04:00,30.30712956501186,30.30712956501186,29.9371565471305,30.091310501098633,310350,0.0,0.0
2018-05-11 00:00:00-04:00,30.152964037572545,30.368783043903093,29.937148559598896,30.122133255004883,318450,0.0,0.0
2018-05-14 00:00:00-04:00,30.09130456428069,30.461281037525946,30.029642994858865,30.27629280090332,361500,0.0,0.0
2018-05-15 00:00:00-04:00,30.276300729040596,31.09641110784747,30.214639143472095,30.892927169799805,631050,0.0,0.0
2018-05-16 00:00:00-04:00,31.077902138339457,31.75618995103648,30.923748222969877,31.54037094116211,731550,0.0,0.0
2018-05-17 00:00:00-04:00,31.632872509586893,31.725364875448285,31.047076940725287,31.232065200805664,793950,0.0,0.0
2018-05-18 00:00:00-04:00,31.355394363403317,31.57120990081446,31.23206767081051,31.35539436340332,596850,0.0,0.0
2018-05-21 00:00:00-04:00,31.417051558245085,31.972012776519755,31.3245591979851,31.879520416259766,515250,0.0,0.0
2018-05-22 00:00:00-04:00,31.817863309571408,32.1570055398266,31.632875034724087,31.663705825805664,310500,0.0,0.0
2018-05-23 00:00:00-04:00,31.66370138062909,32.218662598903755,31.355389984738427,31.879520416259766,337800,0.0,0.0
2018-05-24 00:00:00-04:00,31.84868759512236,32.52697544544104,31.84868759512236,32.37281799316406,546450,0.0,0.0
2018-05-25 00:00:00-04:00,32.372817577328235,32.61946738078883,31.509541501037585,32.60713577270508,324300,0.0,0.0
2018-05-29 00:00:00-04:00,32.37281418937867,32.95860608815813,32.2186567552151,32.71195983886719,534900,0.0,0.0
2018-05-30 00:00:00-04:00,32.9277872490168,33.2977638138472,32.80446407964535,32.98945236206055,384300,0.0,0.0
2018-05-31 00:00:00-04:00,33.05110715245366,33.26075861430204,32.57630669693352,32.58863830566406,440100,0.0,0.0
2018-06-01 00:00:00-04:00,32.74279062002856,33.79105129294199,32.45297492606958,32.71195983886719,735000,0.0,0.0
2018-06-04 00:00:00-04:00,32.927782686657345,33.37791995488133,32.650302065660306,33.35942077636719,503850,0.0,0.0
2018-06-05 00:00:00-04:00,33.236098432124386,33.359421587406864,32.74279875427924,33.297760009765625,606300,0.0,0.0
2018-06-06 00:00:00-04:00,33.69856984363718,33.76023142589406,33.11277422712315,33.729400634765625,604800,0.0,0.0
2018-06-07 00:00:00-04:00,34.068540361823295,34.068540361823295,33.53824232532704,33.60607147216797,337950,0.0,0.0
2018-06-08 00:00:00-04:00,33.82189343639637,34.22270078285681,33.390255298417124,34.00688171386719,590700,0.0,0.0
2018-06-11 00:00:00-04:00,34.16159336214138,34.27298887300895,33.43751722970299,33.635555267333984,818550,0.133333,0.0
2018-06-12 00:00:00-04:00,33.82121826516193,33.94499027339623,33.57367070749375,33.68506622314453,695550,0.0,0.0
2018-06-13 00:00:00-04:00,33.63555208898806,33.91404261044113,32.892909518046835,33.07856750488281,856200,0.0,0.0
2018-06-14 00:00:00-04:00,33.14044738662922,33.38799483815637,32.923842923893204,33.357051849365234,674550,0.0,0.0
2018-06-15 00:00:00-04:00,33.2642303790004,33.666496449154806,33.20234438088411,33.37562942504883,641550,0.0,0.0
2018-06-18 00:00:00-04:00,33.233292643995064,33.63555877786721,33.07857408299813,33.53034973144531,375750,0.0,0.0
2018-06-19 00:00:00-04:00,33.38800959702894,33.573671153043854,32.892914475122254,33.542724609375,509700,0.0,0.0
2018-06-20 00:00:00-04:00,33.57366566757204,33.57366566757204,32.80007656743689,33.44989013671875,515550,0.0,0.0
2018-06-21 00:00:00-04:00,33.388006349777385,33.63555388665475,33.17140181235978,33.2332878112793,498300,0.0,0.0
2018-06-22 00:00:00-04:00,33.295176063477136,33.44989105479125,32.769134469411654,32.89291000366211,624600,0.0,0.0
2018-06-25 00:00:00-04:00,32.76913714056239,33.0476276888279,32.088380499691446,32.30498504638672,881550,0.0,0.0
2018-06-26 00:00:00-04:00,32.30497832641961,33.202339327319976,32.1193168191301,33.14045333862305,606900,0.0,0.0
2018-06-27 00:00:00-04:00,33.48084190135201,33.48084190135201,32.738199145362685,32.769142150878906,794100,0.0,0.0
2018-06-28 00:00:00-04:00,32.83102863805933,33.5117817782622,32.83102863805933,33.480838775634766,470550,0.0,0.0
2018-06-29 00:00:00-04:00,33.63555852562153,34.099710663931674,32.86197280883789,32.86197280883789,731400,0.0,0.0
2018-07-02 00:00:00-04:00,32.707246139612856,33.1713981628418,32.0636226145432,33.1713981628418,532050,0.0,0.0
2018-07-03 00:00:00-04:00,33.264228611038355,33.69743765722626,33.10951362397058,33.44989013671875,413550,0.0,0.0
2018-07-05 00:00:00-04:00,33.51178369829058,34.068768401095326,33.17140710868757,33.573673248291016,335400,0.0,0.0
2018-07-06 00:00:00-04:00,33.542719340477994,33.542719340477994,33.01668129873225,33.26422882080078,471150,0.0,0.0
2018-07-09 00:00:00-04:00,33.480838775634766,33.54272478088963,33.17140520816076,33.480838775634766,332850,0.0,0.0
2018-07-10 00:00:00-04:00,33.48084059554412,33.60461615398155,33.202350015559716,33.511783599853516,507000,0.0,0.0
2018-07-11 00:00:00-04:00,33.047622839412895,33.4189458767452,32.2740373097027,32.98573684692383,684000,0.0,0.0
2018-07-12 00:00:00-04:00,33.04763169164767,33.04763169164767,32.07600789275132,32.366878509521484,731250,0.0,0.0
2018-07-13 00:00:00-04:00,32.33593386426576,32.614424462630524,32.150272284955896,32.2740478515625,484650,0.0,0.0
2018-07-16 00:00:00-04:00,32.36687953796802,32.80008515639513,32.21216096918691,32.769142150878906,891150,0.0,0.0
2018-07-17 00:00:00-04:00,32.86195694631094,34.347241655473816,32.86195694631094,33.357051849365234,919050,0.0,0.0
2018-07-18 00:00:00-04:00,33.4498982149793,34.40914553125716,33.4498982149793,34.347259521484375,949200,0.0,0.0
2018-07-19 00:00:00-04:00,34.409139111018746,35.0898957151,34.1615915769164,34.811405181884766,553350,0.0,0.0
2018-07-20 00:00:00-04:00,34.71858107083513,34.817600098411994,34.09971037787986,34.130653381347656,651750,0.0,0.0
2018-07-23 00:00:00-04:00,34.22347498596789,34.33487047106011,33.54271496263038,33.69743347167969,712350,0.0,0.0
2018-07-24 00:00:00-04:00,33.914046218744026,34.06876476543447,33.15902707658957,33.38800811767578,544500,0.0,0.0
2018-07-25 00:00:00-04:00,33.44989316489705,34.006874251161996,33.36325063957601,33.94498825073242,378450,0.0,0.0
2018-07-26 00:00:00-04:00,33.9759348228089,34.56386251229637,33.808839771122976,34.130653381347656,339000,0.0,0.0
2018-07-27 00:00:00-04:00,34.25441884116138,34.25441884116138,32.86196284828814,33.14045333862305,532350,0.0,0.0
2018-07-30 00:00:00-04:00,33.2332858231921,33.635551874503115,32.831023313080166,33.26422882080078,1354500,0.0,0.0
2018-07-31 00:00:00-04:00,33.2332856136248,33.8521561854931,32.11932000074148,33.44989013671875,1266750,0.0,0.0
2018-08-01 00:00:00-04:00,33.295181664117784,34.34725794682201,32.93004501607838,34.130653381347656,1014150,0.0,0.0
2018-08-02 00:00:00-04:00,34.19254035731206,34.96612963072988,34.03782533558838,34.65669250488281,596700,0.0,0.0
2018-08-03 00:00:00-04:00,34.192540530227,35.058958821060585,34.192540530227,34.59480667114258,691350,0.0,0.0
2018-08-06 00:00:00-04:00,34.56386251229637,34.749524074302926,34.03782437094426,34.130653381347656,412050,0.0,0.0
2018-08-07 00:00:00-04:00,34.25442466044548,34.56385819769671,33.96355408999791,34.50197219848633,381750,0.0,0.0
2018-08-08 00:00:00-04:00,34.563863743875814,34.81141132163858,34.3472591706834,34.471031188964844,516150,0.0,0.0
2018-08-09 00:00:00-04:00,34.53292186503197,35.584998219520045,34.2420512384288,34.935184478759766,549000,0.0,0.0
2018-08-10 00:00:00-04:00,34.7495150215796,35.46121453953082,34.57004352350128,35.0589485168457,423600,0.0,0.0
2018-08-13 00:00:00-04:00,35.15178324726393,35.55404575396043,34.81140319406029,34.84234619140625,508350,0.0,0.0
2018-08-14 00:00:00-04:00,34.90423109642513,35.73970616347955,34.90423109642513,35.58498764038086,451800,0.0,0.0
2018-08-15 00:00:00-04:00,35.46121453953082,35.46121453953082,34.79902452247013,35.0589485168457,386250,0.0,0.0
2018-08-16 00:00:00-04:00,35.27556129039622,35.46122284753297,34.66288063068469,34.7495231628418,333150,0.0,0.0
2018-08-17 00:00:00-04:00,34.68763830764085,35.23224296308595,34.563862751712534,35.21367645263672,278550,0.0,0.0
2018-08-20 00:00:00-04:00,35.24461513969836,35.52310567992894,35.05895359914485,35.399330139160156,357450,0.0,0.0
2018-08-21 00:00:00-04:00,35.584991562735006,35.83253910225947,35.306501023419905,35.646881103515625,343050,0.0,0.0
2018-08-22 00:00:00-04:00,35.677824103306264,36.04914364199329,35.615938103724986,35.646881103515625,357900,0.0,0.0
2018-08-23 00:00:00-04:00,35.67782872471144,36.32763888688449,35.39933460812322,36.23480987548828,656400,0.0,0.0
2018-08-24 00:00:00-04:00,36.11103256835595,36.48235210072509,35.770652494051696,36.0800895690918,632100,0.0,0.0
2018-08-27 00:00:00-04:00,36.1729174354418,36.327632426923294,35.24461332175621,35.368385314941406,662850,0.0,0.0
2018-08-28 00:00:00-04:00,35.55405303433999,35.85111011912822,35.02801488934412,35.21367645263672,707400,0.0,0.0
2018-08-29 00:00:00-04:00,35.213670271662934,35.52310379536992,34.254423161092035,35.49216079711914,483900,0.0,0.0
2018-08-30 00:00:00-04:00,35.492160745275385,35.80159426853038,35.21367022022598,35.615936279296875,342900,0.0,0.0
2018-08-31 00:00:00-04:00,35.58500413344361,36.04915637666766,35.33745650647082,35.98727035522461,380550,0.0,0.0
2018-09-04 00:00:00-04:00,35.92537732108269,35.98726333044548,35.43028216378059,35.67782974243164,361050,0.0,0.0
2018-09-05 00:00:00-04:00,35.61593633132143,35.70876532607378,35.182727273412155,35.49216079711914,353700,0.0,0.0
2018-09-06 00:00:00-04:00,35.58499061546229,35.70876615252928,34.873291015625,34.873291015625,332250,0.0,0.0
2018-09-07 00:00:00-04:00,34.84236000657115,35.33745524281224,34.5948123884506,34.687644958496094,448200,0.0,0.0
2018-09-10 00:00:00-04:00,34.87328893303237,35.4302735047725,34.29155138007661,35.15178298950195,395700,0.0,0.0
2018-09-11 00:00:00-04:00,35.18272598662101,35.523102496129674,35.12083645118386,35.15178298950195,217800,0.0,0.0
2018-09-12 00:00:00-04:00,35.21366924195585,35.21366924195585,34.22347916208899,34.84234619140625,416550,0.0,0.0
2018-09-13 00:00:00-04:00,34.873303016186156,35.182740194737185,34.6133789024597,34.687644958496094,280800,0.0,0.0
2018-09-14 00:00:00-04:00,34.74952323273742,35.02801379840288,34.26061458266722,34.62574768066406,404100,0.0,0.0
2018-09-17 00:00:00-04:00,35.06051000403752,35.49527324723796,34.58227185807848,35.2468376159668,534000,0.133333,0.0
2018-09-18 00:00:00-04:00,35.24683387394783,36.1784682807826,35.09156384207751,35.805816650390625,644550,0.0,0.0
2018-09-19 00:00:00-04:00,35.80581256872086,35.89897457722308,35.27788741273597,35.402103424072266,594600,0.0,0.0
2018-09-20 00:00:00-04:00,35.43315936430896,36.333739711350006,34.84933483895889,36.240577697753906,708450,0.0,0.0
2018-09-21 00:00:00-04:00,36.20952767661269,36.44553884780021,35.060508059106304,35.12261962890625,1198350,0.0,0.0
2018-09-24 00:00:00-04:00,35.277897070820494,35.340005093492046,34.19098890454929,34.56364059448242,997800,0.0,0.0
2018-09-25 00:00:00-04:00,34.594689011326196,34.594689011326196,33.72516617282822,33.88043975830078,892950,0.0,0.0
2018-09-26 00:00:00-04:00,33.88044612656496,34.4083714409375,33.60095290939937,33.69411849975586,1270950,0.0,0.0
2018-09-27 00:00:00-04:00,33.75621703736318,33.75621703736318,33.166180310606265,33.41461944580078,1306350,0.0,0.0
2018-09-28 00:00:00-04:00,33.41462707706863,33.81833276767694,32.700370619591816,32.85564422607422,808950,0.0,0.0
2018-10-01 00:00:00-04:00,32.973643222217255,33.12891678925615,32.2655991682666,32.489192962646484,762300,0.0,0.0
2018-10-02 00:00:00-04:00,32.364977406613406,32.42708541273998,30.8929934948743,31.340177536010742,1947900,0.0,0.0
2018-10-03 00:00:00-04:00,31.551350997017153,31.75009946323379,31.24080385312648,31.445764541625977,662250,0.0,0.0
2018-10-04 00:00:00-04:00,31.433344793215582,31.43955346182115,30.818466259276004,30.948894500732422,1631700,0.0,0.0
2018-10-05 00:00:00-04:00,30.973738200589423,31.05447932868491,30.191165149497646,30.526554107666016,1180350,0.0,0.0
2018-10-08 00:00:00-04:00,30.445813650389887,31.116591581506025,29.973784209396552,30.89920997619629,1017300,0.0,0.0
2018-10-09 00:00:00-04:00,30.80603947963255,31.172482394002696,30.116632097351417,30.284326553344727,847800,0.0,0.0
2018-10-10 00:00:00-04:00,30.184954577230087,30.184954577230087,28.396214764420133,28.45211410522461,1403700,0.0,0.0
2018-10-11 00:00:00-04:00,28.358951877193565,28.663285049334927,27.862080666778436,28.054616928100586,1359750,0.0,0.0
2018-10-12 00:00:00-04:00,28.61981015862418,29.150843296935708,27.855870180741533,28.20989227294922,1398300,0.0,1.5
2018-10-15 00:00:00-04:00,28.15399267821934,28.43348408176219,27.93971717936935,27.949033737182617,1189700,0.0,0.0
2018-10-16 00:00:00-04:00,27.96766245648493,28.619805408335775,27.622956979386256,28.54527473449707,1036900,0.0,0.0
2018-10-17 00:00:00-04:00,28.44279664690187,28.508010765488553,28.032877045419408,28.163305282592773,948400,0.0,0.0
2018-10-18 00:00:00-04:00,27.986295788011148,28.060826462432622,26.970814238423902,26.998762130737305,1088300,0.0,0.0
2018-10-19 00:00:00-04:00,27.04534672674974,27.04534672674974,26.07644611733593,26.178926467895508,1107600,0.0,0.0
2018-10-22 00:00:00-04:00,26.104395251081115,27.315519210964194,25.992598345776564,26.90559959411621,1029700,0.0,0.0
2018-10-23 00:00:00-04:00,26.728589656763727,26.924232014821634,25.983281120137143,26.747220993041992,650600,0.0,0.0
2018-10-24 00:00:00-04:00,26.80311820631994,27.110557442414326,26.393198632543648,26.4211483001709,1275700,0.0,0.0
2018-10-25 00:00:00-04:00,26.411837266829163,26.89628761195536,26.318673465543093,26.505001068115234,701200,0.0,0.0
2018-10-26 00:00:00-04:00,26.20687106893133,26.961496102305006,26.029861838146104,26.4211483001709,996000,0.0,0.0
2018-10-29 00:00:00-04:00,26.72859000828104,27.911764282706677,26.59815999090895,27.138507843017578,1589000,0.0,0.0
2018-10-30 00:00:00-04:00,28.079459907308163,30.18495561599452,27.28757209845991,29.82161521911621,1619000,0.0,0.0
2018-10-31 00:00:00-04:00,29.812302502194946,30.38060008726758,28.796820806057795,29.13220977783203,1332700,0.0,0.0
2018-11-01 00:00:00-04:00,29.327854752294666,30.5017162572597,28.750242335353615,30.240856170654297,890300,0.0,0.0
2018-11-02 00:00:00-04:00,30.40854657549018,30.85573066584701,29.598025633837384,30.194271087646484,774300,0.0,0.0
2018-11-05 00:00:00-05:00,30.278116947890073,30.70666790406193,29.65392185050166,29.877513885498047,800400,0.0,0.0
2018-11-06 00:00:00-05:00,29.747083257785317,30.091786951079165,29.467591903733428,29.849563598632812,595000,0.0,0.0
2018-11-07 00:00:00-05:00,29.877511193870752,30.56692212752421,29.448960276306504,30.492389678955078,796400,0.0,0.0
2018-11-08 00:00:00-05:00,30.324701315021784,31.051378618930396,30.147692044967663,30.818470001220703,634100,0.0,0.0
2018-11-09 00:00:00-05:00,30.77187736882024,30.930257035379128,29.952041808182873,30.21289825439453,572100,0.0,0.0
2018-11-12 00:00:00-05:00,30.212905015451515,30.80915048530768,29.84956815437687,29.924097061157227,789900,0.0,0.0
2018-11-13 00:00:00-05:00,30.0638438448708,30.352651801056442,29.681873866123773,29.84025001525879,620800,0.0,0.0
2018-11-14 00:00:00-05:00,30.138370144334555,30.762567013976202,29.719135748228712,29.896146774291992,607000,0.0,0.0
2018-11-15 00:00:00-05:00,29.70050408078192,30.12905683154753,29.169472753685607,29.933414459228516,900400,0.0,0.0
2018-11-16 00:00:00-05:00,29.700503530441686,29.868199781674587,28.964513287370014,29.82161521911621,797700,0.0,0.0
2018-11-19 00:00:00-05:00,29.7470885163894,30.073159154998,28.740923373228718,28.91793441772461,780600,0.0,0.0
2018-11-20 00:00:00-05:00,28.452114366055916,28.973829113019857,27.94903095591275,28.498695373535156,502900,0.0,0.0
2018-11-21 00:00:00-05:00,28.712973563114236,29.402382845243288,28.43348393793684,29.13220977783203,577800,0.0,0.0
2018-11-23 00:00:00-05:00,28.927245795003607,29.160154382006702,28.601175194760476,28.81545066833496,367600,0.0,0.0
2018-11-26 00:00:00-05:00,29.02041129004122,29.775034658716265,28.573227203193166,29.523494720458984,540900,0.0,0.0
2018-11-27 00:00:00-05:00,29.27195017639648,29.411694967912553,28.750235458825813,29.169469833374023,1067500,0.0,0.0
2018-11-28 00:00:00-05:00,29.318533857227195,29.802984170521235,28.94588045352085,29.672555923461914,578900,0.0,0.0
2018-11-29 00:00:00-05:00,29.663243151099234,29.896151780252367,28.973833822040177,29.32785415649414,500300,0.0,0.0
2018-11-30 00:00:00-05:00,29.337167736774923,30.166323580716778,28.768870170706588,30.02657699584961,785200,0.0,0.0
2018-12-03 00:00:00-05:00,30.278119541602468,31.16317297744537,30.278119541602468,30.725303649902344,870100,0.0,0.0
2018-12-04 00:00:00-05:00,30.464443166084685,30.725299640073832,28.023560450498316,28.09809112548828,895400,0.0,0.0
2018-12-06 00:00:00-05:00,27.837230543777743,28.936559240548146,27.399363086992626,28.13535499572754,836400,0.0,0.0
2018-12-07 00:00:00-05:00,28.107407043410944,28.43347940544082,26.8403838204155,27.101242065429688,630300,0.0,0.0
2018-12-10 00:00:00-05:00,27.10124442355709,27.501847493740858,26.654060344866565,27.06397819519043,708500,0.0,0.0
2018-12-11 00:00:00-05:00,27.60432323429909,27.865181475234266,27.166455757646744,27.548425674438477,411900,0.0,0.0
2018-12-12 00:00:00-05:00,27.697486251474658,28.405528505584588,27.697486251474658,27.818599700927734,665900,0.0,0.0
2018-12-13 00:00:00-05:00,27.893133064283994,28.088775425743222,26.821753912267877,26.924232482910156,634300,0.0,0.0
2018-12-14 00:00:00-05:00,26.663377601370183,27.706807145685133,26.421152441487738,26.81243896484375,707900,0.0,0.0
2018-12-17 00:00:00-05:00,26.691320506892062,27.445943740530648,26.225503388876664,26.97081184387207,923100,0.0,0.0
2018-12-18 00:00:00-05:00,27.157146297715816,28.00493358109403,26.989451797363756,27.371421813964844,733100,0.0,0.0
2018-12-19 00:00:00-05:00,27.436629053723102,28.10740506620803,27.175770827058876,27.44594383239746,876000,0.0,0.0
2018-12-20 00:00:00-05:00,27.520836859416516,28.06376486914097,26.818774685526115,27.05279541015625,844200,0.14,0.0
2018-12-21 00:00:00-05:00,27.12768316430759,27.885911630987447,26.725167214562205,26.762611389160156,1320600,0.0,0.0
2018-12-24 00:00:00-05:00,26.76260900648127,26.809412435125274,26.107350292847038,26.144794464111328,306000,0.0,0.0
2018-12-26 00:00:00-05:00,26.31329058316279,28.063764585883646,26.097990161744477,27.979516983032227,502800,0.0,0.0
2018-12-27 00:00:00-05:00,27.436588759113057,28.045042275051124,26.912382845351875,27.970155715942383,413800,0.0,0.0
2018-12-28 00:00:00-05:00,28.1667325635704,29.04665092575549,27.530195952008263,28.157371520996094,453400,0.0,0.0
2018-12-31 00:00:00-05:00,28.269704132810176,28.41947725312035,27.754857469487074,28.325868606567383,594500,0.0,0.0
2019-01-02 00:00:00-05:00,28.016963927399193,28.775190642639014,27.811024528749826,28.531808853149414,652100,0.0,0.0
2019-01-03 00:00:00-05:00,28.391393474343108,28.70030075109911,28.03568276809902,28.129289627075195,365500,0.0,0.0
2019-01-04 00:00:00-05:00,28.64413714277907,29.065373377189143,28.19481777856708,29.018569946289062,488300,0.0,0.0
2019-01-07 00:00:00-05:00,29.027927244851316,29.973371067646227,28.747101339369024,29.701906204223633,396100,0.0,0.0
2019-01-08 00:00:00-05:00,30.06697843285337,30.47885714879666,29.842318775877594,30.403968811035156,425800,0.0,0.0
2019-01-09 00:00:00-05:00,30.581823618545204,30.666071214086895,30.22611472258921,30.244836807250977,391300,0.0,0.0
2019-01-10 00:00:00-05:00,29.711269097881,30.029539191436584,29.10281560957171,29.271310806274414,739900,0.0,0.0
2019-01-11 00:00:00-05:00,29.26195273679495,29.683188985915137,28.84071470223826,28.98112678527832,801400,0.0,0.0
2019-01-14 00:00:00-05:00,28.82198960138258,29.402359924094696,28.672214714250586,29.102813720703125,348100,0.0,0.0
2019-01-15 00:00:00-05:00,29.243226458129826,29.29939092620841,28.709659547792654,29.130897521972656,374900,0.0,0.0
2019-01-16 00:00:00-05:00,29.177704304942484,29.39300294521254,28.906239404695185,29.196426391601562,293600,0.0,0.0
2019-01-17 00:00:00-05:00,29.027927460197315,29.91720503723122,28.999844333809886,29.795515060424805,498100,0.0,0.0
2019-01-18 00:00:00-05:00,29.95465231157489,30.450775097806044,29.832962322151136,30.10442543029785,477600,0.0,0.0
2019-01-22 00:00:00-05:00,30.029540471278374,30.17931358907817,29.589580375484616,29.842321395874023,313300,0.0,0.0
2019-01-23 00:00:00-05:00,29.99209382686976,30.338443463693633,29.35555723597196,29.814237594604492,383300,0.0,0.0
2019-01-24 00:00:00-05:00,29.88912670694494,30.05762191136921,29.598941513456694,30.010818481445312,352600,0.0,0.0
2019-01-25 00:00:00-05:00,30.272923853838183,30.778409522348735,29.982736843202897,30.329090118408203,341000,0.0,0.0
2019-01-28 00:00:00-05:00,30.076347284152927,30.647358475891895,30.010821760924507,30.329090118408203,310000,0.0,0.0
2019-01-29 00:00:00-05:00,30.36652888309677,30.36652888309677,29.879767117720313,29.992097854614258,394200,0.0,0.0
2019-01-30 00:00:00-05:00,30.22611580573604,30.572465457208786,29.79551677026628,30.46949577331543,367700,0.0,0.0
2019-01-31 00:00:00-05:00,29.48660982904315,30.600547137070613,29.48660982904315,30.563106536865234,434100,0.0,0.0
2019-02-01 00:00:00-05:00,30.843929290771488,31.077949993173586,30.525660992669728,30.843929290771484,503300,0.0,0.0
2019-02-04 00:00:00-05:00,30.825211084218825,31.545995366804444,30.506942746075474,31.536632537841797,575400,0.0,0.0
2019-02-05 00:00:00-05:00,31.67704926741135,32.18253495087695,31.340058811767612,31.751934051513672,506000,0.0,0.0
2019-02-06 00:00:00-05:00,31.84554046470723,31.84554046470723,31.414943190715743,31.733211517333984,298300,0.0,0.0
2019-02-07 00:00:00-05:00,31.667689439955492,31.854903182286968,31.480472126750776,31.8080997467041,423200,0.0,0.0
2019-02-08 00:00:00-05:00,31.80809680262304,31.94851066724852,31.246448485866946,31.41494369506836,356200,0.0,0.0
2019-02-11 00:00:00-05:00,31.489831950845574,31.91107002040024,31.37750298925543,31.751934051513672,493300,0.0,0.0
2019-02-12 00:00:00-05:00,31.92978665093499,32.36974673402497,31.82681696588221,32.18252944946289,490200,0.0,0.0
2019-02-13 00:00:00-05:00,32.27614118249414,32.6131316314429,31.985954169038664,32.40719223022461,632100,0.0,0.0
2019-02-14 00:00:00-05:00,32.13573094535151,32.407192300147514,31.28389199151907,32.154449462890625,912400,0.0,0.0
2019-02-15 00:00:00-05:00,32.313579116752145,32.64120667278571,31.957866648149608,32.210609436035156,856000,0.0,0.0
2019-02-19 00:00:00-05:00,32.18253055384731,32.18253055384731,31.11539663735789,31.55535316467285,1192700,0.0,0.0
2019-02-20 00:00:00-05:00,31.34005494364217,31.368136287855457,30.272921013062845,30.54438591003418,1105500,0.0,0.0
2019-02-21 00:00:00-05:00,30.357165277411845,30.890732184011334,30.169948004546374,30.478857040405273,614300,0.0,0.0
2019-02-22 00:00:00-05:00,30.460136953868652,30.57246589660644,30.141868640384324,30.572465896606445,601600,0.0,0.0
2019-02-25 00:00:00-05:00,30.750323180417112,31.46174821519467,30.703519747546412,31.040510177612305,690200,0.0,0.0
2019-02-26 00:00:00-05:00,31.040505941130338,31.237082474881863,30.684793472290043,30.68479347229004,935200,0.0,0.0
2019-02-27 00:00:00-05:00,31.265167741058523,33.11861130354677,31.265167741058523,31.798734664916992,1541500,0.0,0.0
2019-02-28 00:00:00-05:00,31.592793792670346,31.75192615108874,30.881372451782223,30.881372451782227,982900,0.0,0.0
2019-03-01 00:00:00-05:00,31.209001078175895,31.911063186799343,30.900092036362757,31.358774185180664,568600,0.0,0.0
2019-03-04 00:00:00-05:00,31.471105449243773,31.54599379371861,30.853290890817583,30.946901321411133,447700,0.0,0.0
2019-03-05 00:00:00-05:00,31.003062121701767,31.209001485598993,30.609909049758972,30.694156646728516,577700,0.0,0.0
2019-03-06 00:00:00-05:00,30.731602313454587,30.90009394472738,30.38524908078163,30.422693252563477,527100,0.0,0.0
2019-03-07 00:00:00-05:00,30.41333264811513,30.75031946660908,30.132504943061264,30.366525650024414,416700,0.0,0.0
2019-03-08 00:00:00-05:00,30.207396482163166,30.366528865730807,29.842322926543986,30.076345443725586,328300,0.0,0.0
2019-03-11 00:00:00-04:00,30.160589856090215,30.600546356987568,30.160589856090215,30.366525650024414,588700,0.0,0.0
2019-03-12 00:00:00-04:00,30.42269326455814,30.54438503746075,29.86104318566364,30.33844566345215,380300,0.0,0.0
2019-03-13 00:00:00-04:00,30.403969803757967,30.843929875290755,30.291640864320538,30.53502082824707,470700,0.0,0.0
2019-03-14 00:00:00-04:00,30.572470134946503,30.84393505749669,30.235479689142572,30.675439834594727,667700,0.0,0.0
2019-03-15 00:00:00-04:00,30.600549164648132,30.984343016446637,30.488220214843746,30.48822021484375,1344300,0.0,0.0
2019-03-18 00:00:00-04:00,30.610435021328307,31.21211373460359,30.469415003903404,31.12750244140625,590400,0.14,0.0
2019-03-19 00:00:00-04:00,31.18390340902613,31.47534306579473,30.817255716299933,31.024084091186523,617400,0.0,0.0
2019-03-20 00:00:00-04:00,31.02408930018377,31.409539963189072,30.64803829839356,31.052291870117188,558400,0.0,0.0
2019-03-21 00:00:00-04:00,31.042888553732073,31.55995593059499,30.845463414867858,31.296722412109375,496300,0.0,0.0
2019-03-22 00:00:00-04:00,31.02409241742016,31.02409241742016,30.22498844118383,30.24378776550293,613200,0.0,0.0
2019-03-25 00:00:00-04:00,30.27199336050836,30.948880198327274,30.130973326723186,30.779661178588867,494700,0.0,0.0
2019-03-26 00:00:00-04:00,30.901874387234074,31.23091993380444,30.572832426952104,31.165111541748047,443800,0.0,0.0
2019-03-27 00:00:00-04:00,31.165113367556927,31.700983783574916,31.146310456398048,31.531761169433594,408700,0.0,0.0
2019-03-28 00:00:00-04:00,31.776190467168295,32.0864331084347,31.512956894909614,31.973615646362305,491700,0.0,0.0
2019-03-29 00:00:00-04:00,32.01121642311055,32.17103934271923,31.691574170181052,31.813791275024414,561800,0.0,0.0
2019-04-01 00:00:00-04:00,32.02062776918941,32.1992500550733,31.738587673398612,32.152244567871094,297400,0.0,0.0
2019-04-02 00:00:00-04:00,32.142834847300065,32.142834847300065,31.67277289733862,31.832595825195312,431100,0.0,0.0
2019-04-03 00:00:00-04:00,32.0206226427724,32.1146336021259,31.700980360167,31.74798583984375,287100,0.0,0.0
2019-04-04 00:00:00-04:00,31.823191870679665,32.41547091862975,31.804392549032478,32.35906219482422,354000,0.0,0.0
2019-04-05 00:00:00-04:00,32.39667037372179,32.565892971193556,32.095830997391595,32.20864486694336,341500,0.0,0.0
2019-04-08 00:00:00-04:00,32.33085964548969,32.33085964548969,31.465947397679894,31.635169982910156,475800,0.0,0.0
2019-04-09 00:00:00-04:00,31.428340062553453,31.58815939294088,30.920672331403118,30.986480712890625,520300,0.0,0.0
2019-04-10 00:00:00-04:00,30.9300765147981,31.23091586393429,30.854864884370087,31.17450714111328,480100,0.0,0.0
2019-04-11 00:00:00-04:00,31.212118044565344,31.456548710727915,30.713849877471294,30.967683792114258,427300,0.0,0.0
2019-04-12 00:00:00-04:00,31.136899499966162,31.35312754533474,30.920671454597585,31.296722412109375,472400,0.0,0.0
2019-04-15 00:00:00-04:00,31.41894265505276,31.70098272674487,31.268522957084926,31.59756851196289,422200,0.0,0.0
2019-04-16 00:00:00-04:00,31.63518174536552,31.88901213130103,31.559970085614758,31.72919273376465,364600,0.0,0.0
2019-04-17 00:00:00-04:00,31.917210567936454,31.973615712801404,31.550562781160437,31.60696792602539,479700,0.0,0.0
2019-04-18 00:00:00-04:00,31.49415370908177,31.97361536668596,31.202713980710016,31.512956619262695,465200,0.0,0.0
2019-04-22 00:00:00-04:00,31.428343979183364,31.428343979183364,30.60103389787019,30.619836807250977,364800,0.0,0.0
2019-04-23 00:00:00-04:00,30.779660400206907,31.381339168069484,30.58223164064272,31.31553077697754,537600,0.0,0.0
2019-04-24 00:00:00-04:00,31.48474893056675,32.246246944557406,31.400137641646914,31.964210510253906,666500,0.0,0.0
2019-04-25 00:00:00-04:00,33.48721443994862,34.66236938955942,32.50948824745154,32.91373825073242,1167400,0.0,0.0
2019-04-26 00:00:00-04:00,33.19577790823768,33.78805341358733,32.75391850488849,33.68464279174805,612600,0.0,0.0
2019-04-29 00:00:00-04:00,33.89146569623367,34.15470282549977,33.59062633674788,34.04188537597656,653100,0.0,0.0
2019-04-30 00:00:00-04:00,34.032487436128825,34.389735538443425,33.9008706579835,34.17350387573242,662100,0.0,0.0
2019-05-01 00:00:00-04:00,34.239310039248934,34.239310039248934,33.32739231296466,33.346195220947266,749800,0.0,0.0
2019-05-02 00:00:00-04:00,33.374399699103556,34.23931199805635,33.374399699103556,34.19230651855469,470500,0.0,0.0
2019-05-03 00:00:00-04:00,34.28632773038696,34.624772986666414,34.22051932903138,34.50255584716797,351500,0.0,0.0
2019-05-06 00:00:00-04:00,33.88206511410718,34.16410155767144,33.00774962865641,33.129966735839844,733700,0.0,0.0
2019-05-07 00:00:00-04:00,32.97015010506817,33.04536175039199,31.18391297780264,31.503555297851562,1090800,0.0,0.0
2019-05-08 00:00:00-04:00,31.381334475048366,31.93600767865038,31.052288982508436,31.616365432739258,596100,0.0,0.0
2019-05-09 00:00:00-04:00,31.240315177678447,31.663371628418265,30.864267788578076,31.437740325927734,491400,0.0,0.0
2019-05-10 00:00:00-04:00,31.418936377169455,31.428339623700833,30.394204855090678,31.136899948120117,497400,0.0,0.0
2019-05-13 00:00:00-04:00,30.497618109739452,30.554026834960013,29.70791568123608,29.86773681640625,702100,0.0,0.0
2019-05-14 00:00:00-04:00,28.93701665941994,30.16857856728737,28.880607929732566,29.96175193786621,1032200,0.0,0.0
2019-05-15 00:00:00-04:00,29.60450213728956,30.121571371126365,29.34126679316478,29.820730209350586,484000,0.0,0.0
2019-05-16 00:00:00-04:00,29.952346801757812,30.50702002350473,29.94294534796536,29.952346801757812,401500,0.0,0.0
2019-05-17 00:00:00-04:00,29.820729525775413,30.300192930970564,29.595100004473704,29.62330436706543,567800,0.0,0.0
2019-05-20 00:00:00-04:00,29.2472600818676,29.425882362212604,28.899413390666712,28.946420669555664,676500,0.0,0.0
2019-05-21 00:00:00-04:00,29.00282112679059,29.68911110683339,28.74898725697401,29.60449981689453,536700,0.0,0.0
2019-05-22 00:00:00-04:00,29.463484590727635,29.745521057075052,29.28486053903074,29.416479110717773,524300,0.0,0.0
2019-05-23 00:00:00-04:00,29.219053525713736,29.22845498078726,28.382343748756654,28.476356506347656,632400,0.0,0.0
2019-05-24 00:00:00-04:00,28.683182565289258,29.12504018604882,28.47635593723792,28.871206283569336,415200,0.0,0.0
2019-05-28 00:00:00-04:00,28.965221831629595,29.23785867016348,28.354141550306775,28.457555770874023,505000,0.0,0.0
2019-05-29 00:00:00-04:00,28.645574217209084,28.664377125320616,28.006291479713138,28.551563262939453,519600,0.0,0.0
2019-05-30 00:00:00-04:00,28.53276482221637,29.068635235288404,28.34473929794984,28.748992919921875,424600,0.0,0.0
2019-05-31 00:00:00-04:00,28.203718195229676,28.476354998492734,27.66784783642337,28.448150634765625,722800,0.0,0.0
2019-06-03 00:00:00-04:00,28.288329461541373,29.19084758206737,28.288329461541373,29.05923080444336,868700,0.0,0.0
2019-06-04 00:00:00-04:00,29.529291375249134,29.914742028444135,29.491687351913633,29.886539459228516,524400,0.0,0.0
2019-06-05 00:00:00-04:00,30.065161683608864,30.516420722131798,29.801928141042495,30.25318717956543,699400,0.0,0.0
2019-06-06 00:00:00-04:00,30.036961043430733,30.036961043430733,28.937015945676094,29.397676467895508,715900,0.0,0.0
2019-06-07 00:00:00-04:00,29.576297837389173,29.989952866715647,29.4258781527512,29.942947387695312,388000,0.0,0.0
2019-06-10 00:00:00-04:00,30.196780761374395,30.67624599200043,29.980552679709284,30.469417572021484,516100,0.0,0.0
2019-06-11 00:00:00-04:00,30.77966060666827,31.005288352986014,30.38480667117967,30.685646057128906,473000,0.0,0.0
2019-06-12 00:00:00-04:00,30.572832910140598,30.798460661817483,30.403610303238704,30.51642417907715,323500,0.0,0.0
2019-06-13 00:00:00-04:00,30.638638439677596,31.390736852121748,30.40360746164579,31.19331169128418,538000,0.0,0.0
2019-06-14 00:00:00-04:00,31.13690218942864,31.569361903807394,30.97708284976869,31.24031639099121,578100,0.0,0.0
2019-06-17 00:00:00-04:00,31.353606832725298,31.353606832725298,30.03186522431054,30.107393264770508,668800,0.14,0.0
2019-06-18 00:00:00-04:00,30.23956954805364,30.834354494687254,30.041309099662897,30.702180862426758,1108000,0.0,0.0
2019-06-19 00:00:00-04:00,30.645531584131934,30.645531584131934,29.635343341137418,29.89025115966797,854200,0.0,0.0
2019-06-20 00:00:00-04:00,30.192367079366765,30.239571436484614,29.729757536834835,30.022428512573242,315900,0.0,0.0
2019-06-21 00:00:00-04:00,29.91857705201035,30.541682097487886,29.69199290800105,30.324539184570312,687900,0.0,0.0
2019-06-24 00:00:00-04:00,30.466157476852032,30.758830254129673,30.239571520014245,30.3056583404541,355200,0.0,0.0
2019-06-25 00:00:00-04:00,30.43783171831756,30.43783171831756,29.805281886824453,29.89025115966797,508600,0.0,0.0
2019-06-26 00:00:00-04:00,29.956340612855534,30.54168254323987,29.352116220012164,30.48503875732422,545900,0.0,0.0
2019-06-27 00:00:00-04:00,30.702171263629506,31.617950574353568,30.702171263629506,31.504655838012695,578200,0.0,0.0
2019-06-28 00:00:00-04:00,31.693486521514195,32.411005665985805,31.551869858366516,32.05224609375,952500,0.0,0.0
2019-07-01 00:00:00-04:00,32.467646967762334,33.17572302644209,31.75013147960971,32.02391815185547,514500,0.0,0.0
2019-07-02 00:00:00-04:00,32.01448138937632,32.307154147871294,31.145909747073357,31.381935119628906,458200,0.0,0.0
2019-07-03 00:00:00-04:00,31.504672275187705,31.797345094576375,31.381941648975598,31.589641571044922,373200,0.0,0.0
2019-07-05 00:00:00-04:00,31.51410760853962,31.86342413883773,31.315843565676307,31.7218074798584,273500,0.0,0.0
2019-07-08 00:00:00-04:00,31.53299115016395,31.806777844663436,30.824915033930882,31.108144760131836,426700,0.0,0.0
2019-07-09 00:00:00-04:00,30.928763726602337,31.164789102909154,30.343421801770628,30.466156005859375,412200,0.0,0.0
2019-07-10 00:00:00-04:00,30.664415874750237,30.721063260513258,30.192365131109142,30.428390502929688,531100,0.0,0.0
2019-07-11 00:00:00-04:00,30.50391601572312,30.626646598576468,29.78639697053643,30.258447647094727,677800,0.0,0.0
2019-07-12 00:00:00-04:00,30.3811818470595,31.278078853274465,30.3811818470595,31.060935974121094,513500,0.0,0.0
2019-07-15 00:00:00-04:00,31.127024066538134,31.485780002674773,30.88155568764359,31.164785385131836,592900,0.0,0.0
2019-07-16 00:00:00-04:00,31.34417203641888,31.750135989172385,31.34417203641888,31.523550033569336,397600,0.0,0.0
2019-07-17 00:00:00-04:00,31.514107050278465,31.514107050278465,30.957087057067746,31.127025604248047,655500,0.0,0.0
2019-07-18 00:00:00-04:00,31.230879870382502,31.37249293687116,30.692738693048884,31.174232482910156,443400,0.0,0.0
2019-07-19 00:00:00-04:00,31.127023099215403,31.76901231435043,30.607764468252594,31.6368350982666,710900,0.0,0.0
2019-07-22 00:00:00-04:00,31.740686824459164,31.976712165274662,31.268636142828168,31.6368350982666,892500,0.0,0.0
2019-07-23 00:00:00-04:00,31.901192795761602,32.36380054651902,31.62740247713116,32.11833572387695,555400,0.0,0.0
2019-07-24 00:00:00-04:00,32.08056994302525,32.637589996482426,31.70293148736069,32.3260383605957,538300,0.0,0.0
2019-07-25 00:00:00-04:00,32.21273844797915,32.609262904903076,32.09000786021833,32.10888671875,594700,0.0,0.0
2019-07-26 00:00:00-04:00,32.19385773528223,32.562060322931565,31.551868466532216,32.22218322753906,417300,0.0,0.0
2019-07-29 00:00:00-04:00,32.288270384672394,32.67535183600564,31.636838077736556,31.844541549682617,687500,0.0,0.0
2019-07-30 00:00:00-04:00,32.968015009242244,32.968015009242244,31.230872109318632,32.373233795166016,917800,0.0,0.0
2019-07-31 00:00:00-04:00,32.495970969958805,32.94914284625687,31.948393988412384,32.58094024658203,879100,0.0,0.0
2019-08-01 00:00:00-04:00,32.52429566311631,33.0907550923633,29.295468633047662,29.522052764892578,1447700,0.0,0.0
2019-08-02 00:00:00-04:00,29.22937790449687,29.22937790449687,28.40801071106817,28.965030670166016,912200,0.0,0.0
2019-08-05 00:00:00-04:00,28.323044710541893,28.341927172524287,27.237328356783923,27.841552734375,1078000,0.0,0.0
2019-08-06 00:00:00-04:00,28.08701992720484,28.8611828774176,27.75658403850334,28.842300415039062,630800,0.0,0.0
2019-08-07 00:00:00-04:00,28.38913174016005,28.955592998775302,28.0681370869691,28.54018783569336,579800,0.0,0.0
2019-08-08 00:00:00-04:00,28.776214588533097,29.474849514024285,28.776214588533097,29.323793411254883,610600,0.0,0.0
2019-08-09 00:00:00-04:00,29.125532098470842,29.19161891640523,28.389132268493245,28.436338424682617,501800,0.0,0.0
2019-08-12 00:00:00-04:00,28.143666037976292,28.304163369722755,27.586645992546252,27.643293380737305,532000,0.0,0.0
2019-08-13 00:00:00-04:00,27.416709043984948,29.53149623569273,27.416709043984948,28.58739471435547,1079500,0.0,0.0
2019-08-14 00:00:00-04:00,27.84155346181167,28.69124446518229,27.331739580081592,28.436338424682617,940700,0.0,0.0
2019-08-15 00:00:00-04:00,28.426898799477296,28.474103157602837,27.67161646435282,27.72826385498047,641000,0.0,0.0
2019-08-16 00:00:00-04:00,27.96428972083967,28.747893963822925,27.96428972083967,28.45522117614746,568500,0.0,0.0
2019-08-19 00:00:00-04:00,28.87062292474829,29.1821763382958,28.766771186655568,28.88950538635254,609800,0.0,0.0
2019-08-20 00:00:00-04:00,28.700684318489124,28.9744746090505,28.483541412635333,28.74789047241211,599600,0.0,0.0
2019-08-21 00:00:00-04:00,29.17273443617503,29.67310885278919,29.031119578863283,29.522052764892578,610800,0.0,0.0
2019-08-22 00:00:00-04:00,29.644785417618998,30.532241292240744,29.522053020414692,30.352863311767578,687400,0.0,0.0
2019-08-23 00:00:00-04:00,29.928017180056194,29.95633907155682,28.190870339279584,28.33248519897461,908200,0.0,0.0
2019-08-26 00:00:00-04:00,28.75732977522321,29.31434978393526,28.521304408844564,29.153852462768555,591300,0.0,0.0
2019-08-27 00:00:00-04:00,29.503171158149527,29.71087283483986,29.257704558026045,29.44652557373047,610800,0.0,0.0
2019-08-28 00:00:00-04:00,29.333230541668872,30.28677498327251,29.20105692040763,30.11683464050293,448300,0.0,0.0
2019-08-29 00:00:00-04:00,30.513355352595415,31.42913481482436,30.267890586168097,31.3347225189209,711400,0.0,0.0
2019-08-30 00:00:00-04:00,31.54242459835191,31.825654270838076,31.183665092423734,31.363046646118164,513000,0.0,0.0
2019-09-03 00:00:00-04:00,30.975969109128457,31.249755785783762,30.570005207496813,30.824913024902344,522300,0.0,0.0
2019-09-04 00:00:00-04:00,31.249757885770244,31.514108752026196,30.97597119071645,31.381935119628906,493700,0.0,0.0
2019-09-05 00:00:00-04:00,31.901193089433963,32.939703381539175,31.74069394889453,32.826412200927734,649400,0.0,0.0
2019-09-06 00:00:00-04:00,32.67534919644192,33.09075250531591,32.62814484793866,32.74143600463867,434600,0.0,0.0
2019-09-09 00:00:00-04:00,32.93970284184675,34.21424210832445,32.552621346426484,34.16703414916992,1140700,0.0,0.0
2019-09-10 00:00:00-04:00,34.13870282067316,34.76180953382499,33.75162143222218,33.89323806762695,818300,0.0,0.0
2019-09-11 00:00:00-04:00,34.08206543886131,34.22368211578718,33.373989257155365,34.20479965209961,827700,0.0,0.0
2019-09-12 00:00:00-04:00,34.18591184553162,34.41249777290779,33.75162605297686,34.09150314331055,678000,0.0,0.0
2019-09-13 00:00:00-04:00,34.20479841249801,34.478588723852795,33.74219067403384,33.846038818359375,569200,0.0,0.0
2019-09-16 00:00:00-04:00,33.647000618974424,34.196727998368885,33.391093419833645,33.62804412841797,530000,0.14,0.0
2019-09-17 00:00:00-04:00,33.4384806196702,33.741777217286845,33.040405191141105,33.21100997924805,451700,0.0,0.0
2019-09-18 00:00:00-04:00,33.258404268477804,33.32475018295516,32.35799078053792,32.68972396850586,659600,0.0,0.0
2019-09-19 00:00:00-04:00,32.83188991571743,33.324747828137646,32.7845004966653,33.173099517822266,682800,0.0,0.0
2019-09-20 00:00:00-04:00,33.18257898185509,33.400576837423294,32.53807631591781,32.56650924682617,1049700,0.0,0.0
2019-09-23 00:00:00-04:00,32.42433194346819,33.447960672109836,32.42433194346819,33.21100997924805,443100,0.0,0.0
2019-09-24 00:00:00-04:00,33.34369660221143,33.59960374456599,32.917184698287166,33.1162223815918,558400,0.0,0.0
2019-09-25 00:00:00-04:00,33.15414324063219,34.215681419677246,33.15414324063219,33.95977783203125,489800,0.0,0.0
2019-09-26 00:00:00-04:00,33.87447788754273,34.17777453212219,33.48587883570146,33.808128356933594,363500,0.0,0.0
2019-09-27 00:00:00-04:00,33.97872692728013,34.45262829929564,33.59012794685063,33.7322998046875,529600,0.0,0.0
2019-09-30 00:00:00-04:00,33.45743482406327,34.045071489866515,33.45743482406327,33.92185974121094,542200,0.0,0.0
2019-10-01 00:00:00-04:00,33.997681194240734,34.481062586832095,33.04040207618418,33.14466094970703,557200,0.0,0.0
2019-10-02 00:00:00-04:00,32.99301738706454,32.99301738706454,32.13999340486812,32.50963592529297,600000,0.0,0.0
2019-10-03 00:00:00-04:00,32.452766832265226,32.55702209472656,31.865126540680645,32.55702209472656,571300,0.0,0.0
2019-10-04 00:00:00-04:00,32.6612835739465,32.6612835739465,32.026257434325736,32.632850646972656,488300,0.0,0.0
2019-10-07 00:00:00-04:00,32.56650352576756,32.82241070573048,32.22529395248365,32.42433166503906,540500,0.0,0.0
2019-10-08 00:00:00-04:00,31.884086169110205,32.22529576154895,31.467054231452195,31.72296142578125,729900,0.0,0.0
2019-10-09 00:00:00-04:00,32.05469847687873,32.12104440033559,31.722968859594424,31.9788761138916,715400,0.0,0.0
2019-10-10 00:00:00-04:00,32.1020779398732,32.74658409529975,31.988342622909848,32.54754638671875,816900,0.0,0.0
2019-10-11 00:00:00-04:00,33.09727567870718,34.33889878480046,32.84137207628828,33.87447738647461,966400,0.0,0.0
2019-10-14 00:00:00-04:00,33.77969043423621,34.21567884443892,33.552219792209,33.940818786621094,299300,0.0,0.0
2019-10-15 00:00:00-04:00,34.016641451145915,34.24411571090957,33.732301338126874,34.21567916870117,485600,0.0,0.0
2019-10-16 00:00:00-04:00,34.13985950623707,34.27255132835853,33.789173459833066,34.12090301513672,374700,0.0,0.0
2019-10-17 00:00:00-04:00,34.34837459598538,34.47158635509252,33.85551671281472,34.21567916870117,471200,0.0,0.0
2019-10-18 00:00:00-04:00,33.88394470941829,34.48106139078587,33.722819994530305,34.34836959838867,554600,0.0,0.0
2019-10-21 00:00:00-04:00,34.65167053966035,34.93601064727222,34.25359149653924,34.33889389038086,420600,0.0,0.0
2019-10-22 00:00:00-04:00,34.18724853912623,35.154007880812415,34.082989647045224,34.803321838378906,448600,0.0,0.0
2019-10-23 00:00:00-04:00,34.7654054854636,34.7654054854636,33.874472193712634,34.007164001464844,585200,0.0,0.0
2019-10-24 00:00:00-04:00,34.28202773236872,34.28202773236872,33.74178039107405,34.06403350830078,425200,0.0,0.0
2019-10-25 00:00:00-04:00,33.97873110622368,34.45263253652293,33.61856862241456,34.06403350830078,582600,0.0,0.0
2019-10-28 00:00:00-04:00,33.96924465586326,34.44314594647766,33.90289876442363,33.98820114135742,802600,0.0,0.0
2019-10-29 00:00:00-04:00,37.855244495808606,39.106343967518356,36.964311119161046,38.74618148803711,2712800,0.0,0.0
2019-10-30 00:00:00-04:00,38.95469539525945,39.3243415410623,38.43340455480335,38.97365188598633,1147700,0.0,0.0
2019-10-31 00:00:00-04:00,38.96417167479686,39.06843055590696,38.43340083259116,39.030517578125,825300,0.0,0.0
2019-11-01 00:00:00-04:00,39.33381661756736,39.675026207682556,38.90730462992337,39.163211822509766,792000,0.0,0.0
2019-11-04 00:00:00-05:00,39.38120893215831,39.6655490729791,39.17269475719962,39.51390075683594,688900,0.0,0.0
2019-11-05 00:00:00-05:00,39.71294203107121,40.6512648554864,39.475991311591265,40.52804946899414,1291000,0.0,0.0
2019-11-06 00:00:00-05:00,40.34796268389369,40.48065449009049,39.893017798827316,40.32900619506836,814100,0.0,0.0
2019-11-07 00:00:00-05:00,40.4616977289632,41.61801823046286,40.4616977289632,40.78395080566406,861500,0.0,0.0
2019-11-08 00:00:00-05:00,40.490132385044355,41.27680674368997,40.36691702203468,40.92612075805664,993000,0.0,0.0
2019-11-11 00:00:00-05:00,40.69865219923165,41.077774777283665,40.338489727221194,41.06829833984375,617800,0.0,0.0
2019-11-12 00:00:00-05:00,41.295763231505326,41.39054205500179,40.85029480679518,40.92612075805664,369200,0.0,0.0
2019-11-13 00:00:00-05:00,40.54700056988821,41.35263507836331,40.2910933930018,41.22941970825195,676300,0.0,0.0
2019-11-14 00:00:00-05:00,41.276806537652156,41.45689136320902,40.9640335292108,41.43793487548828,393700,0.0,0.0
2019-11-15 00:00:00-05:00,41.71279595573561,41.94027019851515,41.4853253285365,41.93079376220703,398300,0.0,0.0
2019-11-18 00:00:00-05:00,41.84549627399203,42.01610107216255,41.67489147582152,41.96870803833008,470500,0.0,0.0
2019-11-19 00:00:00-05:00,42.10139256276075,42.461558587129765,41.13463702803272,41.17254638671875,542700,0.0,0.0
2019-11-20 00:00:00-05:00,41.0777703402109,41.11568331703705,40.38587478324578,40.679691314697266,498000,0.0,0.0
2019-11-21 00:00:00-05:00,40.76499999131008,40.95456128909341,39.97832548654363,40.082584381103516,447300,0.0,0.0
2019-11-22 00:00:00-05:00,40.21528231363409,40.51857898992619,39.97833155930704,40.385887145996094,315000,0.0,0.0
2019-11-25 00:00:00-05:00,40.547005891864906,41.16307920770352,40.40483762976595,40.755523681640625,574200,0.0,0.0
2019-11-26 00:00:00-05:00,40.87873956100128,41.172556142231755,40.613352293836265,41.03038787841797,593300,0.0,0.0
2019-11-27 00:00:00-05:00,41.238901557706754,41.362116943990685,40.547005891864906,40.755523681640625,470700,0.0,0.0
2019-11-29 00:00:00-05:00,40.51856505410456,40.717602751543346,40.23422496982341,40.25318145751953,289900,0.0,0.0
2019-12-02 00:00:00-05:00,40.480653567198985,40.509090107578956,39.62763328298968,39.722412109375,444700,0.0,0.0
2019-12-03 00:00:00-05:00,39.17269200160298,39.532854467369255,38.89782831805967,39.049476623535156,540900,0.0,0.0
2019-12-04 00:00:00-05:00,39.409643435757424,40.15840492416465,39.25799151188867,39.769805908203125,807200,0.0,0.0
2019-12-05 00:00:00-05:00,40.0162384692165,40.32901153731513,39.84563366276961,40.082584381103516,587500,0.0,0.0
2019-12-06 00:00:00-05:00,40.49013309283653,41.06829332678045,40.46169655282622,40.632301330566406,583200,0.0,0.0
2019-12-09 00:00:00-05:00,40.518566017266416,40.926121473470154,40.433263628396325,40.632301330566406,550600,0.0,0.0
2019-12-10 00:00:00-05:00,40.51856635160394,40.83134298523529,39.978319089495656,40.006752014160156,456900,0.0,0.0
2019-12-11 00:00:00-05:00,40.17736258893758,40.17736258893758,39.69398472201095,39.92145538330078,372900,0.0,0.0
2019-12-12 00:00:00-05:00,39.76981125238954,40.75552719650976,39.52338407415016,40.423797607421875,488300,0.0,0.0
2019-12-13 00:00:00-05:00,40.32867230876184,40.56645928315704,39.93870181588737,40.25257873535156,409400,0.15,0.0
2019-12-16 00:00:00-05:00,40.575976184153504,40.956436860331216,40.100402153102316,40.37623596191406,783100,0.0,0.0
2019-12-17 00:00:00-05:00,40.49036804116136,40.62352817395536,39.95772388164388,40.347694396972656,448700,0.0,0.0
2019-12-18 00:00:00-05:00,40.53791917642289,41.14665320224942,40.30964573090844,41.03251647949219,669900,0.0,0.0
2019-12-19 00:00:00-05:00,40.92789492935542,41.08007845548525,40.385740890746554,40.78522491455078,433600,0.0,0.0
2019-12-20 00:00:00-05:00,40.946918505278894,41.470049151899126,40.65206496303664,41.40346908569336,2092000,0.0,0.0
2019-12-23 00:00:00-05:00,41.527118161028035,41.88855538759902,40.73766727190402,41.20372772216797,749300,0.0,0.0
2019-12-24 00:00:00-05:00,41.20372507087337,41.374931976214654,40.062346911378526,41.25128173828125,246100,0.0,0.0
2019-12-26 00:00:00-05:00,41.289330640970164,41.622230958238475,40.31915933706365,40.728153228759766,495300,0.0,0.0
2019-12-27 00:00:00-05:00,40.72816071803625,40.88034426653472,40.34770003261908,40.56646728515625,277600,0.0,0.0
2019-12-30 00:00:00-05:00,40.69010909816484,41.04203646035844,39.586777595315525,40.83278274536133,497900,0.0,0.0
2019-12-31 00:00:00-05:00,40.69962441577788,41.175198423080715,40.69962441577788,40.90887451171875,337500,0.0,0.0
2020-01-02 00:00:00-05:00,40.98497059118514,41.08008394710306,40.46183987695266,41.00399398803711,363600,0.0,0.0
2020-01-03 00:00:00-05:00,40.499888789479826,41.127646405069434,40.42379519809095,41.089599609375,559800,0.0,0.0
2020-01-06 00:00:00-05:00,40.737674152967756,41.3464083457992,40.433303428210046,41.32738494873047,562300,0.0,0.0
2020-01-07 00:00:00-05:00,41.20373205949948,41.33689220216349,40.575974509553596,40.61402130126953,438600,0.0,0.0
2020-01-08 00:00:00-05:00,40.62352485700388,40.86131182567518,40.25257776641123,40.518898010253906,479200,0.0,0.0
2020-01-09 00:00:00-05:00,40.68059598593806,40.68059598593806,39.88163160740597,39.948211669921875,360200,0.0,0.0
2020-01-10 00:00:00-05:00,39.95772369527479,40.081373944438845,39.2919230344102,39.577266693115234,431300,0.0,0.0
2020-01-13 00:00:00-05:00,39.54873769534725,40.08137828167637,39.339483963094025,40.0528450012207,366300,0.0,0.0
2020-01-14 00:00:00-05:00,40.01479820838523,40.52841902663849,39.87212454942315,40.0528450012207,478200,0.0,0.0
2020-01-15 00:00:00-05:00,39.97674942558557,40.52841700921337,39.47264214480558,39.67238235473633,441600,0.0,0.0
2020-01-16 00:00:00-05:00,39.91017361761475,40.64255809391382,39.85310705344994,40.30014419555664,378100,0.0,0.0
2020-01-17 00:00:00-05:00,40.471339492911426,40.471339492911426,40.03381236135025,40.29062271118164,393500,0.0,0.0
2020-01-21 00:00:00-05:00,40.27160594615623,40.30013922471918,39.348991236976566,39.49166488647461,556000,0.0,0.0
2020-01-22 00:00:00-05:00,39.700917105579876,40.10990738678977,39.558243461469765,39.73896026611328,648100,0.0,0.0
2020-01-23 00:00:00-05:00,39.596292395826886,40.06235288560211,38.80683781143379,39.976749420166016,649800,0.0,0.0
2020-01-24 00:00:00-05:00,40.05284015166064,40.05284015166064,39.111202098875644,39.40605926513672,287800,0.0,0.0
2020-01-27 00:00:00-05:00,38.59758395271279,39.596288533147636,38.3502834640923,38.911460876464844,446100,0.0,0.0
2020-01-28 00:00:00-05:00,39.18730330511268,39.28241666586185,38.76879580979518,39.10169982910156,375600,0.0,0.0
2020-01-29 00:00:00-05:00,39.158760566439376,39.32996749298186,38.550026440217955,38.56904983520508,401800,0.0,0.0
2020-01-30 00:00:00-05:00,38.25517504657888,38.65465547881654,37.81764419387913,38.19810485839844,365300,0.0,0.0
2020-01-31 00:00:00-05:00,38.09347014715052,38.312233714265155,36.51456488282401,36.67626190185547,925300,0.0,0.0
2020-02-03 00:00:00-05:00,36.92356057765137,37.380111126706915,36.53359009022844,36.75235366821289,1034700,0.0,0.0
2020-02-04 00:00:00-05:00,37.342067189260135,37.54181101773711,36.32433916570342,36.409942626953125,1060400,0.0,0.0
2020-02-05 00:00:00-05:00,36.895028333687854,37.38962568274441,36.47652093076389,37.09476852416992,814600,0.0,0.0
2020-02-06 00:00:00-05:00,37.25646359425054,37.62741434389511,36.55261614058355,37.16135025024414,580700,0.0,0.0
2020-02-07 00:00:00-05:00,36.895034556104804,37.265981723372825,35.45879893658683,35.668052673339844,529800,0.0,0.0
2020-02-10 00:00:00-05:00,35.40173128144299,35.553914823016996,34.60276678109401,34.707393646240234,951400,0.0,0.0
2020-02-11 00:00:00-05:00,34.735923116434634,35.13540350862138,34.29839593594207,34.85957336425781,952700,0.0,0.0
2020-02-12 00:00:00-05:00,35.12589515158172,36.72382404642549,34.96419810842862,36.59066390991211,1118800,0.0,0.0
2020-02-13 00:00:00-05:00,36.25775827828132,36.42896519690538,35.49684065569742,36.2197151184082,486600,0.0,0.0
2020-02-14 00:00:00-05:00,36.13411683853568,36.16265011961582,35.42075578479657,35.515869140625,704500,0.0,0.0
2020-02-18 00:00:00-05:00,35.24954784194666,35.76316502853264,35.05931750734282,35.6300048828125,682300,0.0,0.0
2020-02-19 00:00:00-05:00,35.858282535095505,35.858282535095505,35.16394488771452,35.344661712646484,845000,0.0,0.0
2020-02-20 00:00:00-05:00,35.25905509464535,35.63951573546039,35.10687156398764,35.52537536621094,577500,0.0,0.0
2020-02-21 00:00:00-05:00,35.401726516101434,35.401726516101434,34.41253181485261,34.526668548583984,517700,0.0,0.0
2020-02-24 00:00:00-05:00,33.25213127660856,33.77526192053625,32.909717435974734,33.66112518310547,937700,0.0,0.0
2020-02-25 00:00:00-05:00,33.699175684699085,33.699175684699085,32.70998084239805,32.89070129394531,786800,0.0,0.0
2020-02-26 00:00:00-05:00,33.137993016629906,33.794283762130036,32.833625978571185,33.14750289916992,1155200,0.0,0.0
2020-02-27 00:00:00-05:00,29.894581827878035,32.63388907443154,29.495099596679434,31.150096893310547,2506700,0.0,0.0
2020-02-28 00:00:00-05:00,30.103836306764844,31.521046725326652,30.103836306764844,31.102542877197266,1789100,0.0,0.0
2020-03-02 00:00:00-05:00,31.18814111443423,31.682738467392035,30.322594839672732,31.12156105041504,1421500,0.0,0.0
2020-03-03 00:00:00-05:00,31.254722578858164,32.09173380047014,30.20845945892858,30.64598846435547,1266700,0.0,0.0
2020-03-04 00:00:00-05:00,31.007426132820953,31.397396702702753,30.417715335806474,31.188146591186523,679900,0.0,0.0
2020-03-05 00:00:00-05:00,30.44624453330107,30.98840220733183,29.875557209946553,30.34161949157715,1568300,0.0,0.0
2020-03-06 00:00:00-05:00,29.466560578131464,30.550868569431184,29.295353671258752,30.45575523376465,798600,0.0,0.0
2020-03-09 00:00:00-04:00,28.791251611433847,29.923116473036508,28.03984378889524,29.228778839111328,865000,0.0,0.0
2020-03-10 00:00:00-04:00,30.01823187599997,30.265530586090584,28.486884752912875,29.54265785217285,893000,0.0,0.0
2020-03-11 00:00:00-04:00,28.90538288635154,29.12414827293242,27.38354776160975,27.573776245117188,722100,0.0,0.0
2020-03-12 00:00:00-04:00,25.956829224499806,26.755791858031607,24.701312367988013,25.509788513183594,1131700,0.0,0.0
2020-03-13 00:00:00-04:00,26.537026191277214,27.012600143859856,23.940392845576955,26.41337776184082,1202500,0.0,0.0
2020-03-16 00:00:00-04:00,24.43380949033985,24.778082938183136,20.646808860156785,20.895450592041016,1065800,0.15,0.0
2020-03-17 00:00:00-04:00,21.2205961563905,21.51705281782065,18.810685803029028,20.981517791748047,1398400,0.0,0.0
2020-03-18 00:00:00-04:00,19.786128897906888,20.474674033369123,15.664415967947509,16.85980796813965,1390500,0.0,0.0
2020-03-19 00:00:00-04:00,16.515532703241544,22.588123101964666,16.19038600432249,21.68918800354004,1322600,0.0,0.0
2020-03-20 00:00:00-04:00,21.708318324119006,21.708318324119006,18.303840771330815,18.542919158935547,1885300,0.0,0.0
2020-03-23 00:00:00-04:00,19.394036657566378,20.96239007000846,17.03194136187466,20.646806716918945,1588500,0.0,0.0
2020-03-24 00:00:00-04:00,21.526615742823182,23.10453255325186,21.239720616548706,22.922832489013672,1034000,0.0,0.0
2020-03-25 00:00:00-04:00,23.075843913849855,24.00346917467386,21.737005380892874,21.976083755493164,1751700,0.0,0.0
2020-03-26 00:00:00-04:00,21.823072839014223,23.047154722985006,20.7806910229506,22.97064971923828,1813700,0.0,0.0
2020-03-27 00:00:00-04:00,21.851762094699655,23.506183879810187,21.17277861543191,22.875017166137695,962200,0.0,0.0
2020-03-30 00:00:00-04:00,22.97064978912945,23.047154793108955,21.450111239016564,21.880451202392578,1552500,0.0,0.0
2020-03-31 00:00:00-04:00,21.670062010819024,22.54987043259732,21.191905299505237,22.215160369873047,1038800,0.0,0.0
2020-04-01 00:00:00-04:00,21.086712966833186,21.411859718505188,19.6522426473473,20.092147827148438,816800,0.0,0.0
2020-04-02 00:00:00-04:00,20.025206543780914,20.713751653312023,19.489669634566685,20.139963150024414,690300,0.0,0.0
2020-04-03 00:00:00-04:00,20.14952360580097,20.3120969612773,18.858500115138717,19.585298538208008,643500,0.0,0.0
2020-04-06 00:00:00-04:00,19.43228953702661,21.631811625850066,19.365347885562205,21.029333114624023,1065300,0.0,0.0
2020-04-07 00:00:00-04:00,21.918707323376942,23.07584587947762,21.717880523113948,21.746570587158203,945100,0.0,0.0
2020-04-08 00:00:00-04:00,22.291666455506412,24.347740049406227,21.832636428072846,23.888710021972656,654500,0.0,0.0
2020-04-09 00:00:00-04:00,24.883275946445963,25.055412656105283,24.022594222172476,24.443370819091797,747500,0.0,0.0
2020-04-13 00:00:00-04:00,24.31905303877383,25.16060813149649,23.171476088310563,23.582691192626953,465700,0.0,0.0
2020-04-14 00:00:00-04:00,24.15647995540891,24.500753409450656,22.85589297260524,23.171476364135742,851900,0.0,0.0
2020-04-15 00:00:00-04:00,22.33948509124987,22.415990102218945,21.737006533847985,21.890016555786133,586000,0.0,0.0
2020-04-16 00:00:00-04:00,21.85176534990622,22.043026968709714,21.06758851755813,21.488365173339844,764900,0.0,0.0
2020-04-17 00:00:00-04:00,22.40642281189413,23.52530954078587,22.090839469079697,22.320354461669922,708600,0.0,0.0
2020-04-20 00:00:00-04:00,22.1673466615885,22.1673466615885,20.799818099307554,21.029333114624023,833400,0.0,0.0
2020-04-21 00:00:00-04:00,20.608557171099925,20.704188895072633,19.910448686938967,20.42685890197754,768100,0.0,0.0
2020-04-22 00:00:00-04:00,20.866759628297704,20.866759628297704,19.96782445556695,20.570302963256836,600000,0.0,0.0
2020-04-23 00:00:00-04:00,20.62767999666332,20.857194996567834,19.422724879147317,19.766998291015625,1188400,0.0,0.0
2020-04-24 00:00:00-04:00,19.900883040253678,21.15365501437615,19.814814680992647,20.818944931030273,1322300,0.0,0.0
2020-04-27 00:00:00-04:00,21.038895385783835,22.492492232021718,20.771126969680086,22.22472381591797,722800,0.0,0.0
2020-04-28 00:00:00-04:00,22.989778438378217,23.305361834458026,22.27254328146743,22.54030990600586,1436300,0.0,0.0
2020-04-29 00:00:00-04:00,22.530747057804415,25.72483450758424,22.530747057804415,25.055416107177734,1415600,0.0,0.0
2020-04-30 00:00:00-04:00,24.1756059123183,25.256239363660534,23.821769115104168,23.97477912902832,739000,0.0,0.0
2020-05-01 00:00:00-04:00,23.190603024296475,23.515749769321875,22.444677816763498,22.94196128845215,471300,0.0,0.0
2020-05-04 00:00:00-04:00,22.435115990406025,22.674194388380634,21.63181425131289,21.77526092529297,1024100,0.0,0.0
2020-05-05 00:00:00-04:00,22.329919917096827,22.951523308565847,21.631811520893514,21.67962646484375,617000,0.0,0.0
2020-05-06 00:00:00-04:00,21.727440608057496,22.014335733255336,21.010205531097576,21.14409065246582,505700,0.0,0.0
2020-05-07 00:00:00-04:00,21.50749048803038,22.13865725480584,21.50749048803038,21.765695571899414,554800,0.0,0.0
2020-05-08 00:00:00-04:00,22.33948280211189,22.999337770095735,21.803945956181753,22.951522827148438,463800,0.0,0.0
2020-05-11 00:00:00-04:00,22.626380491740594,22.626380491740594,21.364046783511892,21.899581909179688,557900,0.0,0.0
2020-05-12 00:00:00-04:00,21.94739202284884,22.157780302344925,20.646805288451,20.70418357849121,683400,0.0,0.0
2020-05-13 00:00:00-04:00,19.900882272849874,20.178214047335192,19.04976389078125,19.623552322387695,1042600,0.0,0.0
2020-05-14 00:00:00-04:00,18.284713587644145,19.040200248995664,17.051068387178667,18.93500518798828,1538100,0.0,0.0
2020-05-15 00:00:00-04:00,18.78199310197972,19.671364785252628,18.628983116042757,19.34621810913086,1014400,0.0,0.0
2020-05-18 00:00:00-04:00,19.872194803182143,21.211033312542433,19.872194803182143,20.818944931030273,1373400,0.0,0.0
2020-05-19 00:00:00-04:00,20.675500911228557,21.172782598814507,19.5374872122826,19.55661392211914,966900,0.0,0.0
2020-05-20 00:00:00-04:00,20.006077779941076,20.71374952583675,19.47054274975414,20.560739517211914,1972700,0.0,0.0
2020-05-21 00:00:00-04:00,20.560737733164114,21.851761164934835,20.484232735490004,21.670061111450195,885600,0.0,0.0
2020-05-22 00:00:00-04:00,21.832636547327063,22.339483345401288,20.847633012058623,21.249284744262695,446900,0.0,0.0
2020-05-26 00:00:00-04:00,22.31078995830501,23.668754962444563,22.282099901702278,23.496618270874023,1511600,0.0,0.0
2020-05-27 00:00:00-04:00,24.156475619228047,25.160603914573827,23.735697231377628,24.653759002685547,1021600,0.0,0.0
2020-05-28 00:00:00-04:00,25.906534046268682,26.193427379786115,23.429681822019084,23.659196853637695,1262500,0.0,0.0
2020-05-29 00:00:00-04:00,23.28623276258023,23.391426001248817,22.368170906414086,22.49249267578125,1159300,0.0,0.0
2020-06-01 00:00:00-04:00,22.635939254299448,23.515747694257897,22.282102478045477,23.152347564697266,752700,0.0,0.0
2020-06-02 00:00:00-04:00,23.45837247527836,24.127790878338487,23.133225716297616,23.95565414428711,876400,0.0,0.0
2020-06-03 00:00:00-04:00,24.586819534420265,25.332744730927146,24.366867864278856,25.122356414794922,580700,0.0,0.0
2020-06-04 00:00:00-04:00,24.921528925339963,26.107357428664482,24.39555723784117,25.9256591796875,846600,0.0,0.0
2020-06-05 00:00:00-04:00,27.685276143460758,28.689404573939346,26.90109755292691,27.034982681274414,972800,0.0,0.0
2020-06-08 00:00:00-04:00,27.685275926435917,28.517267631105174,26.375125658592736,26.566389083862305,675500,0.0,0.0
2020-06-09 00:00:00-04:00,25.80133593885177,26.040414296678097,25.122354278156095,25.54313087463379,512600,0.0,0.0
2020-06-10 00:00:00-04:00,25.32318248581145,25.32318248581145,23.907838862893747,24.137353897094727,576000,0.0,0.0
2020-06-11 00:00:00-04:00,22.655068720892803,23.01846707070172,22.04302680286564,22.13865852355957,1245900,0.0,0.0
2020-06-12 00:00:00-04:00,23.25754222224342,23.38186398904304,21.842198789908267,22.44467544555664,1044000,0.0,0.0
2020-06-15 00:00:00-04:00,21.756132780938955,22.406426272388774,21.421422681042927,22.2821044921875,1073400,0.0,0.0
2020-06-16 00:00:00-04:00,23.257543770332312,24.223420613507773,23.209728825471668,23.726137161254883,1126200,0.0,0.0
2020-06-17 00:00:00-04:00,23.649632730280604,24.166042902647398,21.90914242908575,22.234289169311523,768700,0.0,0.0
2020-06-18 00:00:00-04:00,21.93783234792452,22.52118234650286,21.52661724832164,21.995210647583008,547900,0.0,0.0
2020-06-19 00:00:00-04:00,22.530744611491066,22.84632798039482,21.201469485506053,21.430984497070312,950900,0.0,0.0
2020-06-22 00:00:00-04:00,21.440545988352966,22.41598607079734,21.04845764964899,22.310791015625,639900,0.0,0.0
2020-06-23 00:00:00-04:00,22.702881687626032,23.601816865248832,22.062151586132632,23.458370208740234,1579200,0.0,0.0
2020-06-24 00:00:00-04:00,23.60181588402134,24.194729192679826,22.674190684052853,22.91326904296875,1458000,0.0,0.0
2020-06-25 00:00:00-04:00,22.712444097010497,23.123659166189544,22.444675678376363,22.91326904296875,714000,0.0,0.0
2020-06-26 00:00:00-04:00,22.65506404682382,22.903705739720312,21.536177340801107,21.83263397216797,1692600,0.0,0.0
2020-06-29 00:00:00-04:00,22.119528602362415,23.77395220524484,21.947393718939225,23.745262145996094,733900,0.0,0.0
2020-06-30 00:00:00-04:00,23.68788462655645,23.898272929194913,23.104532837573828,23.611379623413086,712100,0.0,0.0
2020-07-01 00:00:00-04:00,23.70701224142844,24.03215714922482,22.71244533844537,22.83676528930664,1044900,0.0,0.0
2020-07-02 00:00:00-04:00,23.142787747190606,23.70701286585515,22.57856262852606,22.68375587463379,440100,0.0,0.0
2020-07-06 00:00:00-04:00,23.200165239325003,23.448806962961083,22.205598344780675,22.808076858520508,518800,0.0,0.0
2020-07-07 00:00:00-04:00,22.597686125810217,22.60724947923738,21.526616078292133,21.631811141967773,571500,0.0,0.0
2020-07-08 00:00:00-04:00,21.65093678165119,21.918705214902676,21.124965092932907,21.727441787719727,580700,0.0,0.0
2020-07-09 00:00:00-04:00,21.679626855426694,21.78482192284025,20.704186659473425,21.05802345275879,868100,0.0,0.0
2020-07-10 00:00:00-04:00,20.89544751928307,21.526614198164697,20.799815817387035,21.421419143676758,531200,0.0,0.0
2020-07-13 00:00:00-04:00,21.71787783464029,21.92826796354034,20.79981778715228,21.21103286743164,590200,0.0,0.0
2020-07-14 00:00:00-04:00,20.991083610535945,21.97608542117257,20.71375179944806,21.0484619140625,528400,0.0,0.0
2020-07-15 00:00:00-04:00,21.64137220101676,22.941959054473415,21.50748890399262,22.463802337646484,851000,0.0,0.0
2020-07-16 00:00:00-04:00,22.10040623500611,22.56899964525123,21.985647808975955,22.2821044921875,317500,0.0,0.0
2020-07-17 00:00:00-04:00,22.26298158657471,22.26298158657471,21.325792858765002,21.3831729888916,593300,0.0,0.0
2020-07-20 00:00:00-04:00,21.220594817072033,21.42141975516569,20.254718065994176,20.828506469726562,715800,0.0,0.0
2020-07-21 00:00:00-04:00,21.11540245529199,21.51705420677947,20.962392437965644,21.364044189453125,1158700,0.0,0.0
2020-07-22 00:00:00-04:00,21.163217818446125,21.870891442545172,21.163217818446125,21.641374588012695,644100,0.0,0.0
2020-07-23 00:00:00-04:00,21.670063909479484,22.511620816579164,21.44054888682228,21.995210647583008,583300,0.0,0.0
2020-07-24 00:00:00-04:00,22.09084225424517,22.24385226859649,21.450112135140294,21.53618049621582,551700,0.0,0.0
2020-07-27 00:00:00-04:00,21.54574426903689,21.737005878683185,21.086712393034567,21.364044189453125,1181900,0.0,0.0
2020-07-28 00:00:00-04:00,21.383170661049956,21.72744228421371,20.92413879012617,21.115402221679688,629800,0.0,0.0
2020-07-29 00:00:00-04:00,21.918706946098716,22.655068827682655,21.297103494693115,21.698755264282227,1232400,0.0,0.0
2020-07-30 00:00:00-04:00,21.325789432761336,22.04302452790833,20.685059341469096,21.430984497070312,1003100,0.0,0.0
2020-07-31 00:00:00-04:00,21.105839138761386,21.392734289776243,20.130398908552785,20.25472068786621,1330300,0.0,0.0
2020-08-03 00:00:00-04:00,20.273847066450905,20.273847066450905,19.365348505709548,19.99651527404785,1260600,0.0,0.0
2020-08-04 00:00:00-04:00,19.986954190407996,20.187780998067407,19.71918754556007,20.034770965576172,952100,0.0,0.0
2020-08-05 00:00:00-04:00,20.13039703889737,21.01976882360146,20.13039703889737,20.924137115478516,855000,0.0,0.0
2020-08-06 00:00:00-04:00,20.81894586186082,20.914577579095862,19.967825584894534,20.484235763549805,711600,0.0,0.0
2020-08-07 00:00:00-04:00,20.34078779125382,21.038896181323068,20.23559272665979,20.99108123779297,623400,0.0,0.0
2020-08-10 00:00:00-04:00,21.12496457284909,21.756131313381378,21.12496457284909,21.440547943115234,571400,0.0,0.0
2020-08-11 00:00:00-04:00,21.83263700392133,22.444677056642334,21.583995276497614,21.966520309448242,767200,0.0,0.0
2020-08-12 00:00:00-04:00,22.21516448804446,22.40642793763498,21.39273603246147,21.794387817382812,512800,0.0,0.0
2020-08-13 00:00:00-04:00,21.784823305718245,21.985648275503312,21.536181564062915,21.890016555786133,437200,0.0,0.0
2020-08-14 00:00:00-04:00,21.765695295170858,22.023900375757076,21.58399522097798,21.73700523376465,531400,0.0,0.0
2020-08-17 00:00:00-04:00,21.851764209589014,21.89957915578886,21.335354035318957,21.354480743408203,664500,0.0,0.0
2020-08-18 00:00:00-04:00,21.364042685749858,21.364042685749858,20.264282579614374,20.53204917907715,955200,0.0,0.0
2020-08-19 00:00:00-04:00,20.54161337543836,20.63724508946649,19.42272651656269,19.51835823059082,1811000,0.0,0.0
2020-08-20 00:00:00-04:00,19.365349374273244,19.61399111598622,19.068892684702263,19.43229103088379,1463200,0.0,0.0
2020-08-21 00:00:00-04:00,19.355784240856934,19.700057670666205,19.145395935986368,19.221900939941406,1188200,0.0,0.0
2020-08-24 00:00:00-04:00,19.327096395221304,20.08258499187546,19.03063969892493,19.929574966430664,856300,0.0,0.0
2020-08-25 00:00:00-04:00,19.642678180258784,20.073018117350667,19.317531477199285,19.52791976928711,891700,0.0,0.0
2020-08-26 00:00:00-04:00,19.56617293097738,19.814814654732707,19.20277461104157,19.269716262817383,599900,0.0,0.0
2020-08-27 00:00:00-04:00,19.374909368927735,20.23559104928801,19.307967723925263,19.920007705688477,756600,0.0,0.0
2020-08-28 00:00:00-04:00,20.168651857302095,20.26428357208958,19.4227266707876,20.197341918945312,679600,0.0,0.0
2020-08-31 00:00:00-04:00,20.07301853352733,20.426855302671658,19.566171762597097,20.235591888427734,1310100,0.0,0.0
2020-09-01 00:00:00-04:00,19.958261085558632,20.484232716066515,19.8339393244417,20.35034942626953,739000,0.0,0.0
2020-09-02 00:00:00-04:00,20.40773277137978,20.838074629454777,20.34079110990666,20.723316192626953,703400,0.0,0.0
2020-09-03 00:00:00-04:00,20.780692631682268,21.09627602457121,20.388604229123985,20.50336265563965,657300,0.0,0.0
2020-09-04 00:00:00-04:00,20.809379117603786,20.82850582273945,19.948697450751727,20.541610717773438,512300,0.0,0.0
2020-09-08 00:00:00-04:00,20.235593140391895,20.551176516603157,19.97738806239453,20.159088134765625,565100,0.0,0.0
2020-09-09 00:00:00-04:00,20.46510744777129,20.46510744777129,19.547047412084044,19.633115768432617,602100,0.0,0.0
2020-09-10 00:00:00-04:00,19.680928518806073,19.95826026370601,19.250586785003737,19.384471893310547,803000,0.0,0.0
2020-09-11 00:00:00-04:00,19.60442441685832,19.700056120281744,18.791557673793733,19.049762725830078,594700,0.0,0.0
2020-09-14 00:00:00-04:00,19.116704317612747,20.025202761562664,18.982821027607798,19.920007705688477,765400,0.0,0.0
2020-09-15 00:00:00-04:00,20.12083728708527,20.350352312440734,19.64268052825556,19.805252075195312,634400,0.0,0.0
2020-09-16 00:00:00-04:00,19.862631183607746,20.58942963873704,19.805251062186326,20.12083625793457,807500,0.0,0.0
2020-09-17 00:00:00-04:00,19.80525314302543,20.28340992763568,19.585301459870323,19.70005989074707,552400,0.0,0.0
2020-09-18 00:00:00-04:00,19.88175860581659,19.88175860581659,19.05932840942855,19.317533493041992,1323600,0.0,0.0
2020-09-21 00:00:00-04:00,18.839375801329172,18.935005687652367,18.28471407014809,18.772432327270508,840700,0.0,0.0
2020-09-22 00:00:00-04:00,18.877625271528515,19.116703608539805,18.581168644360947,18.963693618774414,533100,0.0,0.0
2020-09-23 00:00:00-04:00,19.1358320506163,19.891318715670977,18.86806363220459,18.944568634033203,720300,0.0,0.0
2020-09-24 00:00:00-04:00,18.801124648095836,19.499233116720504,18.399472875567888,19.260154724121094,891300,0.0,0.0
2020-09-25 00:00:00-04:00,19.135831460452156,19.202773106984772,18.38034299467422,19.097578048706055,556300,0.0,0.0
2020-09-28 00:00:00-04:00,19.42272763870377,19.594864369094893,18.72461918680496,18.75330924987793,540600,0.0,0.0
2020-09-29 00:00:00-04:00,18.66723875567965,18.753307111059097,17.66310855092716,18.284713745117188,943000,0.0,0.0
2020-09-30 00:00:00-04:00,18.294276453148296,18.829813326466066,18.265588215522047,18.648113250732422,776800,0.0,0.0
2020-10-01 00:00:00-04:00,18.68636942412167,19.126272823531608,18.514232676866122,18.973262786865234,475200,0.0,0.0
2020-10-02 00:00:00-04:00,18.399470752218495,19.56617251681462,18.399470752218495,19.441852569580078,707500,0.0,0.0
2020-10-05 00:00:00-04:00,19.54704926627796,19.89132090030602,19.29840752702122,19.403602600097656,980500,0.0,0.0
2020-10-06 00:00:00-04:00,19.64268194953493,20.025207019472287,18.877629985636805,19.068893432617188,775600,0.0,0.0
2020-10-07 00:00:00-04:00,19.28884525000168,20.09214881430304,19.28884525000168,19.986953735351562,1079400,0.0,0.0
2020-10-08 00:00:00-04:00,20.273847717394652,20.675499475962653,20.187779353128413,20.51292610168457,643900,0.0,0.0
2020-10-09 00:00:00-04:00,20.656370909238223,20.83807097567963,19.920009114101656,20.082582473754883,853800,0.0,0.0
2020-10-12 00:00:00-04:00,20.77112923838538,21.526617803468902,20.23559417170772,20.283409118652344,955400,0.0,0.0
2020-10-13 00:00:00-04:00,20.053892627062734,20.350351113366116,19.814814261734753,19.881757736206055,659600,0.0,0.0
2020-10-14 00:00:00-04:00,19.853067839060703,20.33122457365073,19.633116178914854,20.13039779663086,671100,0.0,0.0
2020-10-15 00:00:00-04:00,19.767002183012355,21.95695937830429,19.767002183012355,21.794387817382812,2474900,0.0,0.0
2020-10-16 00:00:00-04:00,21.89957727197602,22.10996739481334,21.27797390473229,21.583993911743164,1011100,0.0,0.0
2020-10-19 00:00:00-04:00,21.70831452229876,22.329917856403767,21.583992761063946,21.670061111450195,1044800,0.0,0.0
2020-10-20 00:00:00-04:00,21.899580822868487,22.0334659656618,21.230162404995582,21.31623077392578,988400,0.0,0.0
2020-10-21 00:00:00-04:00,21.450112240769236,22.11953060084694,21.30666557961139,21.995210647583008,851300,0.0,0.0
2020-10-22 00:00:00-04:00,22.11952863379654,22.444675342985345,21.574430275457402,22.42555046081543,878500,0.0,0.0
2020-10-23 00:00:00-04:00,22.72200639304085,22.72200639304085,21.56486624123526,21.68918800354004,860800,0.0,0.0
2020-10-26 00:00:00-04:00,21.411859999918374,22.186475295918218,21.077151713524643,22.13865852355957,939900,0.0,0.0
2020-10-27 00:00:00-04:00,22.243850930047024,24.405119532731657,22.186472634123895,24.25210952758789,2014700,0.0,0.0
2020-10-28 00:00:00-04:00,23.879147490162133,24.481626017922345,23.03759241090644,23.534875869750977,2348500,0.0,0.0
2020-10-29 00:00:00-04:00,23.496625930665953,23.831336070720084,22.569002353051726,22.817644119262695,1202900,0.0,0.0
2020-10-30 00:00:00-04:00,22.79851291288413,23.17147457664283,22.549871195703943,22.96108627319336,971300,0.0,0.0
2020-11-02 00:00:00-05:00,22.99933963711487,23.477496401495827,22.79851467160605,23.171476364135742,1381800,0.0,0.0
2020-11-03 00:00:00-05:00,23.52531289244773,24.137352959885956,23.372302875588176,24.02259635925293,715300,0.0,0.0
2020-11-04 00:00:00-05:00,23.525314133182036,24.29992761238987,23.238418968421946,23.95565414428711,616300,0.0,0.0
2020-11-05 00:00:00-05:00,24.108665083857712,24.825900286933546,23.219294964223376,24.730270385742188,494900,0.0,0.0
2020-11-06 00:00:00-05:00,24.73982889147276,24.8258954208706,24.443370419012638,24.615507125854492,753500,0.0,0.0
2020-11-09 00:00:00-05:00,26.65245688422988,28.431198676254624,26.566388527064777,27.82872200012207,1556200,0.0,0.0
2020-11-10 00:00:00-05:00,27.876537479848924,28.62246264829247,27.16886572600294,27.446197509765625,1116400,0.0,0.0
2020-11-11 00:00:00-05:00,27.446197428751734,27.713964034051447,26.193425464727625,26.776777267456055,858600,0.0,0.0
2020-11-12 00:00:00-05:00,27.474886317815816,27.474886317815816,26.14561114131327,26.40381622314453,792200,0.0,0.0
2020-11-13 00:00:00-05:00,26.528133857495185,26.929785563912443,26.097793916062958,26.575950622558594,653300,0.0,0.0
2020-11-16 00:00:00-05:00,27.80959363664328,28.58420698096426,26.6811435312737,28.297313690185547,1304300,0.0,0.0
2020-11-17 00:00:00-05:00,28.115616740145878,28.947610293780976,27.503576679371815,28.88066864013672,1048900,0.0,0.0
2020-11-18 00:00:00-05:00,29.157999270133857,30.143002861307895,29.07193090663208,29.406641006469727,1284900,0.0,0.0
2020-11-19 00:00:00-05:00,29.205815154089866,29.588340189135362,28.239938300585454,29.081493377685547,930900,0.0,0.0
2020-11-20 00:00:00-05:00,28.813724335314436,29.951737886667644,28.45988936934568,29.894359588623047,906700,0.0,0.0
2020-11-23 00:00:00-05:00,30.22906728883353,31.82610892270002,30.009113819621756,31.816547393798828,891000,0.0,0.0
2020-11-24 00:00:00-05:00,32.44771267510927,33.32751921737478,31.520087546291368,33.18407440185547,926400,0.0,0.0
2020-11-25 00:00:00-05:00,32.897186950091836,32.897186950091836,31.328829693725933,31.653976440429688,879500,0.0,0.0
2020-11-27 00:00:00-05:00,31.730489641804986,32.0938898782367,31.386216117611504,31.950441360473633,340200,0.0,0.0
2020-11-30 00:00:00-05:00,31.567908126174242,31.567908126174242,29.970866276773258,30.095186233520508,1307700,0.0,0.0
2020-12-01 00:00:00-05:00,30.726352330488385,30.86979715991006,29.836980525497996,30.697660446166992,1456600,0.0,0.0
2020-12-02 00:00:00-05:00,30.707228640330577,30.936741849171376,30.248196750578952,30.821985244750977,396500,0.0,0.0
2020-12-03 00:00:00-05:00,31.147129581530628,31.81654974348139,30.697661081012217,31.424461364746094,428200,0.0,0.0
2020-12-04 00:00:00-05:00,31.84523876367552,32.44771728905555,31.520092028332733,32.39990234375,568600,0.0,0.0
2020-12-07 00:00:00-05:00,32.68680172959157,32.887626725971515,32.18951818042659,32.66767501831055,482000,0.0,0.0
2020-12-08 00:00:00-05:00,32.227769113905005,32.93543913641058,32.03650566391405,32.820682525634766,646300,0.0,0.0
2020-12-09 00:00:00-05:00,33.47096904617269,33.729174102294415,32.83980234722385,32.89718246459961,656300,0.0,0.0
2020-12-10 00:00:00-05:00,32.791994871489166,32.791994871489166,31.080192617924517,31.539222717285156,796000,0.0,0.0
2020-12-11 00:00:00-05:00,31.118440969032477,32.07475443226239,31.118440969032477,31.376646041870117,683100,0.0,0.0
2020-12-14 00:00:00-05:00,32.036494806637805,32.42858310461811,31.567899695370777,31.768728256225586,730000,0.0,0.0
2020-12-15 00:00:00-05:00,32.02694802678361,32.59117326642808,31.663547792424286,32.38078308105469,450600,0.0,0.0
2020-12-16 00:00:00-05:00,32.37122107114829,32.87806987208939,32.07476612423223,32.543357849121094,528400,0.0,0.0
2020-12-17 00:00:00-05:00,32.88762339695781,34.47510379211972,32.88762339695781,33.623985290527344,840400,0.0,0.0
2020-12-18 00:00:00-05:00,33.75786635357378,33.843934715855035,32.046064286005844,32.47640609741211,2525500,0.0,0.0
2020-12-21 00:00:00-05:00,31.061062302216843,32.80155259494111,30.783730509364407,32.65810775756836,429800,0.0,0.0
2020-12-22 00:00:00-05:00,32.85892391613233,33.15537868944657,32.093874044287546,32.96411895751953,438400,0.0,0.0
2020-12-23 00:00:00-05:00,33.12669843027281,33.623981878640556,32.734610048604495,33.442283630371094,328000,0.0,0.0
2020-12-24 00:00:00-05:00,33.80567921867873,33.80567921867873,32.81111599670984,33.1266975402832,233300,0.0,0.0
2020-12-28 00:00:00-05:00,33.66223740650665,34.302965728555655,33.06932403194618,33.47097396850586,617900,0.0,0.0
2020-12-29 00:00:00-05:00,33.48053100962373,34.00650630561337,32.2564510074213,32.51465606689453,425400,0.0,0.0
2020-12-30 00:00:00-05:00,32.30426459500233,33.53790972256021,31.405331337054534,33.241451263427734,410300,0.0,0.0
2020-12-31 00:00:00-05:00,33.36577769772446,34.140392952206184,33.03106942927055,33.77699279785156,702700,0.0,0.0
2021-01-04 00:00:00-05:00,33.81524149405877,34.293398181139814,32.4477130771633,32.80154800415039,623900,0.0,0.0
2021-01-05 00:00:00-05:00,32.35208356709794,33.27970506991923,31.673098291201757,32.83980178833008,488400,0.0,0.0
2021-01-06 00:00:00-05:00,33.14582439925149,35.04888979103051,33.14582439925149,34.685489654541016,1082400,0.0,0.0
2021-01-07 00:00:00-05:00,35.087138763219464,35.354909006807915,34.22645885695688,34.809810638427734,680300,0.0,0.0
2021-01-08 00:00:00-05:00,35.14452137527415,35.163648083175936,34.37947129943531,34.87675476074219,460000,0.0,0.0
2021-01-11 00:00:00-05:00,34.48466698516624,35.852195616188375,34.48466698516624,35.632240295410156,575100,0.0,0.0
2021-01-12 00:00:00-05:00,35.7278749391154,36.119963350091965,35.33578652813883,35.74700164794922,522300,0.0,0.0
2021-01-13 00:00:00-05:00,34.53247738096988,35.402722427114696,34.12126232803975,34.417720794677734,397600,0.0,0.0
2021-01-14 00:00:00-05:00,34.73331088111476,35.230594408361085,34.23602735386844,34.752437591552734,395400,0.0,0.0
2021-01-15 00:00:00-05:00,34.42728252942706,34.876750996491566,33.86305747538405,34.455970764160156,570300,0.0,0.0
2021-01-19 00:00:00-05:00,35.077575725915196,35.077575725915196,33.82480386140176,34.417720794677734,489300,0.0,0.0
2021-01-20 00:00:00-05:00,34.34121606893478,35.14451951812813,34.25514771194812,34.4464111328125,340800,0.0,0.0
2021-01-21 00:00:00-05:00,34.74287098882768,34.74287098882768,33.251020624858945,33.27970886230469,558900,0.0,0.0
2021-01-22 00:00:00-05:00,32.868494676246314,33.53791487016723,32.5624746415476,33.375343322753906,540900,0.0,0.0
2021-01-25 00:00:00-05:00,33.09801097818998,34.48466628948171,32.67723070141245,33.317962646484375,618100,0.0,0.0
2021-01-26 00:00:00-05:00,33.643105594016404,33.70048571112569,32.27557714463698,32.67722702026367,645400,0.0,0.0
2021-01-27 00:00:00-05:00,31.90262045930473,33.346652307766774,31.539220290587437,32.15126037597656,668200,0.0,0.0
2021-01-28 00:00:00-05:00,32.68679386004333,33.61441906958179,30.89848873835605,33.088443756103516,791900,0.0,0.0
2021-01-29 00:00:00-05:00,33.00237865934063,33.27014893120489,32.1130104233683,32.13213348388672,848800,0.0,0.0
2021-02-01 00:00:00-05:00,32.132134033479616,32.2851440565706,31.491405701800733,32.18951416015625,491000,0.0,0.0
2021-02-02 00:00:00-05:00,32.63897631051602,32.782421127060815,31.998244456202123,32.3425178527832,465400,0.0,0.0
2021-02-03 00:00:00-05:00,32.313833245766254,32.96412670161588,32.05562816935127,32.323394775390625,562800,0.0,0.0
2021-02-04 00:00:00-05:00,32.47640362078272,33.95868872654703,32.41902714900174,33.949127197265625,485700,0.0,0.0
2021-02-05 00:00:00-05:00,34.4464110784287,34.90544109895072,33.67179586677175,34.886314392089844,463200,0.0,0.0
2021-02-08 00:00:00-05:00,35.04889451713455,35.7278762902014,34.78112423138176,35.68006134033203,595900,0.0,0.0
2021-02-09 00:00:00-05:00,35.641806074779915,35.76612785643721,34.53248251426398,34.570735931396484,500700,0.0,0.0
2021-02-10 00:00:00-05:00,34.60898288431251,34.905441370896256,33.88218625816849,34.24558639526367,348400,0.0,0.0
2021-02-11 00:00:00-05:00,34.283837759926385,34.94369641437518,34.00650961546678,34.87675476074219,456700,0.0,0.0
2021-02-12 00:00:00-05:00,34.80981006092799,35.14451829980287,33.67179475266099,34.972381591796875,323600,0.0,0.0
2021-02-16 00:00:00-05:00,35.316656819446166,35.7948135555361,34.4750999424749,34.52291488647461,479800,0.0,0.0
2021-02-17 00:00:00-05:00,34.19777166676305,34.83850365581044,33.82480995805562,34.025638580322266,659700,0.0,0.0
2021-02-18 00:00:00-05:00,33.73873702493813,34.65680070064548,33.49009713546394,34.38903045654297,594200,0.0,0.0
2021-02-19 00:00:00-05:00,34.867189582768034,35.70874649021402,34.647237913967274,34.87675476074219,451400,0.0,0.0
2021-02-22 00:00:00-05:00,34.48466143017815,35.93825819011949,33.9395631012059,35.84262466430664,342100,0.0,0.0
2021-02-23 00:00:00-05:00,35.74700183110724,36.01476846005929,34.9628250051362,35.76612854003906,553400,0.0,0.0
2021-02-24 00:00:00-05:00,36.06258271178094,37.076276377306606,35.546172524736924,36.36860275268555,531600,0.0,0.0
2021-02-25 00:00:00-05:00,35.53661630349735,36.98064835924526,35.364479548766184,36.1008415222168,950200,0.0,0.0
2021-02-26 00:00:00-05:00,36.28252970883285,36.416416651502075,35.13495652746601,35.3740348815918,674200,0.0,0.0
2021-03-01 00:00:00-05:00,36.11995847609647,36.82762836722196,35.53660670354538,36.29209518432617,548700,0.0,0.0
2021-03-02 00:00:00-05:00,36.08170593257474,36.167774288762445,33.93956585330833,33.96825408935547,1119600,0.0,0.0
2021-03-03 00:00:00-05:00,34.28383673426663,34.86718853965631,33.77699175819525,34.32209014892578,624200,0.0,0.0
2021-03-04 00:00:00-05:00,34.32209401032449,35.22103111571729,33.06932554768923,33.423160552978516,799300,0.0,0.0
2021-03-05 00:00:00-05:00,33.155391949130504,34.188212425206295,32.09388687944862,34.073455810546875,758800,0.0,0.0
2021-03-08 00:00:00-05:00,34.1977672140581,36.569427769741864,34.1977672140581,35.94782257080078,761700,0.0,0.0
2021-03-09 00:00:00-05:00,36.15821424633287,37.33447939723787,35.43141395351658,37.01889419555664,704000,0.0,0.0
2021-03-10 00:00:00-05:00,37.296225158333854,37.80307012772612,36.82762995505029,37.36316680908203,628700,0.0,0.0
2021-03-11 00:00:00-05:00,37.47792386211518,38.17603226277908,37.171903841222694,38.08040237426758,556700,0.0,0.0
2021-03-12 00:00:00-05:00,38.14735033593881,38.72114070605997,37.30579331525599,37.46836853027344,781500,0.0,0.0
2021-03-15 00:00:00-04:00,37.343565482055,37.96755599975586,36.930770008436504,37.96755599975586,804300,0.15,0.0
2021-03-16 00:00:00-04:00,38.02515388267884,38.02515388267884,36.27797470076201,36.49877166748047,584500,0.0,0.0
2021-03-17 00:00:00-04:00,36.47957026595852,36.796368291849426,35.56758027689631,36.26837158203125,660300,0.0,0.0
2021-03-18 00:00:00-04:00,36.23957464849487,36.59476945410815,35.66358287387516,35.893978118896484,643700,0.0,0.0
2021-03-19 00:00:00-04:00,35.79797892867055,36.921163931893425,35.3179845863566,36.70036697387695,1351500,0.0,0.0
2021-03-22 00:00:00-04:00,36.50837490711918,36.690775132908925,35.33719099668419,35.625186920166016,767600,0.0,0.0
2021-03-23 00:00:00-04:00,35.10678816586901,35.567582324732236,33.695603536679705,34.01240158081055,761900,0.0,0.0
2021-03-24 00:00:00-04:00,34.56919506650794,35.34678731262289,34.35800002077547,34.396400451660156,856500,0.0,0.0
2021-03-25 00:00:00-04:00,33.945206135492455,35.71158575627359,33.52280870008963,35.375587463378906,608200,0.0,0.0
2021-03-26 00:00:00-04:00,35.980383916207664,37.17077177621016,35.46198902578398,37.103572845458984,633200,0.0,0.0
2021-03-29 00:00:00-04:00,36.85397220304684,37.45876621766902,35.1643933999619,35.35639190673828,584300,0.0,0.0
2021-03-30 00:00:00-04:00,35.519587775286496,36.27797985262785,35.29879077721247,35.78838348388672,526500,0.0,0.0
2021-03-31 00:00:00-04:00,35.92277835602445,36.297177056008266,35.05879065207693,35.76918029785156,812100,0.0,0.0
2021-04-01 00:00:00-04:00,35.90358236304825,36.24917525277751,35.35638904339363,35.67318344116211,577200,0.0,0.0
2021-04-05 00:00:00-04:00,36.22997534965778,36.97876536793732,35.394782539351525,36.7675666809082,447000,0.0,0.0
2021-04-06 00:00:00-04:00,36.94996840670998,37.90995715171909,36.709971220457696,36.988365173339844,403100,0.0,0.0
2021-04-07 00:00:00-04:00,37.0651659206888,38.10195185794595,36.5179726306235,37.161163330078125,670000,0.0,0.0
2021-04-08 00:00:00-04:00,37.30516854791264,37.30516854791264,36.239580302748784,36.3643798828125,367100,0.0,0.0
2021-04-09 00:00:00-04:00,36.527569263477915,37.59315730526763,35.913177082066326,36.6043701171875,477400,0.0,0.0
2021-04-12 00:00:00-04:00,36.42197166730181,37.14196322605865,36.210776633604986,36.988365173339844,597600,0.0,0.0
2021-04-13 00:00:00-04:00,36.748362740261165,36.82516358668838,35.78837413231649,36.594764709472656,420600,0.0,0.0
2021-04-14 00:00:00-04:00,36.66197018358855,37.42996413711052,35.96117881375634,36.95956802368164,407500,0.0,0.0
2021-04-15 00:00:00-04:00,37.44915516699116,37.8523522993323,36.671566713727444,36.911563873291016,466000,0.0,0.0
2021-04-16 00:00:00-04:00,37.40116375554316,38.20755451529403,37.40116375554316,37.51636505126953,511700,0.0,0.0
2021-04-19 00:00:00-04:00,37.439565030771014,37.70836073605363,37.07476824355402,37.49716567993164,471900,0.0,0.0
2021-04-20 00:00:00-04:00,37.305159068492635,37.439556891917675,36.29717173073883,36.911563873291016,473100,0.0,0.0
2021-04-21 00:00:00-04:00,37.055565577462986,38.32275047868995,36.86357075042045,37.97715759277344,479600,0.0,0.0
2021-04-22 00:00:00-04:00,38.17875655128009,39.493940234807845,37.189969219365075,38.860347747802734,594700,0.0,0.0
2021-04-23 00:00:00-04:00,39.2443451059482,40.05073588422339,39.033146387664964,39.954734802246094,579900,0.0,0.0
2021-04-26 00:00:00-04:00,39.964328596357596,40.31952337211439,39.292335807742475,39.36913299560547,574600,0.0,0.0
2021-04-27 00:00:00-04:00,39.397936482247836,40.92431863675508,39.397936482247836,40.789920806884766,856100,0.0,0.0
2021-04-28 00:00:00-04:00,38.735548996840265,38.90834728443015,37.372366574816574,38.41875457763672,1012300,0.0,0.0
2021-04-29 00:00:00-04:00,39.20593911527888,39.20593911527888,37.593157787358194,38.88914108276367,846800,0.0,0.0
2021-04-30 00:00:00-04:00,38.773944195784644,39.301937264558376,38.59154765553666,39.04273986816406,621300,0.0,0.0
2021-05-03 00:00:00-04:00,39.48433958556093,40.49232707313769,39.34994174215958,40.35792922973633,777200,0.0,0.0
2021-05-04 00:00:00-04:00,40.03152886739804,40.94351884988887,39.97392822799667,40.789920806884766,547900,0.0,0.0
2021-05-05 00:00:00-04:00,40.95311831738922,41.29871483972381,40.18512808001585,40.7611198425293,399000,0.0,0.0
2021-05-06 00:00:00-04:00,40.933925147982094,41.46191829815905,40.40593199780515,41.11632537841797,336000,0.0,0.0
2021-05-07 00:00:00-04:00,40.76112567590055,41.54831623962228,40.76112567590055,41.394718170166016,356800,0.0,0.0
2021-05-10 00:00:00-04:00,41.57711660424074,41.817113806306644,39.877935974166164,39.906734466552734,456300,0.0,0.0
2021-05-11 00:00:00-04:00,39.23474327081151,39.8395372716392,38.88914669890996,39.35954284667969,410300,0.0,0.0
2021-05-12 00:00:00-04:00,39.023545121218795,39.397940157083795,37.24756369238415,37.3051643371582,463300,0.0,0.0
2021-05-13 00:00:00-04:00,37.506759828553655,38.77394467406812,37.506759828553655,38.524349212646484,520600,0.0,0.0
2021-05-14 00:00:00-04:00,38.629947534444526,39.5323356089373,38.31314950044407,39.3979377746582,376000,0.0,0.0
2021-05-17 00:00:00-04:00,39.49394381089827,40.34833336870059,39.426744879075656,40.22353744506836,468400,0.0,0.0
2021-05-18 00:00:00-04:00,40.204332438613896,40.703527059888124,39.65713910919279,39.73393630981445,381700,0.0,0.0
2021-05-19 00:00:00-04:00,39.14833958629916,39.68593459823232,38.25554976648026,38.697147369384766,466700,0.0,0.0
2021-05-20 00:00:00-04:00,38.658744511473095,39.42673472163796,37.67955562023808,38.32274627685547,785800,0.0,0.0
2021-05-21 00:00:00-04:00,38.83154558341015,39.05234255597031,37.55475879096248,37.583560943603516,657200,0.0,0.0
2021-05-24 00:00:00-04:00,37.71796522535896,39.46514475195487,37.449165839836226,39.301944732666016,1062600,0.0,0.0
2021-05-25 00:00:00-04:00,39.79153574075762,40.0315329362241,38.476352134979884,38.572349548339844,632300,0.0,0.0
2021-05-26 00:00:00-04:00,38.649149446297756,39.90673615672988,38.428352450493676,39.86833572387695,979500,0.0,0.0
2021-05-27 00:00:00-04:00,40.1947287352041,40.1947287352041,39.45553694357917,39.858734130859375,408500,0.0,0.0
2021-05-28 00:00:00-04:00,39.849137419842215,39.95473678422215,37.32436926269936,39.7435417175293,573800,0.0,0.0
2021-06-01 00:00:00-04:00,39.95473600142068,40.18513494301442,38.53395290411564,39.67634201049805,481900,0.0,0.0
2021-06-02 00:00:00-04:00,39.59953936697463,39.6955367854618,37.56436406609912,39.62833786010742,1256600,0.0,0.0
2021-06-03 00:00:00-04:00,39.493937715588885,39.89713490636418,38.45715174029031,39.8491325378418,567100,0.0,0.0
2021-06-04 00:00:00-04:00,39.68594429968241,40.26193621879162,38.79315426161602,39.839542388916016,517900,0.0,0.0
2021-06-07 00:00:00-04:00,40.15633318519292,40.626725645538315,40.12753103104254,40.51152801513672,486500,0.0,0.0
2021-06-08 00:00:00-04:00,41.970712724826555,42.72910111564581,41.029924112995836,42.690704345703125,747300,0.0,0.0
2021-06-09 00:00:00-04:00,42.921095441478585,42.921095441478585,42.191505614552845,42.44110107421875,876300,0.0,0.0
2021-06-10 00:00:00-04:00,42.59470099591841,42.73870077724705,41.567513297836,41.63471221923828,502500,0.0,0.0
2021-06-11 00:00:00-04:00,41.692313231238565,42.89229921265329,41.34671668266047,42.81549835205078,578900,0.0,0.0
2021-06-14 00:00:00-04:00,42.87328910713957,43.12373051750669,42.15086789745827,42.372413635253906,529500,0.15,0.0
2021-06-15 00:00:00-04:00,42.43020425650364,42.67101132228905,41.61146170260295,41.97748947143555,473200,0.0,0.0
2021-06-16 00:00:00-04:00,41.948594463087474,42.237562237028996,41.206908182835306,42.05455017089844,498600,0.0,0.0
2021-06-17 00:00:00-04:00,42.21830395116037,42.382051020926376,40.75419629314284,41.02389907836914,673100,0.0,0.0
2021-06-18 00:00:00-04:00,40.455588508737534,41.34175677901476,40.20515076804921,40.474853515625,1307700,0.0,0.0
2021-06-21 00:00:00-04:00,40.696397903385666,41.90043334431424,40.696397903385666,41.515140533447266,547500,0.0,0.0
2021-06-22 00:00:00-04:00,40.43632786721821,41.871539802667876,40.43632786721821,41.64999771118164,542900,0.0,0.0
2021-06-23 00:00:00-04:00,40.81198193351081,42.8154985559007,40.81198193351081,42.3531494140625,500900,0.0,0.0
2021-06-24 00:00:00-04:00,42.40131299473213,42.66138509376228,41.83300811339026,42.42057800292969,452000,0.0,0.0
2021-06-25 00:00:00-04:00,42.73843861484728,44.18328106392389,42.56505722700414,43.03704071044922,3333200,0.0,0.0
2021-06-28 00:00:00-04:00,43.05631191639131,43.26821967415669,41.88117204613602,41.9293327331543,682000,0.0,0.0
2021-06-29 00:00:00-04:00,42.02565632557357,42.276094094046734,41.2261749859549,41.553672790527344,701800,0.0,0.0
2021-06-30 00:00:00-04:00,41.3513936514116,42.20866630105636,41.23580727743439,42.15087127685547,791200,0.0,0.0
2021-07-01 00:00:00-04:00,42.372422591276,42.78660745856688,41.81374830731494,42.064186096191406,430300,0.0,0.0
2021-07-02 00:00:00-04:00,42.16050878536122,42.17013945290591,41.61146887469275,41.804115295410156,412500,0.0,0.0
2021-07-06 00:00:00-04:00,41.73668745606272,41.79447880721285,40.27257987798993,40.98536682128906,306200,0.0,0.0
2021-07-07 00:00:00-04:00,40.71566042420072,41.31286093758162,39.66574143686974,40.20515060424805,949200,0.0,0.0
2021-07-08 00:00:00-04:00,39.21302458713467,39.983606519289744,38.558029026196735,39.75243377685547,708600,0.0,0.0
2021-07-09 00:00:00-04:00,40.33037213440632,41.12985347122534,40.33037213440632,40.91794204711914,688800,0.0,0.0
2021-07-12 00:00:00-04:00,40.43632330030874,40.99499747398762,40.04139984714497,40.93720245361328,387100,0.0,0.0
2021-07-13 00:00:00-04:00,40.84088766298362,40.995004067679126,39.92581990254314,40.73493194580078,880200,0.0,0.0
2021-07-14 00:00:00-04:00,40.95647031685213,41.409188821964406,40.22441470541848,40.32073974609375,458200,0.0,0.0
2021-07-15 00:00:00-04:00,40.07992671539957,40.301468764478855,39.049272816697496,39.453826904296875,682500,0.0,0.0
2021-07-16 00:00:00-04:00,39.69463959410123,40.01250671470607,38.59655985823829,38.63508987426758,456500,0.0,0.0
2021-07-19 00:00:00-04:00,37.16135549320821,38.35575671765985,36.920548379875626,37.48884963989258,836600,0.0,0.0
2021-07-20 00:00:00-04:00,37.7103863423839,39.32861004849598,37.59479631021585,38.991477966308594,812500,0.0,0.0
2021-07-21 00:00:00-04:00,39.30935015767929,40.5615462736974,39.30935015767929,39.877655029296875,332500,0.0,0.0
2021-07-22 00:00:00-04:00,40.022134825028935,40.23404622522934,39.492359998952246,39.8391227722168,751900,0.0,0.0
2021-07-23 00:00:00-04:00,40.3207418593439,40.80235606468833,39.72354127355574,40.773460388183594,788400,0.0,0.0
2021-07-26 00:00:00-04:00,40.802358500922416,42.09308479528939,40.60008140446211,42.0352897644043,727100,0.0,0.0
2021-07-27 00:00:00-04:00,41.73668880505536,42.43021076224523,41.26470526700099,41.77521514892578,858700,0.0,0.0
2021-07-28 00:00:00-04:00,42.68064835038069,43.60534665936704,40.53264962923713,42.141239166259766,1330900,0.0,0.0
2021-07-29 00:00:00-04:00,43.00814814744574,43.00814814744574,41.96785974515775,42.276092529296875,717400,0.0,0.0
2021-07-30 00:00:00-04:00,41.95822777323936,42.60358899670106,41.5440392934798,42.218299865722656,547900,0.0,0.0
2021-08-02 00:00:00-04:00,42.54579714270608,43.40307351486298,41.678893777612544,41.77521514892578,567900,0.0,0.0
2021-08-03 00:00:00-04:00,42.189405258375366,42.55543309720153,41.15875111368121,41.78485107421875,792500,0.0,0.0
2021-08-04 00:00:00-04:00,41.26470524656288,41.65962874783123,39.588686195799184,39.723541259765625,588000,0.0,0.0
2021-08-05 00:00:00-04:00,39.742795202716394,40.94683049172097,39.6561045149311,40.311100006103516,781400,0.0,0.0
2021-08-06 00:00:00-04:00,40.65786821859194,41.28396812274451,40.35926977844115,40.63860321044922,420000,0.0,0.0
2021-08-09 00:00:00-04:00,40.41706138797269,40.898675571359654,39.598318745984685,40.54228210449219,392500,0.0,0.0
2021-08-10 00:00:00-04:00,40.43632697546741,42.00639026463813,40.21478488886689,41.71742248535156,596200,0.0,0.0
2021-08-11 00:00:00-04:00,41.59219754448863,41.91969530761154,40.79271630605575,41.544036865234375,549700,0.0,0.0
2021-08-12 00:00:00-04:00,41.717425403643986,41.81374677866933,40.657871906240565,40.73493194580078,822800,0.0,0.0
2021-08-13 00:00:00-04:00,40.561549088185735,40.706031145583616,39.752437073713295,40.35927200317383,864900,0.0,0.0
2021-08-16 00:00:00-04:00,40.079937384242136,40.2533188034867,39.299720997641614,39.887290954589844,569400,0.0,0.0
2021-08-17 00:00:00-04:00,39.444204388220534,39.444204388220534,37.970462412454076,38.529136657714844,659700,0.0,0.0
2021-08-18 00:00:00-04:00,38.39428434588952,39.30935205443433,38.18237292354185,38.2786979675293,596900,0.0,0.0
2021-08-19 00:00:00-04:00,37.642965297528335,38.58692862996301,37.479214568998856,38.1920051574707,599600,0.0,0.0
2021-08-20 00:00:00-04:00,38.29796009512843,38.96259005192111,38.11494801939881,38.94332504272461,482800,0.0,0.0
2021-08-23 00:00:00-04:00,39.33824145303081,39.64647419575507,39.13596440457254,39.38640213012695,379200,0.0,0.0
2021-08-24 00:00:00-04:00,39.318985097723356,40.21478785160533,39.193764370184766,39.954715728759766,433300,0.0,0.0
2021-08-25 00:00:00-04:00,39.99323878561303,40.25331086317844,39.53088965030485,40.031768798828125,448200,0.0,0.0
2021-08-26 00:00:00-04:00,39.800597335000795,39.800597335000795,38.30759404459824,38.76994323730469,599900,0.0,0.0
2021-08-27 00:00:00-04:00,38.80847545655506,39.96435034109584,38.80847545655506,39.858394622802734,559700,0.0,0.0
2021-08-30 00:00:00-04:00,39.93544193275604,39.954706938479326,39.29008077593467,39.38640213012695,317400,0.0,0.0
2021-08-31 00:00:00-04:00,39.36713877778518,39.63684519481441,38.84699829910768,38.981849670410156,755800,0.0,0.0
2021-09-01 00:00:00-04:00,39.318978284046445,39.357508297292895,38.192002954770096,38.471336364746094,1095600,0.0,0.0
2021-09-02 00:00:00-04:00,38.558026084177854,39.31897729168031,38.21126332256032,38.95294952392578,3260000,0.0,0.0
2021-09-03 00:00:00-04:00,38.83736384335672,39.10706658516117,38.220898333846975,38.249794006347656,573900,0.0,0.0
2021-09-07 00:00:00-04:00,38.201638977453094,38.35575537762458,37.76818545371302,38.11494827270508,692700,0.0,0.0
2021-09-08 00:00:00-04:00,37.90303289415642,38.21126566237416,37.267302350404265,37.84524154663086,1399400,0.0,0.0
2021-09-09 00:00:00-04:00,37.91266948997824,38.586930088467064,37.642966720352575,38.201637268066406,465600,0.0,0.0
2021-09-10 00:00:00-04:00,38.26906163253791,38.70251512184167,37.95119818999817,38.095680236816406,580600,0.0,0.0
2021-09-13 00:00:00-04:00,38.28832847251815,38.63509128055457,37.27693939869506,37.59480285644531,858600,0.0,0.0
2021-09-14 00:00:00-04:00,37.739292417756346,38.375023072252276,36.51599179823348,37.64297103881836,835900,0.0,0.0
2021-09-15 00:00:00-04:00,37.75855332073357,37.88377403927044,37.103557726820995,37.373260498046875,793800,0.0,0.0
2021-09-16 00:00:00-04:00,37.48929471379258,38.09848469144827,37.30557239169283,37.353919982910156,466400,0.15,0.0
2021-09-17 00:00:00-04:00,37.68269057365581,38.68833306070965,37.59566342981909,38.36923599243164,2195500,0.0,0.0
2021-09-20 00:00:00-04:00,37.52797785764942,38.20485157691018,37.237884905183236,37.856746673583984,598400,0.0,0.0
2021-09-21 00:00:00-04:00,39.54893551921587,40.04208686348813,38.785031017927686,39.21049499511719,1494400,0.0,0.0
2021-09-22 00:00:00-04:00,39.4619085941557,40.61259752956688,39.4619085941557,40.28382873535156,719500,0.0,0.0
2021-09-23 00:00:00-04:00,40.54490634583293,41.68592713078868,40.54490634583293,41.09607696533203,519500,0.0,0.0
2021-09-24 00:00:00-04:00,40.544912404343236,40.87368121674026,39.81001567607456,40.69962692260742,442700,0.0,0.0
2021-09-27 00:00:00-04:00,41.01872363888647,41.56989802454153,40.85434107848859,40.89302062988281,441000,0.0,0.0
2021-09-28 00:00:00-04:00,40.78665406967384,41.05740355446489,40.31283878260442,40.69962692260742,418900,0.0,0.0
2021-09-29 00:00:00-04:00,40.776978910618475,41.105747695386725,40.225808255078285,40.912357330322266,236900,0.0,0.0
2021-09-30 00:00:00-04:00,40.970373101962906,41.46352812511388,38.79469828951807,38.833377838134766,934600,0.0,0.0
2021-10-01 00:00:00-04:00,39.152483781422745,39.77134188674747,38.32089181913567,39.2781867980957,700200,0.0,0.0
2021-10-04 00:00:00-04:00,39.11379691852428,39.76166272375611,38.930070916867514,39.53926086425781,665200,0.0,0.0
2021-10-05 00:00:00-04:00,39.926052206717216,40.486890922324285,38.93974582201009,39.82935333251953,439800,0.0,0.0
2021-10-06 00:00:00-04:00,39.210498441845616,39.616626368727005,38.22419197791673,39.403892517089844,571300,0.0,0.0
2021-10-07 00:00:00-04:00,39.81001554580035,40.64160746200593,39.751999907069305,40.39019775390625,503900,0.0,0.0
2021-10-08 00:00:00-04:00,41.09608246165358,41.09608246165358,39.91638197296338,40.22581100463867,318800,0.0,0.0
2021-10-11 00:00:00-04:00,40.361191038560264,41.13476364850965,39.742329261915586,39.858367919921875,473800,0.0,0.0
2021-10-12 00:00:00-04:00,40.042089899388245,40.670619714164594,39.51025896540794,40.40953826904297,382600,0.0,0.0
2021-10-13 00:00:00-04:00,40.74797109359576,41.05740010412061,40.109773298302656,40.912357330322266,434100,0.0,0.0
2021-10-14 00:00:00-04:00,41.43452183293274,41.87932932062447,41.15410429188923,41.30881881713867,833700,0.0,0.0
2021-10-15 00:00:00-04:00,41.8599892924176,41.976024263486316,41.23145946248205,41.405513763427734,335300,0.0,0.0
2021-10-18 00:00:00-04:00,40.8059920635552,41.85031409406188,40.747972738482915,41.61824417114258,369800,0.0,0.0
2021-10-19 00:00:00-04:00,41.85998347136369,42.42082216077654,41.395839962947456,41.60857009887695,746500,0.0,0.0
2021-10-20 00:00:00-04:00,41.58922739910319,42.198417324842026,41.04772852172151,41.125083923339844,354100,0.0,0.0
2021-10-21 00:00:00-04:00,41.26046081663718,42.585207642737885,41.23145300058748,42.449832916259766,674600,0.0,0.0
2021-10-22 00:00:00-04:00,42.44983105335712,43.47481318810147,42.208089427059384,43.01066970825195,772900,0.0,0.0
2021-10-25 00:00:00-04:00,43.194394509231365,44.15169302764108,43.0976993286054,44.09367370605469,542000,0.0,0.0
2021-10-26 00:00:00-04:00,44.38376972580706,44.818901757705504,43.95830204848777,44.12268829345703,649400,0.0,0.0
2021-10-27 00:00:00-04:00,44.122687092986624,44.142026867673586,43.05902161731307,43.126708984375,396300,0.0,0.0
2021-10-28 00:00:00-04:00,43.29109637540362,44.07434067195957,43.14604990573901,43.71656036376953,548200,0.0,0.0
2021-10-29 00:00:00-04:00,43.86160855872876,44.04533089733701,43.30076612189553,43.61019515991211,863100,0.0,0.0
2021-11-01 00:00:00-04:00,43.99697919678152,45.28304651310227,43.92929183157356,44.56748962402344,874200,0.0,0.0
2021-11-02 00:00:00-04:00,44.751212051573866,44.751212051573866,43.22340677637781,43.34911346435547,1025500,0.0,0.0
2021-11-03 00:00:00-04:00,45.01229105546557,47.77781591050062,44.69319401994552,47.04292297363281,2012600,0.0,0.0
2021-11-04 00:00:00-04:00,47.081602746485544,48.241963412119304,47.02358711084902,48.164608001708984,1164700,0.0,0.0
2021-11-05 00:00:00-04:00,48.93817904351953,49.702083524499,48.096919154509784,48.12592697143555,1314900,0.0,0.0
2021-11-08 00:00:00-05:00,48.30965054035078,48.60941151483351,47.729472054748236,48.26130294799805,742700,0.0,0.0
2021-11-09 00:00:00-05:00,47.93253155313434,49.01553305550571,47.893852005878486,48.85115051269531,1049400,0.0,0.0
2021-11-10 00:00:00-05:00,48.41601844032736,49.16058318147715,47.58442655570073,48.1839485168457,454700,0.0,0.0
2021-11-11 00:00:00-05:00,48.17427550046934,48.46436474142907,47.28466800303487,47.6424446105957,331900,0.0,0.0
2021-11-12 00:00:00-05:00,47.82616747619483,48.60941175545172,47.69079274146312,48.164608001708984,411300,0.0,0.0
2021-11-15 00:00:00-05:00,48.609415481087574,48.609415481087574,47.89385851435316,48.21295928955078,366400,0.0,0.0
2021-11-16 00:00:00-05:00,48.31932047114296,49.59571604284442,47.99055169123896,49.58604431152344,521000,0.0,0.0
2021-11-17 00:00:00-05:00,49.36364769528526,49.856802761944834,48.686770289514634,48.86082458496094,440100,0.0,0.0
2021-11-18 00:00:00-05:00,49.35397320866465,49.80844497528051,48.83181039049191,48.996192932128906,411800,0.0,0.0
2021-11-19 00:00:00-05:00,48.52238244469401,48.967186178557064,46.79151141098834,47.700462341308594,911300,0.0,0.0
2021-11-22 00:00:00-05:00,47.74881082342699,48.69643763057792,46.23067358568997,47.98088073730469,783600,0.0,0.0
2021-11-23 00:00:00-05:00,47.73914374027351,48.32899400256348,47.33301950710115,47.59410095214844,569200,0.0,0.0
2021-11-24 00:00:00-05:00,46.82052002350338,47.468389550087615,46.25968132533359,47.26532745361328,369800,0.0,0.0
2021-11-26 00:00:00-05:00,45.70851553630776,46.0082765358874,44.70286930096171,45.87289810180664,386800,0.0,0.0
2021-11-29 00:00:00-05:00,46.54976870125717,46.90754528865471,45.534454570776,46.20166015625,550800,0.0,0.0
2021-11-30 00:00:00-05:00,46.114634456119994,46.25968091728495,44.57715746024729,45.882564544677734,899800,0.0,0.0
2021-12-01 00:00:00-05:00,46.73349405375422,47.15895799801072,44.55781936645507,44.55781936645508,639100,0.0,0.0
2021-12-02 00:00:00-05:00,44.71253448374602,45.68916906724148,44.37409398114827,45.389408111572266,436800,0.0,0.0
2021-12-03 00:00:00-05:00,45.50545001026064,45.534457828191506,44.12268746238774,44.50947189331055,594400,0.0,0.0
2021-12-06 00:00:00-05:00,48.07758080599727,48.07758080599727,45.32172376710229,46.18232345581055,704200,0.0,0.0
2021-12-07 00:00:00-05:00,46.60779350947129,47.83584160398285,46.569113957986275,46.90755081176758,420800,0.0,0.0
2021-12-08 00:00:00-05:00,47.02358947037161,47.28467090989097,46.42406748835603,46.955902099609375,355100,0.0,0.0
2021-12-09 00:00:00-05:00,46.59811595040231,47.58442225782751,46.3853858212056,46.39505386352539,294100,0.0,0.0
2021-12-10 00:00:00-05:00,46.694820045118014,46.97524125668843,45.872896185896266,46.888214111328125,554700,0.0,0.0
2021-12-13 00:00:00-05:00,46.888210664086806,46.888210664086806,44.95427752153925,45.882564544677734,618200,0.0,0.0
2021-12-14 00:00:00-05:00,45.495782670270664,46.48208915066353,44.03566457073974,45.437767028808594,702800,0.0,0.0
2021-12-15 00:00:00-05:00,45.2443712344245,45.54412854043743,44.31608411938461,45.49578094482422,740900,0.0,0.0
2021-12-16 00:00:00-05:00,45.70919055736007,45.70919055736007,43.45865340652029,43.6623649597168,499700,0.15,0.0
2021-12-17 00:00:00-05:00,43.27434347281691,44.35110982588088,43.09002984812308,43.26464080810547,1852000,0.0,0.0
2021-12-20 00:00:00-05:00,42.91542246840597,42.92512143260789,41.324522204080424,41.693145751953125,774700,0.0,0.0
2021-12-21 00:00:00-05:00,42.12967230164939,43.14823374451153,42.11027067315422,43.08032989501953,666900,0.0,0.0
2021-12-22 00:00:00-05:00,43.099731966116224,43.70116765371397,42.352785913551486,43.40045166015625,487000,0.0,0.0
2021-12-23 00:00:00-05:00,43.44895133730833,43.56535740217587,42.75050754713891,43.10942840576172,405900,0.0,0.0
2021-12-27 00:00:00-05:00,43.27434191887372,43.70116663879137,42.87661779108072,43.594459533691406,411800,0.0,0.0
2021-12-28 00:00:00-05:00,43.62355978044732,43.98248061846469,43.361643374170264,43.65266036987305,303700,0.0,0.0
2021-12-29 00:00:00-05:00,43.701167105914045,44.71972854646823,43.69146814192957,44.31230545043945,347500,0.0,0.0
2021-12-30 00:00:00-05:00,44.118291557577585,44.904040834371315,43.92427897930334,44.583919525146484,342500,0.0,0.0
2021-12-31 00:00:00-05:00,44.50632012837014,45.165960724816756,44.263805312043665,45.07865524291992,404100,0.0,0.0
2022-01-03 00:00:00-05:00,45.29206690966894,46.11661952630813,44.62272733186468,45.22416305541992,551800,0.0,0.0
2022-01-04 00:00:00-05:00,45.51517934931779,46.00991165121351,44.94284793025337,45.379371643066406,444200,0.0,0.0
2022-01-05 00:00:00-05:00,48.35745349971384,48.35745349971384,44.06979326970294,44.147396087646484,545300,0.0,0.0
2022-01-06 00:00:00-05:00,44.85553861492329,45.466673240836265,43.846676168282926,44.583919525146484,349500,0.0,0.0
2022-01-07 00:00:00-05:00,44.1765001527033,44.51601941784641,42.478896426022835,42.61470413208008,468100,0.0,0.0
2022-01-10 00:00:00-05:00,42.595303692537854,42.595303692537854,40.499975753661154,41.169315338134766,695300,0.0,0.0
2022-01-11 00:00:00-05:00,42.02296490402526,42.0908687530468,40.88799739853755,41.94536209106445,664900,0.0,0.0
2022-01-12 00:00:00-05:00,42.187877251953964,42.333383915167964,40.73278841692033,41.05290603637695,534700,0.0,0.0
2022-01-13 00:00:00-05:00,41.38272790960545,42.34308820582166,41.353627315941516,41.51853561401367,414200,0.0,0.0
2022-01-14 00:00:00-05:00,41.062610431665334,41.237217694785365,39.85003635136077,40.68428421020508,663400,0.0,0.0
2022-01-18 00:00:00-05:00,40.073149227222466,41.285723298120814,39.937337822876636,40.76189041137695,797700,0.0,0.0
2022-01-19 00:00:00-05:00,40.81039028961807,42.03266695513571,40.40296720143364,40.45146942138672,785400,0.0,0.0
2022-01-20 00:00:00-05:00,40.529076361539325,40.71338999681039,38.25913745198524,38.40464782714844,726900,0.0,0.0
2022-01-21 00:00:00-05:00,38.162128559007265,40.04404204933794,37.69650059337335,38.54045104980469,722200,0.0,0.0
2022-01-24 00:00:00-05:00,38.03601671469792,41.091704383333976,37.81290356404401,40.88799285888672,1133300,0.0,0.0
2022-01-25 00:00:00-05:00,40.09255084763518,40.60668106942913,39.2388976657746,39.9664421081543,569900,0.0,0.0
2022-01-26 00:00:00-05:00,40.47087045986395,40.99469960840078,38.336739508680246,38.54045104980469,799700,0.0,0.0
2022-01-27 00:00:00-05:00,38.841173075552746,39.94704002327772,38.63746152212601,38.85087203979492,355700,0.0,0.0
2022-01-28 00:00:00-05:00,38.559856818281446,39.6754264831543,37.696504641345555,39.6754264831543,555900,0.0,0.0
2022-01-31 00:00:00-05:00,39.1612876379786,40.23805390823919,38.792667817902526,39.908233642578125,438600,0.0,0.0
2022-02-01 00:00:00-05:00,40.10224548441324,40.49027062533554,39.38440008385159,40.06344223022461,593900,0.0,0.0
2022-02-02 00:00:00-05:00,40.40296908003119,41.14021247885081,39.42320716920557,40.044044494628906,361900,0.0,0.0
2022-02-03 00:00:00-05:00,39.82093089622333,40.179851777394944,39.15159135558185,39.345603942871094,451200,0.0,0.0
2022-02-04 00:00:00-05:00,39.37470856704968,40.005248615175,38.89937786454991,39.68512725830078,380100,0.0,0.0
2022-02-07 00:00:00-05:00,39.34560848454865,40.34476842877055,39.34560848454865,39.5881233215332,287800,0.0,0.0
2022-02-08 00:00:00-05:00,39.888832392903716,41.130510657995394,39.762727364016996,41.06260681152344,667900,0.0,0.0
2022-02-09 00:00:00-05:00,41.25661595431154,41.71254495542042,41.04320544993723,41.40212631225586,428600,0.0,0.0
2022-02-10 00:00:00-05:00,40.54848050680936,42.265486018020965,40.441773385134994,41.44093704223633,434700,0.0,0.0
2022-02-11 00:00:00-05:00,41.35362519663599,41.47973022970528,40.383565985739885,40.7521858215332,375300,0.0,0.0
2022-02-14 00:00:00-05:00,40.86859633420374,41.51853424108892,40.44176790534083,40.59697723388672,429100,0.0,0.0
2022-02-15 00:00:00-05:00,40.936498424138804,41.7125450335029,40.77158643812774,41.38272476196289,781100,0.0,0.0
2022-02-16 00:00:00-05:00,41.24691805994766,41.731947665026325,41.1305119908638,41.56703567504883,397800,0.0,0.0
2022-02-17 00:00:00-05:00,41.22751908912354,41.6058416133936,40.189555963388905,40.22835922241211,333900,0.0,0.0
2022-02-18 00:00:00-05:00,40.296256511099145,41.23721133599185,40.296256511099145,40.810386657714844,561500,0.0,0.0
2022-02-22 00:00:00-05:00,40.56787044939046,41.30511742282058,39.6172129945836,39.86942672729492,865900,0.0,0.0
2022-02-23 00:00:00-05:00,40.38357169080394,40.74249261340592,39.40380967711599,39.5881233215332,1025700,0.0,0.0
2022-02-24 00:00:00-05:00,37.83230956682114,41.45063001210283,37.83230956682114,41.09170913696289,1269500,0.0,0.0
2022-02-25 00:00:00-05:00,41.14021278200708,41.858058257618985,40.70368537795135,41.59614181518555,1038100,0.0,0.0
2022-02-28 00:00:00-05:00,41.00440227117803,41.92595923875882,41.00440227117803,41.38272476196289,976900,0.0,0.0
2022-03-01 00:00:00-05:00,41.28572206545831,41.76104901478855,39.297097688173196,39.80152893066406,726600,0.0,0.0
2022-03-02 00:00:00-05:00,40.17985127266511,41.86775595025153,39.549314997498584,41.45063018798828,695100,0.0,0.0
2022-03-03 00:00:00-05:00,41.48943545514387,41.72224760785992,40.150752625338015,40.24776077270508,545400,0.0,0.0
2022-03-04 00:00:00-05:00,40.20895347300117,40.27685731909296,38.7247604215384,39.05458068847656,896800,0.0,0.0
2022-03-07 00:00:00-05:00,38.938170256096186,39.32619536208031,37.075658628528366,37.104759216308594,862400,0.0,0.0
2022-03-08 00:00:00-05:00,37.25997471001339,39.112787683026184,37.25027574596888,37.81290817260742,598900,0.0,0.0
2022-03-09 00:00:00-05:00,38.50164671341616,39.62691519056402,38.04572142471931,38.37554168701172,776900,0.0,0.0
2022-03-10 00:00:00-05:00,37.90743226839808,38.921678868546195,37.58560623810423,38.85341262817383,733800,0.21,0.0
2022-03-11 00:00:00-05:00,39.02895476418205,39.57508839776663,37.26377583081754,37.35154724121094,533400,0.0,0.0
2022-03-14 00:00:00-04:00,37.468570688830745,38.87291311046913,36.49333454946215,36.76640319824219,524300,0.0,0.0
2022-03-15 00:00:00-04:00,37.146744514730635,38.10247548018542,36.854174418404575,37.829410552978516,822300,0.0,0.0
2022-03-16 00:00:00-04:00,37.51733516040915,39.84814891890621,37.51733516040915,39.360530853271484,676700,0.0,0.0
2022-03-17 00:00:00-04:00,39.3117722994591,39.828646291542746,38.83390492774021,39.75062561035156,290400,0.0,0.0
2022-03-18 00:00:00-04:00,39.45805621950953,40.28700923131961,39.097219862964224,40.19923782348633,890800,0.0,0.0
2022-03-21 00:00:00-04:00,40.16022510197409,40.32601346237168,38.70712159624088,39.2142448425293,360900,0.0,0.0
2022-03-22 00:00:00-04:00,39.662852927682685,40.56982285607213,39.04845682411362,39.3215217590332,430100,0.0,0.0
2022-03-23 00:00:00-04:00,39.223996932604095,40.26749925666839,38.17074016426043,38.346282958984375,377600,0.0,0.0
2022-03-24 00:00:00-04:00,38.74613185776999,38.74613185776999,37.93668778643834,38.278018951416016,280300,0.0,0.0
2022-03-25 00:00:00-04:00,38.521828355038735,39.02895160512769,38.102476508238844,38.970436096191406,423100,0.0,0.0
2022-03-28 00:00:00-04:00,38.77538710971237,38.921674018126346,37.46857053936233,38.41455078125,615100,0.0,0.0
2022-03-29 00:00:00-04:00,39.06796303056011,40.17973168964309,38.989942349809326,40.11146545410156,815600,0.0,0.0
2022-03-30 00:00:00-04:00,39.69211407104315,40.10171148919815,38.59009612373953,38.687618255615234,462100,0.0,0.0
2022-03-31 00:00:00-04:00,38.53157895785956,38.53157895785956,37.62461275371585,37.68312454223633,499200,0.0,0.0
2022-04-01 00:00:00-04:00,37.8099088281664,38.20975553095667,36.59086354889961,36.90293884277344,778900,0.0,0.0
2022-04-04 00:00:00-04:00,36.873677340500244,37.809903079783766,36.40556447085849,37.66361618041992,457900,0.0,0.0
2022-04-05 00:00:00-04:00,37.3710498748807,37.75139138734927,36.45432921097616,37.0784797668457,723900,0.0,0.0
2022-04-06 00:00:00-04:00,36.91268534502702,36.91268534502702,35.95695440185213,36.327545166015625,510200,0.0,0.0
2022-04-07 00:00:00-04:00,36.36655363366199,37.010209285575016,35.85943043515015,36.620113372802734,441500,0.0,0.0
2022-04-08 00:00:00-04:00,36.68838324337275,38.004954289567536,36.21051960900741,37.44906997680664,794400,0.0,0.0
2022-04-11 00:00:00-04:00,37.400304848329945,38.44380723076291,37.146745086340445,37.341793060302734,540400,0.0,0.0
2022-04-12 00:00:00-04:00,37.90742883520999,38.892419448913365,37.64411462323674,38.60960006713867,712900,0.0,0.0
2022-04-13 00:00:00-04:00,38.55108772115342,40.25775115640128,38.40480451598509,40.033447265625,997000,0.0,0.0
2022-04-14 00:00:00-04:00,40.111467373669456,40.667351729813255,39.69211549514259,39.81889724731445,662500,0.0,0.0
2022-04-18 00:00:00-04:00,39.633597453619856,40.34551941308945,39.27276111147352,40.24799728393555,517300,0.0,0.0
2022-04-19 00:00:00-04:00,40.521063592127874,41.97416717514015,40.521063592127874,41.7303581237793,681800,0.0,0.0
2022-04-20 00:00:00-04:00,41.925402507969316,42.510542692885714,41.008678172641574,41.0184326171875,681200,0.0,0.0
2022-04-21 00:00:00-04:00,41.47679591387016,42.42277625297361,41.33051271065368,41.92540740966797,826200,0.0,0.0
2022-04-22 00:00:00-04:00,41.44753579998937,41.866887636290066,40.67709835932245,40.99892807006836,885000,0.0,0.0
2022-04-25 00:00:00-04:00,40.55032567437507,42.23748396597977,40.35527767737712,41.88639831542969,1037600,0.0,0.0
2022-04-26 00:00:00-04:00,41.4572856103343,41.84738154441321,40.71610779986103,41.26224136352539,1201200,0.0,0.0
2022-04-27 00:00:00-04:00,42.56905895186131,43.92463658972037,40.89165160244861,41.8181266784668,1214400,0.0,0.0
2022-04-28 00:00:00-04:00,42.52029635676003,42.9103923204932,40.60883431897527,41.63283157348633,841900,0.0,0.0
2022-04-29 00:00:00-04:00,41.242737649116,41.40852600879578,39.7311223616605,40.04319763183594,974300,0.0,0.0
2022-05-02 00:00:00-04:00,40.413785142955554,41.60357444897791,39.87740599884457,41.554813385009766,955700,0.0,0.0
2022-05-03 00:00:00-04:00,41.076946916242115,41.5548142819987,40.22849248014371,40.823387145996094,670500,0.0,0.0
2022-05-04 00:00:00-04:00,41.16471294785585,41.70109203352765,39.96517304782353,41.45728302001953,536300,0.0,0.0
2022-05-05 00:00:00-04:00,40.8526406590212,41.03793790361902,38.90216841007118,39.48731231689453,842000,0.0,0.0
2022-05-06 00:00:00-04:00,39.06795980269448,39.72136620895802,37.868419836990434,39.155731201171875,678500,0.0,0.0
2022-05-09 00:00:00-04:00,39.00944544340032,39.26300520188095,37.81965616690281,38.18049621582031,774900,0.0,0.0
2022-05-10 00:00:00-04:00,38.60959527019394,38.91191978420857,36.678628342528576,37.22475814819336,794400,0.0,0.0
2022-05-11 00:00:00-04:00,37.42956425207147,38.4535614593262,35.74240616921296,35.8204231262207,849300,0.0,0.0
2022-05-12 00:00:00-04:00,35.61562483151897,37.36129844204448,35.440082025978384,36.980953216552734,1143800,0.0,0.0
2022-05-13 00:00:00-04:00,37.351543784897046,38.229257807612,37.07847885348825,37.341793060302734,905600,0.0,0.0
2022-05-16 00:00:00-04:00,37.30277757588912,37.64410869306663,36.366551894290666,37.26376724243164,744500,0.0,0.0
2022-05-17 00:00:00-04:00,37.20526036187207,38.38529520262808,37.12723968468292,37.93668746948242,534900,0.0,0.0
2022-05-18 00:00:00-04:00,36.854172499319155,36.91268428339915,35.37181320552911,35.77165985107422,927000,0.0,0.0
2022-05-19 00:00:00-04:00,35.547360982309286,35.79117003744141,33.811437980011554,33.977230072021484,1476500,0.0,0.0
2022-05-20 00:00:00-04:00,34.513607602973934,34.60137900744405,32.72892733905579,34.14301681518555,1276700,0.0,0.0
2022-05-23 00:00:00-04:00,34.30880562728586,34.43558735948069,33.29455921018797,33.42134094238281,969600,0.0,0.0
2022-05-24 00:00:00-04:00,32.89471394387048,32.914219112735324,31.81220125337029,32.43635177612305,1153300,0.0,0.0
2022-05-25 00:00:00-04:00,32.27056789020328,35.196276660955235,31.870721173676426,35.10850524902344,1372100,0.0,0.0
2022-05-26 00:00:00-04:00,35.70339805245921,36.92244330844194,35.70339805245921,35.752159118652344,895100,0.0,0.0
2022-05-27 00:00:00-04:00,35.79116711425356,37.156495479343796,35.79116711425356,37.117488861083984,639000,0.0,0.0
2022-05-31 00:00:00-04:00,36.81516547865216,37.15649665062683,36.22027081872708,36.259281158447266,1337700,0.0,0.0
2022-06-01 00:00:00-04:00,36.78590864471927,37.185755316064885,35.956955687869616,36.63962173461914,608900,0.0,0.0
2022-06-02 00:00:00-04:00,36.64937633922337,38.0147047184452,36.64937633922337,37.69287872314453,622700,0.0,0.0
2022-06-03 00:00:00-04:00,37.25402543119003,38.04396441140934,37.000461923288455,37.926937103271484,683900,0.0,0.0
2022-06-06 00:00:00-04:00,38.03420968010519,39.08746650311113,37.48807609926167,38.8729133605957,1017800,0.0,0.0
2022-06-07 00:00:00-04:00,38.356039733596454,39.28251110397919,37.63436334252675,38.98019027709961,689000,0.0,0.0
2022-06-08 00:00:00-04:00,38.19999619767852,38.30727276376484,37.14674314567653,37.28327560424805,767800,0.0,0.0
2022-06-09 00:00:00-04:00,36.67863435854075,37.673375736597535,36.67863435854075,36.805416107177734,780400,0.0,0.0
2022-06-10 00:00:00-04:00,36.01105481652,36.83483723850077,35.28534021625577,35.304954528808594,622700,0.21,0.0
2022-06-13 00:00:00-04:00,34.383101982470905,34.912673421741395,33.51028196703712,33.627967834472656,729500,0.0,0.0
2022-06-14 00:00:00-04:00,33.28472007508225,34.55962400629396,33.28472007508225,34.30464172363281,837200,0.0,0.0
2022-06-15 00:00:00-04:00,34.608659458654984,34.89306134779656,33.31414490103139,33.81429672241211,1171100,0.0,0.0
2022-06-16 00:00:00-04:00,33.16704342117452,33.16704342117452,31.45083033688114,31.754846572875977,725700,0.0,0.0
2022-06-17 00:00:00-04:00,31.79406815431372,32.67669343096133,31.76464855877455,32.117698669433594,1518000,0.0,0.0
2022-06-21 00:00:00-04:00,32.94148401313057,33.11800908453191,32.04905337040049,32.75515365600586,980400,0.0,0.0
2022-06-22 00:00:00-04:00,32.205961135958404,32.74534158575365,31.617546780008542,31.941173553466797,988300,0.0,0.0
2022-06-23 00:00:00-04:00,32.27461124722308,32.529589818822025,31.686196856734767,32.509979248046875,609600,0.0,0.0
2022-06-24 00:00:00-04:00,32.961093799329134,34.608658412129095,32.912059895350566,34.5792350769043,1581800,0.0,0.0
2022-06-27 00:00:00-04:00,34.275223664052106,34.91267191714333,33.22588237478219,33.81429672241211,868700,0.0,0.0
2022-06-28 00:00:00-04:00,34.088892507046474,34.3536801084848,32.56881886120199,32.60804748535156,493200,0.0,0.0
2022-06-29 00:00:00-04:00,32.50016794444716,32.57862518624037,31.490055273166295,32.019630432128906,706800,0.0,0.0
2022-06-30 00:00:00-04:00,31.558705631735677,31.970594955971674,30.931062618967992,31.588125228881836,590900,0.0,0.0
2022-07-01 00:00:00-04:00,31.107584460177442,31.67638638338513,30.519170096566736,31.20565414428711,673700,0.0,0.0
2022-07-05 00:00:00-04:00,30.882028549839063,33.01993814811249,30.70550347509084,32.90225601196289,836200,0.0,0.0
2022-07-06 00:00:00-04:00,32.79438138182456,33.225888811997876,31.5489004883616,32.029441833496094,574100,0.0,0.0
2022-07-07 00:00:00-04:00,32.53940106089977,33.539708585679875,32.2648081587809,33.35337448120117,685300,0.0,0.0
2022-07-08 00:00:00-04:00,33.108199236616365,33.49067270919828,32.71592421960177,32.91206359863281,698700,0.0,0.0
2022-07-11 00:00:00-04:00,32.79437795250212,33.03955124271802,32.19615826685523,32.30403137207031,477200,0.0,0.0
2022-07-12 00:00:00-04:00,32.27461001034796,32.98071024471169,31.578318802043356,31.911754608154297,532200,0.0,0.0
2022-07-13 00:00:00-04:00,31.490056158245768,31.94117408809457,31.009516761897572,31.558704376220703,771100,0.0,0.0
2022-07-14 00:00:00-04:00,31.24488330664092,31.6371583088182,30.656467062327646,30.823184967041016,934100,0.0,0.0
2022-07-15 00:00:00-04:00,31.470442599410756,31.470442599410756,30.489749472275548,31.225269317626953,924800,0.0,0.0
2022-07-18 00:00:00-04:00,31.548896421550218,32.17654317170932,31.519476824575428,31.62735366821289,776200,0.0,0.0
2022-07-19 00:00:00-04:00,32.09808318247577,33.26510656901282,32.09808318247577,33.010128021240234,661100,0.0,0.0
2022-07-20 00:00:00-04:00,32.81399171929892,34.55962806053717,32.81399171929892,34.35367965698242,1100300,0.0,0.0
2022-07-21 00:00:00-04:00,34.06927749153469,34.422323839681866,32.81398786983899,34.30464172363281,701800,0.0,0.0
2022-07-22 00:00:00-04:00,34.27522314003453,34.64788754972783,33.84371580005899,34.1967658996582,660600,0.0,0.0
2022-07-25 00:00:00-04:00,34.18696138922423,34.638079308461315,33.54950939039781,34.5203971862793,891700,0.0,0.0
2022-07-26 00:00:00-04:00,33.68680724920409,33.78487880604684,32.61785159642598,32.843414306640625,1151700,0.0,0.0
2022-07-27 00:00:00-04:00,34.00063004270527,34.38310351737379,30.46032900901812,31.862722396850586,1767300,0.0,0.0
2022-07-28 00:00:00-04:00,31.83329795965099,32.304030211021086,31.048744207367495,31.705810546875,870000,0.0,0.0
2022-07-29 00:00:00-04:00,31.970594204044296,32.107894383274534,30.911447580171124,31.08797264099121,1235400,0.0,0.0
2022-08-01 00:00:00-04:00,31.078168285857046,33.16704399590623,31.078168285857046,32.47075271606445,1029700,0.0,0.0
2022-08-02 00:00:00-04:00,32.15692685668209,32.28441426299539,31.36256411842438,31.45082664489746,618900,0.0,0.0
2022-08-03 00:00:00-04:00,31.62735441626705,32.519785042401985,31.36256681408888,31.950984954833984,1102500,0.0,0.0
2022-08-04 00:00:00-04:00,31.803878308474662,32.13731412025423,31.401794277303473,31.529285430908203,623000,0.0,0.0
2022-08-05 00:00:00-04:00,31.284109110167407,31.95098257932606,31.284109110167407,31.941173553466797,583100,0.0,0.0
2022-08-08 00:00:00-04:00,32.098085009384576,33.22588358117952,32.098085009384576,32.92186737060547,653000,0.0,0.0
2022-08-09 00:00:00-04:00,32.617851532502996,32.657080155163214,31.431213754886464,32.009822845458984,909800,0.0,0.0
2022-08-10 00:00:00-04:00,32.85321962717615,33.67700200030544,32.79437669300714,33.19646072387695,857400,0.0,0.0
2022-08-11 00:00:00-04:00,33.52008994976002,33.91236868023949,33.0297434071843,33.07877731323242,633900,0.0,0.0
2022-08-12 00:00:00-04:00,33.225888709693066,33.38279948171443,32.62766522228414,33.039554595947266,409700,0.0,0.0
2022-08-15 00:00:00-04:00,32.76496168017185,33.12781713902478,32.28442033651698,33.039554595947266,502300,0.0,0.0
2022-08-16 00:00:00-04:00,33.039548990426574,34.0790850168544,32.970900773129635,33.961402893066406,933900,0.0,0.0
2022-08-17 00:00:00-04:00,33.41221519733643,33.441634794592154,32.666890052160696,32.68650436401367,583200,0.0,0.0
2022-08-18 00:00:00-04:00,32.50016867422307,33.167040280250895,32.22557580387536,33.00032424926758,558800,0.0,0.0
2022-08-19 00:00:00-04:00,32.85322165340088,32.85322165340088,31.872528469717274,31.882333755493164,532700,0.0,0.0
2022-08-22 00:00:00-04:00,31.51947691642861,31.51947691642861,30.76434462033693,31.146814346313477,785400,0.0,0.0
2022-08-23 00:00:00-04:00,31.372372016538993,31.843106125716858,30.989902306447892,31.11739158630371,528600,0.0,0.0
2022-08-24 00:00:00-04:00,31.20565324944342,31.401792612038317,31.019321042030622,31.097776412963867,549500,0.0,0.0
2022-08-25 00:00:00-04:00,31.048744036567694,32.225576529042854,31.009517284431155,32.009822845458984,502000,0.0,0.0
2022-08-26 00:00:00-04:00,31.892141566114528,32.42171676295983,30.342646469805146,30.362258911132812,718200,0.0,0.0
2022-08-29 00:00:00-04:00,30.146506832354792,30.548590869222174,29.74442279548741,30.136699676513672,661000,0.0,0.0
2022-08-30 00:00:00-04:00,30.450522252751203,30.89183492851087,30.019018603701507,30.028825759887695,559200,0.0,0.0
2022-08-31 00:00:00-04:00,30.1661187130722,30.1661187130722,28.528361230059527,28.547975540161133,1306200,0.0,0.0
2022-09-01 00:00:00-04:00,28.302806036259433,28.518557864474886,27.87130050930471,28.459716796875,1005400,0.0,0.0
2022-09-02 00:00:00-04:00,28.93044642626961,28.93044642626961,28.04782301109832,28.224348068237305,624700,0.0,0.0
2022-09-06 00:00:00-04:00,28.45971566655091,29.21484984109933,27.861492246386092,29.13639259338379,1096700,0.0,0.0
2022-09-07 00:00:00-04:00,29.0971658893386,29.577705309267852,28.930447978708145,29.312917709350586,1150800,0.0,0.0
2022-09-08 00:00:00-04:00,29.077551293306286,29.165813825749765,28.50874934562813,28.999095916748047,689100,0.0,0.0
2022-09-09 00:00:00-04:00,29.518863166441935,30.146506162130034,29.381564858242406,29.989595413208008,633200,0.0,0.0
2022-09-12 00:00:00-04:00,30.175928286821527,31.08797320389028,30.175928286821527,30.88202667236328,1004200,0.0,0.0
2022-09-13 00:00:00-04:00,29.195234034596325,29.48944121637347,28.165505157329026,28.40087127685547,1316300,0.0,0.0
2022-09-14 00:00:00-04:00,28.498940778059602,28.822569424146984,28.057630008226056,28.440099716186523,1243500,0.0,0.0
2022-09-15 00:00:00-04:00,28.43022290148589,29.141471702014353,28.21289546597644,28.687063217163086,1019200,0.21,0.0
2022-09-16 00:00:00-04:00,28.43022204282027,29.062443179750872,28.16350304411482,28.91426658630371,1479000,0.0,0.0
2022-09-19 00:00:00-04:00,28.529005771380987,29.378554354797902,28.469735509611887,28.97353744506836,1099700,0.0,0.0
2022-09-20 00:00:00-04:00,28.59815466900795,28.963656789994214,28.321556992562723,28.657424926757812,1238900,0.0,0.0
2022-09-21 00:00:00-04:00,29.12171540175757,29.536611021855023,28.538885795330966,28.667306900024414,759700,0.0,0.0
2022-09-22 00:00:00-04:00,28.55864157783932,28.69693948206584,27.82763540895003,27.886905670166016,983000,0.0,0.0
2022-09-23 00:00:00-04:00,27.43249618111394,27.847391762643543,27.096628239677234,27.412738800048828,799400,0.0,0.0
2022-09-26 00:00:00-04:00,27.175657911994954,27.53128326109082,26.405136950343145,26.424894332885742,765200,0.0,0.0
2022-09-27 00:00:00-04:00,26.652096049776784,27.274440351620957,26.039632322433736,26.36562156677246,682800,0.0,0.0
2022-09-28 00:00:00-04:00,27.39298313293115,27.926421150060484,27.126264124366482,27.76836585998535,1227100,0.0,0.0
2022-09-29 00:00:00-04:00,27.284320381913997,27.965933090899387,27.284320381913997,27.926420211791992,1054100,0.0,0.0
2022-09-30 00:00:00-04:00,26.968207692433126,27.570794637935297,26.14829520332133,26.34586524963379,1203700,0.0,0.0
2022-10-03 00:00:00-04:00,26.701491344213167,27.313955113824598,26.503921292241163,27.106508255004883,769500,0.0,0.0
2022-10-04 00:00:00-04:00,27.620186337417987,28.420343332998385,27.620186337417987,28.351194381713867,887700,0.0,0.0
2022-10-05 00:00:00-04:00,27.79799946144437,28.50925013590982,27.748607890903223,28.272167205810547,637100,0.0,0.0
2022-10-06 00:00:00-04:00,28.12398806253414,28.489492082088034,27.807877496524068,27.89678382873535,608500,0.0,0.0
2022-10-07 00:00:00-04:00,27.491767310441542,27.600431025572053,26.899059048897815,27.185535430908203,629500,0.0,0.0
2022-10-10 00:00:00-04:00,27.383104388653393,27.462132033537635,26.563191866416506,26.88918113708496,542300,0.0,0.0
2022-10-11 00:00:00-04:00,26.84966695949939,28.212894238930883,26.70149036802147,28.005447387695312,956900,0.0,0.0
2022-10-12 00:00:00-04:00,27.926420767603684,28.084476055514223,27.086750872974154,27.106508255004883,1035500,0.0,0.0
2022-10-13 00:00:00-04:00,26.661975709199236,27.867147711190317,26.118660910275885,27.580673217773438,1088200,0.0,0.0
2022-10-14 00:00:00-04:00,27.679458668166706,28.10423295367584,27.01760145487361,27.185535430908203,586500,0.0,0.0
2022-10-17 00:00:00-04:00,27.551037867352626,28.123988753361537,27.373225198562334,28.025205612182617,604300,0.0,0.0
2022-10-18 00:00:00-04:00,28.59815676027415,29.111835505282052,27.985691104846723,28.301801681518555,854900,0.0,0.0
2022-10-19 00:00:00-04:00,28.064716953703126,28.272165683978226,27.4324958408029,27.877025604248047,462100,0.0,0.0
2022-10-20 00:00:00-04:00,27.867146718954576,28.538882588797183,27.20529142362042,27.422616958618164,608000,0.0,0.0
2022-10-21 00:00:00-04:00,27.570795258448555,28.775967292409113,27.53128237879734,28.58827781677246,824000,0.0,0.0
2022-10-24 00:00:00-04:00,28.519129875531483,28.785847004095867,27.728851528640202,27.93630027770996,691100,0.0,0.0
2022-10-25 00:00:00-04:00,27.98569102413739,29.734179765999553,27.956054951097006,29.605758666992188,894900,0.0,0.0
2022-10-26 00:00:00-04:00,29.427947134806853,29.80332796295855,28.746332545508455,28.845117568969727,809600,0.0,0.0
2022-10-27 00:00:00-04:00,29.14147229699867,29.4180700004909,28.657427729013058,29.309406280517578,988400,0.0,0.0
2022-10-28 00:00:00-04:00,29.388432523540228,29.635394141385103,28.45985631287656,29.54648780822754,1176600,0.0,0.0
2022-10-31 00:00:00-04:00,29.38843276736739,29.88235600715508,28.726575550685187,29.506975173950195,829100,0.0,0.0
2022-11-01 00:00:00-04:00,28.40058701501087,29.734180173418828,28.183261462239848,29.457582473754883,1295500,0.0,0.0
2022-11-02 00:00:00-04:00,28.36107043018116,30.435548334100055,28.36107043018116,29.21061897277832,1923200,0.0,0.0
2022-11-03 00:00:00-04:00,28.667305432667064,29.368675532268366,28.133867426631443,28.83523941040039,1686300,0.0,0.0
2022-11-04 00:00:00-04:00,29.32916186711959,30.257736181087452,29.10195574980035,29.694664001464844,1097400,0.0,0.0
2022-11-07 00:00:00-05:00,30.168831452396837,30.603482533291878,29.793448746698537,30.47506332397461,1283000,0.0,0.0
2022-11-08 00:00:00-05:00,30.741783337350025,31.16655574174998,30.188587951036695,30.949230194091797,1373000,0.0,0.0
2022-11-09 00:00:00-05:00,30.534335083986715,30.801054090485707,29.26989088901079,29.49709701538086,741900,0.0,0.0
2022-11-10 00:00:00-05:00,30.988744207957446,31.96671197500794,30.929472063893108,31.808656692504883,634100,0.0,0.0
2022-11-11 00:00:00-05:00,32.065496164524866,32.618691555586395,32.0358619756889,32.598934173583984,949300,0.0,0.0
2022-11-14 00:00:00-05:00,32.28282459159525,32.9051689546478,32.08525453382701,32.51002883911133,1036800,0.0,0.0
2022-11-15 00:00:00-05:00,33.33982138522982,34.0807063049016,33.231157660744266,33.89301681518555,1010400,0.0,0.0
2022-11-16 00:00:00-05:00,33.30030674563933,33.38921308707295,32.579179206604685,32.836021423339844,791100,0.0,0.0
2022-11-17 00:00:00-05:00,32.431003993436526,33.13237413841435,31.907442760305656,32.91504669189453,642300,0.0,0.0
2022-11-18 00:00:00-05:00,33.93252217174915,34.28814747699628,33.063220057072776,33.221275329589844,869200,0.0,0.0
2022-11-21 00:00:00-05:00,32.89528421033499,33.3398158418939,32.72735213193216,33.221275329589844,943600,0.0,0.0
2022-11-22 00:00:00-05:00,33.73495595688142,34.30790490747133,33.47811378345478,34.27827072143555,800600,0.0,0.0
2022-11-23 00:00:00-05:00,34.060947355401986,34.45608746839278,33.794228344383505,33.991798400878906,509300,0.0,0.0
2022-11-25 00:00:00-05:00,33.90288941940653,34.16960840962061,33.547264099121094,33.547264099121094,324000,0.0,0.0
2022-11-28 00:00:00-05:00,33.201517616026635,33.972036590766805,32.845892314351204,32.94467544555664,743700,0.0,0.0
2022-11-29 00:00:00-05:00,32.9940764647765,33.497876550071,32.93480431483898,33.19164276123047,432900,0.0,0.0
2022-11-30 00:00:00-05:00,33.033586736066106,34.13009699159728,32.79650567820479,34.12022018432617,665900,0.0,0.0
2022-12-01 00:00:00-05:00,34.12022081450262,34.57462932407566,33.5373911980205,34.24863815307617,1020300,0.0,0.0
2022-12-02 00:00:00-05:00,33.71520263712863,34.86110444464642,33.55714734534464,34.624019622802734,618600,0.0,0.0
2022-12-05 00:00:00-05:00,34.47584491445187,34.47584491445187,33.754713641663535,34.06094741821289,679900,0.0,0.0
2022-12-06 00:00:00-05:00,34.21900303505844,34.35730094567324,33.45836075834162,33.84362030029297,707200,0.0,0.0
2022-12-07 00:00:00-05:00,33.81398504199149,34.13997619385652,33.28054703075889,33.3003044128418,698800,0.0,0.0
2022-12-08 00:00:00-05:00,33.53738694834482,34.18936543939308,33.18176163171212,33.20151901245117,521300,0.0,0.0
2022-12-09 00:00:00-05:00,32.68783988549729,33.0829799813447,32.4507550743218,32.5396614074707,519000,0.0,0.0
2022-12-12 00:00:00-05:00,33.00394799879951,33.00394799879951,32.26306320047118,32.79650115966797,770300,0.0,0.0
2022-12-13 00:00:00-05:00,34.04119024536519,34.15973454121243,32.74711371321731,33.142250061035156,699400,0.0,0.0
2022-12-14 00:00:00-05:00,33.08298048929359,33.468240016075626,32.69771719417626,33.02370834350586,843200,0.0,0.0
2022-12-15 00:00:00-05:00,32.50677963784104,32.83482772800541,31.73138789941373,32.26819610595703,941100,0.21,0.0
2022-12-16 00:00:00-05:00,31.920266752562995,32.39743003932893,31.353635112518646,31.522628784179688,3302300,0.0,0.0
2022-12-19 00:00:00-05:00,31.592218399047848,31.8805038554336,31.303931046583642,31.59221839904785,909000,0.0,0.0
2022-12-20 00:00:00-05:00,31.502749705979735,31.751272498462203,31.08523133876605,31.194580078125,682400,0.0,0.0
2022-12-21 00:00:00-05:00,31.70156541758753,32.20855401571424,31.671743897282443,32.02961730957031,460200,0.0,0.0
2022-12-22 00:00:00-05:00,31.76121185518749,32.21849285757405,31.333752372734985,32.129024505615234,598600,0.0,0.0
2022-12-23 00:00:00-05:00,32.22843520791592,32.38749344198642,31.721450359365775,32.30796432495117,445000,0.0,0.0
2022-12-27 00:00:00-05:00,32.337782738157046,33.00382575673093,31.98985236497739,32.61613082885742,356600,0.0,0.0
2022-12-28 00:00:00-05:00,32.6956574824234,32.78512583806301,31.214461888947607,31.313871383666992,426500,0.0,0.0
2022-12-29 00:00:00-05:00,31.61209878163833,32.01967601395924,31.443103205109285,31.59221839904785,689800,0.0,0.0
2022-12-30 00:00:00-05:00,31.234344257033147,31.800975913663095,30.91623538987798,31.77115249633789,471000,0.0,0.0
2023-01-03 00:00:00-05:00,32.08926023941543,32.24831466742138,31.035524179856402,31.085229873657227,1112700,0.0,0.0
2023-01-04 00:00:00-05:00,31.254226331575495,31.930206721835862,31.06534848190357,31.34369468688965,1370500,0.0,0.0
2023-01-05 00:00:00-05:00,30.975879606174306,31.06534795998533,30.041433408636003,30.508657455444336,882600,0.0,0.0
2023-01-06 00:00:00-05:00,30.906294787386948,31.36357581784254,30.67765427215915,31.154817581176758,667500,0.0,0.0
2023-01-09 00:00:00-05:00,31.164758650932594,31.830799812646557,30.737299143195187,31.65186309814453,716700,0.0,0.0
2023-01-10 00:00:00-05:00,31.612098062760307,31.850681609205097,30.975880328449968,31.77115249633789,519900,0.0,0.0
2023-01-11 00:00:00-05:00,31.99979190740655,33.083351383948845,31.820855201764214,33.02370834350586,669900,0.0,0.0
2023-01-12 00:00:00-05:00,33.30205272072361,33.4014603164601,32.86465399046365,33.00382614135742,732400,0.0,0.0
2023-01-13 00:00:00-05:00,32.844774087386405,33.381584244348055,32.645955089383165,33.36170196533203,553000,0.0,0.0
2023-01-17 00:00:00-05:00,33.242408291235904,33.69969312429045,33.152939931742296,33.36170196533203,651700,0.0,0.0
2023-01-18 00:00:00-05:00,33.093296226505245,33.78916080955276,32.496839244397265,32.56642532348633,664500,0.0,0.0
2023-01-19 00:00:00-05:00,32.58630487815166,32.844770686439844,31.731387825849385,32.28807830810547,833100,0.0,0.0
2023-01-20 00:00:00-05:00,32.52666293032465,33.073412292439116,31.969970533319767,32.983943939208984,665300,0.0,0.0
2023-01-23 00:00:00-05:00,33.341819059936704,34.54466847663124,32.91435954951518,34.47508239746094,917600,0.0,0.0
2023-01-24 00:00:00-05:00,34.335908992158274,34.922422918262725,34.1072684843083,34.30608367919922,700900,0.0,0.0
2023-01-25 00:00:00-05:00,33.99791717529297,34.01779945281777,33.58039693158547,33.99791717529297,520000,0.0,0.0
2023-01-26 00:00:00-05:00,34.41543586768656,34.7832523376095,33.68974975548577,34.39555358886719,457700,0.0,0.0
2023-01-27 00:00:00-05:00,34.34584859433124,35.3001751915552,34.04762200671835,35.180885314941406,739300,0.0,0.0
2023-01-30 00:00:00-05:00,34.90254157605796,35.27035424705512,34.47508206970038,34.55460739135742,595800,0.0,0.0
2023-01-31 00:00:00-05:00,34.84289239641602,35.658046797379434,34.554605066472305,35.63816452026367,635000,0.0,0.0
2023-02-01 00:00:00-05:00,35.52882122310564,36.51296938934134,35.05165410911361,36.18492126464844,618500,0.0,0.0
2023-02-02 00:00:00-05:00,36.33403203434078,37.62634981573439,36.33403203434078,37.298301696777344,974800,0.0,0.0
2023-02-03 00:00:00-05:00,36.552731263778696,37.41758948409574,36.21474012827506,36.86090087890625,688500,0.0,0.0
2023-02-06 00:00:00-05:00,36.363854692151904,36.463262286475455,35.389642065429165,35.55863952636719,707400,0.0,0.0
2023-02-07 00:00:00-05:00,35.39958494029799,36.204796310289886,34.80312800058021,36.085506439208984,607200,0.0,0.0
2023-02-08 00:00:00-05:00,35.518876941111365,35.518876941111365,33.06347054518231,33.62016296386719,1416200,0.0,0.0
2023-02-09 00:00:00-05:00,33.90844930031632,34.42537714677522,33.28217082200848,33.39152145385742,795000,0.0,0.0
2023-02-10 00:00:00-05:00,33.34181960953999,33.828922171761455,32.97400313682603,33.38158416748047,655400,0.0,0.0
2023-02-13 00:00:00-05:00,33.4909300692024,34.7832516207282,33.20264651265539,34.57448959350586,878200,0.0,0.0
2023-02-14 00:00:00-05:00,34.15697105450542,35.220648235972924,33.94821283208431,35.111297607421875,917700,0.0,0.0
2023-02-15 00:00:00-05:00,34.8031298630265,35.21070708717416,34.58443238636762,35.12124252319336,620800,0.0,0.0
2023-02-16 00:00:00-05:00,34.654016618615636,35.38964191465176,34.31602549033626,34.62419509887695,732600,0.0,0.0
2023-02-17 00:00:00-05:00,34.673902154135995,34.95224647693741,34.375675552254904,34.763370513916016,557300,0.0,0.0
2023-02-21 00:00:00-05:00,34.12715015557667,34.594370405853034,33.45116788692501,33.490928649902344,916200,0.0,0.0
2023-02-22 00:00:00-05:00,33.49093109070071,34.2265602456656,33.28217284926795,33.36170196533203,1920100,0.0,0.0
2023-02-23 00:00:00-05:00,33.3616993619205,36.095449942702565,33.16288037943229,35.47911071777344,1907100,0.0,0.0
2023-02-24 00:00:00-05:00,35.20076828326528,35.64811006953422,34.733544218478066,35.48905563354492,1384800,0.0,0.0
2023-02-27 00:00:00-05:00,35.84692749052816,36.105389515617354,35.21070598231494,35.39958572387695,1176600,0.0,0.0
2023-02-28 00:00:00-05:00,35.39958494029799,36.51296591875191,35.34988114336067,36.085506439208984,1535400,0.0,0.0
2023-03-01 00:00:00-05:00,36.035802642271655,36.473201364339396,35.817101385159475,36.085506439208984,1000600,0.0,0.0
2023-03-02 00:00:00-05:00,35.87675023790348,36.46326417598122,35.409526177626866,36.055686950683594,795600,0.0,0.0
2023-03-03 00:00:00-05:00,36.4135581875917,36.62231640923539,35.93639491291044,36.61237716674805,762300,0.0,0.0
2023-03-06 00:00:00-05:00,36.71178466192818,36.71178466192818,35.06159358601622,35.17094421386719,904100,0.0,0.0
2023-03-07 00:00:00-05:00,35.270355071070284,36.135213347139285,35.06159683066689,35.31011962890625,843900,0.0,0.0
2023-03-08 00:00:00-05:00,35.300176516664045,35.39958791103795,34.9124815589982,35.33000183105469,885800,0.0,0.0
2023-03-09 00:00:00-05:00,35.45000076293945,35.5,34.689998626708984,34.79999923706055,825000,0.21,0.0
2023-03-10 00:00:00-05:00,34.900001525878906,35.08000183105469,34.040000915527344,34.459999084472656,1022200,0.0,0.0
2023-03-13 00:00:00-04:00,33.43000030517578,34.91999816894531,33.43000030517578,34.540000915527344,1012500,0.0,0.0
2023-03-14 00:00:00-04:00,35.22999954223633,35.810001373291016,34.93000030517578,35.279998779296875,747900,0.0,0.0
2023-03-15 00:00:00-04:00,34.400001525878906,34.84000015258789,33.86000061035156,34.689998626708984,922700,0.0,0.0
2023-03-16 00:00:00-04:00,34.189998626708984,35.59000015258789,34.189998626708984,35.09000015258789,1086800,0.0,0.0
2023-03-17 00:00:00-04:00,34.97999954223633,35.54999923706055,34.41999816894531,35.380001068115234,2766500,0.0,0.0
2023-03-20 00:00:00-04:00,35.52000045776367,35.939998626708984,35.09000015258789,35.43000030517578,970900,0.0,0.0
2023-03-21 00:00:00-04:00,36.04999923706055,36.5,35.380001068115234,35.68000030517578,590100,0.0,0.0
2023-03-22 00:00:00-04:00,35.75,36.13999938964844,34.93000030517578,34.95000076293945,628200,0.0,0.0
2023-03-23 00:00:00-04:00,35.27000045776367,35.689998626708984,34.529998779296875,34.790000915527344,607200,0.0,0.0
2023-03-24 00:00:00-04:00,34.52000045776367,35.060001373291016,34.220001220703125,34.939998626708984,564800,0.0,0.0
2023-03-27 00:00:00-04:00,35.36000061035156,35.41999816894531,34.68000030517578,35.130001068115234,441300,0.0,0.0
2023-03-28 00:00:00-04:00,35.150001525878906,35.900001525878906,35.13999938964844,35.5099983215332,508200,0.0,0.0
2023-03-29 00:00:00-04:00,35.72999954223633,35.93000030517578,35.34000015258789,35.900001525878906,628800,0.0,0.0
2023-03-30 00:00:00-04:00,36.16999816894531,36.560001373291016,35.369998931884766,35.47999954223633,558000,0.0,0.0
2023-03-31 00:00:00-04:00,35.59000015258789,36.25,35.59000015258789,36.0,592800,0.0,0.0
2023-04-03 00:00:00-04:00,35.95000076293945,36.68000030517578,35.66999816894531,36.560001373291016,748300,0.0,0.0
2023-04-04 00:00:00-04:00,36.72999954223633,36.79999923706055,35.81999969482422,35.97999954223633,690600,0.0,0.0
2023-04-05 00:00:00-04:00,35.65999984741211,35.79999923706055,34.939998626708984,35.09000015258789,660100,0.0,0.0
2023-04-06 00:00:00-04:00,35.0099983215332,35.11000061035156,34.5099983215332,34.63999938964844,928200,0.0,0.0
2023-04-10 00:00:00-04:00,34.439998626708984,34.939998626708984,34.189998626708984,34.41999816894531,1148900,0.0,0.0
2023-04-11 00:00:00-04:00,34.66999816894531,34.900001525878906,34.18000030517578,34.43000030517578,785000,0.0,0.0
2023-04-12 00:00:00-04:00,34.689998626708984,34.849998474121094,33.900001525878906,34.099998474121094,897500,0.0,0.0
2023-04-13 00:00:00-04:00,35.439998626708984,35.599998474121094,34.810001373291016,35.099998474121094,839100,0.0,0.0
2023-04-14 00:00:00-04:00,35.31999969482422,36.4900016784668,35.279998779296875,36.220001220703125,821100,0.0,0.0
2023-04-17 00:00:00-04:00,36.2400016784668,36.400001525878906,35.31999969482422,35.810001373291016,800300,0.0,0.0
2023-04-18 00:00:00-04:00,36.09000015258789,36.11000061035156,35.45000076293945,35.52000045776367,755800,0.0,0.0
2023-04-19 00:00:00-04:00,35.349998474121094,35.630001068115234,35.060001373291016,35.150001525878906,766800,0.0,0.0
2023-04-20 00:00:00-04:00,34.959999084472656,35.66999816894531,34.84000015258789,35.13999938964844,759100,0.0,0.0
2023-04-21 00:00:00-04:00,35.099998474121094,35.29999923706055,34.88999938964844,35.0,870900,0.0,0.0
2023-04-24 00:00:00-04:00,35.130001068115234,35.810001373291016,34.7400016784668,35.650001525878906,945400,0.0,0.0
2023-04-25 00:00:00-04:00,35.13999938964844,35.27000045776367,34.400001525878906,34.61000061035156,1109700,0.0,0.0
2023-04-26 00:00:00-04:00,34.45000076293945,34.709999084472656,34.11000061035156,34.20000076293945,825400,0.0,0.0
2023-04-27 00:00:00-04:00,34.13999938964844,35.209999084472656,33.59000015258789,35.20000076293945,1235600,0.0,0.0
2023-04-28 00:00:00-04:00,35.06999969482422,35.4900016784668,34.619998931884766,35.040000915527344,1235200,0.0,0.0
2023-05-01 00:00:00-04:00,34.939998626708984,35.279998779296875,34.209999084472656,34.279998779296875,1065500,0.0,0.0
2023-05-02 00:00:00-04:00,34.20000076293945,34.66999816894531,33.2400016784668,33.40999984741211,1087900,0.0,0.0
2023-05-03 00:00:00-04:00,33.470001220703125,33.630001068115234,32.869998931884766,32.88999938964844,930900,0.0,0.0
2023-05-04 00:00:00-04:00,32.58000183105469,33.310001373291016,31.850000381469727,32.029998779296875,911000,0.0,0.0
2023-05-05 00:00:00-04:00,32.54999923706055,33.029998779296875,32.25,32.77000045776367,944400,0.0,0.0
2023-05-08 00:00:00-04:00,32.880001068115234,33.060001373291016,32.31999969482422,32.7599983215332,1184700,0.0,0.0
2023-05-09 00:00:00-04:00,32.790000915527344,33.630001068115234,31.559999465942383,33.470001220703125,1640500,0.0,0.0
2023-05-10 00:00:00-04:00,34.0,34.16999816894531,32.75,33.0,925100,0.0,0.0
2023-05-11 00:00:00-04:00,33.040000915527344,33.70000076293945,32.41999816894531,32.849998474121094,716400,0.0,0.0
2023-05-12 00:00:00-04:00,32.849998474121094,32.97999954223633,32.54999923706055,32.79999923706055,680700,0.0,0.0
2023-05-15 00:00:00-04:00,32.9900016784668,33.47999954223633,32.650001525878906,32.689998626708984,786500,0.0,0.0
2023-05-16 00:00:00-04:00,32.38999938964844,33.189998626708984,32.13999938964844,32.189998626708984,841300,0.0,0.0
2023-05-17 00:00:00-04:00,32.29999923706055,33.20000076293945,32.029998779296875,32.720001220703125,732000,0.0,0.0
2023-05-18 00:00:00-04:00,32.56999969482422,33.040000915527344,32.29999923706055,32.650001525878906,716500,0.0,0.0
2023-05-19 00:00:00-04:00,32.58000183105469,32.58000183105469,30.5,30.979999542236328,951800,0.0,0.0
2023-05-22 00:00:00-04:00,31.079999923706055,31.520000457763672,30.8799991607666,31.149999618530273,815500,0.0,0.0
2023-05-23 00:00:00-04:00,31.1200008392334,31.81999969482422,30.899999618530273,31.559999465942383,887000,0.0,0.0
